solid OpenSCAD_Model
  facet normal -0.956951 -0.290248 0
    outer loop
      vertex 16.1522 17.2346 -11
      vertex 16.0384 17.6098 0
      vertex 16.0384 17.6098 -11
    endloop
  endfacet
  facet normal -0.956951 -0.290248 0
    outer loop
      vertex 16.0384 17.6098 0
      vertex 16.1522 17.2346 -11
      vertex 16.1522 17.2346 0
    endloop
  endfacet
  facet normal -0.995193 -0.097938 0
    outer loop
      vertex 16.0384 17.6098 -11
      vertex 16 18 0
      vertex 16 18 -11
    endloop
  endfacet
  facet normal -0.995193 -0.097938 0
    outer loop
      vertex 16 18 0
      vertex 16.0384 17.6098 -11
      vertex 16.0384 17.6098 0
    endloop
  endfacet
  facet normal 0.471514 0.881859 -0
    outer loop
      vertex 283.111 183.663 -11
      vertex 282.765 183.848 0
      vertex 283.111 183.663 0
    endloop
  endfacet
  facet normal 0.471514 0.881859 0
    outer loop
      vertex 282.765 183.848 0
      vertex 283.111 183.663 -11
      vertex 282.765 183.848 -11
    endloop
  endfacet
  facet normal -0.0969274 0.995291 0
    outer loop
      vertex 18 184 -11
      vertex 17.6098 183.962 0
      vertex 18 184 0
    endloop
  endfacet
  facet normal -0.0969274 0.995291 0
    outer loop
      vertex 17.6098 183.962 0
      vertex 18 184 -11
      vertex 17.6098 183.962 -11
    endloop
  endfacet
  facet normal 1 -0 0
    outer loop
      vertex 284 18 0
      vertex 284 182 -11
      vertex 284 182 0
    endloop
  endfacet
  facet normal 1 0 0
    outer loop
      vertex 284 182 -11
      vertex 284 18 0
      vertex 284 18 -11
    endloop
  endfacet
  facet normal 0 1 -0
    outer loop
      vertex 282 184 -11
      vertex 18 184 0
      vertex 282 184 0
    endloop
  endfacet
  facet normal 0 1 0
    outer loop
      vertex 18 184 0
      vertex 282 184 -11
      vertex 18 184 -11
    endloop
  endfacet
  facet normal -0.995188 0.0979877 0
    outer loop
      vertex 16 182 -11
      vertex 16.0384 182.39 0
      vertex 16.0384 182.39 -11
    endloop
  endfacet
  facet normal -0.995188 0.0979877 0
    outer loop
      vertex 16.0384 182.39 0
      vertex 16 182 -11
      vertex 16 182 0
    endloop
  endfacet
  facet normal -0.634321 -0.77307 0
    outer loop
      vertex 16.5858 16.5858 -11
      vertex 16.8889 16.3371 0
      vertex 16.5858 16.5858 0
    endloop
  endfacet
  facet normal -0.634321 -0.77307 -0
    outer loop
      vertex 16.8889 16.3371 0
      vertex 16.5858 16.5858 -11
      vertex 16.8889 16.3371 -11
    endloop
  endfacet
  facet normal -0.634777 0.772695 0
    outer loop
      vertex 16.8889 183.663 -11
      vertex 16.5858 183.414 0
      vertex 16.8889 183.663 0
    endloop
  endfacet
  facet normal -0.634777 0.772695 0
    outer loop
      vertex 16.5858 183.414 0
      vertex 16.8889 183.663 -11
      vertex 16.5858 183.414 -11
    endloop
  endfacet
  facet normal -1 0 0
    outer loop
      vertex 16 18 -11
      vertex 16 182 0
      vertex 16 182 -11
    endloop
  endfacet
  facet normal -1 -0 0
    outer loop
      vertex 16 182 0
      vertex 16 18 -11
      vertex 16 18 0
    endloop
  endfacet
  facet normal 0.0979877 -0.995188 0
    outer loop
      vertex 282 16 -11
      vertex 282.39 16.0384 0
      vertex 282 16 0
    endloop
  endfacet
  facet normal 0.0979877 -0.995188 0
    outer loop
      vertex 282.39 16.0384 0
      vertex 282 16 -11
      vertex 282.39 16.0384 -11
    endloop
  endfacet
  facet normal 0.471316 -0.881965 0
    outer loop
      vertex 282.765 16.1522 -11
      vertex 283.111 16.3371 0
      vertex 282.765 16.1522 0
    endloop
  endfacet
  facet normal 0.471316 -0.881965 0
    outer loop
      vertex 283.111 16.3371 0
      vertex 282.765 16.1522 -11
      vertex 283.111 16.3371 -11
    endloop
  endfacet
  facet normal 0 -1 0
    outer loop
      vertex 18 16 -11
      vertex 282 16 0
      vertex 18 16 0
    endloop
  endfacet
  facet normal 0 -1 -0
    outer loop
      vertex 282 16 0
      vertex 18 16 -11
      vertex 282 16 -11
    endloop
  endfacet
  facet normal -0.772968 0.634446 0
    outer loop
      vertex 16.3371 183.111 -11
      vertex 16.5858 183.414 0
      vertex 16.5858 183.414 -11
    endloop
  endfacet
  facet normal -0.772968 0.634446 0
    outer loop
      vertex 16.5858 183.414 0
      vertex 16.3371 183.111 -11
      vertex 16.3371 183.111 0
    endloop
  endfacet
  facet normal 0.881859 0.471514 0
    outer loop
      vertex 283.848 182.765 0
      vertex 283.663 183.111 -11
      vertex 283.663 183.111 0
    endloop
  endfacet
  facet normal 0.881859 0.471514 0
    outer loop
      vertex 283.663 183.111 -11
      vertex 283.848 182.765 0
      vertex 283.848 182.765 -11
    endloop
  endfacet
  facet normal 0.95681 -0.290715 0
    outer loop
      vertex 283.848 17.2346 0
      vertex 283.962 17.6098 -11
      vertex 283.962 17.6098 0
    endloop
  endfacet
  facet normal 0.95681 -0.290715 0
    outer loop
      vertex 283.962 17.6098 -11
      vertex 283.848 17.2346 0
      vertex 283.848 17.2346 -11
    endloop
  endfacet
  facet normal 0.0969766 0.995287 -0
    outer loop
      vertex 282.39 183.962 -11
      vertex 282 184 0
      vertex 282.39 183.962 0
    endloop
  endfacet
  facet normal 0.0969766 0.995287 0
    outer loop
      vertex 282 184 0
      vertex 282.39 183.962 -11
      vertex 282 184 -11
    endloop
  endfacet
  facet normal 0.634446 -0.772968 0
    outer loop
      vertex 283.111 16.3371 -11
      vertex 283.414 16.5858 0
      vertex 283.111 16.3371 0
    endloop
  endfacet
  facet normal 0.634446 -0.772968 0
    outer loop
      vertex 283.414 16.5858 0
      vertex 283.111 16.3371 -11
      vertex 283.414 16.5858 -11
    endloop
  endfacet
  facet normal 0.634903 0.772592 -0
    outer loop
      vertex 283.414 183.414 -11
      vertex 283.111 183.663 0
      vertex 283.414 183.414 0
    endloop
  endfacet
  facet normal 0.634903 0.772592 0
    outer loop
      vertex 283.111 183.663 0
      vertex 283.414 183.414 -11
      vertex 283.111 183.663 -11
    endloop
  endfacet
  facet normal 0.995291 -0.0969274 0
    outer loop
      vertex 283.962 17.6098 0
      vertex 284 18 -11
      vertex 284 18 0
    endloop
  endfacet
  facet normal 0.995291 -0.0969274 0
    outer loop
      vertex 284 18 -11
      vertex 283.962 17.6098 0
      vertex 283.962 17.6098 -11
    endloop
  endfacet
  facet normal 0.995287 0.0969766 0
    outer loop
      vertex 284 182 0
      vertex 283.962 182.39 -11
      vertex 283.962 182.39 0
    endloop
  endfacet
  facet normal 0.995287 0.0969766 0
    outer loop
      vertex 283.962 182.39 -11
      vertex 284 182 0
      vertex 284 182 -11
    endloop
  endfacet
  facet normal -0.956908 0.29039 0
    outer loop
      vertex 16.0384 182.39 -11
      vertex 16.1522 182.765 0
      vertex 16.1522 182.765 -11
    endloop
  endfacet
  facet normal -0.956908 0.29039 0
    outer loop
      vertex 16.1522 182.765 0
      vertex 16.0384 182.39 -11
      vertex 16.0384 182.39 0
    endloop
  endfacet
  facet normal 0.956767 0.290857 0
    outer loop
      vertex 283.962 182.39 0
      vertex 283.848 182.765 -11
      vertex 283.848 182.765 0
    endloop
  endfacet
  facet normal 0.956767 0.290857 0
    outer loop
      vertex 283.848 182.765 -11
      vertex 283.962 182.39 0
      vertex 283.962 182.39 -11
    endloop
  endfacet
  facet normal 0.772695 -0.634777 0
    outer loop
      vertex 283.414 16.5858 0
      vertex 283.663 16.8889 -11
      vertex 283.663 16.8889 0
    endloop
  endfacet
  facet normal 0.772695 -0.634777 0
    outer loop
      vertex 283.663 16.8889 -11
      vertex 283.414 16.5858 0
      vertex 283.414 16.5858 -11
    endloop
  endfacet
  facet normal 0.772592 0.634903 0
    outer loop
      vertex 283.663 183.111 0
      vertex 283.414 183.414 -11
      vertex 283.414 183.414 0
    endloop
  endfacet
  facet normal 0.772592 0.634903 0
    outer loop
      vertex 283.414 183.414 -11
      vertex 283.663 183.111 0
      vertex 283.663 183.111 -11
    endloop
  endfacet
  facet normal -0.881965 0.471316 0
    outer loop
      vertex 16.1522 182.765 -11
      vertex 16.3371 183.111 0
      vertex 16.3371 183.111 -11
    endloop
  endfacet
  facet normal -0.881965 0.471316 0
    outer loop
      vertex 16.3371 183.111 0
      vertex 16.1522 182.765 -11
      vertex 16.1522 182.765 0
    endloop
  endfacet
  facet normal 0.29039 -0.956908 0
    outer loop
      vertex 282.39 16.0384 -11
      vertex 282.765 16.1522 0
      vertex 282.39 16.0384 0
    endloop
  endfacet
  facet normal 0.29039 -0.956908 0
    outer loop
      vertex 282.765 16.1522 0
      vertex 282.39 16.0384 -11
      vertex 282.765 16.1522 -11
    endloop
  endfacet
  facet normal -0.471832 0.881688 0
    outer loop
      vertex 17.2346 183.848 -11
      vertex 16.8889 183.663 0
      vertex 17.2346 183.848 0
    endloop
  endfacet
  facet normal -0.471832 0.881688 0
    outer loop
      vertex 16.8889 183.663 0
      vertex 17.2346 183.848 -11
      vertex 16.8889 183.663 -11
    endloop
  endfacet
  facet normal 0.290857 0.956767 -0
    outer loop
      vertex 282.765 183.848 -11
      vertex 282.39 183.962 0
      vertex 282.765 183.848 0
    endloop
  endfacet
  facet normal 0.290857 0.956767 0
    outer loop
      vertex 282.39 183.962 0
      vertex 282.765 183.848 -11
      vertex 282.39 183.962 -11
    endloop
  endfacet
  facet normal -0.77307 -0.634321 0
    outer loop
      vertex 16.5858 16.5858 -11
      vertex 16.3371 16.8889 0
      vertex 16.3371 16.8889 -11
    endloop
  endfacet
  facet normal -0.77307 -0.634321 0
    outer loop
      vertex 16.3371 16.8889 0
      vertex 16.5858 16.5858 -11
      vertex 16.5858 16.5858 0
    endloop
  endfacet
  facet normal -0.471634 -0.881795 0
    outer loop
      vertex 16.8889 16.3371 -11
      vertex 17.2346 16.1522 0
      vertex 16.8889 16.3371 0
    endloop
  endfacet
  facet normal -0.471634 -0.881795 -0
    outer loop
      vertex 17.2346 16.1522 0
      vertex 16.8889 16.3371 -11
      vertex 17.2346 16.1522 -11
    endloop
  endfacet
  facet normal -0.097938 -0.995193 0
    outer loop
      vertex 17.6098 16.0384 -11
      vertex 18 16 0
      vertex 17.6098 16.0384 0
    endloop
  endfacet
  facet normal -0.097938 -0.995193 -0
    outer loop
      vertex 18 16 0
      vertex 17.6098 16.0384 -11
      vertex 18 16 -11
    endloop
  endfacet
  facet normal -0.290715 0.95681 0
    outer loop
      vertex 17.6098 183.962 -11
      vertex 17.2346 183.848 0
      vertex 17.6098 183.962 0
    endloop
  endfacet
  facet normal -0.290715 0.95681 0
    outer loop
      vertex 17.2346 183.848 0
      vertex 17.6098 183.962 -11
      vertex 17.2346 183.848 -11
    endloop
  endfacet
  facet normal 0.881688 -0.471832 0
    outer loop
      vertex 283.663 16.8889 0
      vertex 283.848 17.2346 -11
      vertex 283.848 17.2346 0
    endloop
  endfacet
  facet normal 0.881688 -0.471832 0
    outer loop
      vertex 283.848 17.2346 -11
      vertex 283.663 16.8889 0
      vertex 283.663 16.8889 -11
    endloop
  endfacet
  facet normal -0.290248 -0.956951 0
    outer loop
      vertex 17.2346 16.1522 -11
      vertex 17.6098 16.0384 0
      vertex 17.2346 16.1522 0
    endloop
  endfacet
  facet normal -0.290248 -0.956951 -0
    outer loop
      vertex 17.6098 16.0384 0
      vertex 17.2346 16.1522 -11
      vertex 17.6098 16.0384 -11
    endloop
  endfacet
  facet normal 0 0 -1
    outer loop
      vertex 282 16 -11
      vertex 284 18 -11
      vertex 283.962 17.6098 -11
    endloop
  endfacet
  facet normal 0 0 -1
    outer loop
      vertex 284 18 -11
      vertex 280 21 -11
      vertex 284 182 -11
    endloop
  endfacet
  facet normal 0 0 -1
    outer loop
      vertex 282 16 -11
      vertex 283.962 17.6098 -11
      vertex 283.848 17.2346 -11
    endloop
  endfacet
  facet normal 0 0 -1
    outer loop
      vertex 280 179 -11
      vertex 284 182 -11
      vertex 280 21 -11
    endloop
  endfacet
  facet normal 0 0 -1
    outer loop
      vertex 282 16 -11
      vertex 283.848 17.2346 -11
      vertex 283.663 16.8889 -11
    endloop
  endfacet
  facet normal 0 0 -1
    outer loop
      vertex 279.981 179.195 -11
      vertex 284 182 -11
      vertex 280 179 -11
    endloop
  endfacet
  facet normal 0 0 -1
    outer loop
      vertex 282 16 -11
      vertex 283.663 16.8889 -11
      vertex 283.414 16.5858 -11
    endloop
  endfacet
  facet normal 0 0 -1
    outer loop
      vertex 279.924 179.383 -11
      vertex 284 182 -11
      vertex 279.981 179.195 -11
    endloop
  endfacet
  facet normal 0 0 -1
    outer loop
      vertex 282 16 -11
      vertex 283.414 16.5858 -11
      vertex 283.111 16.3371 -11
    endloop
  endfacet
  facet normal 0 0 -1
    outer loop
      vertex 279.831 179.556 -11
      vertex 284 182 -11
      vertex 279.924 179.383 -11
    endloop
  endfacet
  facet normal 0 0 -1
    outer loop
      vertex 282 16 -11
      vertex 283.111 16.3371 -11
      vertex 282.765 16.1522 -11
    endloop
  endfacet
  facet normal 0 0 -1
    outer loop
      vertex 279.707 179.707 -11
      vertex 284 182 -11
      vertex 279.831 179.556 -11
    endloop
  endfacet
  facet normal 0 0 -1
    outer loop
      vertex 282 16 -11
      vertex 282.765 16.1522 -11
      vertex 282.39 16.0384 -11
    endloop
  endfacet
  facet normal 0 -0 -1
    outer loop
      vertex 282 184 -11
      vertex 284 182 -11
      vertex 279.707 179.707 -11
    endloop
  endfacet
  facet normal -0 0 -1
    outer loop
      vertex 284 18 -11
      vertex 282 16 -11
      vertex 279.707 20.2929 -11
    endloop
  endfacet
  facet normal 0 0 -1
    outer loop
      vertex 284 182 -11
      vertex 282 184 -11
      vertex 283.962 182.39 -11
    endloop
  endfacet
  facet normal 0 0 -1
    outer loop
      vertex 283.962 182.39 -11
      vertex 282 184 -11
      vertex 283.848 182.765 -11
    endloop
  endfacet
  facet normal 0 0 -1
    outer loop
      vertex 284 18 -11
      vertex 279.981 20.8049 -11
      vertex 280 21 -11
    endloop
  endfacet
  facet normal 0 0 -1
    outer loop
      vertex 284 18 -11
      vertex 279.924 20.6173 -11
      vertex 279.981 20.8049 -11
    endloop
  endfacet
  facet normal 0 0 -1
    outer loop
      vertex 284 18 -11
      vertex 279.831 20.4444 -11
      vertex 279.924 20.6173 -11
    endloop
  endfacet
  facet normal 0 0 -1
    outer loop
      vertex 284 18 -11
      vertex 279.707 20.2929 -11
      vertex 279.831 20.4444 -11
    endloop
  endfacet
  facet normal 0 0 -1
    outer loop
      vertex 282 16 -11
      vertex 279.556 20.1685 -11
      vertex 279.707 20.2929 -11
    endloop
  endfacet
  facet normal 0 0 -1
    outer loop
      vertex 282 16 -11
      vertex 279.383 20.0761 -11
      vertex 279.556 20.1685 -11
    endloop
  endfacet
  facet normal 0 0 -1
    outer loop
      vertex 282 16 -11
      vertex 279.195 20.0192 -11
      vertex 279.383 20.0761 -11
    endloop
  endfacet
  facet normal 0 0 -1
    outer loop
      vertex 282 16 -11
      vertex 279 20 -11
      vertex 279.195 20.0192 -11
    endloop
  endfacet
  facet normal 0 0 -1
    outer loop
      vertex 282 16 -11
      vertex 21 20 -11
      vertex 279 20 -11
    endloop
  endfacet
  facet normal -0 0 -1
    outer loop
      vertex 20.0192 20.8049 -11
      vertex 16 18 -11
      vertex 20 21 -11
    endloop
  endfacet
  facet normal -0 0 -1
    outer loop
      vertex 20.0761 20.6173 -11
      vertex 16 18 -11
      vertex 20.0192 20.8049 -11
    endloop
  endfacet
  facet normal -0 0 -1
    outer loop
      vertex 20.1685 20.4444 -11
      vertex 16 18 -11
      vertex 20.0761 20.6173 -11
    endloop
  endfacet
  facet normal -0 0 -1
    outer loop
      vertex 20.2929 20.2929 -11
      vertex 16 18 -11
      vertex 20.1685 20.4444 -11
    endloop
  endfacet
  facet normal 0 0 -1
    outer loop
      vertex 16 18 -11
      vertex 20.2929 20.2929 -11
      vertex 18 16 -11
    endloop
  endfacet
  facet normal -0 0 -1
    outer loop
      vertex 20.4444 20.1685 -11
      vertex 18 16 -11
      vertex 20.2929 20.2929 -11
    endloop
  endfacet
  facet normal -0 0 -1
    outer loop
      vertex 20.6173 20.0761 -11
      vertex 18 16 -11
      vertex 20.4444 20.1685 -11
    endloop
  endfacet
  facet normal -0 0 -1
    outer loop
      vertex 20.8049 20.0192 -11
      vertex 18 16 -11
      vertex 20.6173 20.0761 -11
    endloop
  endfacet
  facet normal -0 0 -1
    outer loop
      vertex 21 20 -11
      vertex 18 16 -11
      vertex 20.8049 20.0192 -11
    endloop
  endfacet
  facet normal 0 0 -1
    outer loop
      vertex 18 16 -11
      vertex 21 20 -11
      vertex 282 16 -11
    endloop
  endfacet
  facet normal 0 0 -1
    outer loop
      vertex 283.848 182.765 -11
      vertex 282 184 -11
      vertex 283.663 183.111 -11
    endloop
  endfacet
  facet normal 0 0 -1
    outer loop
      vertex 283.663 183.111 -11
      vertex 282 184 -11
      vertex 283.414 183.414 -11
    endloop
  endfacet
  facet normal 0 0 -1
    outer loop
      vertex 283.111 183.663 -11
      vertex 282 184 -11
      vertex 282.765 183.848 -11
    endloop
  endfacet
  facet normal 0 0 -1
    outer loop
      vertex 282.765 183.848 -11
      vertex 282 184 -11
      vertex 282.39 183.962 -11
    endloop
  endfacet
  facet normal 0 0 -1
    outer loop
      vertex 283.414 183.414 -11
      vertex 282 184 -11
      vertex 283.111 183.663 -11
    endloop
  endfacet
  facet normal 0 0 -1
    outer loop
      vertex 279.556 179.831 -11
      vertex 282 184 -11
      vertex 279.707 179.707 -11
    endloop
  endfacet
  facet normal 0 0 -1
    outer loop
      vertex 279.383 179.924 -11
      vertex 282 184 -11
      vertex 279.556 179.831 -11
    endloop
  endfacet
  facet normal 0 0 -1
    outer loop
      vertex 279.195 179.981 -11
      vertex 282 184 -11
      vertex 279.383 179.924 -11
    endloop
  endfacet
  facet normal 0 0 -1
    outer loop
      vertex 279 180 -11
      vertex 282 184 -11
      vertex 279.195 179.981 -11
    endloop
  endfacet
  facet normal 0 0 -1
    outer loop
      vertex 21 180 -11
      vertex 282 184 -11
      vertex 279 180 -11
    endloop
  endfacet
  facet normal 0 0 -1
    outer loop
      vertex 21 180 -11
      vertex 18 184 -11
      vertex 282 184 -11
    endloop
  endfacet
  facet normal 0 0 -1
    outer loop
      vertex 20.8049 179.981 -11
      vertex 18 184 -11
      vertex 21 180 -11
    endloop
  endfacet
  facet normal 0 0 -1
    outer loop
      vertex 20.6173 179.924 -11
      vertex 18 184 -11
      vertex 20.8049 179.981 -11
    endloop
  endfacet
  facet normal 0 0 -1
    outer loop
      vertex 20.4444 179.831 -11
      vertex 18 184 -11
      vertex 20.6173 179.924 -11
    endloop
  endfacet
  facet normal 0 0 -1
    outer loop
      vertex 20.2929 179.707 -11
      vertex 18 184 -11
      vertex 20.4444 179.831 -11
    endloop
  endfacet
  facet normal 0 0 -1
    outer loop
      vertex 16 182 -11
      vertex 20.2929 179.707 -11
      vertex 20.1685 179.556 -11
    endloop
  endfacet
  facet normal 0 0 -1
    outer loop
      vertex 16 182 -11
      vertex 20.1685 179.556 -11
      vertex 20.0761 179.383 -11
    endloop
  endfacet
  facet normal 0 0 -1
    outer loop
      vertex 16 182 -11
      vertex 20.0761 179.383 -11
      vertex 20.0192 179.195 -11
    endloop
  endfacet
  facet normal 0 0 -1
    outer loop
      vertex 16 182 -11
      vertex 20.0192 179.195 -11
      vertex 20 179 -11
    endloop
  endfacet
  facet normal -0 0 -1
    outer loop
      vertex 20 21 -11
      vertex 16 18 -11
      vertex 20 179 -11
    endloop
  endfacet
  facet normal 0 0 -1
    outer loop
      vertex 16 18 -11
      vertex 18 16 -11
      vertex 17.6098 16.0384 -11
    endloop
  endfacet
  facet normal 0 0 -1
    outer loop
      vertex 16 182 -11
      vertex 20 179 -11
      vertex 16 18 -11
    endloop
  endfacet
  facet normal 0 0 -1
    outer loop
      vertex 16 18 -11
      vertex 17.6098 16.0384 -11
      vertex 17.2346 16.1522 -11
    endloop
  endfacet
  facet normal 0 0 -1
    outer loop
      vertex 20.2929 179.707 -11
      vertex 16 182 -11
      vertex 18 184 -11
    endloop
  endfacet
  facet normal 0 0 -1
    outer loop
      vertex 16 18 -11
      vertex 17.2346 16.1522 -11
      vertex 16.8889 16.3371 -11
    endloop
  endfacet
  facet normal 0 0 -1
    outer loop
      vertex 18 184 -11
      vertex 16 182 -11
      vertex 17.6098 183.962 -11
    endloop
  endfacet
  facet normal 0 0 -1
    outer loop
      vertex 16 18 -11
      vertex 16.8889 16.3371 -11
      vertex 16.5858 16.5858 -11
    endloop
  endfacet
  facet normal 0 0 -1
    outer loop
      vertex 17.6098 183.962 -11
      vertex 16 182 -11
      vertex 17.2346 183.848 -11
    endloop
  endfacet
  facet normal 0 0 -1
    outer loop
      vertex 16 18 -11
      vertex 16.5858 16.5858 -11
      vertex 16.3371 16.8889 -11
    endloop
  endfacet
  facet normal 0 0 -1
    outer loop
      vertex 17.2346 183.848 -11
      vertex 16 182 -11
      vertex 16.8889 183.663 -11
    endloop
  endfacet
  facet normal 0 0 -1
    outer loop
      vertex 16 18 -11
      vertex 16.3371 16.8889 -11
      vertex 16.1522 17.2346 -11
    endloop
  endfacet
  facet normal 0 0 -1
    outer loop
      vertex 16.8889 183.663 -11
      vertex 16 182 -11
      vertex 16.5858 183.414 -11
    endloop
  endfacet
  facet normal 0 0 -1
    outer loop
      vertex 16 18 -11
      vertex 16.1522 17.2346 -11
      vertex 16.0384 17.6098 -11
    endloop
  endfacet
  facet normal 0 0 -1
    outer loop
      vertex 16.5858 183.414 -11
      vertex 16 182 -11
      vertex 16.3371 183.111 -11
    endloop
  endfacet
  facet normal 0 0 -1
    outer loop
      vertex 16.3371 183.111 -11
      vertex 16 182 -11
      vertex 16.1522 182.765 -11
    endloop
  endfacet
  facet normal 0 0 -1
    outer loop
      vertex 16.1522 182.765 -11
      vertex 16 182 -11
      vertex 16.0384 182.39 -11
    endloop
  endfacet
  facet normal -0.881795 -0.471634 0
    outer loop
      vertex 16.3371 16.8889 -11
      vertex 16.1522 17.2346 0
      vertex 16.1522 17.2346 -11
    endloop
  endfacet
  facet normal -0.881795 -0.471634 0
    outer loop
      vertex 16.1522 17.2346 0
      vertex 16.3371 16.8889 -11
      vertex 16.3371 16.8889 0
    endloop
  endfacet
  facet normal 0 0 -1
    outer loop
      vertex 284 18 0
      vertex 300 18 0
      vertex 299.654 14.4884 0
    endloop
  endfacet
  facet normal 0 0 -1
    outer loop
      vertex 283.962 17.6098 0
      vertex 299.654 14.4884 0
      vertex 298.63 11.1117 0
    endloop
  endfacet
  facet normal 0 0 -1
    outer loop
      vertex 283.848 17.2346 0
      vertex 298.63 11.1117 0
      vertex 296.966 7.99973 0
    endloop
  endfacet
  facet normal 0 0 -1
    outer loop
      vertex 283.848 17.2346 0
      vertex 296.966 7.99973 0
      vertex 294.728 5.27208 0
    endloop
  endfacet
  facet normal 0 0 -1
    outer loop
      vertex 300 18 0
      vertex 294 25 0
      vertex 300 25 0
    endloop
  endfacet
  facet normal 0 0 -1
    outer loop
      vertex 298.63 11.1117 0
      vertex 283.848 17.2346 0
      vertex 283.962 17.6098 0
    endloop
  endfacet
  facet normal 0 0 -1
    outer loop
      vertex 283.848 17.2346 0
      vertex 294.728 5.27208 0
      vertex 292 3.03355 0
    endloop
  endfacet
  facet normal 0 0 -1
    outer loop
      vertex 294 75 0
      vertex 300 174 0
      vertex 300 75 0
    endloop
  endfacet
  facet normal 0 0 -1
    outer loop
      vertex 284 182 0
      vertex 300 174 0
      vertex 294 75 0
    endloop
  endfacet
  facet normal 0 0 -1
    outer loop
      vertex 300 174 0
      vertex 284 182 0
      vertex 299.654 177.512 0
    endloop
  endfacet
  facet normal 0 0 -1
    outer loop
      vertex 298.63 180.888 0
      vertex 284 182 0
      vertex 296.966 184 0
    endloop
  endfacet
  facet normal 0 0 -1
    outer loop
      vertex 299.654 177.512 0
      vertex 284 182 0
      vertex 298.63 180.888 0
    endloop
  endfacet
  facet normal -0 0 -1
    outer loop
      vertex 294 25 0
      vertex 284 18 0
      vertex 294 75 0
    endloop
  endfacet
  facet normal 0 0 -1
    outer loop
      vertex 284 182 0
      vertex 294 75 0
      vertex 284 18 0
    endloop
  endfacet
  facet normal 0 0 -1
    outer loop
      vertex 283.111 16.3371 0
      vertex 292 3.03355 0
      vertex 288.888 1.37017 0
    endloop
  endfacet
  facet normal -0 0 -1
    outer loop
      vertex 296.966 184 0
      vertex 284 182 0
      vertex 294.728 186.728 0
    endloop
  endfacet
  facet normal 0 0 -1
    outer loop
      vertex 282.765 16.1522 0
      vertex 288.888 1.37017 0
      vertex 285.512 0.345864 0
    endloop
  endfacet
  facet normal 0 0 -1
    outer loop
      vertex 283.962 182.39 0
      vertex 294.728 186.728 0
      vertex 284 182 0
    endloop
  endfacet
  facet normal -0 0 -1
    outer loop
      vertex 294.728 186.728 0
      vertex 283.962 182.39 0
      vertex 292 188.966 0
    endloop
  endfacet
  facet normal 0 0 -1
    outer loop
      vertex 300 18 0
      vertex 284 18 0
      vertex 294 25 0
    endloop
  endfacet
  facet normal 0 -0 -1
    outer loop
      vertex 284 18 0
      vertex 299.654 14.4884 0
      vertex 283.962 17.6098 0
    endloop
  endfacet
  facet normal 0 0 -1
    outer loop
      vertex 292 3.03355 0
      vertex 283.663 16.8889 0
      vertex 283.848 17.2346 0
    endloop
  endfacet
  facet normal 0 0 -1
    outer loop
      vertex 292 3.03355 0
      vertex 283.414 16.5858 0
      vertex 283.663 16.8889 0
    endloop
  endfacet
  facet normal 0 0 -1
    outer loop
      vertex 292 3.03355 0
      vertex 283.111 16.3371 0
      vertex 283.414 16.5858 0
    endloop
  endfacet
  facet normal 0 0 -1
    outer loop
      vertex 288.888 1.37017 0
      vertex 282.765 16.1522 0
      vertex 283.111 16.3371 0
    endloop
  endfacet
  facet normal 0 0 -1
    outer loop
      vertex 285.512 0.345864 0
      vertex 282.39 16.0384 0
      vertex 282.765 16.1522 0
    endloop
  endfacet
  facet normal 0 0 -1
    outer loop
      vertex 282 0 0
      vertex 282.39 16.0384 0
      vertex 285.512 0.345864 0
    endloop
  endfacet
  facet normal 0 0 -1
    outer loop
      vertex 282 0 0
      vertex 282 16 0
      vertex 282.39 16.0384 0
    endloop
  endfacet
  facet normal 0 0 -1
    outer loop
      vertex 282 0 0
      vertex 261 4 0
      vertex 282 16 0
    endloop
  endfacet
  facet normal 0 0 -1
    outer loop
      vertex 282 0 0
      vertex 239 4 0
      vertex 261 4 0
    endloop
  endfacet
  facet normal 0 0 -1
    outer loop
      vertex 239 4 0
      vertex 61 4 0
      vertex 239 12 0
    endloop
  endfacet
  facet normal 0 0 -1
    outer loop
      vertex 282 0 0
      vertex 61 4 0
      vertex 239 4 0
    endloop
  endfacet
  facet normal 0 0 -1
    outer loop
      vertex 18 0 0
      vertex 61 4 0
      vertex 282 0 0
    endloop
  endfacet
  facet normal -0 0 -1
    outer loop
      vertex 39 4 0
      vertex 18 0 0
      vertex 39 12 0
    endloop
  endfacet
  facet normal -0 0 -1
    outer loop
      vertex 61 4 0
      vertex 18 0 0
      vertex 39 4 0
    endloop
  endfacet
  facet normal 0 -0 -1
    outer loop
      vertex 11.1117 190.63 0
      vertex 16 182 0
      vertex 7.99973 188.966 0
    endloop
  endfacet
  facet normal 0 -0 -1
    outer loop
      vertex 0.345864 177.512 0
      vertex 16 182 0
      vertex 0 174 0
    endloop
  endfacet
  facet normal 0 0 -1
    outer loop
      vertex 16 182 0
      vertex 5.27208 186.728 0
      vertex 7.99973 188.966 0
    endloop
  endfacet
  facet normal 0 0 -1
    outer loop
      vertex 16 182 0
      vertex 3.03355 184 0
      vertex 5.27208 186.728 0
    endloop
  endfacet
  facet normal -0 0 -1
    outer loop
      vertex 16 182 0
      vertex 1.37017 180.888 0
      vertex 3.03355 184 0
    endloop
  endfacet
  facet normal 0 0 -1
    outer loop
      vertex 0 174 0
      vertex 6 75 0
      vertex 0 75 0
    endloop
  endfacet
  facet normal 0 0 -1
    outer loop
      vertex 16 182 0
      vertex 0.345864 177.512 0
      vertex 1.37017 180.888 0
    endloop
  endfacet
  facet normal 0 0 -1
    outer loop
      vertex 283.848 182.765 0
      vertex 292 188.966 0
      vertex 283.962 182.39 0
    endloop
  endfacet
  facet normal 0 0 -1
    outer loop
      vertex 283.663 183.111 0
      vertex 292 188.966 0
      vertex 283.848 182.765 0
    endloop
  endfacet
  facet normal -0 0 -1
    outer loop
      vertex 292 188.966 0
      vertex 283.663 183.111 0
      vertex 288.888 190.63 0
    endloop
  endfacet
  facet normal 0 0 -1
    outer loop
      vertex 283.414 183.414 0
      vertex 288.888 190.63 0
      vertex 283.663 183.111 0
    endloop
  endfacet
  facet normal 0 0 -1
    outer loop
      vertex 283.111 183.663 0
      vertex 288.888 190.63 0
      vertex 283.414 183.414 0
    endloop
  endfacet
  facet normal -0 0 -1
    outer loop
      vertex 288.888 190.63 0
      vertex 283.111 183.663 0
      vertex 285.512 191.654 0
    endloop
  endfacet
  facet normal 0 0 -1
    outer loop
      vertex 282.765 183.848 0
      vertex 285.512 191.654 0
      vertex 283.111 183.663 0
    endloop
  endfacet
  facet normal 0 0 -1
    outer loop
      vertex 282.39 183.962 0
      vertex 285.512 191.654 0
      vertex 282.765 183.848 0
    endloop
  endfacet
  facet normal 0 0 -1
    outer loop
      vertex 282 192 0
      vertex 282.39 183.962 0
      vertex 282 184 0
    endloop
  endfacet
  facet normal 0 0 -1
    outer loop
      vertex 282.39 183.962 0
      vertex 282 192 0
      vertex 285.512 191.654 0
    endloop
  endfacet
  facet normal 0 0 -1
    outer loop
      vertex 282 184 0
      vertex 260.5 189.59 0
      vertex 282 192 0
    endloop
  endfacet
  facet normal 0 0 -1
    outer loop
      vertex 282 184 0
      vertex 239.5 189.59 0
      vertex 260.5 189.59 0
    endloop
  endfacet
  facet normal 0 0 -1
    outer loop
      vertex 239.5 189.59 0
      vertex 60.5 189.59 0
      vertex 239.5 192 0
    endloop
  endfacet
  facet normal 0 0 -1
    outer loop
      vertex 282 184 0
      vertex 60.5 189.59 0
      vertex 239.5 189.59 0
    endloop
  endfacet
  facet normal 0 0 -1
    outer loop
      vertex 18 184 0
      vertex 60.5 189.59 0
      vertex 282 184 0
    endloop
  endfacet
  facet normal -0 0 -1
    outer loop
      vertex 60.5 189.59 0
      vertex 18 184 0
      vertex 39.5 189.59 0
    endloop
  endfacet
  facet normal 0 0 -1
    outer loop
      vertex 18 192 0
      vertex 39.5 189.59 0
      vertex 18 184 0
    endloop
  endfacet
  facet normal 0 0 -1
    outer loop
      vertex 39.5 189.59 0
      vertex 18 192 0
      vertex 39.5 192 0
    endloop
  endfacet
  facet normal 0 0 -1
    outer loop
      vertex 17.6098 183.962 0
      vertex 18 192 0
      vertex 18 184 0
    endloop
  endfacet
  facet normal 0 0 -1
    outer loop
      vertex 14.4884 191.654 0
      vertex 17.6098 183.962 0
      vertex 17.2346 183.848 0
    endloop
  endfacet
  facet normal 0 0 -1
    outer loop
      vertex 14.4884 191.654 0
      vertex 17.2346 183.848 0
      vertex 16.8889 183.663 0
    endloop
  endfacet
  facet normal 0 0 -1
    outer loop
      vertex 14.4884 191.654 0
      vertex 16.8889 183.663 0
      vertex 16.5858 183.414 0
    endloop
  endfacet
  facet normal 0 0 -1
    outer loop
      vertex 14.4884 191.654 0
      vertex 16.5858 183.414 0
      vertex 16.3371 183.111 0
    endloop
  endfacet
  facet normal 0 0 -1
    outer loop
      vertex 14.4884 191.654 0
      vertex 16.3371 183.111 0
      vertex 16.1522 182.765 0
    endloop
  endfacet
  facet normal 0 0 -1
    outer loop
      vertex 14.4884 191.654 0
      vertex 16.1522 182.765 0
      vertex 16.0384 182.39 0
    endloop
  endfacet
  facet normal 0 0 -1
    outer loop
      vertex 17.6098 183.962 0
      vertex 14.4884 191.654 0
      vertex 18 192 0
    endloop
  endfacet
  facet normal 0 0 -1
    outer loop
      vertex 16 182 0
      vertex 14.4884 191.654 0
      vertex 16.0384 182.39 0
    endloop
  endfacet
  facet normal 0 0 -1
    outer loop
      vertex 6 75 0
      vertex 16 182 0
      vertex 16 18 0
    endloop
  endfacet
  facet normal -0 0 -1
    outer loop
      vertex 16.3371 16.8889 0
      vertex 3.03355 7.99973 0
      vertex 16.1522 17.2346 0
    endloop
  endfacet
  facet normal 0 0 -1
    outer loop
      vertex 6 75 0
      vertex 16 18 0
      vertex 6 25 0
    endloop
  endfacet
  facet normal 0 0 -1
    outer loop
      vertex 1.37017 11.1117 0
      vertex 16.1522 17.2346 0
      vertex 3.03355 7.99973 0
    endloop
  endfacet
  facet normal 0 0 -1
    outer loop
      vertex 0 174 0
      vertex 16 182 0
      vertex 6 75 0
    endloop
  endfacet
  facet normal 0 0 -1
    outer loop
      vertex 16 182 0
      vertex 11.1117 190.63 0
      vertex 14.4884 191.654 0
    endloop
  endfacet
  facet normal -0 0 -1
    outer loop
      vertex 16.1522 17.2346 0
      vertex 1.37017 11.1117 0
      vertex 16.0384 17.6098 0
    endloop
  endfacet
  facet normal 0 0 -1
    outer loop
      vertex 0.345864 14.4884 0
      vertex 16.0384 17.6098 0
      vertex 1.37017 11.1117 0
    endloop
  endfacet
  facet normal -0 0 -1
    outer loop
      vertex 16.0384 17.6098 0
      vertex 0.345864 14.4884 0
      vertex 16 18 0
    endloop
  endfacet
  facet normal 0 0 -1
    outer loop
      vertex 0 18 0
      vertex 16 18 0
      vertex 0.345864 14.4884 0
    endloop
  endfacet
  facet normal 0 0 -1
    outer loop
      vertex 16 18 0
      vertex 0 18 0
      vertex 6 25 0
    endloop
  endfacet
  facet normal -0 0 -1
    outer loop
      vertex 6 25 0
      vertex 0 18 0
      vertex 0 25 0
    endloop
  endfacet
  facet normal 0 0 -1
    outer loop
      vertex 261 12 0
      vertex 282 16 0
      vertex 261 4 0
    endloop
  endfacet
  facet normal 0 0 -1
    outer loop
      vertex 239 12 0
      vertex 282 16 0
      vertex 261 12 0
    endloop
  endfacet
  facet normal 0 0 -1
    outer loop
      vertex 61 12 0
      vertex 239 12 0
      vertex 61 4 0
    endloop
  endfacet
  facet normal 0 0 -1
    outer loop
      vertex 239 12 0
      vertex 61 12 0
      vertex 282 16 0
    endloop
  endfacet
  facet normal 0 0 -1
    outer loop
      vertex 18 16 0
      vertex 61 12 0
      vertex 39 12 0
    endloop
  endfacet
  facet normal 0 0 -1
    outer loop
      vertex 61 12 0
      vertex 18 16 0
      vertex 282 16 0
    endloop
  endfacet
  facet normal 0 0 -1
    outer loop
      vertex 18 0 0
      vertex 18 16 0
      vertex 39 12 0
    endloop
  endfacet
  facet normal 0 0 -1
    outer loop
      vertex 18 0 0
      vertex 17.6098 16.0384 0
      vertex 18 16 0
    endloop
  endfacet
  facet normal 0 0 -1
    outer loop
      vertex 14.4884 0.345864 0
      vertex 17.6098 16.0384 0
      vertex 18 0 0
    endloop
  endfacet
  facet normal -0 0 -1
    outer loop
      vertex 17.6098 16.0384 0
      vertex 14.4884 0.345864 0
      vertex 17.2346 16.1522 0
    endloop
  endfacet
  facet normal 0 0 -1
    outer loop
      vertex 11.1117 1.37017 0
      vertex 17.2346 16.1522 0
      vertex 14.4884 0.345864 0
    endloop
  endfacet
  facet normal -0 0 -1
    outer loop
      vertex 17.2346 16.1522 0
      vertex 11.1117 1.37017 0
      vertex 16.8889 16.3371 0
    endloop
  endfacet
  facet normal 0 0 -1
    outer loop
      vertex 7.99973 3.03355 0
      vertex 16.8889 16.3371 0
      vertex 11.1117 1.37017 0
    endloop
  endfacet
  facet normal -0 0 -1
    outer loop
      vertex 16.8889 16.3371 0
      vertex 7.99973 3.03355 0
      vertex 16.5858 16.5858 0
    endloop
  endfacet
  facet normal 0 0 -1
    outer loop
      vertex 3.03355 7.99973 0
      vertex 16.3371 16.8889 0
      vertex 5.27208 5.27208 0
    endloop
  endfacet
  facet normal -0 0 -1
    outer loop
      vertex 16.5858 16.5858 0
      vertex 5.27208 5.27208 0
      vertex 16.3371 16.8889 0
    endloop
  endfacet
  facet normal 0 0 -1
    outer loop
      vertex 5.27208 5.27208 0
      vertex 16.5858 16.5858 0
      vertex 7.99973 3.03355 0
    endloop
  endfacet
  facet normal -0 0 -1
    outer loop
      vertex 282 192 0
      vertex 260.5 189.59 0
      vertex 260.5 192 0
    endloop
  endfacet
  facet normal -0 0 -1
    outer loop
      vertex 239.5 192 0
      vertex 60.5 189.59 0
      vertex 60.5 192 0
    endloop
  endfacet
  facet normal 0 0 -1
    outer loop
      vertex 279 20 0
      vertex 280 21 0
      vertex 279.981 20.8049 0
    endloop
  endfacet
  facet normal -0 0 -1
    outer loop
      vertex 280 21 0
      vertex 279 20 0
      vertex 280 179 0
    endloop
  endfacet
  facet normal 0 0 -1
    outer loop
      vertex 279 20 0
      vertex 279.981 20.8049 0
      vertex 279.924 20.6173 0
    endloop
  endfacet
  facet normal 0 0 -1
    outer loop
      vertex 279 180 0
      vertex 280 179 0
      vertex 279 20 0
    endloop
  endfacet
  facet normal 0 0 -1
    outer loop
      vertex 279 20 0
      vertex 279.924 20.6173 0
      vertex 279.831 20.4444 0
    endloop
  endfacet
  facet normal 0 0 -1
    outer loop
      vertex 280 179 0
      vertex 279 180 0
      vertex 279.981 179.195 0
    endloop
  endfacet
  facet normal 0 0 -1
    outer loop
      vertex 279 20 0
      vertex 279.831 20.4444 0
      vertex 279.707 20.2929 0
    endloop
  endfacet
  facet normal 0 0 -1
    outer loop
      vertex 279.981 179.195 0
      vertex 279 180 0
      vertex 279.924 179.383 0
    endloop
  endfacet
  facet normal 0 0 -1
    outer loop
      vertex 279 20 0
      vertex 279.707 20.2929 0
      vertex 279.556 20.1685 0
    endloop
  endfacet
  facet normal 0 0 -1
    outer loop
      vertex 279.924 179.383 0
      vertex 279 180 0
      vertex 279.831 179.556 0
    endloop
  endfacet
  facet normal 0 0 -1
    outer loop
      vertex 279 20 0
      vertex 279.556 20.1685 0
      vertex 279.383 20.0761 0
    endloop
  endfacet
  facet normal 0 0 -1
    outer loop
      vertex 279.831 179.556 0
      vertex 279 180 0
      vertex 279.707 179.707 0
    endloop
  endfacet
  facet normal 0 0 -1
    outer loop
      vertex 279 20 0
      vertex 279.383 20.0761 0
      vertex 279.195 20.0192 0
    endloop
  endfacet
  facet normal 0 0 -1
    outer loop
      vertex 279.707 179.707 0
      vertex 279 180 0
      vertex 279.556 179.831 0
    endloop
  endfacet
  facet normal 0 0 -1
    outer loop
      vertex 279.556 179.831 0
      vertex 279 180 0
      vertex 279.383 179.924 0
    endloop
  endfacet
  facet normal 0 0 -1
    outer loop
      vertex 279.383 179.924 0
      vertex 279 180 0
      vertex 279.195 179.981 0
    endloop
  endfacet
  facet normal 0 0 -1
    outer loop
      vertex 21 20 0
      vertex 279 180 0
      vertex 279 20 0
    endloop
  endfacet
  facet normal 0 0 -1
    outer loop
      vertex 21 20 0
      vertex 21 180 0
      vertex 279 180 0
    endloop
  endfacet
  facet normal 0 0 -1
    outer loop
      vertex 20 21 0
      vertex 21 20 0
      vertex 20.8049 20.0192 0
    endloop
  endfacet
  facet normal 0 0 -1
    outer loop
      vertex 21 20 0
      vertex 20 21 0
      vertex 21 180 0
    endloop
  endfacet
  facet normal 0 0 -1
    outer loop
      vertex 20 21 0
      vertex 20.8049 20.0192 0
      vertex 20.6173 20.0761 0
    endloop
  endfacet
  facet normal 0 0 -1
    outer loop
      vertex 20 179 0
      vertex 21 180 0
      vertex 20 21 0
    endloop
  endfacet
  facet normal 0 0 -1
    outer loop
      vertex 20 21 0
      vertex 20.6173 20.0761 0
      vertex 20.4444 20.1685 0
    endloop
  endfacet
  facet normal 0 0 -1
    outer loop
      vertex 21 180 0
      vertex 20 179 0
      vertex 20.8049 179.981 0
    endloop
  endfacet
  facet normal 0 0 -1
    outer loop
      vertex 20 21 0
      vertex 20.4444 20.1685 0
      vertex 20.2929 20.2929 0
    endloop
  endfacet
  facet normal 0 0 -1
    outer loop
      vertex 20.8049 179.981 0
      vertex 20 179 0
      vertex 20.6173 179.924 0
    endloop
  endfacet
  facet normal 0 0 -1
    outer loop
      vertex 20 21 0
      vertex 20.2929 20.2929 0
      vertex 20.1685 20.4444 0
    endloop
  endfacet
  facet normal 0 0 -1
    outer loop
      vertex 20.6173 179.924 0
      vertex 20 179 0
      vertex 20.4444 179.831 0
    endloop
  endfacet
  facet normal 0 0 -1
    outer loop
      vertex 20 21 0
      vertex 20.1685 20.4444 0
      vertex 20.0761 20.6173 0
    endloop
  endfacet
  facet normal 0 0 -1
    outer loop
      vertex 20.4444 179.831 0
      vertex 20 179 0
      vertex 20.2929 179.707 0
    endloop
  endfacet
  facet normal 0 0 -1
    outer loop
      vertex 20 21 0
      vertex 20.0761 20.6173 0
      vertex 20.0192 20.8049 0
    endloop
  endfacet
  facet normal 0 0 -1
    outer loop
      vertex 20.2929 179.707 0
      vertex 20 179 0
      vertex 20.1685 179.556 0
    endloop
  endfacet
  facet normal 0 0 -1
    outer loop
      vertex 20.1685 179.556 0
      vertex 20 179 0
      vertex 20.0761 179.383 0
    endloop
  endfacet
  facet normal 0 0 -1
    outer loop
      vertex 20.0761 179.383 0
      vertex 20 179 0
      vertex 20.0192 179.195 0
    endloop
  endfacet
  facet normal 0.956951 0.290248 0
    outer loop
      vertex 20.0761 20.6173 0
      vertex 20.0192 20.8049 -11
      vertex 20.0192 20.8049 0
    endloop
  endfacet
  facet normal 0.956951 0.290248 0
    outer loop
      vertex 20.0192 20.8049 -11
      vertex 20.0761 20.6173 0
      vertex 20.0761 20.6173 -11
    endloop
  endfacet
  facet normal 0.995193 0.097938 0
    outer loop
      vertex 20.0192 20.8049 0
      vertex 20 21 -11
      vertex 20 21 0
    endloop
  endfacet
  facet normal 0.995193 0.097938 0
    outer loop
      vertex 20 21 -11
      vertex 20.0192 20.8049 0
      vertex 20.0192 20.8049 -11
    endloop
  endfacet
  facet normal -1 0 0
    outer loop
      vertex 280 21 -11
      vertex 280 179 0
      vertex 280 179 -11
    endloop
  endfacet
  facet normal -1 -0 0
    outer loop
      vertex 280 179 0
      vertex 280 21 -11
      vertex 280 21 0
    endloop
  endfacet
  facet normal 0 -1 0
    outer loop
      vertex 21 180 -11
      vertex 279 180 0
      vertex 21 180 0
    endloop
  endfacet
  facet normal 0 -1 -0
    outer loop
      vertex 279 180 0
      vertex 21 180 -11
      vertex 279 180 -11
    endloop
  endfacet
  facet normal 0.634598 0.772842 -0
    outer loop
      vertex 20.4444 20.1685 -11
      vertex 20.2929 20.2929 0
      vertex 20.4444 20.1685 0
    endloop
  endfacet
  facet normal 0.634598 0.772842 0
    outer loop
      vertex 20.2929 20.2929 0
      vertex 20.4444 20.1685 -11
      vertex 20.2929 20.2929 -11
    endloop
  endfacet
  facet normal -0.473492 -0.880798 0
    outer loop
      vertex 279.383 179.924 -11
      vertex 279.556 179.831 0
      vertex 279.383 179.924 0
    endloop
  endfacet
  facet normal -0.473492 -0.880798 -0
    outer loop
      vertex 279.556 179.831 0
      vertex 279.383 179.924 -11
      vertex 279.556 179.831 -11
    endloop
  endfacet
  facet normal 0.633377 -0.773843 0
    outer loop
      vertex 20.2929 179.707 -11
      vertex 20.4444 179.831 0
      vertex 20.2929 179.707 0
    endloop
  endfacet
  facet normal 0.633377 -0.773843 0
    outer loop
      vertex 20.4444 179.831 0
      vertex 20.2929 179.707 -11
      vertex 20.4444 179.831 -11
    endloop
  endfacet
  facet normal 1 -0 0
    outer loop
      vertex 20 21 0
      vertex 20 179 -11
      vertex 20 179 0
    endloop
  endfacet
  facet normal 1 0 0
    outer loop
      vertex 20 179 -11
      vertex 20 21 0
      vertex 20 21 -11
    endloop
  endfacet
  facet normal -0.0979877 0.995188 0
    outer loop
      vertex 279.195 20.0192 -11
      vertex 279 20 0
      vertex 279.195 20.0192 0
    endloop
  endfacet
  facet normal -0.0979877 0.995188 0
    outer loop
      vertex 279 20 0
      vertex 279.195 20.0192 -11
      vertex 279 20 -11
    endloop
  endfacet
  facet normal 0.290715 -0.95681 0
    outer loop
      vertex 20.6173 179.924 -11
      vertex 20.8049 179.981 0
      vertex 20.6173 179.924 0
    endloop
  endfacet
  facet normal 0.290715 -0.95681 0
    outer loop
      vertex 20.8049 179.981 0
      vertex 20.6173 179.924 -11
      vertex 20.8049 179.981 -11
    endloop
  endfacet
  facet normal 0 1 -0
    outer loop
      vertex 279 20 -11
      vertex 21 20 0
      vertex 279 20 0
    endloop
  endfacet
  facet normal 0 1 0
    outer loop
      vertex 21 20 0
      vertex 279 20 -11
      vertex 21 20 -11
    endloop
  endfacet
  facet normal -0.635851 0.771812 0
    outer loop
      vertex 279.707 20.2929 -11
      vertex 279.556 20.1685 0
      vertex 279.707 20.2929 0
    endloop
  endfacet
  facet normal -0.635851 0.771812 0
    outer loop
      vertex 279.556 20.1685 0
      vertex 279.707 20.2929 -11
      vertex 279.556 20.1685 -11
    endloop
  endfacet
  facet normal -0.773843 0.633377 0
    outer loop
      vertex 279.707 20.2929 -11
      vertex 279.831 20.4444 0
      vertex 279.831 20.4444 -11
    endloop
  endfacet
  facet normal -0.773843 0.633377 0
    outer loop
      vertex 279.831 20.4444 0
      vertex 279.707 20.2929 -11
      vertex 279.707 20.2929 0
    endloop
  endfacet
  facet normal -0.772816 -0.63463 0
    outer loop
      vertex 279.831 179.556 -11
      vertex 279.707 179.707 0
      vertex 279.707 179.707 -11
    endloop
  endfacet
  facet normal -0.772816 -0.63463 0
    outer loop
      vertex 279.707 179.707 0
      vertex 279.831 179.556 -11
      vertex 279.831 179.556 0
    endloop
  endfacet
  facet normal 0.771812 -0.635851 0
    outer loop
      vertex 20.1685 179.556 0
      vertex 20.2929 179.707 -11
      vertex 20.2929 179.707 0
    endloop
  endfacet
  facet normal 0.771812 -0.635851 0
    outer loop
      vertex 20.2929 179.707 -11
      vertex 20.1685 179.556 0
      vertex 20.1685 179.556 -11
    endloop
  endfacet
  facet normal -0.880798 -0.473492 0
    outer loop
      vertex 279.924 179.383 -11
      vertex 279.831 179.556 0
      vertex 279.831 179.556 -11
    endloop
  endfacet
  facet normal -0.880798 -0.473492 0
    outer loop
      vertex 279.831 179.556 0
      vertex 279.924 179.383 -11
      vertex 279.924 179.383 0
    endloop
  endfacet
  facet normal -0.471117 0.882071 0
    outer loop
      vertex 279.556 20.1685 -11
      vertex 279.383 20.0761 0
      vertex 279.556 20.1685 0
    endloop
  endfacet
  facet normal -0.471117 0.882071 0
    outer loop
      vertex 279.383 20.0761 0
      vertex 279.556 20.1685 -11
      vertex 279.383 20.0761 -11
    endloop
  endfacet
  facet normal -0.95681 0.290715 0
    outer loop
      vertex 279.924 20.6173 -11
      vertex 279.981 20.8049 0
      vertex 279.981 20.8049 -11
    endloop
  endfacet
  facet normal -0.95681 0.290715 0
    outer loop
      vertex 279.981 20.8049 0
      vertex 279.924 20.6173 -11
      vertex 279.924 20.6173 0
    endloop
  endfacet
  facet normal 0.881957 0.471329 0
    outer loop
      vertex 20.1685 20.4444 0
      vertex 20.0761 20.6173 -11
      vertex 20.0761 20.6173 0
    endloop
  endfacet
  facet normal 0.881957 0.471329 0
    outer loop
      vertex 20.0761 20.6173 -11
      vertex 20.1685 20.4444 0
      vertex 20.1685 20.4444 -11
    endloop
  endfacet
  facet normal 0.473705 -0.880684 0
    outer loop
      vertex 20.4444 179.831 -11
      vertex 20.6173 179.924 0
      vertex 20.4444 179.831 0
    endloop
  endfacet
  facet normal 0.473705 -0.880684 0
    outer loop
      vertex 20.6173 179.924 0
      vertex 20.4444 179.831 -11
      vertex 20.6173 179.924 -11
    endloop
  endfacet
  facet normal -0.995287 -0.0969766 0
    outer loop
      vertex 280 179 -11
      vertex 279.981 179.195 0
      vertex 279.981 179.195 -11
    endloop
  endfacet
  facet normal -0.995287 -0.0969766 0
    outer loop
      vertex 279.981 179.195 0
      vertex 280 179 -11
      vertex 280 179 0
    endloop
  endfacet
  facet normal 0.882071 -0.471117 0
    outer loop
      vertex 20.0761 179.383 0
      vertex 20.1685 179.556 -11
      vertex 20.1685 179.556 0
    endloop
  endfacet
  facet normal 0.882071 -0.471117 0
    outer loop
      vertex 20.1685 179.556 -11
      vertex 20.0761 179.383 0
      vertex 20.0761 179.383 -11
    endloop
  endfacet
  facet normal -0.956982 -0.290149 0
    outer loop
      vertex 279.981 179.195 -11
      vertex 279.924 179.383 0
      vertex 279.924 179.383 -11
    endloop
  endfacet
  facet normal -0.956982 -0.290149 0
    outer loop
      vertex 279.924 179.383 0
      vertex 279.981 179.195 -11
      vertex 279.981 179.195 0
    endloop
  endfacet
  facet normal -0.63463 -0.772816 0
    outer loop
      vertex 279.556 179.831 -11
      vertex 279.707 179.707 0
      vertex 279.556 179.831 0
    endloop
  endfacet
  facet normal -0.63463 -0.772816 -0
    outer loop
      vertex 279.707 179.707 0
      vertex 279.556 179.831 -11
      vertex 279.707 179.707 -11
    endloop
  endfacet
  facet normal 0.957123 -0.289682 0
    outer loop
      vertex 20.0192 179.195 0
      vertex 20.0761 179.383 -11
      vertex 20.0761 179.383 0
    endloop
  endfacet
  facet normal 0.957123 -0.289682 0
    outer loop
      vertex 20.0761 179.383 -11
      vertex 20.0192 179.195 0
      vertex 20.0192 179.195 -11
    endloop
  endfacet
  facet normal 0.995188 -0.0979877 0
    outer loop
      vertex 20 179 0
      vertex 20.0192 179.195 -11
      vertex 20.0192 179.195 0
    endloop
  endfacet
  facet normal 0.995188 -0.0979877 0
    outer loop
      vertex 20.0192 179.195 -11
      vertex 20 179 0
      vertex 20 179 -11
    endloop
  endfacet
  facet normal -0.290149 -0.956982 0
    outer loop
      vertex 279.195 179.981 -11
      vertex 279.383 179.924 0
      vertex 279.195 179.981 0
    endloop
  endfacet
  facet normal -0.290149 -0.956982 -0
    outer loop
      vertex 279.383 179.924 0
      vertex 279.195 179.981 -11
      vertex 279.383 179.924 -11
    endloop
  endfacet
  facet normal -0.289682 0.957123 0
    outer loop
      vertex 279.383 20.0761 -11
      vertex 279.195 20.0192 0
      vertex 279.383 20.0761 0
    endloop
  endfacet
  facet normal -0.289682 0.957123 0
    outer loop
      vertex 279.195 20.0192 0
      vertex 279.383 20.0761 -11
      vertex 279.195 20.0192 -11
    endloop
  endfacet
  facet normal 0.772842 0.634598 0
    outer loop
      vertex 20.2929 20.2929 0
      vertex 20.1685 20.4444 -11
      vertex 20.1685 20.4444 0
    endloop
  endfacet
  facet normal 0.772842 0.634598 0
    outer loop
      vertex 20.1685 20.4444 -11
      vertex 20.2929 20.2929 0
      vertex 20.2929 20.2929 -11
    endloop
  endfacet
  facet normal 0.471329 0.881957 -0
    outer loop
      vertex 20.6173 20.0761 -11
      vertex 20.4444 20.1685 0
      vertex 20.6173 20.0761 0
    endloop
  endfacet
  facet normal 0.471329 0.881957 0
    outer loop
      vertex 20.4444 20.1685 0
      vertex 20.6173 20.0761 -11
      vertex 20.4444 20.1685 -11
    endloop
  endfacet
  facet normal -0.0969766 -0.995287 0
    outer loop
      vertex 279 180 -11
      vertex 279.195 179.981 0
      vertex 279 180 0
    endloop
  endfacet
  facet normal -0.0969766 -0.995287 -0
    outer loop
      vertex 279.195 179.981 0
      vertex 279 180 -11
      vertex 279.195 179.981 -11
    endloop
  endfacet
  facet normal 0.0969274 -0.995291 0
    outer loop
      vertex 20.8049 179.981 -11
      vertex 21 180 0
      vertex 20.8049 179.981 0
    endloop
  endfacet
  facet normal 0.0969274 -0.995291 0
    outer loop
      vertex 21 180 0
      vertex 20.8049 179.981 -11
      vertex 21 180 -11
    endloop
  endfacet
  facet normal 0.097938 0.995193 -0
    outer loop
      vertex 21 20 -11
      vertex 20.8049 20.0192 0
      vertex 21 20 0
    endloop
  endfacet
  facet normal 0.097938 0.995193 0
    outer loop
      vertex 20.8049 20.0192 0
      vertex 21 20 -11
      vertex 20.8049 20.0192 -11
    endloop
  endfacet
  facet normal -0.880684 0.473705 0
    outer loop
      vertex 279.831 20.4444 -11
      vertex 279.924 20.6173 0
      vertex 279.924 20.6173 -11
    endloop
  endfacet
  facet normal -0.880684 0.473705 0
    outer loop
      vertex 279.924 20.6173 0
      vertex 279.831 20.4444 -11
      vertex 279.831 20.4444 0
    endloop
  endfacet
  facet normal 0.290248 0.956951 -0
    outer loop
      vertex 20.8049 20.0192 -11
      vertex 20.6173 20.0761 0
      vertex 20.8049 20.0192 0
    endloop
  endfacet
  facet normal 0.290248 0.956951 0
    outer loop
      vertex 20.6173 20.0761 0
      vertex 20.8049 20.0192 -11
      vertex 20.6173 20.0761 -11
    endloop
  endfacet
  facet normal -0.995291 0.0969274 0
    outer loop
      vertex 279.981 20.8049 -11
      vertex 280 21 0
      vertex 280 21 -11
    endloop
  endfacet
  facet normal -0.995291 0.0969274 0
    outer loop
      vertex 280 21 0
      vertex 279.981 20.8049 -11
      vertex 279.981 20.8049 0
    endloop
  endfacet
  facet normal -0.0980176 -0.995185 0
    outer loop
      vertex 14.4884 0.345864 0
      vertex 18 0 2
      vertex 14.4884 0.345864 2
    endloop
  endfacet
  facet normal -0.0980176 -0.995185 -0
    outer loop
      vertex 18 0 2
      vertex 14.4884 0.345864 0
      vertex 18 0 0
    endloop
  endfacet
  facet normal -0.956941 -0.290283 0
    outer loop
      vertex 1.37017 11.1117 0
      vertex 0.345864 14.4884 2
      vertex 0.345864 14.4884 0
    endloop
  endfacet
  facet normal -0.956941 -0.290283 0
    outer loop
      vertex 0.345864 14.4884 2
      vertex 1.37017 11.1117 0
      vertex 1.37017 11.1117 2
    endloop
  endfacet
  facet normal 0.0980447 0.995182 -0
    outer loop
      vertex 285.512 191.654 0
      vertex 282 192 2
      vertex 285.512 191.654 2
    endloop
  endfacet
  facet normal 0.0980447 0.995182 0
    outer loop
      vertex 282 192 2
      vertex 285.512 191.654 0
      vertex 282 192 0
    endloop
  endfacet
  facet normal -0.995185 -0.0980176 0
    outer loop
      vertex 0.345864 14.4884 0
      vertex 0 18 2
      vertex 0 18 0
    endloop
  endfacet
  facet normal -0.995185 -0.0980176 0
    outer loop
      vertex 0 18 2
      vertex 0.345864 14.4884 0
      vertex 0.345864 14.4884 2
    endloop
  endfacet
  facet normal 0.0980065 -0.995186 0
    outer loop
      vertex 282 0 0
      vertex 285.512 0.345864 2
      vertex 282 0 2
    endloop
  endfacet
  facet normal 0.0980065 -0.995186 0
    outer loop
      vertex 285.512 0.345864 2
      vertex 282 0 0
      vertex 285.512 0.345864 0
    endloop
  endfacet
  facet normal -0.881923 0.471393 0
    outer loop
      vertex 1.37017 180.888 0
      vertex 3.03355 184 2
      vertex 3.03355 184 0
    endloop
  endfacet
  facet normal -0.881923 0.471393 0
    outer loop
      vertex 3.03355 184 2
      vertex 1.37017 180.888 0
      vertex 1.37017 180.888 2
    endloop
  endfacet
  facet normal 0.290259 0.956948 -0
    outer loop
      vertex 288.888 190.63 0
      vertex 285.512 191.654 2
      vertex 288.888 190.63 2
    endloop
  endfacet
  facet normal 0.290259 0.956948 0
    outer loop
      vertex 285.512 191.654 2
      vertex 288.888 190.63 0
      vertex 285.512 191.654 0
    endloop
  endfacet
  facet normal 1 0 0
    outer loop
      vertex 300 174 2
      vertex 300 75 0.0499992
      vertex 300 174 0
    endloop
  endfacet
  facet normal 1 0 -0
    outer loop
      vertex 300 75 0.0499992
      vertex 300 174 2
      vertex 300 73.05 2
    endloop
  endfacet
  facet normal 1 0 0
    outer loop
      vertex 300 174 0
      vertex 300 75 0.0499992
      vertex 300 75 0
    endloop
  endfacet
  facet normal 1 -0 0
    outer loop
      vertex 300 18 2
      vertex 300 25 0.0499992
      vertex 300 26.95 2
    endloop
  endfacet
  facet normal 1 0 0
    outer loop
      vertex 300 18 0
      vertex 300 25 0.0499992
      vertex 300 18 2
    endloop
  endfacet
  facet normal 1 0 0
    outer loop
      vertex 300 25 0.0499992
      vertex 300 18 0
      vertex 300 25 0
    endloop
  endfacet
  facet normal 0 1 -0
    outer loop
      vertex 39.5 192 0
      vertex 18 192 2
      vertex 39.5 192 2
    endloop
  endfacet
  facet normal 0 1 0
    outer loop
      vertex 18 192 2
      vertex 39.5 192 0
      vertex 18 192 0
    endloop
  endfacet
  facet normal 0 1 -0
    outer loop
      vertex 282 192 0
      vertex 260.5 192 2
      vertex 282 192 2
    endloop
  endfacet
  facet normal 0 1 0
    outer loop
      vertex 260.5 192 2
      vertex 282 192 0
      vertex 260.5 192 0
    endloop
  endfacet
  facet normal 0 1 -0
    outer loop
      vertex 239.5 192 0
      vertex 60.5 192 2
      vertex 239.5 192 2
    endloop
  endfacet
  facet normal 0 1 0
    outer loop
      vertex 60.5 192 2
      vertex 239.5 192 0
      vertex 60.5 192 0
    endloop
  endfacet
  facet normal -0.290204 0.956965 0
    outer loop
      vertex 14.4884 191.654 0
      vertex 11.1117 190.63 2
      vertex 14.4884 191.654 2
    endloop
  endfacet
  facet normal -0.290204 0.956965 0
    outer loop
      vertex 11.1117 190.63 2
      vertex 14.4884 191.654 0
      vertex 11.1117 190.63 0
    endloop
  endfacet
  facet normal -0.471533 0.881849 0
    outer loop
      vertex 11.1117 190.63 0
      vertex 7.99973 188.966 2
      vertex 11.1117 190.63 2
    endloop
  endfacet
  facet normal -0.471533 0.881849 0
    outer loop
      vertex 7.99973 188.966 2
      vertex 11.1117 190.63 0
      vertex 7.99973 188.966 0
    endloop
  endfacet
  facet normal -1 0 0
    outer loop
      vertex 0 75 0.0499992
      vertex 0 174 0
      vertex 0 75 0
    endloop
  endfacet
  facet normal -1 0 0
    outer loop
      vertex 0 174 0
      vertex 0 75 0.0499992
      vertex 0 174 2
    endloop
  endfacet
  facet normal -1 -0 0
    outer loop
      vertex 0 174 2
      vertex 0 75 0.0499992
      vertex 0 73.05 2
    endloop
  endfacet
  facet normal -1 0 0
    outer loop
      vertex 0 25 0
      vertex 0 18 0
      vertex 0 25 0.0499992
    endloop
  endfacet
  facet normal -1 0 0
    outer loop
      vertex 0 18 2
      vertex 0 25 0.0499992
      vertex 0 18 0
    endloop
  endfacet
  facet normal -1 0 0
    outer loop
      vertex 0 25 0.0499992
      vertex 0 18 2
      vertex 0 26.95 2
    endloop
  endfacet
  facet normal 0 -1 0
    outer loop
      vertex 18 0 0
      vertex 282 0 2
      vertex 18 0 2
    endloop
  endfacet
  facet normal 0 -1 -0
    outer loop
      vertex 282 0 2
      vertex 18 0 0
      vertex 282 0 0
    endloop
  endfacet
  facet normal 0.634256 0.773123 -0
    outer loop
      vertex 294.728 186.728 0
      vertex 292 188.966 2
      vertex 294.728 186.728 2
    endloop
  endfacet
  facet normal 0.634256 0.773123 0
    outer loop
      vertex 292 188.966 2
      vertex 294.728 186.728 0
      vertex 292 188.966 0
    endloop
  endfacet
  facet normal -0.634394 -0.77301 0
    outer loop
      vertex 5.27208 5.27208 0
      vertex 7.99973 3.03355 2
      vertex 5.27208 5.27208 2
    endloop
  endfacet
  facet normal -0.634394 -0.77301 -0
    outer loop
      vertex 7.99973 3.03355 2
      vertex 5.27208 5.27208 0
      vertex 7.99973 3.03355 0
    endloop
  endfacet
  facet normal -0.77301 -0.634394 0
    outer loop
      vertex 5.27208 5.27208 0
      vertex 3.03355 7.99973 2
      vertex 3.03355 7.99973 0
    endloop
  endfacet
  facet normal -0.77301 -0.634394 0
    outer loop
      vertex 3.03355 7.99973 2
      vertex 5.27208 5.27208 0
      vertex 5.27208 5.27208 2
    endloop
  endfacet
  facet normal 0.88185 0.471529 0
    outer loop
      vertex 298.63 180.888 2
      vertex 296.966 184 0
      vertex 296.966 184 2
    endloop
  endfacet
  facet normal 0.88185 0.471529 0
    outer loop
      vertex 296.966 184 0
      vertex 298.63 180.888 2
      vertex 298.63 180.888 0
    endloop
  endfacet
  facet normal -0.995186 0.0980065 0
    outer loop
      vertex 0 174 0
      vertex 0.345864 177.512 2
      vertex 0.345864 177.512 0
    endloop
  endfacet
  facet normal -0.995186 0.0980065 0
    outer loop
      vertex 0.345864 177.512 2
      vertex 0 174 0
      vertex 0 174 2
    endloop
  endfacet
  facet normal 0.634346 -0.77305 0
    outer loop
      vertex 292 3.03355 0
      vertex 294.728 5.27208 2
      vertex 292 3.03355 2
    endloop
  endfacet
  facet normal 0.634346 -0.77305 0
    outer loop
      vertex 294.728 5.27208 2
      vertex 292 3.03355 0
      vertex 294.728 5.27208 0
    endloop
  endfacet
  facet normal 0.471529 0.88185 -0
    outer loop
      vertex 292 188.966 0
      vertex 288.888 190.63 2
      vertex 292 188.966 2
    endloop
  endfacet
  facet normal 0.471529 0.88185 0
    outer loop
      vertex 288.888 190.63 2
      vertex 292 188.966 0
      vertex 288.888 190.63 0
    endloop
  endfacet
  facet normal -0.634304 0.773083 0
    outer loop
      vertex 7.99973 188.966 0
      vertex 5.27208 186.728 2
      vertex 7.99973 188.966 2
    endloop
  endfacet
  facet normal -0.634304 0.773083 0
    outer loop
      vertex 5.27208 186.728 2
      vertex 7.99973 188.966 0
      vertex 5.27208 186.728 0
    endloop
  endfacet
  facet normal 0.995182 0.0980447 0
    outer loop
      vertex 300 174 2
      vertex 299.654 177.512 0
      vertex 299.654 177.512 2
    endloop
  endfacet
  facet normal 0.995182 0.0980447 0
    outer loop
      vertex 299.654 177.512 0
      vertex 300 174 2
      vertex 300 174 0
    endloop
  endfacet
  facet normal -0.881922 -0.471396 0
    outer loop
      vertex 3.03355 7.99973 0
      vertex 1.37017 11.1117 2
      vertex 1.37017 11.1117 0
    endloop
  endfacet
  facet normal -0.881922 -0.471396 0
    outer loop
      vertex 1.37017 11.1117 2
      vertex 3.03355 7.99973 0
      vertex 3.03355 7.99973 2
    endloop
  endfacet
  facet normal 0.956948 0.290259 0
    outer loop
      vertex 299.654 177.512 2
      vertex 298.63 180.888 0
      vertex 298.63 180.888 2
    endloop
  endfacet
  facet normal 0.956948 0.290259 0
    outer loop
      vertex 298.63 180.888 0
      vertex 299.654 177.512 2
      vertex 299.654 177.512 0
    endloop
  endfacet
  facet normal -0.471396 -0.881922 0
    outer loop
      vertex 7.99973 3.03355 0
      vertex 11.1117 1.37017 2
      vertex 7.99973 3.03355 2
    endloop
  endfacet
  facet normal -0.471396 -0.881922 -0
    outer loop
      vertex 11.1117 1.37017 2
      vertex 7.99973 3.03355 0
      vertex 11.1117 1.37017 0
    endloop
  endfacet
  facet normal 0.773083 -0.634304 0
    outer loop
      vertex 294.728 5.27208 2
      vertex 296.966 7.99973 0
      vertex 296.966 7.99973 2
    endloop
  endfacet
  facet normal 0.773083 -0.634304 0
    outer loop
      vertex 296.966 7.99973 0
      vertex 294.728 5.27208 2
      vertex 294.728 5.27208 0
    endloop
  endfacet
  facet normal 0.881849 -0.471533 0
    outer loop
      vertex 296.966 7.99973 2
      vertex 298.63 11.1117 0
      vertex 298.63 11.1117 2
    endloop
  endfacet
  facet normal 0.881849 -0.471533 0
    outer loop
      vertex 298.63 11.1117 0
      vertex 296.966 7.99973 2
      vertex 296.966 7.99973 0
    endloop
  endfacet
  facet normal 0.773123 0.634256 0
    outer loop
      vertex 296.966 184 2
      vertex 294.728 186.728 0
      vertex 294.728 186.728 2
    endloop
  endfacet
  facet normal 0.773123 0.634256 0
    outer loop
      vertex 294.728 186.728 0
      vertex 296.966 184 2
      vertex 296.966 184 0
    endloop
  endfacet
  facet normal 0.290339 -0.956924 0
    outer loop
      vertex 285.512 0.345864 0
      vertex 288.888 1.37017 2
      vertex 285.512 0.345864 2
    endloop
  endfacet
  facet normal 0.290339 -0.956924 0
    outer loop
      vertex 288.888 1.37017 2
      vertex 285.512 0.345864 0
      vertex 288.888 1.37017 0
    endloop
  endfacet
  facet normal -0.0980558 0.995181 0
    outer loop
      vertex 18 192 0
      vertex 14.4884 191.654 2
      vertex 18 192 2
    endloop
  endfacet
  facet normal -0.0980558 0.995181 0
    outer loop
      vertex 14.4884 191.654 2
      vertex 18 192 0
      vertex 14.4884 191.654 0
    endloop
  endfacet
  facet normal 0.471393 -0.881923 0
    outer loop
      vertex 288.888 1.37017 0
      vertex 292 3.03355 2
      vertex 288.888 1.37017 2
    endloop
  endfacet
  facet normal 0.471393 -0.881923 0
    outer loop
      vertex 292 3.03355 2
      vertex 288.888 1.37017 0
      vertex 292 3.03355 0
    endloop
  endfacet
  facet normal 0.956965 -0.290204 0
    outer loop
      vertex 298.63 11.1117 2
      vertex 299.654 14.4884 0
      vertex 299.654 14.4884 2
    endloop
  endfacet
  facet normal 0.956965 -0.290204 0
    outer loop
      vertex 299.654 14.4884 0
      vertex 298.63 11.1117 2
      vertex 298.63 11.1117 0
    endloop
  endfacet
  facet normal 0.995181 -0.0980558 0
    outer loop
      vertex 299.654 14.4884 2
      vertex 300 18 0
      vertex 300 18 2
    endloop
  endfacet
  facet normal 0.995181 -0.0980558 0
    outer loop
      vertex 300 18 0
      vertex 299.654 14.4884 2
      vertex 299.654 14.4884 0
    endloop
  endfacet
  facet normal -0.77305 0.634346 0
    outer loop
      vertex 3.03355 184 0
      vertex 5.27208 186.728 2
      vertex 5.27208 186.728 0
    endloop
  endfacet
  facet normal -0.77305 0.634346 0
    outer loop
      vertex 5.27208 186.728 2
      vertex 3.03355 184 0
      vertex 3.03355 184 2
    endloop
  endfacet
  facet normal -0.956924 0.290339 0
    outer loop
      vertex 0.345864 177.512 0
      vertex 1.37017 180.888 2
      vertex 1.37017 180.888 0
    endloop
  endfacet
  facet normal -0.956924 0.290339 0
    outer loop
      vertex 1.37017 180.888 2
      vertex 0.345864 177.512 0
      vertex 0.345864 177.512 2
    endloop
  endfacet
  facet normal -0.290283 -0.956941 0
    outer loop
      vertex 11.1117 1.37017 0
      vertex 14.4884 0.345864 2
      vertex 11.1117 1.37017 2
    endloop
  endfacet
  facet normal -0.290283 -0.956941 -0
    outer loop
      vertex 14.4884 0.345864 2
      vertex 11.1117 1.37017 0
      vertex 14.4884 0.345864 0
    endloop
  endfacet
  facet normal -1 0 0
    outer loop
      vertex 61 4 0
      vertex 61 12 2
      vertex 61 12 0
    endloop
  endfacet
  facet normal -1 -0 0
    outer loop
      vertex 61 12 2
      vertex 61 4 0
      vertex 61 4 2
    endloop
  endfacet
  facet normal 1 -0 0
    outer loop
      vertex 39 4 2
      vertex 39 12 0
      vertex 39 12 2
    endloop
  endfacet
  facet normal 1 0 0
    outer loop
      vertex 39 12 0
      vertex 39 4 2
      vertex 39 4 0
    endloop
  endfacet
  facet normal 0 -1 0
    outer loop
      vertex 39 12 0
      vertex 61 12 2
      vertex 39 12 2
    endloop
  endfacet
  facet normal 0 -1 -0
    outer loop
      vertex 61 12 2
      vertex 39 12 0
      vertex 61 12 0
    endloop
  endfacet
  facet normal 0 1 -0
    outer loop
      vertex 61 4 0
      vertex 39 4 2
      vertex 61 4 2
    endloop
  endfacet
  facet normal 0 1 0
    outer loop
      vertex 39 4 2
      vertex 61 4 0
      vertex 39 4 0
    endloop
  endfacet
  facet normal -1 0 0
    outer loop
      vertex 261 4 0
      vertex 261 12 2
      vertex 261 12 0
    endloop
  endfacet
  facet normal -1 -0 0
    outer loop
      vertex 261 12 2
      vertex 261 4 0
      vertex 261 4 2
    endloop
  endfacet
  facet normal 1 -0 0
    outer loop
      vertex 239 4 2
      vertex 239 12 0
      vertex 239 12 2
    endloop
  endfacet
  facet normal 1 0 0
    outer loop
      vertex 239 12 0
      vertex 239 4 2
      vertex 239 4 0
    endloop
  endfacet
  facet normal 0 -1 0
    outer loop
      vertex 239 12 0
      vertex 261 12 2
      vertex 239 12 2
    endloop
  endfacet
  facet normal 0 -1 -0
    outer loop
      vertex 261 12 2
      vertex 239 12 0
      vertex 261 12 0
    endloop
  endfacet
  facet normal 0 1 -0
    outer loop
      vertex 261 4 0
      vertex 239 4 2
      vertex 261 4 2
    endloop
  endfacet
  facet normal 0 1 0
    outer loop
      vertex 239 4 2
      vertex 261 4 0
      vertex 239 4 0
    endloop
  endfacet
  facet normal 0 1 -0
    outer loop
      vertex 6 25 0
      vertex 0 25 0.0499992
      vertex 6 25 0.0499992
    endloop
  endfacet
  facet normal 0 1 0
    outer loop
      vertex 0 25 0.0499992
      vertex 6 25 0
      vertex 0 25 0
    endloop
  endfacet
  facet normal 0 -1 0
    outer loop
      vertex 0 75 0
      vertex 6 75 0.0499992
      vertex 0 75 0.0499992
    endloop
  endfacet
  facet normal 0 -1 -0
    outer loop
      vertex 6 75 0.0499992
      vertex 0 75 0
      vertex 6 75 0
    endloop
  endfacet
  facet normal 0 0.707107 -0.707107
    outer loop
      vertex 0 25 0.0499992
      vertex 4.06625 26.95 2
      vertex 6 25 0.0499992
    endloop
  endfacet
  facet normal 0 0.707107 -0.707107
    outer loop
      vertex 4.06625 26.95 2
      vertex 0 25 0.0499992
      vertex 0 26.95 2
    endloop
  endfacet
  facet normal -1 0 0
    outer loop
      vertex 6 25 0
      vertex 6 75 0.0499992
      vertex 6 75 0
    endloop
  endfacet
  facet normal -1 -0 0
    outer loop
      vertex 6 75 0.0499992
      vertex 6 25 0
      vertex 6 25 0.0499992
    endloop
  endfacet
  facet normal 0 -0.707107 -0.707107
    outer loop
      vertex 0 75 0.0499992
      vertex 4.06625 73.05 2
      vertex 0 73.05 2
    endloop
  endfacet
  facet normal 0 -0.707107 -0.707107
    outer loop
      vertex 4.06625 73.05 2
      vertex 0 75 0.0499992
      vertex 6 75 0.0499992
    endloop
  endfacet
  facet normal -0.710059 0 -0.704142
    outer loop
      vertex 6 75 0.0499992
      vertex 4.06625 26.95 2
      vertex 4.06625 73.05 2
    endloop
  endfacet
  facet normal -0.710059 0 -0.704142
    outer loop
      vertex 4.06625 26.95 2
      vertex 6 75 0.0499992
      vertex 6 25 0.0499992
    endloop
  endfacet
  facet normal 0.710014 0 -0.704188
    outer loop
      vertex 295.934 26.95 2
      vertex 294 75 0.0499992
      vertex 295.934 73.05 2
    endloop
  endfacet
  facet normal 0.710014 0 -0.704188
    outer loop
      vertex 294 75 0.0499992
      vertex 295.934 26.95 2
      vertex 294 25 0.0499992
    endloop
  endfacet
  facet normal 0 1 -0
    outer loop
      vertex 300 25 0
      vertex 294 25 0.0499992
      vertex 300 25 0.0499992
    endloop
  endfacet
  facet normal 0 1 0
    outer loop
      vertex 294 25 0.0499992
      vertex 300 25 0
      vertex 294 25 0
    endloop
  endfacet
  facet normal -0 -0.707107 -0.707107
    outer loop
      vertex 300 75 0.0499992
      vertex 295.934 73.05 2
      vertex 294 75 0.0499992
    endloop
  endfacet
  facet normal 0 -0.707107 -0.707107
    outer loop
      vertex 295.934 73.05 2
      vertex 300 75 0.0499992
      vertex 300 73.05 2
    endloop
  endfacet
  facet normal 0 -1 0
    outer loop
      vertex 294 75 0
      vertex 300 75 0.0499992
      vertex 294 75 0.0499992
    endloop
  endfacet
  facet normal 0 -1 -0
    outer loop
      vertex 300 75 0.0499992
      vertex 294 75 0
      vertex 300 75 0
    endloop
  endfacet
  facet normal 0 0.707107 -0.707107
    outer loop
      vertex 300 25 0.0499992
      vertex 295.934 26.95 2
      vertex 300 26.95 2
    endloop
  endfacet
  facet normal 0 0.707107 -0.707107
    outer loop
      vertex 295.934 26.95 2
      vertex 300 25 0.0499992
      vertex 294 25 0.0499992
    endloop
  endfacet
  facet normal 1 -0 0
    outer loop
      vertex 294 25 0.0499992
      vertex 294 75 0
      vertex 294 75 0.0499992
    endloop
  endfacet
  facet normal 1 0 0
    outer loop
      vertex 294 75 0
      vertex 294 25 0.0499992
      vertex 294 25 0
    endloop
  endfacet
  facet normal -1 0 0
    outer loop
      vertex 39.5 196.975 -11
      vertex 39.5 197.025 -10.9989
      vertex 39.5 197.025 -11
    endloop
  endfacet
  facet normal -1 0 0
    outer loop
      vertex 39.5 197.025 -10.9989
      vertex 39.5 197 -7
      vertex 39.5 197.025 -6.99891
    endloop
  endfacet
  facet normal -1 -0 0
    outer loop
      vertex 39.5 197.025 -6.99891
      vertex 39.5 197 -7
      vertex 39.5 197.025 -6.99754
    endloop
  endfacet
  facet normal -1 -0 0
    outer loop
      vertex 39.5 197.025 -10.9989
      vertex 39.5 196.975 -11
      vertex 39.5 196.974 -10.9989
    endloop
  endfacet
  facet normal -1 0 0
    outer loop
      vertex 39.5 197.025 -10.9989
      vertex 39.5 196.974 -10.9989
      vertex 39.5 197 -7
    endloop
  endfacet
  facet normal -1 0 0
    outer loop
      vertex 39.5 196.477 -10.9772
      vertex 39.5 197 -7
      vertex 39.5 196.974 -10.9989
    endloop
  endfacet
  facet normal -1 0 0
    outer loop
      vertex 39.5 195.958 -10.9088
      vertex 39.5 197 -7
      vertex 39.5 196.477 -10.9772
    endloop
  endfacet
  facet normal -1 -0 0
    outer loop
      vertex 39.5 197 -7
      vertex 39.5 195.958 -10.9088
      vertex 39.5 196.22 -6.92314
    endloop
  endfacet
  facet normal -1 0 0
    outer loop
      vertex 39.5 195.193 -10.7566
      vertex 39.5 196.22 -6.92314
      vertex 39.5 195.958 -10.9088
    endloop
  endfacet
  facet normal -1 0 0
    outer loop
      vertex 39.5 194.682 -10.6433
      vertex 39.5 196.22 -6.92314
      vertex 39.5 195.193 -10.7566
    endloop
  endfacet
  facet normal -1 -0 0
    outer loop
      vertex 39.5 196.22 -6.92314
      vertex 39.5 194.682 -10.6433
      vertex 39.5 195.469 -6.69552
    endloop
  endfacet
  facet normal -1 0 0
    outer loop
      vertex 39.5 194.183 -10.4859
      vertex 39.5 195.469 -6.69552
      vertex 39.5 194.682 -10.6433
    endloop
  endfacet
  facet normal -1 0 0
    outer loop
      vertex 39.5 193.699 -10.2856
      vertex 39.5 195.469 -6.69552
      vertex 39.5 194.183 -10.4859
    endloop
  endfacet
  facet normal -1 0 0
    outer loop
      vertex 39.5 193.235 -10.0439
      vertex 39.5 195.469 -6.69552
      vertex 39.5 193.699 -10.2856
    endloop
  endfacet
  facet normal -1 -0 0
    outer loop
      vertex 39.5 195.469 -6.69552
      vertex 39.5 193.235 -10.0439
      vertex 39.5 194.778 -6.32588
    endloop
  endfacet
  facet normal -1 0 0
    outer loop
      vertex 39.5 192.793 -9.76266
      vertex 39.5 194.778 -6.32588
      vertex 39.5 193.235 -10.0439
    endloop
  endfacet
  facet normal -1 0 0
    outer loop
      vertex 39.5 192.144 -9.32912
      vertex 39.5 194.778 -6.32588
      vertex 39.5 192.793 -9.76266
    endloop
  endfacet
  facet normal -1 -0 0
    outer loop
      vertex 39.5 194.778 -6.32588
      vertex 39.5 192.144 -9.32912
      vertex 39.5 194.172 -5.82843
    endloop
  endfacet
  facet normal -1 0 0
    outer loop
      vertex 39.5 191.729 -9.01047
      vertex 39.5 194.172 -5.82843
      vertex 39.5 192.144 -9.32912
    endloop
  endfacet
  facet normal -1 0 0
    outer loop
      vertex 39.5 191.343 -8.65685
      vertex 39.5 194.172 -5.82843
      vertex 39.5 191.729 -9.01047
    endloop
  endfacet
  facet normal -1 -0 0
    outer loop
      vertex 39.5 194.172 -5.82843
      vertex 39.5 191.343 -8.65685
      vertex 39.5 194.032 -5.67626
    endloop
  endfacet
  facet normal -1 0 0
    outer loop
      vertex 39.5 190.99 -8.27094
      vertex 39.5 194.032 -5.67626
      vertex 39.5 191.343 -8.65685
    endloop
  endfacet
  facet normal -1 -0 0
    outer loop
      vertex 39.5 194.032 -5.67626
      vertex 39.5 190.99 -8.27094
      vertex 39.5 193.818 -5.4425
    endloop
  endfacet
  facet normal -1 0 0
    outer loop
      vertex 39.5 190.671 -7.85567
      vertex 39.5 193.818 -5.4425
      vertex 39.5 190.99 -8.27094
    endloop
  endfacet
  facet normal -1 -0 0
    outer loop
      vertex 39.5 193.818 -5.4425
      vertex 39.5 190.671 -7.85567
      vertex 39.5 193.637 -5.20695
    endloop
  endfacet
  facet normal -1 0 0
    outer loop
      vertex 39.5 190.237 -7.20682
      vertex 39.5 193.637 -5.20695
      vertex 39.5 190.671 -7.85567
    endloop
  endfacet
  facet normal -1 -0 0
    outer loop
      vertex 39.5 193.637 -5.20695
      vertex 39.5 190.237 -7.20682
      vertex 39.5 193.41 -4.77034
    endloop
  endfacet
  facet normal -1 0 0
    outer loop
      vertex 39.5 189.956 -6.76537
      vertex 39.5 193.41 -4.77034
      vertex 39.5 190.237 -7.20682
    endloop
  endfacet
  facet normal -1 0 0
    outer loop
      vertex 39.5 202.704 -8.36163
      vertex 39.5 202.704 -6.83089
      vertex 39.5 202.857 -7.59625
    endloop
  endfacet
  facet normal -1 0 0
    outer loop
      vertex 39.5 202.271 -9.01047
      vertex 39.5 202.704 -6.83089
      vertex 39.5 202.704 -8.36163
    endloop
  endfacet
  facet normal -1 0 0
    outer loop
      vertex 39.5 202.271 -9.01047
      vertex 39.5 202.271 -6.18205
      vertex 39.5 202.704 -6.83089
    endloop
  endfacet
  facet normal -1 0 0
    outer loop
      vertex 39.5 201.856 -9.32912
      vertex 39.5 202.271 -6.18205
      vertex 39.5 202.271 -9.01047
    endloop
  endfacet
  facet normal -1 0 0
    outer loop
      vertex 39.5 201.856 -9.32912
      vertex 39.5 201.622 -5.7485
      vertex 39.5 202.271 -6.18205
    endloop
  endfacet
  facet normal -1 0 0
    outer loop
      vertex 39.5 199.207 -6.36279
      vertex 39.5 201.856 -9.32912
      vertex 39.5 201.207 -9.76266
    endloop
  endfacet
  facet normal -1 0 0
    outer loop
      vertex 39.5 201.856 -9.32912
      vertex 39.5 199.443 -6.18205
      vertex 39.5 201.622 -5.7485
    endloop
  endfacet
  facet normal -1 0 0
    outer loop
      vertex 39.5 199.207 -6.36279
      vertex 39.5 201.207 -9.76266
      vertex 39.5 200.765 -10.0439
    endloop
  endfacet
  facet normal -1 0 0
    outer loop
      vertex 39.5 198.77 -6.59007
      vertex 39.5 200.765 -10.0439
      vertex 39.5 200.301 -10.2856
    endloop
  endfacet
  facet normal -1 -0 0
    outer loop
      vertex 39.5 201.622 -5.7485
      vertex 39.5 199.443 -6.18205
      vertex 39.5 200.857 -5.59625
    endloop
  endfacet
  facet normal -1 0 0
    outer loop
      vertex 39.5 198.531 -6.69552
      vertex 39.5 200.301 -10.2856
      vertex 39.5 199.817 -10.4859
    endloop
  endfacet
  facet normal -1 0 0
    outer loop
      vertex 39.5 200.857 -5.59625
      vertex 39.5 199.443 -6.18205
      vertex 39.5 200.091 -5.7485
    endloop
  endfacet
  facet normal -1 0 0
    outer loop
      vertex 39.5 198.287 -6.79039
      vertex 39.5 199.817 -10.4859
      vertex 39.5 199.318 -10.6433
    endloop
  endfacet
  facet normal -1 0 0
    outer loop
      vertex 39.5 201.856 -9.32912
      vertex 39.5 199.207 -6.36279
      vertex 39.5 199.443 -6.18205
    endloop
  endfacet
  facet normal -1 0 0
    outer loop
      vertex 39.5 198.287 -6.79039
      vertex 39.5 199.318 -10.6433
      vertex 39.5 198.807 -10.7566
    endloop
  endfacet
  facet normal -1 0 0
    outer loop
      vertex 39.5 200.765 -10.0439
      vertex 39.5 198.77 -6.59007
      vertex 39.5 199.207 -6.36279
    endloop
  endfacet
  facet normal -1 0 0
    outer loop
      vertex 39.5 200.301 -10.2856
      vertex 39.5 198.531 -6.69552
      vertex 39.5 198.77 -6.59007
    endloop
  endfacet
  facet normal -1 0 0
    outer loop
      vertex 39.5 198.77 -6.59007
      vertex 39.5 198.531 -6.69552
      vertex 39.5 198.582 -6.66799
    endloop
  endfacet
  facet normal -1 0 0
    outer loop
      vertex 39.5 199.817 -10.4859
      vertex 39.5 198.287 -6.79039
      vertex 39.5 198.531 -6.69552
    endloop
  endfacet
  facet normal -1 0 0
    outer loop
      vertex 39.5 198.531 -6.69552
      vertex 39.5 198.287 -6.79039
      vertex 39.5 198.475 -6.71246
    endloop
  endfacet
  facet normal -1 0 0
    outer loop
      vertex 39.5 197.817 -6.93842
      vertex 39.5 198.807 -10.7566
      vertex 39.5 198.042 -10.9088
    endloop
  endfacet
  facet normal -1 0 0
    outer loop
      vertex 39.5 198.807 -10.7566
      vertex 39.5 197.817 -6.93842
      vertex 39.5 198.287 -6.79039
    endloop
  endfacet
  facet normal -1 0 0
    outer loop
      vertex 39.5 197.523 -6.97716
      vertex 39.5 198.042 -10.9088
      vertex 39.5 197.523 -10.9772
    endloop
  endfacet
  facet normal -1 0 0
    outer loop
      vertex 39.5 198.042 -10.9088
      vertex 39.5 197.523 -6.97716
      vertex 39.5 197.817 -6.93842
    endloop
  endfacet
  facet normal -1 0 0
    outer loop
      vertex 39.5 197.025 -6.99891
      vertex 39.5 197.523 -10.9772
      vertex 39.5 197.025 -10.9989
    endloop
  endfacet
  facet normal -1 0 0
    outer loop
      vertex 39.5 197.523 -10.9772
      vertex 39.5 197.025 -6.99891
      vertex 39.5 197.523 -6.97716
    endloop
  endfacet
  facet normal -1 0 0
    outer loop
      vertex 39.5 194.172 -5.82843
      vertex 39.5 194.032 -5.67626
      vertex 39.5 194.002 -5.62199
    endloop
  endfacet
  facet normal -1 0 0
    outer loop
      vertex 39.5 193.19 -4.15207
      vertex 39.5 193.137 -4.05746
      vertex 39.5 193.077 -3.78036
    endloop
  endfacet
  facet normal -1 0 0
    outer loop
      vertex 39.5 197.025 0.997538
      vertex 39.5 197 1
      vertex 39.5 197.025 0.998908
    endloop
  endfacet
  facet normal -1 0 0
    outer loop
      vertex 39.5 204.486 -1.71326
      vertex 39.5 204.486 -0.182526
      vertex 39.5 204.638 -0.947891
    endloop
  endfacet
  facet normal -1 0 0
    outer loop
      vertex 39.5 200.79 -1.71326
      vertex 39.5 204.486 -0.182526
      vertex 39.5 204.486 -1.71326
    endloop
  endfacet
  facet normal -1 0 0
    outer loop
      vertex 39.5 200.79 -1.71326
      vertex 39.5 204.486 -1.71326
      vertex 39.5 204.052 -2.36211
    endloop
  endfacet
  facet normal -1 0 0
    outer loop
      vertex 39.5 200.696 -1.46927
      vertex 39.5 204.486 -0.182526
      vertex 39.5 200.79 -1.71326
    endloop
  endfacet
  facet normal -1 0 0
    outer loop
      vertex 39.5 200.59 -1.22966
      vertex 39.5 204.286 0.301071
      vertex 39.5 200.696 -1.46927
    endloop
  endfacet
  facet normal -1 0 0
    outer loop
      vertex 39.5 200.79 -1.71326
      vertex 39.5 204.052 -2.36211
      vertex 39.5 203.404 -2.79564
    endloop
  endfacet
  facet normal -1 -0 0
    outer loop
      vertex 39.5 204.286 0.301071
      vertex 39.5 200.59 -1.22966
      vertex 39.5 204.044 0.765366
    endloop
  endfacet
  facet normal -1 -0 0
    outer loop
      vertex 39.5 204.044 0.765366
      vertex 39.5 200.59 -1.22966
      vertex 39.5 203.763 1.20682
    endloop
  endfacet
  facet normal -1 0 0
    outer loop
      vertex 39.5 200.79 -1.71326
      vertex 39.5 203.404 -2.79564
      vertex 39.5 202.638 -2.94789
    endloop
  endfacet
  facet normal -1 0 0
    outer loop
      vertex 39.5 200.79 -1.71326
      vertex 39.5 202.638 -2.94789
      vertex 39.5 201.873 -2.79564
    endloop
  endfacet
  facet normal -1 0 0
    outer loop
      vertex 39.5 200.79 -1.71326
      vertex 39.5 201.873 -2.79564
      vertex 39.5 201.224 -2.36211
    endloop
  endfacet
  facet normal -1 -0 0
    outer loop
      vertex 39.5 204.486 -0.182526
      vertex 39.5 200.696 -1.46927
      vertex 39.5 204.286 0.301071
    endloop
  endfacet
  facet normal -1 0 0
    outer loop
      vertex 39.5 200.696 -1.46927
      vertex 39.5 200.79 -1.71326
      vertex 39.5 200.712 -1.52513
    endloop
  endfacet
  facet normal -1 0 0
    outer loop
      vertex 39.5 200.363 -0.793045
      vertex 39.5 203.763 1.20682
      vertex 39.5 200.59 -1.22966
    endloop
  endfacet
  facet normal -1 0 0
    outer loop
      vertex 39.5 200.59 -1.22966
      vertex 39.5 200.696 -1.46927
      vertex 39.5 200.668 -1.41777
    endloop
  endfacet
  facet normal -1 -0 0
    outer loop
      vertex 39.5 203.763 1.20682
      vertex 39.5 200.363 -0.793045
      vertex 39.5 203.329 1.85567
    endloop
  endfacet
  facet normal -1 0 0
    outer loop
      vertex 39.5 200.182 -0.557495
      vertex 39.5 203.329 1.85567
      vertex 39.5 200.363 -0.793045
    endloop
  endfacet
  facet normal -1 -0 0
    outer loop
      vertex 39.5 203.329 1.85567
      vertex 39.5 200.182 -0.557495
      vertex 39.5 203.218 2
    endloop
  endfacet
  facet normal -1 0 0
    outer loop
      vertex 39.5 199.829 -0.171821
      vertex 39.5 203.218 2
      vertex 39.5 200.182 -0.557495
    endloop
  endfacet
  facet normal -1 0 0
    outer loop
      vertex 39.5 199.828 -0.171573
      vertex 39.5 203.218 2
      vertex 39.5 199.829 -0.171821
    endloop
  endfacet
  facet normal -1 0 0
    outer loop
      vertex 39.5 199.828 -0.171369
      vertex 39.5 203.218 2
      vertex 39.5 199.828 -0.171573
    endloop
  endfacet
  facet normal -1 0 0
    outer loop
      vertex 39.5 199.443 0.182053
      vertex 39.5 203.218 2
      vertex 39.5 199.828 -0.171369
    endloop
  endfacet
  facet normal -1 0 0
    outer loop
      vertex 39.5 199.207 0.362793
      vertex 39.5 203.218 2
      vertex 39.5 199.443 0.182053
    endloop
  endfacet
  facet normal -1 0 0
    outer loop
      vertex 39.5 198.77 0.590073
      vertex 39.5 203.218 2
      vertex 39.5 199.207 0.362793
    endloop
  endfacet
  facet normal -1 0 0
    outer loop
      vertex 39.5 198.531 0.695518
      vertex 39.5 198.77 0.590073
      vertex 39.5 198.582 0.667992
    endloop
  endfacet
  facet normal -1 0 0
    outer loop
      vertex 39.5 198.77 0.590073
      vertex 39.5 198.531 0.695518
      vertex 39.5 203.218 2
    endloop
  endfacet
  facet normal -1 0 0
    outer loop
      vertex 39.5 198.287 0.79039
      vertex 39.5 198.531 0.695518
      vertex 39.5 198.475 0.712465
    endloop
  endfacet
  facet normal -1 0 0
    outer loop
      vertex 39.5 198.531 0.695518
      vertex 39.5 198.287 0.79039
      vertex 39.5 203.218 2
    endloop
  endfacet
  facet normal -1 0 0
    outer loop
      vertex 39.5 197.817 0.938416
      vertex 39.5 203.218 2
      vertex 39.5 198.287 0.79039
    endloop
  endfacet
  facet normal -1 0 0
    outer loop
      vertex 39.5 197.523 0.977158
      vertex 39.5 203.218 2
      vertex 39.5 197.817 0.938416
    endloop
  endfacet
  facet normal -1 0 0
    outer loop
      vertex 39.5 197.025 0.998908
      vertex 39.5 203.218 2
      vertex 39.5 197.523 0.977158
    endloop
  endfacet
  facet normal -1 0 0
    outer loop
      vertex 39.5 197 1
      vertex 39.5 203.218 2
      vertex 39.5 197.025 0.998908
    endloop
  endfacet
  facet normal -1 0 0
    outer loop
      vertex 39.5 192 2
      vertex 39.5 197 1
      vertex 39.5 196.22 0.923141
    endloop
  endfacet
  facet normal -1 0 0
    outer loop
      vertex 39.5 189.714 -6.30107
      vertex 39.5 193.41 -4.77034
      vertex 39.5 189.956 -6.76537
    endloop
  endfacet
  facet normal -1 0 -0
    outer loop
      vertex 39.5 193.304 -4.53073
      vertex 39.5 193.41 -4.77034
      vertex 39.5 189.714 -6.30107
    endloop
  endfacet
  facet normal -1 0 0
    outer loop
      vertex 39.5 193.41 -4.77034
      vertex 39.5 193.304 -4.53073
      vertex 39.5 193.332 -4.58223
    endloop
  endfacet
  facet normal -1 0 0
    outer loop
      vertex 39.5 192 0
      vertex 39.5 193.304 -1.46927
      vertex 39.5 193.077 -2.21964
    endloop
  endfacet
  facet normal -1 0 0
    outer loop
      vertex 39.5 192 0
      vertex 39.5 193.674 -0.777719
      vertex 39.5 193.304 -1.46927
    endloop
  endfacet
  facet normal -1 0 0
    outer loop
      vertex 39.5 192 0
      vertex 39.5 194.172 -0.171573
      vertex 39.5 193.674 -0.777719
    endloop
  endfacet
  facet normal -1 0 0
    outer loop
      vertex 39.5 192 2
      vertex 39.5 194.172 -0.171573
      vertex 39.5 192 0
    endloop
  endfacet
  facet normal -1 0 0
    outer loop
      vertex 39.5 194.172 -0.171573
      vertex 39.5 192 2
      vertex 39.5 194.778 0.325878
    endloop
  endfacet
  facet normal -1 0 0
    outer loop
      vertex 39.5 194.778 0.325878
      vertex 39.5 192 2
      vertex 39.5 195.469 0.695518
    endloop
  endfacet
  facet normal -1 0 0
    outer loop
      vertex 39.5 197 1
      vertex 39.5 192 2
      vertex 39.5 203.218 2
    endloop
  endfacet
  facet normal -1 0 0
    outer loop
      vertex 39.5 195.469 0.695518
      vertex 39.5 192 2
      vertex 39.5 196.22 0.923141
    endloop
  endfacet
  facet normal -1 0 0
    outer loop
      vertex 39.5 189.514 -5.81747
      vertex 39.5 193.304 -4.53073
      vertex 39.5 189.714 -6.30107
    endloop
  endfacet
  facet normal -1 0 -0
    outer loop
      vertex 39.5 193.21 -4.28674
      vertex 39.5 193.304 -4.53073
      vertex 39.5 189.514 -5.81747
    endloop
  endfacet
  facet normal -1 0 0
    outer loop
      vertex 39.5 193.304 -4.53073
      vertex 39.5 193.21 -4.28674
      vertex 39.5 193.288 -4.47487
    endloop
  endfacet
  facet normal -1 0 0
    outer loop
      vertex 39.5 189.357 -5.31827
      vertex 39.5 193.21 -4.28674
      vertex 39.5 189.514 -5.81747
    endloop
  endfacet
  facet normal -1 -0 0
    outer loop
      vertex 39.5 193.21 -4.28674
      vertex 39.5 189.357 -5.31827
      vertex 39.5 193.137 -4.05746
    endloop
  endfacet
  facet normal -1 0 0
    outer loop
      vertex 39.5 189.243 -4.80725
      vertex 39.5 193.137 -4.05746
      vertex 39.5 189.357 -5.31827
    endloop
  endfacet
  facet normal -1 -0 0
    outer loop
      vertex 39.5 193.137 -4.05746
      vertex 39.5 189.243 -4.80725
      vertex 39.5 193.077 -3.78036
    endloop
  endfacet
  facet normal -1 0 0
    outer loop
      vertex 39.5 189.091 -4.04189
      vertex 39.5 193.077 -3.78036
      vertex 39.5 189.243 -4.80725
    endloop
  endfacet
  facet normal -1 -0 0
    outer loop
      vertex 39.5 193.077 -3.78036
      vertex 39.5 189.091 -4.04189
      vertex 39.5 193 -3
    endloop
  endfacet
  facet normal -1 0 0
    outer loop
      vertex 39.5 189 -3
      vertex 39.5 193 -3
      vertex 39.5 189.023 -3.52293
    endloop
  endfacet
  facet normal -1 0 0
    outer loop
      vertex 39.5 189.023 -3.52293
      vertex 39.5 193 -3
      vertex 39.5 189.091 -4.04189
    endloop
  endfacet
  facet normal -1 0 -0
    outer loop
      vertex 39.5 189.357 -0.681732
      vertex 39.5 192 0
      vertex 39.5 189.243 -1.19275
    endloop
  endfacet
  facet normal -1 0 -0
    outer loop
      vertex 39.5 189.514 -0.182526
      vertex 39.5 192 0
      vertex 39.5 189.357 -0.681732
    endloop
  endfacet
  facet normal -1 -0 0
    outer loop
      vertex 39.5 192 0
      vertex 39.5 189.514 -0.182526
      vertex 39.5 189.59 0
    endloop
  endfacet
  facet normal -1 0 -0
    outer loop
      vertex 39.5 189.023 -2.47707
      vertex 39.5 193 -3
      vertex 39.5 189 -3
    endloop
  endfacet
  facet normal -1 0 0
    outer loop
      vertex 39.5 193.077 -2.21964
      vertex 39.5 189.243 -1.19275
      vertex 39.5 192 0
    endloop
  endfacet
  facet normal -1 0 -0
    outer loop
      vertex 39.5 189.091 -1.95811
      vertex 39.5 193 -3
      vertex 39.5 189.023 -2.47707
    endloop
  endfacet
  facet normal -1 0 -0
    outer loop
      vertex 39.5 189.243 -1.19275
      vertex 39.5 193.077 -2.21964
      vertex 39.5 189.091 -1.95811
    endloop
  endfacet
  facet normal -1 0 0
    outer loop
      vertex 39.5 193 -3
      vertex 39.5 189.091 -1.95811
      vertex 39.5 193.077 -2.21964
    endloop
  endfacet
  facet normal 1 0 0
    outer loop
      vertex 60.5 193.19 -4.15207
      vertex 60.5 193.077 -3.78036
      vertex 60.5 193.137 -4.05746
    endloop
  endfacet
  facet normal 1 0 0
    outer loop
      vertex 60.5 194.172 -5.82843
      vertex 60.5 194.002 -5.62199
      vertex 60.5 194.032 -5.67626
    endloop
  endfacet
  facet normal 1 0 0
    outer loop
      vertex 60.5 197 -7
      vertex 60.5 197.025 -6.99891
      vertex 60.5 197.025 -6.99754
    endloop
  endfacet
  facet normal 1 0 0
    outer loop
      vertex 60.5 197.025 -6.99891
      vertex 60.5 197 -7
      vertex 60.5 197.025 -10.9989
    endloop
  endfacet
  facet normal 1 0 0
    outer loop
      vertex 60.5 196.974 -10.9989
      vertex 60.5 197.025 -10.9989
      vertex 60.5 197 -7
    endloop
  endfacet
  facet normal 1 0 -0
    outer loop
      vertex 60.5 196.975 -11
      vertex 60.5 197.025 -10.9989
      vertex 60.5 196.974 -10.9989
    endloop
  endfacet
  facet normal 1 0 0
    outer loop
      vertex 60.5 197.025 -10.9989
      vertex 60.5 196.975 -11
      vertex 60.5 197.025 -11
    endloop
  endfacet
  facet normal 1 0 0
    outer loop
      vertex 60.5 197 -7
      vertex 60.5 196.477 -10.9772
      vertex 60.5 196.974 -10.9989
    endloop
  endfacet
  facet normal 1 0 0
    outer loop
      vertex 60.5 195.958 -10.9088
      vertex 60.5 197 -7
      vertex 60.5 196.22 -6.92314
    endloop
  endfacet
  facet normal 1 0 0
    outer loop
      vertex 60.5 197 -7
      vertex 60.5 195.958 -10.9088
      vertex 60.5 196.477 -10.9772
    endloop
  endfacet
  facet normal 1 0 0
    outer loop
      vertex 60.5 194.682 -10.6433
      vertex 60.5 196.22 -6.92314
      vertex 60.5 195.469 -6.69552
    endloop
  endfacet
  facet normal 1 0 0
    outer loop
      vertex 60.5 196.22 -6.92314
      vertex 60.5 195.193 -10.7566
      vertex 60.5 195.958 -10.9088
    endloop
  endfacet
  facet normal 1 0 0
    outer loop
      vertex 60.5 193.235 -10.0439
      vertex 60.5 195.469 -6.69552
      vertex 60.5 194.778 -6.32588
    endloop
  endfacet
  facet normal 1 0 0
    outer loop
      vertex 60.5 196.22 -6.92314
      vertex 60.5 194.682 -10.6433
      vertex 60.5 195.193 -10.7566
    endloop
  endfacet
  facet normal 1 0 0
    outer loop
      vertex 60.5 195.469 -6.69552
      vertex 60.5 194.183 -10.4859
      vertex 60.5 194.682 -10.6433
    endloop
  endfacet
  facet normal 1 0 0
    outer loop
      vertex 60.5 192.144 -9.32912
      vertex 60.5 194.778 -6.32588
      vertex 60.5 194.172 -5.82843
    endloop
  endfacet
  facet normal 1 0 0
    outer loop
      vertex 60.5 191.343 -8.65685
      vertex 60.5 194.172 -5.82843
      vertex 60.5 194.032 -5.67626
    endloop
  endfacet
  facet normal 1 0 0
    outer loop
      vertex 60.5 190.99 -8.27094
      vertex 60.5 194.032 -5.67626
      vertex 60.5 193.818 -5.4425
    endloop
  endfacet
  facet normal 1 0 0
    outer loop
      vertex 60.5 195.469 -6.69552
      vertex 60.5 193.699 -10.2856
      vertex 60.5 194.183 -10.4859
    endloop
  endfacet
  facet normal 1 0 0
    outer loop
      vertex 60.5 190.671 -7.85567
      vertex 60.5 193.818 -5.4425
      vertex 60.5 193.637 -5.20695
    endloop
  endfacet
  facet normal 1 0 0
    outer loop
      vertex 60.5 190.237 -7.20682
      vertex 60.5 193.637 -5.20695
      vertex 60.5 193.41 -4.77034
    endloop
  endfacet
  facet normal 1 0 0
    outer loop
      vertex 60.5 193.304 -4.53073
      vertex 60.5 193.41 -4.77034
      vertex 60.5 193.332 -4.58223
    endloop
  endfacet
  facet normal 1 0 0
    outer loop
      vertex 60.5 193.41 -4.77034
      vertex 60.5 193.304 -4.53073
      vertex 60.5 189.714 -6.30107
    endloop
  endfacet
  facet normal 1 0 0
    outer loop
      vertex 60.5 193.21 -4.28674
      vertex 60.5 193.304 -4.53073
      vertex 60.5 193.288 -4.47487
    endloop
  endfacet
  facet normal 1 0 0
    outer loop
      vertex 60.5 195.469 -6.69552
      vertex 60.5 193.235 -10.0439
      vertex 60.5 193.699 -10.2856
    endloop
  endfacet
  facet normal 1 0 0
    outer loop
      vertex 60.5 193.304 -4.53073
      vertex 60.5 193.21 -4.28674
      vertex 60.5 189.514 -5.81747
    endloop
  endfacet
  facet normal 1 0 0
    outer loop
      vertex 60.5 189.357 -5.31827
      vertex 60.5 193.21 -4.28674
      vertex 60.5 193.137 -4.05746
    endloop
  endfacet
  facet normal 1 0 0
    outer loop
      vertex 60.5 189.243 -4.80725
      vertex 60.5 193.137 -4.05746
      vertex 60.5 193.077 -3.78036
    endloop
  endfacet
  facet normal 1 0 0
    outer loop
      vertex 60.5 189.091 -4.04189
      vertex 60.5 193.077 -3.78036
      vertex 60.5 193 -3
    endloop
  endfacet
  facet normal 1 0 0
    outer loop
      vertex 60.5 194.778 -6.32588
      vertex 60.5 192.793 -9.76266
      vertex 60.5 193.235 -10.0439
    endloop
  endfacet
  facet normal 1 0 0
    outer loop
      vertex 60.5 202.704 -6.83089
      vertex 60.5 202.704 -8.36163
      vertex 60.5 202.857 -7.59625
    endloop
  endfacet
  facet normal 1 0 0
    outer loop
      vertex 60.5 202.271 -6.18205
      vertex 60.5 202.704 -8.36163
      vertex 60.5 202.704 -6.83089
    endloop
  endfacet
  facet normal 1 0 0
    outer loop
      vertex 60.5 202.271 -6.18205
      vertex 60.5 202.271 -9.01047
      vertex 60.5 202.704 -8.36163
    endloop
  endfacet
  facet normal 1 0 0
    outer loop
      vertex 60.5 202.271 -6.18205
      vertex 60.5 201.856 -9.32912
      vertex 60.5 202.271 -9.01047
    endloop
  endfacet
  facet normal 1 0 0
    outer loop
      vertex 60.5 201.622 -5.7485
      vertex 60.5 201.856 -9.32912
      vertex 60.5 202.271 -6.18205
    endloop
  endfacet
  facet normal 1 -0 0
    outer loop
      vertex 60.5 199.443 -6.18205
      vertex 60.5 201.856 -9.32912
      vertex 60.5 201.622 -5.7485
    endloop
  endfacet
  facet normal 1 0 0
    outer loop
      vertex 60.5 199.443 -6.18205
      vertex 60.5 201.622 -5.7485
      vertex 60.5 200.857 -5.59625
    endloop
  endfacet
  facet normal 1 -0 0
    outer loop
      vertex 60.5 199.207 -6.36279
      vertex 60.5 201.856 -9.32912
      vertex 60.5 199.443 -6.18205
    endloop
  endfacet
  facet normal 1 0 0
    outer loop
      vertex 60.5 201.856 -9.32912
      vertex 60.5 199.207 -6.36279
      vertex 60.5 201.207 -9.76266
    endloop
  endfacet
  facet normal 1 0 0
    outer loop
      vertex 60.5 199.443 -6.18205
      vertex 60.5 200.857 -5.59625
      vertex 60.5 200.091 -5.7485
    endloop
  endfacet
  facet normal 1 0 0
    outer loop
      vertex 60.5 201.207 -9.76266
      vertex 60.5 199.207 -6.36279
      vertex 60.5 200.765 -10.0439
    endloop
  endfacet
  facet normal 1 -0 0
    outer loop
      vertex 60.5 198.77 -6.59007
      vertex 60.5 200.765 -10.0439
      vertex 60.5 199.207 -6.36279
    endloop
  endfacet
  facet normal 1 0 0
    outer loop
      vertex 60.5 200.765 -10.0439
      vertex 60.5 198.77 -6.59007
      vertex 60.5 200.301 -10.2856
    endloop
  endfacet
  facet normal 1 -0 0
    outer loop
      vertex 60.5 198.531 -6.69552
      vertex 60.5 200.301 -10.2856
      vertex 60.5 198.77 -6.59007
    endloop
  endfacet
  facet normal 1 0 0
    outer loop
      vertex 60.5 200.301 -10.2856
      vertex 60.5 198.531 -6.69552
      vertex 60.5 199.817 -10.4859
    endloop
  endfacet
  facet normal 1 -0 0
    outer loop
      vertex 60.5 198.287 -6.79039
      vertex 60.5 199.817 -10.4859
      vertex 60.5 198.531 -6.69552
    endloop
  endfacet
  facet normal 1 0 0
    outer loop
      vertex 60.5 198.531 -6.69552
      vertex 60.5 198.77 -6.59007
      vertex 60.5 198.582 -6.66799
    endloop
  endfacet
  facet normal 1 0 0
    outer loop
      vertex 60.5 199.817 -10.4859
      vertex 60.5 198.287 -6.79039
      vertex 60.5 199.318 -10.6433
    endloop
  endfacet
  facet normal 1 0 0
    outer loop
      vertex 60.5 198.287 -6.79039
      vertex 60.5 198.531 -6.69552
      vertex 60.5 198.475 -6.71246
    endloop
  endfacet
  facet normal 1 0 0
    outer loop
      vertex 60.5 199.318 -10.6433
      vertex 60.5 198.287 -6.79039
      vertex 60.5 198.807 -10.7566
    endloop
  endfacet
  facet normal 1 -0 0
    outer loop
      vertex 60.5 197.817 -6.93842
      vertex 60.5 198.807 -10.7566
      vertex 60.5 198.287 -6.79039
    endloop
  endfacet
  facet normal 1 0 0
    outer loop
      vertex 60.5 198.807 -10.7566
      vertex 60.5 197.817 -6.93842
      vertex 60.5 198.042 -10.9088
    endloop
  endfacet
  facet normal 1 -0 0
    outer loop
      vertex 60.5 197.523 -6.97716
      vertex 60.5 198.042 -10.9088
      vertex 60.5 197.817 -6.93842
    endloop
  endfacet
  facet normal 1 0 0
    outer loop
      vertex 60.5 197.523 -6.97716
      vertex 60.5 197.523 -10.9772
      vertex 60.5 198.042 -10.9088
    endloop
  endfacet
  facet normal 1 -0 0
    outer loop
      vertex 60.5 197.025 -6.99891
      vertex 60.5 197.523 -10.9772
      vertex 60.5 197.523 -6.97716
    endloop
  endfacet
  facet normal 1 0 0
    outer loop
      vertex 60.5 197.523 -10.9772
      vertex 60.5 197.025 -6.99891
      vertex 60.5 197.025 -10.9989
    endloop
  endfacet
  facet normal 1 0 0
    outer loop
      vertex 60.5 204.486 -0.182526
      vertex 60.5 204.486 -1.71326
      vertex 60.5 204.638 -0.947891
    endloop
  endfacet
  facet normal 1 0 0
    outer loop
      vertex 60.5 200.696 -1.46927
      vertex 60.5 204.486 -0.182526
      vertex 60.5 204.286 0.301071
    endloop
  endfacet
  facet normal 1 0 0
    outer loop
      vertex 60.5 204.486 -0.182526
      vertex 60.5 200.79 -1.71326
      vertex 60.5 204.486 -1.71326
    endloop
  endfacet
  facet normal 1 0 0
    outer loop
      vertex 60.5 200.59 -1.22966
      vertex 60.5 204.286 0.301071
      vertex 60.5 204.044 0.765366
    endloop
  endfacet
  facet normal 1 0 0
    outer loop
      vertex 60.5 200.59 -1.22966
      vertex 60.5 204.044 0.765366
      vertex 60.5 203.763 1.20682
    endloop
  endfacet
  facet normal 1 0 0
    outer loop
      vertex 60.5 204.486 -0.182526
      vertex 60.5 200.696 -1.46927
      vertex 60.5 200.79 -1.71326
    endloop
  endfacet
  facet normal 1 0 0
    outer loop
      vertex 60.5 200.363 -0.793045
      vertex 60.5 203.763 1.20682
      vertex 60.5 203.329 1.85567
    endloop
  endfacet
  facet normal 1 0 0
    outer loop
      vertex 60.5 200.182 -0.557495
      vertex 60.5 203.329 1.85567
      vertex 60.5 203.218 2
    endloop
  endfacet
  facet normal 1 0 0
    outer loop
      vertex 60.5 204.486 -1.71326
      vertex 60.5 200.79 -1.71326
      vertex 60.5 204.052 -2.36211
    endloop
  endfacet
  facet normal 1 0 0
    outer loop
      vertex 60.5 204.052 -2.36211
      vertex 60.5 200.79 -1.71326
      vertex 60.5 203.404 -2.79564
    endloop
  endfacet
  facet normal 1 0 0
    outer loop
      vertex 60.5 203.404 -2.79564
      vertex 60.5 200.79 -1.71326
      vertex 60.5 202.638 -2.94789
    endloop
  endfacet
  facet normal 1 0 0
    outer loop
      vertex 60.5 202.638 -2.94789
      vertex 60.5 200.79 -1.71326
      vertex 60.5 201.873 -2.79564
    endloop
  endfacet
  facet normal 1 0 0
    outer loop
      vertex 60.5 201.873 -2.79564
      vertex 60.5 200.79 -1.71326
      vertex 60.5 201.224 -2.36211
    endloop
  endfacet
  facet normal 1 0 0
    outer loop
      vertex 60.5 200.79 -1.71326
      vertex 60.5 200.696 -1.46927
      vertex 60.5 200.712 -1.52513
    endloop
  endfacet
  facet normal 1 0 0
    outer loop
      vertex 60.5 204.286 0.301071
      vertex 60.5 200.59 -1.22966
      vertex 60.5 200.696 -1.46927
    endloop
  endfacet
  facet normal 1 0 0
    outer loop
      vertex 60.5 200.696 -1.46927
      vertex 60.5 200.59 -1.22966
      vertex 60.5 200.668 -1.41777
    endloop
  endfacet
  facet normal 1 0 0
    outer loop
      vertex 60.5 203.763 1.20682
      vertex 60.5 200.363 -0.793045
      vertex 60.5 200.59 -1.22966
    endloop
  endfacet
  facet normal 1 0 0
    outer loop
      vertex 60.5 203.329 1.85567
      vertex 60.5 200.182 -0.557495
      vertex 60.5 200.363 -0.793045
    endloop
  endfacet
  facet normal 1 0 0
    outer loop
      vertex 60.5 203.218 2
      vertex 60.5 199.829 -0.171821
      vertex 60.5 200.182 -0.557495
    endloop
  endfacet
  facet normal 1 0 0
    outer loop
      vertex 60.5 203.218 2
      vertex 60.5 199.828 -0.171573
      vertex 60.5 199.829 -0.171821
    endloop
  endfacet
  facet normal 1 0 0
    outer loop
      vertex 60.5 203.218 2
      vertex 60.5 199.828 -0.171369
      vertex 60.5 199.828 -0.171573
    endloop
  endfacet
  facet normal 1 0 0
    outer loop
      vertex 60.5 203.218 2
      vertex 60.5 199.443 0.182053
      vertex 60.5 199.828 -0.171369
    endloop
  endfacet
  facet normal 1 0 0
    outer loop
      vertex 60.5 203.218 2
      vertex 60.5 199.207 0.362793
      vertex 60.5 199.443 0.182053
    endloop
  endfacet
  facet normal 1 0 0
    outer loop
      vertex 60.5 203.218 2
      vertex 60.5 198.77 0.590073
      vertex 60.5 199.207 0.362793
    endloop
  endfacet
  facet normal 1 -0 0
    outer loop
      vertex 60.5 198.531 0.695518
      vertex 60.5 198.77 0.590073
      vertex 60.5 203.218 2
    endloop
  endfacet
  facet normal 1 0 0
    outer loop
      vertex 60.5 198.77 0.590073
      vertex 60.5 198.531 0.695518
      vertex 60.5 198.582 0.667992
    endloop
  endfacet
  facet normal 1 -0 0
    outer loop
      vertex 60.5 198.287 0.79039
      vertex 60.5 198.531 0.695518
      vertex 60.5 203.218 2
    endloop
  endfacet
  facet normal 1 0 0
    outer loop
      vertex 60.5 198.531 0.695518
      vertex 60.5 198.287 0.79039
      vertex 60.5 198.475 0.712465
    endloop
  endfacet
  facet normal 1 0 0
    outer loop
      vertex 60.5 203.218 2
      vertex 60.5 197.817 0.938416
      vertex 60.5 198.287 0.79039
    endloop
  endfacet
  facet normal 1 0 0
    outer loop
      vertex 60.5 203.218 2
      vertex 60.5 197.523 0.977158
      vertex 60.5 197.817 0.938416
    endloop
  endfacet
  facet normal 1 0 0
    outer loop
      vertex 60.5 203.218 2
      vertex 60.5 197.025 0.998908
      vertex 60.5 197.523 0.977158
    endloop
  endfacet
  facet normal 1 0 0
    outer loop
      vertex 60.5 197.025 0.998908
      vertex 60.5 197 1
      vertex 60.5 197.025 0.997538
    endloop
  endfacet
  facet normal 1 0 0
    outer loop
      vertex 60.5 203.218 2
      vertex 60.5 197 1
      vertex 60.5 197.025 0.998908
    endloop
  endfacet
  facet normal 1 -0 0
    outer loop
      vertex 60.5 192 2
      vertex 60.5 197 1
      vertex 60.5 203.218 2
    endloop
  endfacet
  facet normal 1 0 0
    outer loop
      vertex 60.5 194.778 -6.32588
      vertex 60.5 192.144 -9.32912
      vertex 60.5 192.793 -9.76266
    endloop
  endfacet
  facet normal 1 0 0
    outer loop
      vertex 60.5 189.091 -1.95811
      vertex 60.5 193 -3
      vertex 60.5 193.077 -2.21964
    endloop
  endfacet
  facet normal 1 0 0
    outer loop
      vertex 60.5 197 1
      vertex 60.5 192 2
      vertex 60.5 196.22 0.923141
    endloop
  endfacet
  facet normal 1 0 0
    outer loop
      vertex 60.5 192 2
      vertex 60.5 195.469 0.695518
      vertex 60.5 196.22 0.923141
    endloop
  endfacet
  facet normal 1 0 0
    outer loop
      vertex 60.5 192 2
      vertex 60.5 194.778 0.325878
      vertex 60.5 195.469 0.695518
    endloop
  endfacet
  facet normal 1 0 0
    outer loop
      vertex 60.5 192 2
      vertex 60.5 194.172 -0.171573
      vertex 60.5 194.778 0.325878
    endloop
  endfacet
  facet normal 1 -0 0
    outer loop
      vertex 60.5 192 0
      vertex 60.5 194.172 -0.171573
      vertex 60.5 192 2
    endloop
  endfacet
  facet normal 1 0 0
    outer loop
      vertex 60.5 194.172 -0.171573
      vertex 60.5 192 0
      vertex 60.5 193.674 -0.777719
    endloop
  endfacet
  facet normal 1 0 0
    outer loop
      vertex 60.5 193.674 -0.777719
      vertex 60.5 192 0
      vertex 60.5 193.304 -1.46927
    endloop
  endfacet
  facet normal 1 0 0
    outer loop
      vertex 60.5 193.304 -1.46927
      vertex 60.5 192 0
      vertex 60.5 193.077 -2.21964
    endloop
  endfacet
  facet normal 1 -0 0
    outer loop
      vertex 60.5 189.243 -1.19275
      vertex 60.5 193.077 -2.21964
      vertex 60.5 192 0
    endloop
  endfacet
  facet normal 1 0 0
    outer loop
      vertex 60.5 194.172 -5.82843
      vertex 60.5 191.729 -9.01047
      vertex 60.5 192.144 -9.32912
    endloop
  endfacet
  facet normal 1 0 0
    outer loop
      vertex 60.5 194.172 -5.82843
      vertex 60.5 191.343 -8.65685
      vertex 60.5 191.729 -9.01047
    endloop
  endfacet
  facet normal 1 0 0
    outer loop
      vertex 60.5 194.032 -5.67626
      vertex 60.5 190.99 -8.27094
      vertex 60.5 191.343 -8.65685
    endloop
  endfacet
  facet normal 1 0 0
    outer loop
      vertex 60.5 193.818 -5.4425
      vertex 60.5 190.671 -7.85567
      vertex 60.5 190.99 -8.27094
    endloop
  endfacet
  facet normal 1 0 0
    outer loop
      vertex 60.5 193.637 -5.20695
      vertex 60.5 190.237 -7.20682
      vertex 60.5 190.671 -7.85567
    endloop
  endfacet
  facet normal 1 0 0
    outer loop
      vertex 60.5 193.41 -4.77034
      vertex 60.5 189.956 -6.76537
      vertex 60.5 190.237 -7.20682
    endloop
  endfacet
  facet normal 1 0 0
    outer loop
      vertex 60.5 193.41 -4.77034
      vertex 60.5 189.714 -6.30107
      vertex 60.5 189.956 -6.76537
    endloop
  endfacet
  facet normal 1 0 0
    outer loop
      vertex 60.5 189.514 -0.182526
      vertex 60.5 192 0
      vertex 60.5 189.59 0
    endloop
  endfacet
  facet normal 1 0 0
    outer loop
      vertex 60.5 192 0
      vertex 60.5 189.514 -0.182526
      vertex 60.5 189.357 -0.681732
    endloop
  endfacet
  facet normal 1 0 0
    outer loop
      vertex 60.5 193.077 -2.21964
      vertex 60.5 189.243 -1.19275
      vertex 60.5 189.091 -1.95811
    endloop
  endfacet
  facet normal 1 0 0
    outer loop
      vertex 60.5 192 0
      vertex 60.5 189.357 -0.681732
      vertex 60.5 189.243 -1.19275
    endloop
  endfacet
  facet normal 1 0 0
    outer loop
      vertex 60.5 193.137 -4.05746
      vertex 60.5 189.243 -4.80725
      vertex 60.5 189.357 -5.31827
    endloop
  endfacet
  facet normal 1 0 0
    outer loop
      vertex 60.5 193.304 -4.53073
      vertex 60.5 189.514 -5.81747
      vertex 60.5 189.714 -6.30107
    endloop
  endfacet
  facet normal 1 0 0
    outer loop
      vertex 60.5 193.21 -4.28674
      vertex 60.5 189.357 -5.31827
      vertex 60.5 189.514 -5.81747
    endloop
  endfacet
  facet normal 1 0 0
    outer loop
      vertex 60.5 193 -3
      vertex 60.5 189.091 -1.95811
      vertex 60.5 189.023 -2.47707
    endloop
  endfacet
  facet normal 1 0 0
    outer loop
      vertex 60.5 193.077 -3.78036
      vertex 60.5 189.091 -4.04189
      vertex 60.5 189.243 -4.80725
    endloop
  endfacet
  facet normal 1 0 0
    outer loop
      vertex 60.5 193 -3
      vertex 60.5 189.023 -2.47707
      vertex 60.5 189 -3
    endloop
  endfacet
  facet normal 1 0 0
    outer loop
      vertex 60.5 193 -3
      vertex 60.5 189.023 -3.52293
      vertex 60.5 189.091 -4.04189
    endloop
  endfacet
  facet normal 1 0 0
    outer loop
      vertex 60.5 193 -3
      vertex 60.5 189 -3
      vertex 60.5 189.023 -3.52293
    endloop
  endfacet
  facet normal 0 -0.0436331 -0.999048
    outer loop
      vertex 39.5 197.025 0.998908
      vertex 60.5 197.523 0.977158
      vertex 60.5 197.025 0.998908
    endloop
  endfacet
  facet normal -0 -0.0436331 -0.999048
    outer loop
      vertex 60.5 197.523 0.977158
      vertex 39.5 197.025 0.998908
      vertex 39.5 197.523 0.977158
    endloop
  endfacet
  facet normal 0 -0.130646 -0.991429
    outer loop
      vertex 39.5 197.523 0.977158
      vertex 60.5 197.817 0.938416
      vertex 60.5 197.523 0.977158
    endloop
  endfacet
  facet normal -0 -0.130646 -0.991429
    outer loop
      vertex 60.5 197.817 0.938416
      vertex 39.5 197.523 0.977158
      vertex 39.5 197.817 0.938416
    endloop
  endfacet
  facet normal 0 -0.300402 -0.953813
    outer loop
      vertex 39.5 197.817 0.938416
      vertex 60.5 198.287 0.79039
      vertex 60.5 197.817 0.938416
    endloop
  endfacet
  facet normal -0 -0.300402 -0.953813
    outer loop
      vertex 60.5 198.287 0.79039
      vertex 39.5 197.817 0.938416
      vertex 39.5 198.287 0.79039
    endloop
  endfacet
  facet normal 0 -0.382905 -0.923788
    outer loop
      vertex 39.5 198.287 0.79039
      vertex 60.5 198.475 0.712465
      vertex 60.5 198.287 0.79039
    endloop
  endfacet
  facet normal -0 -0.382905 -0.923788
    outer loop
      vertex 60.5 198.475 0.712465
      vertex 39.5 198.287 0.79039
      vertex 39.5 198.475 0.712465
    endloop
  endfacet
  facet normal 0 -0.38288 -0.923798
    outer loop
      vertex 39.5 198.582 0.667992
      vertex 60.5 198.77 0.590073
      vertex 60.5 198.582 0.667992
    endloop
  endfacet
  facet normal -0 -0.38288 -0.923798
    outer loop
      vertex 60.5 198.77 0.590073
      vertex 39.5 198.582 0.667992
      vertex 39.5 198.77 0.590073
    endloop
  endfacet
  facet normal 0 -0.461417 -0.887184
    outer loop
      vertex 39.5 198.77 0.590073
      vertex 60.5 199.207 0.362793
      vertex 60.5 198.77 0.590073
    endloop
  endfacet
  facet normal -0 -0.461417 -0.887184
    outer loop
      vertex 60.5 199.207 0.362793
      vertex 39.5 198.77 0.590073
      vertex 39.5 199.207 0.362793
    endloop
  endfacet
  facet normal 0 -0.608022 -0.79392
    outer loop
      vertex 39.5 199.207 0.362793
      vertex 60.5 199.443 0.182053
      vertex 60.5 199.207 0.362793
    endloop
  endfacet
  facet normal -0 -0.608022 -0.79392
    outer loop
      vertex 60.5 199.443 0.182053
      vertex 39.5 199.207 0.362793
      vertex 39.5 199.443 0.182053
    endloop
  endfacet
  facet normal 0 -0.67625 -0.736672
    outer loop
      vertex 39.5 199.443 0.182053
      vertex 60.5 199.828 -0.171369
      vertex 60.5 199.443 0.182053
    endloop
  endfacet
  facet normal -0 -0.67625 -0.736672
    outer loop
      vertex 60.5 199.828 -0.171369
      vertex 39.5 199.443 0.182053
      vertex 39.5 199.828 -0.171369
    endloop
  endfacet
  facet normal 0 -0.737663 -0.675169
    outer loop
      vertex 39.5 200.182 -0.557495
      vertex 60.5 199.829 -0.171821
      vertex 39.5 199.829 -0.171821
    endloop
  endfacet
  facet normal 0 -0.737663 -0.675169
    outer loop
      vertex 60.5 199.829 -0.171821
      vertex 39.5 200.182 -0.557495
      vertex 60.5 200.182 -0.557495
    endloop
  endfacet
  facet normal 0 -0.792937 -0.609304
    outer loop
      vertex 39.5 200.363 -0.793045
      vertex 60.5 200.182 -0.557495
      vertex 39.5 200.182 -0.557495
    endloop
  endfacet
  facet normal 0 -0.792937 -0.609304
    outer loop
      vertex 60.5 200.182 -0.557495
      vertex 39.5 200.363 -0.793045
      vertex 60.5 200.363 -0.793045
    endloop
  endfacet
  facet normal 0 -0.88725 -0.461289
    outer loop
      vertex 39.5 200.59 -1.22966
      vertex 60.5 200.363 -0.793045
      vertex 39.5 200.363 -0.793045
    endloop
  endfacet
  facet normal 0 -0.88725 -0.461289
    outer loop
      vertex 60.5 200.363 -0.793045
      vertex 39.5 200.59 -1.22966
      vertex 60.5 200.59 -1.22966
    endloop
  endfacet
  facet normal 0 -0.923737 -0.383028
    outer loop
      vertex 39.5 200.668 -1.41777
      vertex 60.5 200.59 -1.22966
      vertex 39.5 200.59 -1.22966
    endloop
  endfacet
  facet normal 0 -0.923737 -0.383028
    outer loop
      vertex 60.5 200.59 -1.22966
      vertex 39.5 200.668 -1.41777
      vertex 60.5 200.668 -1.41777
    endloop
  endfacet
  facet normal 0 -0.923751 -0.382994
    outer loop
      vertex 39.5 200.79 -1.71326
      vertex 60.5 200.712 -1.52513
      vertex 39.5 200.712 -1.52513
    endloop
  endfacet
  facet normal 0 -0.923751 -0.382994
    outer loop
      vertex 60.5 200.712 -1.52513
      vertex 39.5 200.79 -1.71326
      vertex 60.5 200.79 -1.71326
    endloop
  endfacet
  facet normal 0 -0.831202 -0.555971
    outer loop
      vertex 39.5 201.224 -2.36211
      vertex 60.5 200.79 -1.71326
      vertex 39.5 200.79 -1.71326
    endloop
  endfacet
  facet normal 0 -0.831202 -0.555971
    outer loop
      vertex 60.5 200.79 -1.71326
      vertex 39.5 201.224 -2.36211
      vertex 60.5 201.224 -2.36211
    endloop
  endfacet
  facet normal 0 -0.555466 -0.831539
    outer loop
      vertex 39.5 201.224 -2.36211
      vertex 60.5 201.873 -2.79564
      vertex 60.5 201.224 -2.36211
    endloop
  endfacet
  facet normal -0 -0.555466 -0.831539
    outer loop
      vertex 60.5 201.873 -2.79564
      vertex 39.5 201.224 -2.36211
      vertex 39.5 201.873 -2.79564
    endloop
  endfacet
  facet normal 0 -0.195191 -0.980765
    outer loop
      vertex 39.5 201.873 -2.79564
      vertex 60.5 202.638 -2.94789
      vertex 60.5 201.873 -2.79564
    endloop
  endfacet
  facet normal -0 -0.195191 -0.980765
    outer loop
      vertex 60.5 202.638 -2.94789
      vertex 39.5 201.873 -2.79564
      vertex 39.5 202.638 -2.94789
    endloop
  endfacet
  facet normal 0 0.194946 -0.980814
    outer loop
      vertex 39.5 202.638 -2.94789
      vertex 60.5 203.404 -2.79564
      vertex 60.5 202.638 -2.94789
    endloop
  endfacet
  facet normal 0 0.194946 -0.980814
    outer loop
      vertex 60.5 203.404 -2.79564
      vertex 39.5 202.638 -2.94789
      vertex 39.5 203.404 -2.79564
    endloop
  endfacet
  facet normal 0 0.556058 -0.831143
    outer loop
      vertex 39.5 203.404 -2.79564
      vertex 60.5 204.052 -2.36211
      vertex 60.5 203.404 -2.79564
    endloop
  endfacet
  facet normal 0 0.556058 -0.831143
    outer loop
      vertex 60.5 204.052 -2.36211
      vertex 39.5 203.404 -2.79564
      vertex 39.5 204.052 -2.36211
    endloop
  endfacet
  facet normal 0 0.831202 -0.555971
    outer loop
      vertex 60.5 204.052 -2.36211
      vertex 39.5 204.486 -1.71326
      vertex 60.5 204.486 -1.71326
    endloop
  endfacet
  facet normal 0 0.831202 -0.555971
    outer loop
      vertex 39.5 204.486 -1.71326
      vertex 60.5 204.052 -2.36211
      vertex 39.5 204.052 -2.36211
    endloop
  endfacet
  facet normal 0 0.980844 -0.194793
    outer loop
      vertex 60.5 204.486 -1.71326
      vertex 39.5 204.638 -0.947891
      vertex 60.5 204.638 -0.947891
    endloop
  endfacet
  facet normal 0 0.980844 -0.194793
    outer loop
      vertex 39.5 204.638 -0.947891
      vertex 60.5 204.486 -1.71326
      vertex 39.5 204.486 -1.71326
    endloop
  endfacet
  facet normal 0 0.980844 0.194794
    outer loop
      vertex 60.5 204.638 -0.947891
      vertex 39.5 204.486 -0.182526
      vertex 60.5 204.486 -0.182526
    endloop
  endfacet
  facet normal 0 0.980844 0.194794
    outer loop
      vertex 39.5 204.486 -0.182526
      vertex 60.5 204.638 -0.947891
      vertex 39.5 204.638 -0.947891
    endloop
  endfacet
  facet normal 0 0.92409 0.382174
    outer loop
      vertex 60.5 204.486 -0.182526
      vertex 39.5 204.286 0.301071
      vertex 60.5 204.286 0.301071
    endloop
  endfacet
  facet normal 0 0.92409 0.382174
    outer loop
      vertex 39.5 204.286 0.301071
      vertex 60.5 204.486 -0.182526
      vertex 39.5 204.486 -0.182526
    endloop
  endfacet
  facet normal 0 0.886773 0.462204
    outer loop
      vertex 60.5 204.286 0.301071
      vertex 39.5 204.044 0.765366
      vertex 60.5 204.044 0.765366
    endloop
  endfacet
  facet normal 0 0.886773 0.462204
    outer loop
      vertex 39.5 204.044 0.765366
      vertex 60.5 204.286 0.301071
      vertex 39.5 204.286 0.301071
    endloop
  endfacet
  facet normal 0 0.843597 0.536977
    outer loop
      vertex 60.5 204.044 0.765366
      vertex 39.5 203.763 1.20682
      vertex 60.5 203.763 1.20682
    endloop
  endfacet
  facet normal 0 0.843597 0.536977
    outer loop
      vertex 39.5 203.763 1.20682
      vertex 60.5 204.044 0.765366
      vertex 39.5 204.044 0.765366
    endloop
  endfacet
  facet normal 0 0.831202 0.555971
    outer loop
      vertex 60.5 203.763 1.20682
      vertex 39.5 203.329 1.85567
      vertex 60.5 203.329 1.85567
    endloop
  endfacet
  facet normal 0 0.831202 0.555971
    outer loop
      vertex 39.5 203.329 1.85567
      vertex 60.5 203.763 1.20682
      vertex 39.5 203.763 1.20682
    endloop
  endfacet
  facet normal 0 0.792685 0.609631
    outer loop
      vertex 60.5 203.329 1.85567
      vertex 39.5 203.218 2
      vertex 60.5 203.218 2
    endloop
  endfacet
  facet normal 0 0.792685 0.609631
    outer loop
      vertex 39.5 203.218 2
      vertex 60.5 203.329 1.85567
      vertex 39.5 203.329 1.85567
    endloop
  endfacet
  facet normal 0 -0.923171 0.384389
    outer loop
      vertex 39.5 189.514 -0.182526
      vertex 60.5 189.59 0
      vertex 39.5 189.59 0
    endloop
  endfacet
  facet normal 0 -0.923171 0.384389
    outer loop
      vertex 60.5 189.59 0
      vertex 39.5 189.514 -0.182526
      vertex 60.5 189.514 -0.182526
    endloop
  endfacet
  facet normal 0 -0.953935 0.300012
    outer loop
      vertex 39.5 189.357 -0.681732
      vertex 60.5 189.514 -0.182526
      vertex 39.5 189.514 -0.182526
    endloop
  endfacet
  facet normal 0 -0.953935 0.300012
    outer loop
      vertex 60.5 189.514 -0.182526
      vertex 39.5 189.357 -0.681732
      vertex 60.5 189.357 -0.681732
    endloop
  endfacet
  facet normal 0 -0.976009 0.217732
    outer loop
      vertex 39.5 189.243 -1.19275
      vertex 60.5 189.357 -0.681732
      vertex 39.5 189.357 -0.681732
    endloop
  endfacet
  facet normal 0 -0.976009 0.217732
    outer loop
      vertex 60.5 189.357 -0.681732
      vertex 39.5 189.243 -1.19275
      vertex 60.5 189.243 -1.19275
    endloop
  endfacet
  facet normal 0 -0.980844 0.194795
    outer loop
      vertex 39.5 189.091 -1.95811
      vertex 60.5 189.243 -1.19275
      vertex 39.5 189.243 -1.19275
    endloop
  endfacet
  facet normal 0 -0.980844 0.194795
    outer loop
      vertex 60.5 189.243 -1.19275
      vertex 39.5 189.091 -1.95811
      vertex 60.5 189.091 -1.95811
    endloop
  endfacet
  facet normal 0 -0.991524 0.129921
    outer loop
      vertex 39.5 189.023 -2.47707
      vertex 60.5 189.091 -1.95811
      vertex 39.5 189.091 -1.95811
    endloop
  endfacet
  facet normal 0 -0.991524 0.129921
    outer loop
      vertex 60.5 189.091 -1.95811
      vertex 39.5 189.023 -2.47707
      vertex 60.5 189.023 -2.47707
    endloop
  endfacet
  facet normal 0 -0.999034 0.0439405
    outer loop
      vertex 39.5 189 -3
      vertex 60.5 189.023 -2.47707
      vertex 39.5 189.023 -2.47707
    endloop
  endfacet
  facet normal 0 -0.999034 0.0439405
    outer loop
      vertex 60.5 189.023 -2.47707
      vertex 39.5 189 -3
      vertex 60.5 189 -3
    endloop
  endfacet
  facet normal 0 -0.999034 -0.0439405
    outer loop
      vertex 39.5 189.023 -3.52293
      vertex 60.5 189 -3
      vertex 39.5 189 -3
    endloop
  endfacet
  facet normal 0 -0.999034 -0.0439405
    outer loop
      vertex 60.5 189 -3
      vertex 39.5 189.023 -3.52293
      vertex 60.5 189.023 -3.52293
    endloop
  endfacet
  facet normal 0 -0.991524 -0.129921
    outer loop
      vertex 39.5 189.091 -4.04189
      vertex 60.5 189.023 -3.52293
      vertex 39.5 189.023 -3.52293
    endloop
  endfacet
  facet normal 0 -0.991524 -0.129921
    outer loop
      vertex 60.5 189.023 -3.52293
      vertex 39.5 189.091 -4.04189
      vertex 60.5 189.091 -4.04189
    endloop
  endfacet
  facet normal 0 -0.980844 -0.194795
    outer loop
      vertex 39.5 189.243 -4.80725
      vertex 60.5 189.091 -4.04189
      vertex 39.5 189.091 -4.04189
    endloop
  endfacet
  facet normal 0 -0.980844 -0.194795
    outer loop
      vertex 60.5 189.091 -4.04189
      vertex 39.5 189.243 -4.80725
      vertex 60.5 189.243 -4.80725
    endloop
  endfacet
  facet normal 0 -0.976009 -0.217731
    outer loop
      vertex 39.5 189.357 -5.31827
      vertex 60.5 189.243 -4.80725
      vertex 39.5 189.243 -4.80725
    endloop
  endfacet
  facet normal 0 -0.976009 -0.217731
    outer loop
      vertex 60.5 189.243 -4.80725
      vertex 39.5 189.357 -5.31827
      vertex 60.5 189.357 -5.31827
    endloop
  endfacet
  facet normal 0 -0.953934 -0.300015
    outer loop
      vertex 39.5 189.514 -5.81747
      vertex 60.5 189.357 -5.31827
      vertex 39.5 189.357 -5.31827
    endloop
  endfacet
  facet normal 0 -0.953934 -0.300015
    outer loop
      vertex 60.5 189.357 -5.31827
      vertex 39.5 189.514 -5.81747
      vertex 60.5 189.514 -5.81747
    endloop
  endfacet
  facet normal 0 -0.924091 -0.382172
    outer loop
      vertex 39.5 189.714 -6.30107
      vertex 60.5 189.514 -5.81747
      vertex 39.5 189.514 -5.81747
    endloop
  endfacet
  facet normal 0 -0.924091 -0.382172
    outer loop
      vertex 60.5 189.514 -5.81747
      vertex 39.5 189.714 -6.30107
      vertex 60.5 189.714 -6.30107
    endloop
  endfacet
  facet normal 0 -0.886775 -0.4622
    outer loop
      vertex 39.5 189.956 -6.76537
      vertex 60.5 189.714 -6.30107
      vertex 39.5 189.714 -6.30107
    endloop
  endfacet
  facet normal 0 -0.886775 -0.4622
    outer loop
      vertex 60.5 189.714 -6.30107
      vertex 39.5 189.956 -6.76537
      vertex 60.5 189.956 -6.76537
    endloop
  endfacet
  facet normal 0 -0.843595 -0.536981
    outer loop
      vertex 39.5 190.237 -7.20682
      vertex 60.5 189.956 -6.76537
      vertex 39.5 189.956 -6.76537
    endloop
  endfacet
  facet normal 0 -0.843595 -0.536981
    outer loop
      vertex 60.5 189.956 -6.76537
      vertex 39.5 190.237 -7.20682
      vertex 60.5 190.237 -7.20682
    endloop
  endfacet
  facet normal 0 -0.831202 -0.555971
    outer loop
      vertex 39.5 190.671 -7.85567
      vertex 60.5 190.237 -7.20682
      vertex 39.5 190.237 -7.20682
    endloop
  endfacet
  facet normal 0 -0.831202 -0.555971
    outer loop
      vertex 60.5 190.237 -7.20682
      vertex 39.5 190.671 -7.85567
      vertex 60.5 190.671 -7.85567
    endloop
  endfacet
  facet normal 0 -0.793028 -0.609185
    outer loop
      vertex 39.5 190.99 -8.27094
      vertex 60.5 190.671 -7.85567
      vertex 39.5 190.671 -7.85567
    endloop
  endfacet
  facet normal 0 -0.793028 -0.609185
    outer loop
      vertex 60.5 190.671 -7.85567
      vertex 39.5 190.99 -8.27094
      vertex 60.5 190.99 -8.27094
    endloop
  endfacet
  facet normal 0 -0.737869 -0.674944
    outer loop
      vertex 39.5 191.343 -8.65685
      vertex 60.5 190.99 -8.27094
      vertex 39.5 190.99 -8.27094
    endloop
  endfacet
  facet normal 0 -0.737869 -0.674944
    outer loop
      vertex 60.5 190.99 -8.27094
      vertex 39.5 191.343 -8.65685
      vertex 60.5 191.343 -8.65685
    endloop
  endfacet
  facet normal 0 -0.675503 -0.737357
    outer loop
      vertex 39.5 191.343 -8.65685
      vertex 60.5 191.729 -9.01047
      vertex 60.5 191.343 -8.65685
    endloop
  endfacet
  facet normal -0 -0.675503 -0.737357
    outer loop
      vertex 60.5 191.729 -9.01047
      vertex 39.5 191.343 -8.65685
      vertex 39.5 191.729 -9.01047
    endloop
  endfacet
  facet normal 0 -0.609013 -0.79316
    outer loop
      vertex 39.5 191.729 -9.01047
      vertex 60.5 192.144 -9.32912
      vertex 60.5 191.729 -9.01047
    endloop
  endfacet
  facet normal -0 -0.609013 -0.79316
    outer loop
      vertex 60.5 192.144 -9.32912
      vertex 39.5 191.729 -9.01047
      vertex 39.5 192.144 -9.32912
    endloop
  endfacet
  facet normal 0 -0.555475 -0.831533
    outer loop
      vertex 39.5 192.144 -9.32912
      vertex 60.5 192.793 -9.76266
      vertex 60.5 192.144 -9.32912
    endloop
  endfacet
  facet normal -0 -0.555475 -0.831533
    outer loop
      vertex 60.5 192.793 -9.76266
      vertex 39.5 192.144 -9.32912
      vertex 39.5 192.793 -9.76266
    endloop
  endfacet
  facet normal 0 -0.536831 -0.84369
    outer loop
      vertex 39.5 192.793 -9.76266
      vertex 60.5 193.235 -10.0439
      vertex 60.5 192.793 -9.76266
    endloop
  endfacet
  facet normal -0 -0.536831 -0.84369
    outer loop
      vertex 60.5 193.235 -10.0439
      vertex 39.5 192.793 -9.76266
      vertex 39.5 193.235 -10.0439
    endloop
  endfacet
  facet normal 0 -0.461985 -0.886888
    outer loop
      vertex 39.5 193.235 -10.0439
      vertex 60.5 193.699 -10.2856
      vertex 60.5 193.235 -10.0439
    endloop
  endfacet
  facet normal -0 -0.461985 -0.886888
    outer loop
      vertex 60.5 193.699 -10.2856
      vertex 39.5 193.235 -10.0439
      vertex 39.5 193.699 -10.2856
    endloop
  endfacet
  facet normal 0 -0.382391 -0.924001
    outer loop
      vertex 39.5 193.699 -10.2856
      vertex 60.5 194.183 -10.4859
      vertex 60.5 193.699 -10.2856
    endloop
  endfacet
  facet normal -0 -0.382391 -0.924001
    outer loop
      vertex 60.5 194.183 -10.4859
      vertex 39.5 193.699 -10.2856
      vertex 39.5 194.183 -10.4859
    endloop
  endfacet
  facet normal 0 -0.30082 -0.953681
    outer loop
      vertex 39.5 194.183 -10.4859
      vertex 60.5 194.682 -10.6433
      vertex 60.5 194.183 -10.4859
    endloop
  endfacet
  facet normal -0 -0.30082 -0.953681
    outer loop
      vertex 60.5 194.682 -10.6433
      vertex 39.5 194.183 -10.4859
      vertex 39.5 194.682 -10.6433
    endloop
  endfacet
  facet normal 0 -0.216465 -0.97629
    outer loop
      vertex 39.5 194.682 -10.6433
      vertex 60.5 195.193 -10.7566
      vertex 60.5 194.682 -10.6433
    endloop
  endfacet
  facet normal -0 -0.216465 -0.97629
    outer loop
      vertex 60.5 195.193 -10.7566
      vertex 39.5 194.682 -10.6433
      vertex 39.5 195.193 -10.7566
    endloop
  endfacet
  facet normal 0 -0.19513 -0.980777
    outer loop
      vertex 39.5 195.193 -10.7566
      vertex 60.5 195.958 -10.9088
      vertex 60.5 195.193 -10.7566
    endloop
  endfacet
  facet normal -0 -0.19513 -0.980777
    outer loop
      vertex 60.5 195.958 -10.9088
      vertex 39.5 195.193 -10.7566
      vertex 39.5 195.958 -10.9088
    endloop
  endfacet
  facet normal 0 -0.130662 -0.991427
    outer loop
      vertex 39.5 195.958 -10.9088
      vertex 60.5 196.477 -10.9772
      vertex 60.5 195.958 -10.9088
    endloop
  endfacet
  facet normal -0 -0.130662 -0.991427
    outer loop
      vertex 60.5 196.477 -10.9772
      vertex 39.5 195.958 -10.9088
      vertex 39.5 196.477 -10.9772
    endloop
  endfacet
  facet normal 0 -0.0436204 -0.999048
    outer loop
      vertex 39.5 196.477 -10.9772
      vertex 60.5 196.974 -10.9989
      vertex 60.5 196.477 -10.9772
    endloop
  endfacet
  facet normal -0 -0.0436204 -0.999048
    outer loop
      vertex 60.5 196.974 -10.9989
      vertex 39.5 196.477 -10.9772
      vertex 39.5 196.974 -10.9989
    endloop
  endfacet
  facet normal 0 0.043533 -0.999052
    outer loop
      vertex 39.5 197.025 -10.9989
      vertex 60.5 197.523 -10.9772
      vertex 60.5 197.025 -10.9989
    endloop
  endfacet
  facet normal 0 0.043533 -0.999052
    outer loop
      vertex 60.5 197.523 -10.9772
      vertex 39.5 197.025 -10.9989
      vertex 39.5 197.523 -10.9772
    endloop
  endfacet
  facet normal 0 0.130662 -0.991427
    outer loop
      vertex 39.5 197.523 -10.9772
      vertex 60.5 198.042 -10.9088
      vertex 60.5 197.523 -10.9772
    endloop
  endfacet
  facet normal 0 0.130662 -0.991427
    outer loop
      vertex 60.5 198.042 -10.9088
      vertex 39.5 197.523 -10.9772
      vertex 39.5 198.042 -10.9088
    endloop
  endfacet
  facet normal 0 0.19513 -0.980777
    outer loop
      vertex 39.5 198.042 -10.9088
      vertex 60.5 198.807 -10.7566
      vertex 60.5 198.042 -10.9088
    endloop
  endfacet
  facet normal 0 0.19513 -0.980777
    outer loop
      vertex 60.5 198.807 -10.7566
      vertex 39.5 198.042 -10.9088
      vertex 39.5 198.807 -10.7566
    endloop
  endfacet
  facet normal 0 0.216465 -0.97629
    outer loop
      vertex 39.5 198.807 -10.7566
      vertex 60.5 199.318 -10.6433
      vertex 60.5 198.807 -10.7566
    endloop
  endfacet
  facet normal 0 0.216465 -0.97629
    outer loop
      vertex 60.5 199.318 -10.6433
      vertex 39.5 198.807 -10.7566
      vertex 39.5 199.318 -10.6433
    endloop
  endfacet
  facet normal 0 0.30082 -0.953681
    outer loop
      vertex 39.5 199.318 -10.6433
      vertex 60.5 199.817 -10.4859
      vertex 60.5 199.318 -10.6433
    endloop
  endfacet
  facet normal 0 0.30082 -0.953681
    outer loop
      vertex 60.5 199.817 -10.4859
      vertex 39.5 199.318 -10.6433
      vertex 39.5 199.817 -10.4859
    endloop
  endfacet
  facet normal 0 0.382391 -0.924001
    outer loop
      vertex 39.5 199.817 -10.4859
      vertex 60.5 200.301 -10.2856
      vertex 60.5 199.817 -10.4859
    endloop
  endfacet
  facet normal 0 0.382391 -0.924001
    outer loop
      vertex 60.5 200.301 -10.2856
      vertex 39.5 199.817 -10.4859
      vertex 39.5 200.301 -10.2856
    endloop
  endfacet
  facet normal 0 0.461985 -0.886888
    outer loop
      vertex 39.5 200.301 -10.2856
      vertex 60.5 200.765 -10.0439
      vertex 60.5 200.301 -10.2856
    endloop
  endfacet
  facet normal 0 0.461985 -0.886888
    outer loop
      vertex 60.5 200.765 -10.0439
      vertex 39.5 200.301 -10.2856
      vertex 39.5 200.765 -10.0439
    endloop
  endfacet
  facet normal 0 0.536831 -0.84369
    outer loop
      vertex 39.5 200.765 -10.0439
      vertex 60.5 201.207 -9.76266
      vertex 60.5 200.765 -10.0439
    endloop
  endfacet
  facet normal 0 0.536831 -0.84369
    outer loop
      vertex 60.5 201.207 -9.76266
      vertex 39.5 200.765 -10.0439
      vertex 39.5 201.207 -9.76266
    endloop
  endfacet
  facet normal 0 0.555475 -0.831533
    outer loop
      vertex 39.5 201.207 -9.76266
      vertex 60.5 201.856 -9.32912
      vertex 60.5 201.207 -9.76266
    endloop
  endfacet
  facet normal 0 0.555475 -0.831533
    outer loop
      vertex 60.5 201.856 -9.32912
      vertex 39.5 201.207 -9.76266
      vertex 39.5 201.856 -9.32912
    endloop
  endfacet
  facet normal 0 0.609013 -0.79316
    outer loop
      vertex 39.5 201.856 -9.32912
      vertex 60.5 202.271 -9.01047
      vertex 60.5 201.856 -9.32912
    endloop
  endfacet
  facet normal 0 0.609013 -0.79316
    outer loop
      vertex 60.5 202.271 -9.01047
      vertex 39.5 201.856 -9.32912
      vertex 39.5 202.271 -9.01047
    endloop
  endfacet
  facet normal 0 0.83179 -0.555091
    outer loop
      vertex 60.5 202.271 -9.01047
      vertex 39.5 202.704 -8.36163
      vertex 60.5 202.704 -8.36163
    endloop
  endfacet
  facet normal 0 0.83179 -0.555091
    outer loop
      vertex 39.5 202.704 -8.36163
      vertex 60.5 202.271 -9.01047
      vertex 39.5 202.271 -9.01047
    endloop
  endfacet
  facet normal 0 0.980599 -0.196023
    outer loop
      vertex 60.5 202.704 -8.36163
      vertex 39.5 202.857 -7.59625
      vertex 60.5 202.857 -7.59625
    endloop
  endfacet
  facet normal 0 0.980599 -0.196023
    outer loop
      vertex 39.5 202.857 -7.59625
      vertex 60.5 202.704 -8.36163
      vertex 39.5 202.704 -8.36163
    endloop
  endfacet
  facet normal 0 0.980598 0.196027
    outer loop
      vertex 60.5 202.857 -7.59625
      vertex 39.5 202.704 -6.83089
      vertex 60.5 202.704 -6.83089
    endloop
  endfacet
  facet normal 0 0.980598 0.196027
    outer loop
      vertex 39.5 202.704 -6.83089
      vertex 60.5 202.857 -7.59625
      vertex 39.5 202.857 -7.59625
    endloop
  endfacet
  facet normal 0 0.83179 0.555091
    outer loop
      vertex 60.5 202.704 -6.83089
      vertex 39.5 202.271 -6.18205
      vertex 60.5 202.271 -6.18205
    endloop
  endfacet
  facet normal 0 0.83179 0.555091
    outer loop
      vertex 39.5 202.271 -6.18205
      vertex 60.5 202.704 -6.83089
      vertex 39.5 202.704 -6.83089
    endloop
  endfacet
  facet normal -0 0.555483 0.831528
    outer loop
      vertex 39.5 202.271 -6.18205
      vertex 60.5 201.622 -5.7485
      vertex 60.5 202.271 -6.18205
    endloop
  endfacet
  facet normal 0 0.555483 0.831528
    outer loop
      vertex 60.5 201.622 -5.7485
      vertex 39.5 202.271 -6.18205
      vertex 39.5 201.622 -5.7485
    endloop
  endfacet
  facet normal -0 0.195191 0.980765
    outer loop
      vertex 39.5 201.622 -5.7485
      vertex 60.5 200.857 -5.59625
      vertex 60.5 201.622 -5.7485
    endloop
  endfacet
  facet normal 0 0.195191 0.980765
    outer loop
      vertex 60.5 200.857 -5.59625
      vertex 39.5 201.622 -5.7485
      vertex 39.5 200.857 -5.59625
    endloop
  endfacet
  facet normal 0 -0.194946 0.980814
    outer loop
      vertex 39.5 200.857 -5.59625
      vertex 60.5 200.091 -5.7485
      vertex 60.5 200.857 -5.59625
    endloop
  endfacet
  facet normal 0 -0.194946 0.980814
    outer loop
      vertex 60.5 200.091 -5.7485
      vertex 39.5 200.857 -5.59625
      vertex 39.5 200.091 -5.7485
    endloop
  endfacet
  facet normal 0 -0.556076 0.831132
    outer loop
      vertex 39.5 200.091 -5.7485
      vertex 60.5 199.443 -6.18205
      vertex 60.5 200.091 -5.7485
    endloop
  endfacet
  facet normal 0 -0.556076 0.831132
    outer loop
      vertex 60.5 199.443 -6.18205
      vertex 39.5 200.091 -5.7485
      vertex 39.5 199.443 -6.18205
    endloop
  endfacet
  facet normal 0 -0.608022 0.79392
    outer loop
      vertex 39.5 199.443 -6.18205
      vertex 60.5 199.207 -6.36279
      vertex 60.5 199.443 -6.18205
    endloop
  endfacet
  facet normal 0 -0.608022 0.79392
    outer loop
      vertex 60.5 199.207 -6.36279
      vertex 39.5 199.443 -6.18205
      vertex 39.5 199.207 -6.36279
    endloop
  endfacet
  facet normal 0 -0.461417 0.887184
    outer loop
      vertex 39.5 199.207 -6.36279
      vertex 60.5 198.77 -6.59007
      vertex 60.5 199.207 -6.36279
    endloop
  endfacet
  facet normal 0 -0.461417 0.887184
    outer loop
      vertex 60.5 198.77 -6.59007
      vertex 39.5 199.207 -6.36279
      vertex 39.5 198.77 -6.59007
    endloop
  endfacet
  facet normal 0 -0.382926 0.923779
    outer loop
      vertex 39.5 198.475 -6.71246
      vertex 60.5 198.287 -6.79039
      vertex 60.5 198.475 -6.71246
    endloop
  endfacet
  facet normal 0 -0.382926 0.923779
    outer loop
      vertex 60.5 198.287 -6.79039
      vertex 39.5 198.475 -6.71246
      vertex 39.5 198.287 -6.79039
    endloop
  endfacet
  facet normal 0 -0.382884 0.923796
    outer loop
      vertex 39.5 198.77 -6.59007
      vertex 60.5 198.582 -6.66799
      vertex 60.5 198.77 -6.59007
    endloop
  endfacet
  facet normal 0 -0.382884 0.923796
    outer loop
      vertex 60.5 198.582 -6.66799
      vertex 39.5 198.77 -6.59007
      vertex 39.5 198.582 -6.66799
    endloop
  endfacet
  facet normal 0 -0.30041 0.95381
    outer loop
      vertex 39.5 198.287 -6.79039
      vertex 60.5 197.817 -6.93842
      vertex 60.5 198.287 -6.79039
    endloop
  endfacet
  facet normal 0 -0.30041 0.95381
    outer loop
      vertex 60.5 197.817 -6.93842
      vertex 39.5 198.287 -6.79039
      vertex 39.5 197.817 -6.93842
    endloop
  endfacet
  facet normal 0 -0.130639 0.99143
    outer loop
      vertex 39.5 197.817 -6.93842
      vertex 60.5 197.523 -6.97716
      vertex 60.5 197.817 -6.93842
    endloop
  endfacet
  facet normal 0 -0.130639 0.99143
    outer loop
      vertex 60.5 197.523 -6.97716
      vertex 39.5 197.817 -6.93842
      vertex 39.5 197.523 -6.97716
    endloop
  endfacet
  facet normal 0 -0.0436331 0.999048
    outer loop
      vertex 39.5 197.523 -6.97716
      vertex 60.5 197.025 -6.99891
      vertex 60.5 197.523 -6.97716
    endloop
  endfacet
  facet normal 0 -0.0436331 0.999048
    outer loop
      vertex 60.5 197.025 -6.99891
      vertex 39.5 197.523 -6.97716
      vertex 39.5 197.025 -6.99891
    endloop
  endfacet
  facet normal 0 0.737594 0.675244
    outer loop
      vertex 60.5 194.032 -5.67626
      vertex 39.5 193.818 -5.4425
      vertex 60.5 193.818 -5.4425
    endloop
  endfacet
  facet normal 0 0.737594 0.675244
    outer loop
      vertex 39.5 193.818 -5.4425
      vertex 60.5 194.032 -5.67626
      vertex 39.5 194.032 -5.67626
    endloop
  endfacet
  facet normal 0 0.792937 0.609304
    outer loop
      vertex 60.5 193.818 -5.4425
      vertex 39.5 193.637 -5.20695
      vertex 60.5 193.637 -5.20695
    endloop
  endfacet
  facet normal 0 0.792937 0.609304
    outer loop
      vertex 39.5 193.637 -5.20695
      vertex 60.5 193.818 -5.4425
      vertex 39.5 193.818 -5.4425
    endloop
  endfacet
  facet normal 0 0.887248 0.461293
    outer loop
      vertex 60.5 193.637 -5.20695
      vertex 39.5 193.41 -4.77034
      vertex 60.5 193.41 -4.77034
    endloop
  endfacet
  facet normal 0 0.887248 0.461293
    outer loop
      vertex 39.5 193.41 -4.77034
      vertex 60.5 193.637 -5.20695
      vertex 39.5 193.637 -5.20695
    endloop
  endfacet
  facet normal 0 0.923751 0.382994
    outer loop
      vertex 60.5 193.288 -4.47487
      vertex 39.5 193.21 -4.28674
      vertex 60.5 193.21 -4.28674
    endloop
  endfacet
  facet normal 0 0.923751 0.382994
    outer loop
      vertex 39.5 193.21 -4.28674
      vertex 60.5 193.288 -4.47487
      vertex 39.5 193.288 -4.47487
    endloop
  endfacet
  facet normal 0 0.923737 0.383028
    outer loop
      vertex 60.5 193.41 -4.77034
      vertex 39.5 193.332 -4.58223
      vertex 60.5 193.332 -4.58223
    endloop
  endfacet
  facet normal 0 0.923737 0.383028
    outer loop
      vertex 39.5 193.332 -4.58223
      vertex 60.5 193.41 -4.77034
      vertex 39.5 193.41 -4.77034
    endloop
  endfacet
  facet normal 0 0.952869 0.303382
    outer loop
      vertex 60.5 193.21 -4.28674
      vertex 39.5 193.137 -4.05746
      vertex 60.5 193.137 -4.05746
    endloop
  endfacet
  facet normal 0 0.952869 0.303382
    outer loop
      vertex 39.5 193.137 -4.05746
      vertex 60.5 193.21 -4.28674
      vertex 39.5 193.21 -4.28674
    endloop
  endfacet
  facet normal 0 -0.73994 -0.672673
    outer loop
      vertex 39.5 196.975 -11
      vertex 60.5 196.974 -10.9989
      vertex 39.5 196.974 -10.9989
    endloop
  endfacet
  facet normal 0 -0.73994 -0.672673
    outer loop
      vertex 60.5 196.974 -10.9989
      vertex 39.5 196.975 -11
      vertex 60.5 196.975 -11
    endloop
  endfacet
  facet normal 0 -0.875182 -0.483793
    outer loop
      vertex 39.5 194.032 -5.67626
      vertex 60.5 194.002 -5.62199
      vertex 39.5 194.002 -5.62199
    endloop
  endfacet
  facet normal 0 -0.875182 -0.483793
    outer loop
      vertex 60.5 194.002 -5.62199
      vertex 39.5 194.032 -5.67626
      vertex 60.5 194.032 -5.67626
    endloop
  endfacet
  facet normal 0 -0.872434 -0.488733
    outer loop
      vertex 39.5 193.19 -4.15207
      vertex 60.5 193.137 -4.05746
      vertex 39.5 193.137 -4.05746
    endloop
  endfacet
  facet normal 0 -0.872434 -0.488733
    outer loop
      vertex 60.5 193.137 -4.05746
      vertex 39.5 193.19 -4.15207
      vertex 60.5 193.19 -4.15207
    endloop
  endfacet
  facet normal 0 1 -0
    outer loop
      vertex 60.5 197.025 -11
      vertex 39.5 197.025 -10.9989
      vertex 60.5 197.025 -10.9989
    endloop
  endfacet
  facet normal 0 1 0
    outer loop
      vertex 39.5 197.025 -10.9989
      vertex 60.5 197.025 -11
      vertex 39.5 197.025 -11
    endloop
  endfacet
  facet normal 0 1 -0
    outer loop
      vertex 60.5 197.025 -6.99891
      vertex 39.5 197.025 -6.99754
      vertex 60.5 197.025 -6.99754
    endloop
  endfacet
  facet normal 0 1 0
    outer loop
      vertex 39.5 197.025 -6.99754
      vertex 60.5 197.025 -6.99891
      vertex 39.5 197.025 -6.99891
    endloop
  endfacet
  facet normal 0 1 -0
    outer loop
      vertex 60.5 197.025 0.997538
      vertex 39.5 197.025 0.998908
      vertex 60.5 197.025 0.998908
    endloop
  endfacet
  facet normal 0 1 0
    outer loop
      vertex 39.5 197.025 0.998908
      vertex 60.5 197.025 0.997538
      vertex 39.5 197.025 0.997538
    endloop
  endfacet
  facet normal 0 0 -1
    outer loop
      vertex 39.5 196.975 -11
      vertex 60.5 197.025 -11
      vertex 60.5 196.975 -11
    endloop
  endfacet
  facet normal -0 0 -1
    outer loop
      vertex 60.5 197.025 -11
      vertex 39.5 196.975 -11
      vertex 39.5 197.025 -11
    endloop
  endfacet
  facet normal 0 -0.240708 -0.970598
    outer loop
      vertex 39.5 199.829 -0.171821
      vertex 60.5 199.828 -0.171573
      vertex 39.5 199.828 -0.171573
    endloop
  endfacet
  facet normal 0 -0.240708 -0.970598
    outer loop
      vertex 60.5 199.828 -0.171573
      vertex 39.5 199.829 -0.171821
      vertex 60.5 199.829 -0.171821
    endloop
  endfacet
  facet normal -0 0.471687 0.881766
    outer loop
      vertex 39.5 195.469 -6.69552
      vertex 60.5 194.778 -6.32588
      vertex 60.5 195.469 -6.69552
    endloop
  endfacet
  facet normal 0 0.471687 0.881766
    outer loop
      vertex 60.5 194.778 -6.32588
      vertex 39.5 195.469 -6.69552
      vertex 39.5 194.778 -6.32588
    endloop
  endfacet
  facet normal 0 -0.475015 0.879978
    outer loop
      vertex 39.5 198.582 -6.66799
      vertex 60.5 198.531 -6.69552
      vertex 60.5 198.582 -6.66799
    endloop
  endfacet
  facet normal 0 -0.475015 0.879978
    outer loop
      vertex 60.5 198.531 -6.69552
      vertex 39.5 198.582 -6.66799
      vertex 39.5 198.531 -6.69552
    endloop
  endfacet
  facet normal 0 0.957161 -0.289558
    outer loop
      vertex 60.5 193.077 -2.21964
      vertex 39.5 193.304 -1.46927
      vertex 60.5 193.304 -1.46927
    endloop
  endfacet
  facet normal 0 0.957161 -0.289558
    outer loop
      vertex 39.5 193.304 -1.46927
      vertex 60.5 193.077 -2.21964
      vertex 39.5 193.077 -2.21964
    endloop
  endfacet
  facet normal 0 0.772667 -0.634811
    outer loop
      vertex 60.5 193.674 -0.777719
      vertex 39.5 194.172 -0.171573
      vertex 60.5 194.172 -0.171573
    endloop
  endfacet
  facet normal 0 0.772667 -0.634811
    outer loop
      vertex 39.5 194.172 -0.171573
      vertex 60.5 193.674 -0.777719
      vertex 39.5 193.674 -0.777719
    endloop
  endfacet
  facet normal 0 0.290063 -0.957008
    outer loop
      vertex 39.5 195.469 0.695518
      vertex 60.5 196.22 0.923141
      vertex 60.5 195.469 0.695518
    endloop
  endfacet
  facet normal 0 0.290063 -0.957008
    outer loop
      vertex 60.5 196.22 0.923141
      vertex 39.5 195.469 0.695518
      vertex 39.5 196.22 0.923141
    endloop
  endfacet
  facet normal -0 0.290059 0.957009
    outer loop
      vertex 39.5 196.22 -6.92314
      vertex 60.5 195.469 -6.69552
      vertex 60.5 196.22 -6.92314
    endloop
  endfacet
  facet normal 0 0.290059 0.957009
    outer loop
      vertex 60.5 195.469 -6.69552
      vertex 39.5 196.22 -6.92314
      vertex 39.5 195.469 -6.69552
    endloop
  endfacet
  facet normal 0 -0.097927 0.995194
    outer loop
      vertex 39.5 197.025 -6.99754
      vertex 60.5 197 -7
      vertex 60.5 197.025 -6.99754
    endloop
  endfacet
  facet normal 0 -0.097927 0.995194
    outer loop
      vertex 60.5 197 -7
      vertex 39.5 197.025 -6.99754
      vertex 39.5 197 -7
    endloop
  endfacet
  facet normal -0 0.634484 0.772936
    outer loop
      vertex 39.5 194.778 -6.32588
      vertex 60.5 194.172 -5.82843
      vertex 60.5 194.778 -6.32588
    endloop
  endfacet
  facet normal 0 0.634484 0.772936
    outer loop
      vertex 60.5 194.172 -5.82843
      vertex 39.5 194.778 -6.32588
      vertex 39.5 194.172 -5.82843
    endloop
  endfacet
  facet normal 0 0.634484 -0.772936
    outer loop
      vertex 39.5 194.172 -0.171573
      vertex 60.5 194.778 0.325878
      vertex 60.5 194.172 -0.171573
    endloop
  endfacet
  facet normal 0 0.634484 -0.772936
    outer loop
      vertex 60.5 194.778 0.325878
      vertex 39.5 194.172 -0.171573
      vertex 39.5 194.778 0.325878
    endloop
  endfacet
  facet normal 0 0.471687 -0.881766
    outer loop
      vertex 39.5 194.778 0.325878
      vertex 60.5 195.469 0.695518
      vertex 60.5 194.778 0.325878
    endloop
  endfacet
  facet normal 0 0.471687 -0.881766
    outer loop
      vertex 60.5 195.469 0.695518
      vertex 39.5 194.778 0.325878
      vertex 39.5 195.469 0.695518
    endloop
  endfacet
  facet normal -0 0.0980635 0.99518
    outer loop
      vertex 39.5 197 -7
      vertex 60.5 196.22 -6.92314
      vertex 60.5 197 -7
    endloop
  endfacet
  facet normal 0 0.0980635 0.99518
    outer loop
      vertex 60.5 196.22 -6.92314
      vertex 39.5 197 -7
      vertex 39.5 196.22 -6.92314
    endloop
  endfacet
  facet normal 0 -0.0980059 -0.995186
    outer loop
      vertex 39.5 197 1
      vertex 60.5 197.025 0.997538
      vertex 60.5 197 1
    endloop
  endfacet
  facet normal -0 -0.0980059 -0.995186
    outer loop
      vertex 60.5 197.025 0.997538
      vertex 39.5 197 1
      vertex 39.5 197.025 0.997538
    endloop
  endfacet
  facet normal 0 -0.289542 0.957165
    outer loop
      vertex 39.5 198.531 -6.69552
      vertex 60.5 198.475 -6.71246
      vertex 60.5 198.531 -6.69552
    endloop
  endfacet
  facet normal 0 -0.289542 0.957165
    outer loop
      vertex 60.5 198.475 -6.71246
      vertex 39.5 198.531 -6.69552
      vertex 39.5 198.475 -6.71246
    endloop
  endfacet
  facet normal 0 0.995167 0.0981955
    outer loop
      vertex 60.5 193.077 -3.78036
      vertex 39.5 193 -3
      vertex 60.5 193 -3
    endloop
  endfacet
  facet normal 0 0.995167 0.0981955
    outer loop
      vertex 39.5 193 -3
      vertex 60.5 193.077 -3.78036
      vertex 39.5 193.077 -3.78036
    endloop
  endfacet
  facet normal 0 -0.961342 -0.275358
    outer loop
      vertex 39.5 200.712 -1.52513
      vertex 60.5 200.696 -1.46927
      vertex 39.5 200.696 -1.46927
    endloop
  endfacet
  facet normal 0 -0.961342 -0.275358
    outer loop
      vertex 60.5 200.696 -1.46927
      vertex 39.5 200.712 -1.52513
      vertex 60.5 200.712 -1.52513
    endloop
  endfacet
  facet normal 0 0.961342 0.275358
    outer loop
      vertex 60.5 193.304 -4.53073
      vertex 39.5 193.288 -4.47487
      vertex 60.5 193.288 -4.47487
    endloop
  endfacet
  facet normal 0 0.961342 0.275358
    outer loop
      vertex 39.5 193.288 -4.47487
      vertex 60.5 193.304 -4.53073
      vertex 39.5 193.304 -4.53073
    endloop
  endfacet
  facet normal 0 0.956766 0.290857
    outer loop
      vertex 60.5 193.19 -4.15207
      vertex 39.5 193.077 -3.78036
      vertex 60.5 193.077 -3.78036
    endloop
  endfacet
  facet normal 0 0.956766 0.290857
    outer loop
      vertex 39.5 193.077 -3.78036
      vertex 60.5 193.19 -4.15207
      vertex 39.5 193.19 -4.15207
    endloop
  endfacet
  facet normal 0 -0.878547 -0.477656
    outer loop
      vertex 39.5 200.696 -1.46927
      vertex 60.5 200.668 -1.41777
      vertex 39.5 200.668 -1.41777
    endloop
  endfacet
  facet normal 0 -0.878547 -0.477656
    outer loop
      vertex 60.5 200.668 -1.41777
      vertex 39.5 200.696 -1.46927
      vertex 60.5 200.696 -1.46927
    endloop
  endfacet
  facet normal 0 0.0980623 -0.99518
    outer loop
      vertex 39.5 196.22 0.923141
      vertex 60.5 197 1
      vertex 60.5 196.22 0.923141
    endloop
  endfacet
  facet normal 0 0.0980623 -0.99518
    outer loop
      vertex 60.5 197 1
      vertex 39.5 196.22 0.923141
      vertex 39.5 197 1
    endloop
  endfacet
  facet normal 0 -0.474962 -0.880006
    outer loop
      vertex 39.5 198.531 0.695518
      vertex 60.5 198.582 0.667992
      vertex 60.5 198.531 0.695518
    endloop
  endfacet
  facet normal -0 -0.474962 -0.880006
    outer loop
      vertex 60.5 198.582 0.667992
      vertex 39.5 198.531 0.695518
      vertex 39.5 198.582 0.667992
    endloop
  endfacet
  facet normal 0 0.881731 -0.471752
    outer loop
      vertex 60.5 193.304 -1.46927
      vertex 39.5 193.674 -0.777719
      vertex 60.5 193.674 -0.777719
    endloop
  endfacet
  facet normal 0 0.881731 -0.471752
    outer loop
      vertex 39.5 193.674 -0.777719
      vertex 60.5 193.304 -1.46927
      vertex 39.5 193.304 -1.46927
    endloop
  endfacet
  facet normal 0 -0.289652 -0.957132
    outer loop
      vertex 39.5 198.475 0.712465
      vertex 60.5 198.531 0.695518
      vertex 60.5 198.475 0.712465
    endloop
  endfacet
  facet normal -0 -0.289652 -0.957132
    outer loop
      vertex 60.5 198.531 0.695518
      vertex 39.5 198.475 0.712465
      vertex 39.5 198.531 0.695518
    endloop
  endfacet
  facet normal 0 0.771948 0.635686
    outer loop
      vertex 60.5 194.172 -5.82843
      vertex 39.5 194.002 -5.62199
      vertex 60.5 194.002 -5.62199
    endloop
  endfacet
  facet normal 0 0.771948 0.635686
    outer loop
      vertex 39.5 194.002 -5.62199
      vertex 60.5 194.172 -5.82843
      vertex 39.5 194.172 -5.82843
    endloop
  endfacet
  facet normal 0 0.878547 0.477656
    outer loop
      vertex 60.5 193.332 -4.58223
      vertex 39.5 193.304 -4.53073
      vertex 60.5 193.304 -4.53073
    endloop
  endfacet
  facet normal 0 0.878547 0.477656
    outer loop
      vertex 39.5 193.304 -4.53073
      vertex 60.5 193.332 -4.58223
      vertex 39.5 193.332 -4.58223
    endloop
  endfacet
  facet normal 0 0.995167 -0.0981955
    outer loop
      vertex 60.5 193 -3
      vertex 39.5 193.077 -2.21964
      vertex 60.5 193.077 -2.21964
    endloop
  endfacet
  facet normal 0 0.995167 -0.0981955
    outer loop
      vertex 39.5 193.077 -2.21964
      vertex 60.5 193 -3
      vertex 39.5 193 -3
    endloop
  endfacet
  facet normal 0 -1 0
    outer loop
      vertex 39.5 199.828 -0.171369
      vertex 60.5 199.828 -0.171573
      vertex 60.5 199.828 -0.171369
    endloop
  endfacet
  facet normal 0 -1 0
    outer loop
      vertex 60.5 199.828 -0.171573
      vertex 39.5 199.828 -0.171369
      vertex 39.5 199.828 -0.171573
    endloop
  endfacet
  facet normal -1 0 0
    outer loop
      vertex 239.5 196.975 -11
      vertex 239.5 197.025 -10.9989
      vertex 239.5 197.025 -11
    endloop
  endfacet
  facet normal -1 0 0
    outer loop
      vertex 239.5 197.025 -10.9989
      vertex 239.5 197 -7
      vertex 239.5 197.025 -6.99891
    endloop
  endfacet
  facet normal -1 -0 0
    outer loop
      vertex 239.5 197.025 -6.99891
      vertex 239.5 197 -7
      vertex 239.5 197.025 -6.99754
    endloop
  endfacet
  facet normal -1 -0 0
    outer loop
      vertex 239.5 197.025 -10.9989
      vertex 239.5 196.975 -11
      vertex 239.5 196.974 -10.9989
    endloop
  endfacet
  facet normal -1 0 0
    outer loop
      vertex 239.5 197.025 -10.9989
      vertex 239.5 196.974 -10.9989
      vertex 239.5 197 -7
    endloop
  endfacet
  facet normal -1 0 0
    outer loop
      vertex 239.5 196.477 -10.9772
      vertex 239.5 197 -7
      vertex 239.5 196.974 -10.9989
    endloop
  endfacet
  facet normal -1 0 0
    outer loop
      vertex 239.5 195.958 -10.9088
      vertex 239.5 197 -7
      vertex 239.5 196.477 -10.9772
    endloop
  endfacet
  facet normal -1 -0 0
    outer loop
      vertex 239.5 197 -7
      vertex 239.5 195.958 -10.9088
      vertex 239.5 196.22 -6.92314
    endloop
  endfacet
  facet normal -1 0 0
    outer loop
      vertex 239.5 195.193 -10.7566
      vertex 239.5 196.22 -6.92314
      vertex 239.5 195.958 -10.9088
    endloop
  endfacet
  facet normal -1 0 0
    outer loop
      vertex 239.5 194.682 -10.6433
      vertex 239.5 196.22 -6.92314
      vertex 239.5 195.193 -10.7566
    endloop
  endfacet
  facet normal -1 -0 0
    outer loop
      vertex 239.5 196.22 -6.92314
      vertex 239.5 194.682 -10.6433
      vertex 239.5 195.469 -6.69552
    endloop
  endfacet
  facet normal -1 0 0
    outer loop
      vertex 239.5 194.183 -10.4859
      vertex 239.5 195.469 -6.69552
      vertex 239.5 194.682 -10.6433
    endloop
  endfacet
  facet normal -1 0 0
    outer loop
      vertex 239.5 193.699 -10.2856
      vertex 239.5 195.469 -6.69552
      vertex 239.5 194.183 -10.4859
    endloop
  endfacet
  facet normal -1 0 0
    outer loop
      vertex 239.5 193.235 -10.0439
      vertex 239.5 195.469 -6.69552
      vertex 239.5 193.699 -10.2856
    endloop
  endfacet
  facet normal -1 -0 0
    outer loop
      vertex 239.5 195.469 -6.69552
      vertex 239.5 193.235 -10.0439
      vertex 239.5 194.778 -6.32588
    endloop
  endfacet
  facet normal -1 0 0
    outer loop
      vertex 239.5 192.793 -9.76266
      vertex 239.5 194.778 -6.32588
      vertex 239.5 193.235 -10.0439
    endloop
  endfacet
  facet normal -1 0 0
    outer loop
      vertex 239.5 192.144 -9.32912
      vertex 239.5 194.778 -6.32588
      vertex 239.5 192.793 -9.76266
    endloop
  endfacet
  facet normal -1 -0 0
    outer loop
      vertex 239.5 194.778 -6.32588
      vertex 239.5 192.144 -9.32912
      vertex 239.5 194.172 -5.82843
    endloop
  endfacet
  facet normal -1 0 0
    outer loop
      vertex 239.5 191.729 -9.01047
      vertex 239.5 194.172 -5.82843
      vertex 239.5 192.144 -9.32912
    endloop
  endfacet
  facet normal -1 0 0
    outer loop
      vertex 239.5 191.343 -8.65685
      vertex 239.5 194.172 -5.82843
      vertex 239.5 191.729 -9.01047
    endloop
  endfacet
  facet normal -1 -0 0
    outer loop
      vertex 239.5 194.172 -5.82843
      vertex 239.5 191.343 -8.65685
      vertex 239.5 194.032 -5.67626
    endloop
  endfacet
  facet normal -1 0 0
    outer loop
      vertex 239.5 190.99 -8.27094
      vertex 239.5 194.032 -5.67626
      vertex 239.5 191.343 -8.65685
    endloop
  endfacet
  facet normal -1 -0 0
    outer loop
      vertex 239.5 194.032 -5.67626
      vertex 239.5 190.99 -8.27094
      vertex 239.5 193.818 -5.4425
    endloop
  endfacet
  facet normal -1 0 0
    outer loop
      vertex 239.5 190.671 -7.85567
      vertex 239.5 193.818 -5.4425
      vertex 239.5 190.99 -8.27094
    endloop
  endfacet
  facet normal -1 -0 0
    outer loop
      vertex 239.5 193.818 -5.4425
      vertex 239.5 190.671 -7.85567
      vertex 239.5 193.637 -5.20695
    endloop
  endfacet
  facet normal -1 0 0
    outer loop
      vertex 239.5 190.237 -7.20682
      vertex 239.5 193.637 -5.20695
      vertex 239.5 190.671 -7.85567
    endloop
  endfacet
  facet normal -1 -0 0
    outer loop
      vertex 239.5 193.637 -5.20695
      vertex 239.5 190.237 -7.20682
      vertex 239.5 193.41 -4.77034
    endloop
  endfacet
  facet normal -1 0 0
    outer loop
      vertex 239.5 189.956 -6.76537
      vertex 239.5 193.41 -4.77034
      vertex 239.5 190.237 -7.20682
    endloop
  endfacet
  facet normal -1 0 0
    outer loop
      vertex 239.5 202.704 -8.36163
      vertex 239.5 202.704 -6.83089
      vertex 239.5 202.857 -7.59625
    endloop
  endfacet
  facet normal -1 0 0
    outer loop
      vertex 239.5 202.271 -9.01047
      vertex 239.5 202.704 -6.83089
      vertex 239.5 202.704 -8.36163
    endloop
  endfacet
  facet normal -1 0 0
    outer loop
      vertex 239.5 202.271 -9.01047
      vertex 239.5 202.271 -6.18205
      vertex 239.5 202.704 -6.83089
    endloop
  endfacet
  facet normal -1 0 0
    outer loop
      vertex 239.5 201.856 -9.32912
      vertex 239.5 202.271 -6.18205
      vertex 239.5 202.271 -9.01047
    endloop
  endfacet
  facet normal -1 0 0
    outer loop
      vertex 239.5 201.856 -9.32912
      vertex 239.5 201.622 -5.7485
      vertex 239.5 202.271 -6.18205
    endloop
  endfacet
  facet normal -1 0 0
    outer loop
      vertex 239.5 199.207 -6.36279
      vertex 239.5 201.856 -9.32912
      vertex 239.5 201.207 -9.76266
    endloop
  endfacet
  facet normal -1 0 0
    outer loop
      vertex 239.5 201.856 -9.32912
      vertex 239.5 199.443 -6.18205
      vertex 239.5 201.622 -5.7485
    endloop
  endfacet
  facet normal -1 0 0
    outer loop
      vertex 239.5 199.207 -6.36279
      vertex 239.5 201.207 -9.76266
      vertex 239.5 200.765 -10.0439
    endloop
  endfacet
  facet normal -1 0 0
    outer loop
      vertex 239.5 198.77 -6.59007
      vertex 239.5 200.765 -10.0439
      vertex 239.5 200.301 -10.2856
    endloop
  endfacet
  facet normal -1 -0 0
    outer loop
      vertex 239.5 201.622 -5.7485
      vertex 239.5 199.443 -6.18205
      vertex 239.5 200.857 -5.59625
    endloop
  endfacet
  facet normal -1 0 0
    outer loop
      vertex 239.5 198.531 -6.69552
      vertex 239.5 200.301 -10.2856
      vertex 239.5 199.817 -10.4859
    endloop
  endfacet
  facet normal -1 0 0
    outer loop
      vertex 239.5 200.857 -5.59625
      vertex 239.5 199.443 -6.18205
      vertex 239.5 200.091 -5.7485
    endloop
  endfacet
  facet normal -1 0 0
    outer loop
      vertex 239.5 198.287 -6.79039
      vertex 239.5 199.817 -10.4859
      vertex 239.5 199.318 -10.6433
    endloop
  endfacet
  facet normal -1 0 0
    outer loop
      vertex 239.5 201.856 -9.32912
      vertex 239.5 199.207 -6.36279
      vertex 239.5 199.443 -6.18205
    endloop
  endfacet
  facet normal -1 0 0
    outer loop
      vertex 239.5 198.287 -6.79039
      vertex 239.5 199.318 -10.6433
      vertex 239.5 198.807 -10.7566
    endloop
  endfacet
  facet normal -1 0 0
    outer loop
      vertex 239.5 200.765 -10.0439
      vertex 239.5 198.77 -6.59007
      vertex 239.5 199.207 -6.36279
    endloop
  endfacet
  facet normal -1 0 0
    outer loop
      vertex 239.5 200.301 -10.2856
      vertex 239.5 198.531 -6.69552
      vertex 239.5 198.77 -6.59007
    endloop
  endfacet
  facet normal -1 0 0
    outer loop
      vertex 239.5 198.77 -6.59007
      vertex 239.5 198.531 -6.69552
      vertex 239.5 198.582 -6.66799
    endloop
  endfacet
  facet normal -1 0 0
    outer loop
      vertex 239.5 199.817 -10.4859
      vertex 239.5 198.287 -6.79039
      vertex 239.5 198.531 -6.69552
    endloop
  endfacet
  facet normal -1 0 0
    outer loop
      vertex 239.5 198.531 -6.69552
      vertex 239.5 198.287 -6.79039
      vertex 239.5 198.475 -6.71246
    endloop
  endfacet
  facet normal -1 0 0
    outer loop
      vertex 239.5 197.817 -6.93842
      vertex 239.5 198.807 -10.7566
      vertex 239.5 198.042 -10.9088
    endloop
  endfacet
  facet normal -1 0 0
    outer loop
      vertex 239.5 198.807 -10.7566
      vertex 239.5 197.817 -6.93842
      vertex 239.5 198.287 -6.79039
    endloop
  endfacet
  facet normal -1 0 0
    outer loop
      vertex 239.5 197.523 -6.97716
      vertex 239.5 198.042 -10.9088
      vertex 239.5 197.523 -10.9772
    endloop
  endfacet
  facet normal -1 0 0
    outer loop
      vertex 239.5 198.042 -10.9088
      vertex 239.5 197.523 -6.97716
      vertex 239.5 197.817 -6.93842
    endloop
  endfacet
  facet normal -1 0 0
    outer loop
      vertex 239.5 197.025 -6.99891
      vertex 239.5 197.523 -10.9772
      vertex 239.5 197.025 -10.9989
    endloop
  endfacet
  facet normal -1 0 0
    outer loop
      vertex 239.5 197.523 -10.9772
      vertex 239.5 197.025 -6.99891
      vertex 239.5 197.523 -6.97716
    endloop
  endfacet
  facet normal -1 0 0
    outer loop
      vertex 239.5 194.172 -5.82843
      vertex 239.5 194.032 -5.67626
      vertex 239.5 194.002 -5.62199
    endloop
  endfacet
  facet normal -1 0 0
    outer loop
      vertex 239.5 193.19 -4.15207
      vertex 239.5 193.137 -4.05746
      vertex 239.5 193.077 -3.78036
    endloop
  endfacet
  facet normal -1 0 0
    outer loop
      vertex 239.5 197.025 0.997538
      vertex 239.5 197 1
      vertex 239.5 197.025 0.998908
    endloop
  endfacet
  facet normal -1 0 0
    outer loop
      vertex 239.5 204.486 -1.71326
      vertex 239.5 204.486 -0.182526
      vertex 239.5 204.638 -0.947891
    endloop
  endfacet
  facet normal -1 0 0
    outer loop
      vertex 239.5 200.79 -1.71326
      vertex 239.5 204.486 -0.182526
      vertex 239.5 204.486 -1.71326
    endloop
  endfacet
  facet normal -1 0 0
    outer loop
      vertex 239.5 200.79 -1.71326
      vertex 239.5 204.486 -1.71326
      vertex 239.5 204.052 -2.36211
    endloop
  endfacet
  facet normal -1 0 0
    outer loop
      vertex 239.5 200.696 -1.46927
      vertex 239.5 204.486 -0.182526
      vertex 239.5 200.79 -1.71326
    endloop
  endfacet
  facet normal -1 0 0
    outer loop
      vertex 239.5 200.59 -1.22966
      vertex 239.5 204.286 0.301071
      vertex 239.5 200.696 -1.46927
    endloop
  endfacet
  facet normal -1 0 0
    outer loop
      vertex 239.5 200.79 -1.71326
      vertex 239.5 204.052 -2.36211
      vertex 239.5 203.404 -2.79564
    endloop
  endfacet
  facet normal -1 -0 0
    outer loop
      vertex 239.5 204.286 0.301071
      vertex 239.5 200.59 -1.22966
      vertex 239.5 204.044 0.765366
    endloop
  endfacet
  facet normal -1 -0 0
    outer loop
      vertex 239.5 204.044 0.765366
      vertex 239.5 200.59 -1.22966
      vertex 239.5 203.763 1.20682
    endloop
  endfacet
  facet normal -1 0 0
    outer loop
      vertex 239.5 200.79 -1.71326
      vertex 239.5 203.404 -2.79564
      vertex 239.5 202.638 -2.94789
    endloop
  endfacet
  facet normal -1 0 0
    outer loop
      vertex 239.5 200.79 -1.71326
      vertex 239.5 202.638 -2.94789
      vertex 239.5 201.873 -2.79564
    endloop
  endfacet
  facet normal -1 0 0
    outer loop
      vertex 239.5 200.79 -1.71326
      vertex 239.5 201.873 -2.79564
      vertex 239.5 201.224 -2.36211
    endloop
  endfacet
  facet normal -1 -0 0
    outer loop
      vertex 239.5 204.486 -0.182526
      vertex 239.5 200.696 -1.46927
      vertex 239.5 204.286 0.301071
    endloop
  endfacet
  facet normal -1 0 0
    outer loop
      vertex 239.5 200.696 -1.46927
      vertex 239.5 200.79 -1.71326
      vertex 239.5 200.712 -1.52513
    endloop
  endfacet
  facet normal -1 0 0
    outer loop
      vertex 239.5 200.363 -0.793045
      vertex 239.5 203.763 1.20682
      vertex 239.5 200.59 -1.22966
    endloop
  endfacet
  facet normal -1 0 0
    outer loop
      vertex 239.5 200.59 -1.22966
      vertex 239.5 200.696 -1.46927
      vertex 239.5 200.668 -1.41777
    endloop
  endfacet
  facet normal -1 -0 0
    outer loop
      vertex 239.5 203.763 1.20682
      vertex 239.5 200.363 -0.793045
      vertex 239.5 203.329 1.85567
    endloop
  endfacet
  facet normal -1 0 0
    outer loop
      vertex 239.5 200.182 -0.557495
      vertex 239.5 203.329 1.85567
      vertex 239.5 200.363 -0.793045
    endloop
  endfacet
  facet normal -1 -0 0
    outer loop
      vertex 239.5 203.329 1.85567
      vertex 239.5 200.182 -0.557495
      vertex 239.5 203.218 2
    endloop
  endfacet
  facet normal -1 0 0
    outer loop
      vertex 239.5 199.829 -0.171821
      vertex 239.5 203.218 2
      vertex 239.5 200.182 -0.557495
    endloop
  endfacet
  facet normal -1 0 0
    outer loop
      vertex 239.5 199.828 -0.171573
      vertex 239.5 203.218 2
      vertex 239.5 199.829 -0.171821
    endloop
  endfacet
  facet normal -1 0 0
    outer loop
      vertex 239.5 199.828 -0.171369
      vertex 239.5 203.218 2
      vertex 239.5 199.828 -0.171573
    endloop
  endfacet
  facet normal -1 0 0
    outer loop
      vertex 239.5 199.443 0.182053
      vertex 239.5 203.218 2
      vertex 239.5 199.828 -0.171369
    endloop
  endfacet
  facet normal -1 0 0
    outer loop
      vertex 239.5 199.207 0.362793
      vertex 239.5 203.218 2
      vertex 239.5 199.443 0.182053
    endloop
  endfacet
  facet normal -1 0 0
    outer loop
      vertex 239.5 198.77 0.590073
      vertex 239.5 203.218 2
      vertex 239.5 199.207 0.362793
    endloop
  endfacet
  facet normal -1 0 0
    outer loop
      vertex 239.5 198.531 0.695518
      vertex 239.5 198.77 0.590073
      vertex 239.5 198.582 0.667992
    endloop
  endfacet
  facet normal -1 0 0
    outer loop
      vertex 239.5 198.77 0.590073
      vertex 239.5 198.531 0.695518
      vertex 239.5 203.218 2
    endloop
  endfacet
  facet normal -1 0 0
    outer loop
      vertex 239.5 198.287 0.79039
      vertex 239.5 198.531 0.695518
      vertex 239.5 198.475 0.712465
    endloop
  endfacet
  facet normal -1 0 0
    outer loop
      vertex 239.5 198.531 0.695518
      vertex 239.5 198.287 0.79039
      vertex 239.5 203.218 2
    endloop
  endfacet
  facet normal -1 0 0
    outer loop
      vertex 239.5 197.817 0.938416
      vertex 239.5 203.218 2
      vertex 239.5 198.287 0.79039
    endloop
  endfacet
  facet normal -1 0 0
    outer loop
      vertex 239.5 197.523 0.977158
      vertex 239.5 203.218 2
      vertex 239.5 197.817 0.938416
    endloop
  endfacet
  facet normal -1 0 0
    outer loop
      vertex 239.5 197.025 0.998908
      vertex 239.5 203.218 2
      vertex 239.5 197.523 0.977158
    endloop
  endfacet
  facet normal -1 0 0
    outer loop
      vertex 239.5 197 1
      vertex 239.5 203.218 2
      vertex 239.5 197.025 0.998908
    endloop
  endfacet
  facet normal -1 0 0
    outer loop
      vertex 239.5 192 2
      vertex 239.5 197 1
      vertex 239.5 196.22 0.923141
    endloop
  endfacet
  facet normal -1 0 0
    outer loop
      vertex 239.5 189.714 -6.30107
      vertex 239.5 193.41 -4.77034
      vertex 239.5 189.956 -6.76537
    endloop
  endfacet
  facet normal -1 0 -0
    outer loop
      vertex 239.5 193.304 -4.53073
      vertex 239.5 193.41 -4.77034
      vertex 239.5 189.714 -6.30107
    endloop
  endfacet
  facet normal -1 0 0
    outer loop
      vertex 239.5 193.41 -4.77034
      vertex 239.5 193.304 -4.53073
      vertex 239.5 193.332 -4.58223
    endloop
  endfacet
  facet normal -1 0 0
    outer loop
      vertex 239.5 192 0
      vertex 239.5 193.304 -1.46927
      vertex 239.5 193.077 -2.21964
    endloop
  endfacet
  facet normal -1 0 0
    outer loop
      vertex 239.5 192 0
      vertex 239.5 193.674 -0.777719
      vertex 239.5 193.304 -1.46927
    endloop
  endfacet
  facet normal -1 0 0
    outer loop
      vertex 239.5 192 0
      vertex 239.5 194.172 -0.171573
      vertex 239.5 193.674 -0.777719
    endloop
  endfacet
  facet normal -1 0 0
    outer loop
      vertex 239.5 192 2
      vertex 239.5 194.172 -0.171573
      vertex 239.5 192 0
    endloop
  endfacet
  facet normal -1 0 0
    outer loop
      vertex 239.5 194.172 -0.171573
      vertex 239.5 192 2
      vertex 239.5 194.778 0.325878
    endloop
  endfacet
  facet normal -1 0 0
    outer loop
      vertex 239.5 194.778 0.325878
      vertex 239.5 192 2
      vertex 239.5 195.469 0.695518
    endloop
  endfacet
  facet normal -1 0 0
    outer loop
      vertex 239.5 197 1
      vertex 239.5 192 2
      vertex 239.5 203.218 2
    endloop
  endfacet
  facet normal -1 0 0
    outer loop
      vertex 239.5 195.469 0.695518
      vertex 239.5 192 2
      vertex 239.5 196.22 0.923141
    endloop
  endfacet
  facet normal -1 0 0
    outer loop
      vertex 239.5 189.514 -5.81747
      vertex 239.5 193.304 -4.53073
      vertex 239.5 189.714 -6.30107
    endloop
  endfacet
  facet normal -1 0 -0
    outer loop
      vertex 239.5 193.21 -4.28674
      vertex 239.5 193.304 -4.53073
      vertex 239.5 189.514 -5.81747
    endloop
  endfacet
  facet normal -1 0 0
    outer loop
      vertex 239.5 193.304 -4.53073
      vertex 239.5 193.21 -4.28674
      vertex 239.5 193.288 -4.47487
    endloop
  endfacet
  facet normal -1 0 0
    outer loop
      vertex 239.5 189.357 -5.31827
      vertex 239.5 193.21 -4.28674
      vertex 239.5 189.514 -5.81747
    endloop
  endfacet
  facet normal -1 -0 0
    outer loop
      vertex 239.5 193.21 -4.28674
      vertex 239.5 189.357 -5.31827
      vertex 239.5 193.137 -4.05746
    endloop
  endfacet
  facet normal -1 0 0
    outer loop
      vertex 239.5 189.243 -4.80725
      vertex 239.5 193.137 -4.05746
      vertex 239.5 189.357 -5.31827
    endloop
  endfacet
  facet normal -1 -0 0
    outer loop
      vertex 239.5 193.137 -4.05746
      vertex 239.5 189.243 -4.80725
      vertex 239.5 193.077 -3.78036
    endloop
  endfacet
  facet normal -1 0 0
    outer loop
      vertex 239.5 189.091 -4.04189
      vertex 239.5 193.077 -3.78036
      vertex 239.5 189.243 -4.80725
    endloop
  endfacet
  facet normal -1 -0 0
    outer loop
      vertex 239.5 193.077 -3.78036
      vertex 239.5 189.091 -4.04189
      vertex 239.5 193 -3
    endloop
  endfacet
  facet normal -1 0 0
    outer loop
      vertex 239.5 189 -3
      vertex 239.5 193 -3
      vertex 239.5 189.023 -3.52293
    endloop
  endfacet
  facet normal -1 0 0
    outer loop
      vertex 239.5 189.023 -3.52293
      vertex 239.5 193 -3
      vertex 239.5 189.091 -4.04189
    endloop
  endfacet
  facet normal -1 0 -0
    outer loop
      vertex 239.5 189.357 -0.681732
      vertex 239.5 192 0
      vertex 239.5 189.243 -1.19275
    endloop
  endfacet
  facet normal -1 0 -0
    outer loop
      vertex 239.5 189.514 -0.182526
      vertex 239.5 192 0
      vertex 239.5 189.357 -0.681732
    endloop
  endfacet
  facet normal -1 -0 0
    outer loop
      vertex 239.5 192 0
      vertex 239.5 189.514 -0.182526
      vertex 239.5 189.59 0
    endloop
  endfacet
  facet normal -1 0 -0
    outer loop
      vertex 239.5 189.023 -2.47707
      vertex 239.5 193 -3
      vertex 239.5 189 -3
    endloop
  endfacet
  facet normal -1 0 0
    outer loop
      vertex 239.5 193.077 -2.21964
      vertex 239.5 189.243 -1.19275
      vertex 239.5 192 0
    endloop
  endfacet
  facet normal -1 0 -0
    outer loop
      vertex 239.5 189.091 -1.95811
      vertex 239.5 193 -3
      vertex 239.5 189.023 -2.47707
    endloop
  endfacet
  facet normal -1 0 -0
    outer loop
      vertex 239.5 189.243 -1.19275
      vertex 239.5 193.077 -2.21964
      vertex 239.5 189.091 -1.95811
    endloop
  endfacet
  facet normal -1 0 0
    outer loop
      vertex 239.5 193 -3
      vertex 239.5 189.091 -1.95811
      vertex 239.5 193.077 -2.21964
    endloop
  endfacet
  facet normal 1 0 0
    outer loop
      vertex 260.5 193.19 -4.15207
      vertex 260.5 193.077 -3.78036
      vertex 260.5 193.137 -4.05746
    endloop
  endfacet
  facet normal 1 0 0
    outer loop
      vertex 260.5 194.172 -5.82843
      vertex 260.5 194.002 -5.62199
      vertex 260.5 194.032 -5.67626
    endloop
  endfacet
  facet normal 1 0 0
    outer loop
      vertex 260.5 197 -7
      vertex 260.5 197.025 -6.99891
      vertex 260.5 197.025 -6.99754
    endloop
  endfacet
  facet normal 1 0 0
    outer loop
      vertex 260.5 197.025 -6.99891
      vertex 260.5 197 -7
      vertex 260.5 197.025 -10.9989
    endloop
  endfacet
  facet normal 1 0 0
    outer loop
      vertex 260.5 196.974 -10.9989
      vertex 260.5 197.025 -10.9989
      vertex 260.5 197 -7
    endloop
  endfacet
  facet normal 1 0 -0
    outer loop
      vertex 260.5 196.975 -11
      vertex 260.5 197.025 -10.9989
      vertex 260.5 196.974 -10.9989
    endloop
  endfacet
  facet normal 1 0 0
    outer loop
      vertex 260.5 197.025 -10.9989
      vertex 260.5 196.975 -11
      vertex 260.5 197.025 -11
    endloop
  endfacet
  facet normal 1 0 0
    outer loop
      vertex 260.5 197 -7
      vertex 260.5 196.477 -10.9772
      vertex 260.5 196.974 -10.9989
    endloop
  endfacet
  facet normal 1 0 0
    outer loop
      vertex 260.5 195.958 -10.9088
      vertex 260.5 197 -7
      vertex 260.5 196.22 -6.92314
    endloop
  endfacet
  facet normal 1 0 0
    outer loop
      vertex 260.5 197 -7
      vertex 260.5 195.958 -10.9088
      vertex 260.5 196.477 -10.9772
    endloop
  endfacet
  facet normal 1 0 0
    outer loop
      vertex 260.5 194.682 -10.6433
      vertex 260.5 196.22 -6.92314
      vertex 260.5 195.469 -6.69552
    endloop
  endfacet
  facet normal 1 0 0
    outer loop
      vertex 260.5 196.22 -6.92314
      vertex 260.5 195.193 -10.7566
      vertex 260.5 195.958 -10.9088
    endloop
  endfacet
  facet normal 1 0 0
    outer loop
      vertex 260.5 193.235 -10.0439
      vertex 260.5 195.469 -6.69552
      vertex 260.5 194.778 -6.32588
    endloop
  endfacet
  facet normal 1 0 0
    outer loop
      vertex 260.5 196.22 -6.92314
      vertex 260.5 194.682 -10.6433
      vertex 260.5 195.193 -10.7566
    endloop
  endfacet
  facet normal 1 0 0
    outer loop
      vertex 260.5 195.469 -6.69552
      vertex 260.5 194.183 -10.4859
      vertex 260.5 194.682 -10.6433
    endloop
  endfacet
  facet normal 1 0 0
    outer loop
      vertex 260.5 192.144 -9.32912
      vertex 260.5 194.778 -6.32588
      vertex 260.5 194.172 -5.82843
    endloop
  endfacet
  facet normal 1 0 0
    outer loop
      vertex 260.5 191.343 -8.65685
      vertex 260.5 194.172 -5.82843
      vertex 260.5 194.032 -5.67626
    endloop
  endfacet
  facet normal 1 0 0
    outer loop
      vertex 260.5 190.99 -8.27094
      vertex 260.5 194.032 -5.67626
      vertex 260.5 193.818 -5.4425
    endloop
  endfacet
  facet normal 1 0 0
    outer loop
      vertex 260.5 195.469 -6.69552
      vertex 260.5 193.699 -10.2856
      vertex 260.5 194.183 -10.4859
    endloop
  endfacet
  facet normal 1 0 0
    outer loop
      vertex 260.5 190.671 -7.85567
      vertex 260.5 193.818 -5.4425
      vertex 260.5 193.637 -5.20695
    endloop
  endfacet
  facet normal 1 0 0
    outer loop
      vertex 260.5 190.237 -7.20682
      vertex 260.5 193.637 -5.20695
      vertex 260.5 193.41 -4.77034
    endloop
  endfacet
  facet normal 1 0 0
    outer loop
      vertex 260.5 193.304 -4.53073
      vertex 260.5 193.41 -4.77034
      vertex 260.5 193.332 -4.58223
    endloop
  endfacet
  facet normal 1 0 0
    outer loop
      vertex 260.5 193.41 -4.77034
      vertex 260.5 193.304 -4.53073
      vertex 260.5 189.714 -6.30107
    endloop
  endfacet
  facet normal 1 0 0
    outer loop
      vertex 260.5 193.21 -4.28674
      vertex 260.5 193.304 -4.53073
      vertex 260.5 193.288 -4.47487
    endloop
  endfacet
  facet normal 1 0 0
    outer loop
      vertex 260.5 195.469 -6.69552
      vertex 260.5 193.235 -10.0439
      vertex 260.5 193.699 -10.2856
    endloop
  endfacet
  facet normal 1 0 0
    outer loop
      vertex 260.5 193.304 -4.53073
      vertex 260.5 193.21 -4.28674
      vertex 260.5 189.514 -5.81747
    endloop
  endfacet
  facet normal 1 0 0
    outer loop
      vertex 260.5 189.357 -5.31827
      vertex 260.5 193.21 -4.28674
      vertex 260.5 193.137 -4.05746
    endloop
  endfacet
  facet normal 1 0 0
    outer loop
      vertex 260.5 189.243 -4.80725
      vertex 260.5 193.137 -4.05746
      vertex 260.5 193.077 -3.78036
    endloop
  endfacet
  facet normal 1 0 0
    outer loop
      vertex 260.5 189.091 -4.04189
      vertex 260.5 193.077 -3.78036
      vertex 260.5 193 -3
    endloop
  endfacet
  facet normal 1 0 0
    outer loop
      vertex 260.5 194.778 -6.32588
      vertex 260.5 192.793 -9.76266
      vertex 260.5 193.235 -10.0439
    endloop
  endfacet
  facet normal 1 0 0
    outer loop
      vertex 260.5 202.704 -6.83089
      vertex 260.5 202.704 -8.36163
      vertex 260.5 202.857 -7.59625
    endloop
  endfacet
  facet normal 1 0 0
    outer loop
      vertex 260.5 202.271 -6.18205
      vertex 260.5 202.704 -8.36163
      vertex 260.5 202.704 -6.83089
    endloop
  endfacet
  facet normal 1 0 0
    outer loop
      vertex 260.5 202.271 -6.18205
      vertex 260.5 202.271 -9.01047
      vertex 260.5 202.704 -8.36163
    endloop
  endfacet
  facet normal 1 0 0
    outer loop
      vertex 260.5 202.271 -6.18205
      vertex 260.5 201.856 -9.32912
      vertex 260.5 202.271 -9.01047
    endloop
  endfacet
  facet normal 1 0 0
    outer loop
      vertex 260.5 201.622 -5.7485
      vertex 260.5 201.856 -9.32912
      vertex 260.5 202.271 -6.18205
    endloop
  endfacet
  facet normal 1 -0 0
    outer loop
      vertex 260.5 199.443 -6.18205
      vertex 260.5 201.856 -9.32912
      vertex 260.5 201.622 -5.7485
    endloop
  endfacet
  facet normal 1 0 0
    outer loop
      vertex 260.5 199.443 -6.18205
      vertex 260.5 201.622 -5.7485
      vertex 260.5 200.857 -5.59625
    endloop
  endfacet
  facet normal 1 -0 0
    outer loop
      vertex 260.5 199.207 -6.36279
      vertex 260.5 201.856 -9.32912
      vertex 260.5 199.443 -6.18205
    endloop
  endfacet
  facet normal 1 0 0
    outer loop
      vertex 260.5 201.856 -9.32912
      vertex 260.5 199.207 -6.36279
      vertex 260.5 201.207 -9.76266
    endloop
  endfacet
  facet normal 1 0 0
    outer loop
      vertex 260.5 199.443 -6.18205
      vertex 260.5 200.857 -5.59625
      vertex 260.5 200.091 -5.7485
    endloop
  endfacet
  facet normal 1 0 0
    outer loop
      vertex 260.5 201.207 -9.76266
      vertex 260.5 199.207 -6.36279
      vertex 260.5 200.765 -10.0439
    endloop
  endfacet
  facet normal 1 -0 0
    outer loop
      vertex 260.5 198.77 -6.59007
      vertex 260.5 200.765 -10.0439
      vertex 260.5 199.207 -6.36279
    endloop
  endfacet
  facet normal 1 0 0
    outer loop
      vertex 260.5 200.765 -10.0439
      vertex 260.5 198.77 -6.59007
      vertex 260.5 200.301 -10.2856
    endloop
  endfacet
  facet normal 1 -0 0
    outer loop
      vertex 260.5 198.531 -6.69552
      vertex 260.5 200.301 -10.2856
      vertex 260.5 198.77 -6.59007
    endloop
  endfacet
  facet normal 1 0 0
    outer loop
      vertex 260.5 200.301 -10.2856
      vertex 260.5 198.531 -6.69552
      vertex 260.5 199.817 -10.4859
    endloop
  endfacet
  facet normal 1 -0 0
    outer loop
      vertex 260.5 198.287 -6.79039
      vertex 260.5 199.817 -10.4859
      vertex 260.5 198.531 -6.69552
    endloop
  endfacet
  facet normal 1 0 0
    outer loop
      vertex 260.5 198.531 -6.69552
      vertex 260.5 198.77 -6.59007
      vertex 260.5 198.582 -6.66799
    endloop
  endfacet
  facet normal 1 0 0
    outer loop
      vertex 260.5 199.817 -10.4859
      vertex 260.5 198.287 -6.79039
      vertex 260.5 199.318 -10.6433
    endloop
  endfacet
  facet normal 1 0 0
    outer loop
      vertex 260.5 198.287 -6.79039
      vertex 260.5 198.531 -6.69552
      vertex 260.5 198.475 -6.71246
    endloop
  endfacet
  facet normal 1 0 0
    outer loop
      vertex 260.5 199.318 -10.6433
      vertex 260.5 198.287 -6.79039
      vertex 260.5 198.807 -10.7566
    endloop
  endfacet
  facet normal 1 -0 0
    outer loop
      vertex 260.5 197.817 -6.93842
      vertex 260.5 198.807 -10.7566
      vertex 260.5 198.287 -6.79039
    endloop
  endfacet
  facet normal 1 0 0
    outer loop
      vertex 260.5 198.807 -10.7566
      vertex 260.5 197.817 -6.93842
      vertex 260.5 198.042 -10.9088
    endloop
  endfacet
  facet normal 1 -0 0
    outer loop
      vertex 260.5 197.523 -6.97716
      vertex 260.5 198.042 -10.9088
      vertex 260.5 197.817 -6.93842
    endloop
  endfacet
  facet normal 1 0 0
    outer loop
      vertex 260.5 197.523 -6.97716
      vertex 260.5 197.523 -10.9772
      vertex 260.5 198.042 -10.9088
    endloop
  endfacet
  facet normal 1 -0 0
    outer loop
      vertex 260.5 197.025 -6.99891
      vertex 260.5 197.523 -10.9772
      vertex 260.5 197.523 -6.97716
    endloop
  endfacet
  facet normal 1 0 0
    outer loop
      vertex 260.5 197.523 -10.9772
      vertex 260.5 197.025 -6.99891
      vertex 260.5 197.025 -10.9989
    endloop
  endfacet
  facet normal 1 0 0
    outer loop
      vertex 260.5 204.486 -0.182526
      vertex 260.5 204.486 -1.71326
      vertex 260.5 204.638 -0.947891
    endloop
  endfacet
  facet normal 1 0 0
    outer loop
      vertex 260.5 200.696 -1.46927
      vertex 260.5 204.486 -0.182526
      vertex 260.5 204.286 0.301071
    endloop
  endfacet
  facet normal 1 0 0
    outer loop
      vertex 260.5 204.486 -0.182526
      vertex 260.5 200.79 -1.71326
      vertex 260.5 204.486 -1.71326
    endloop
  endfacet
  facet normal 1 0 0
    outer loop
      vertex 260.5 200.59 -1.22966
      vertex 260.5 204.286 0.301071
      vertex 260.5 204.044 0.765366
    endloop
  endfacet
  facet normal 1 0 0
    outer loop
      vertex 260.5 200.59 -1.22966
      vertex 260.5 204.044 0.765366
      vertex 260.5 203.763 1.20682
    endloop
  endfacet
  facet normal 1 0 0
    outer loop
      vertex 260.5 204.486 -0.182526
      vertex 260.5 200.696 -1.46927
      vertex 260.5 200.79 -1.71326
    endloop
  endfacet
  facet normal 1 0 0
    outer loop
      vertex 260.5 200.363 -0.793045
      vertex 260.5 203.763 1.20682
      vertex 260.5 203.329 1.85567
    endloop
  endfacet
  facet normal 1 0 0
    outer loop
      vertex 260.5 200.182 -0.557495
      vertex 260.5 203.329 1.85567
      vertex 260.5 203.218 2
    endloop
  endfacet
  facet normal 1 0 0
    outer loop
      vertex 260.5 204.486 -1.71326
      vertex 260.5 200.79 -1.71326
      vertex 260.5 204.052 -2.36211
    endloop
  endfacet
  facet normal 1 0 0
    outer loop
      vertex 260.5 204.052 -2.36211
      vertex 260.5 200.79 -1.71326
      vertex 260.5 203.404 -2.79564
    endloop
  endfacet
  facet normal 1 0 0
    outer loop
      vertex 260.5 203.404 -2.79564
      vertex 260.5 200.79 -1.71326
      vertex 260.5 202.638 -2.94789
    endloop
  endfacet
  facet normal 1 0 0
    outer loop
      vertex 260.5 202.638 -2.94789
      vertex 260.5 200.79 -1.71326
      vertex 260.5 201.873 -2.79564
    endloop
  endfacet
  facet normal 1 0 0
    outer loop
      vertex 260.5 201.873 -2.79564
      vertex 260.5 200.79 -1.71326
      vertex 260.5 201.224 -2.36211
    endloop
  endfacet
  facet normal 1 0 0
    outer loop
      vertex 260.5 200.79 -1.71326
      vertex 260.5 200.696 -1.46927
      vertex 260.5 200.712 -1.52513
    endloop
  endfacet
  facet normal 1 0 0
    outer loop
      vertex 260.5 204.286 0.301071
      vertex 260.5 200.59 -1.22966
      vertex 260.5 200.696 -1.46927
    endloop
  endfacet
  facet normal 1 0 0
    outer loop
      vertex 260.5 200.696 -1.46927
      vertex 260.5 200.59 -1.22966
      vertex 260.5 200.668 -1.41777
    endloop
  endfacet
  facet normal 1 0 0
    outer loop
      vertex 260.5 203.763 1.20682
      vertex 260.5 200.363 -0.793045
      vertex 260.5 200.59 -1.22966
    endloop
  endfacet
  facet normal 1 0 0
    outer loop
      vertex 260.5 203.329 1.85567
      vertex 260.5 200.182 -0.557495
      vertex 260.5 200.363 -0.793045
    endloop
  endfacet
  facet normal 1 0 0
    outer loop
      vertex 260.5 203.218 2
      vertex 260.5 199.829 -0.171821
      vertex 260.5 200.182 -0.557495
    endloop
  endfacet
  facet normal 1 0 0
    outer loop
      vertex 260.5 203.218 2
      vertex 260.5 199.828 -0.171573
      vertex 260.5 199.829 -0.171821
    endloop
  endfacet
  facet normal 1 0 0
    outer loop
      vertex 260.5 203.218 2
      vertex 260.5 199.828 -0.171369
      vertex 260.5 199.828 -0.171573
    endloop
  endfacet
  facet normal 1 0 0
    outer loop
      vertex 260.5 203.218 2
      vertex 260.5 199.443 0.182053
      vertex 260.5 199.828 -0.171369
    endloop
  endfacet
  facet normal 1 0 0
    outer loop
      vertex 260.5 203.218 2
      vertex 260.5 199.207 0.362793
      vertex 260.5 199.443 0.182053
    endloop
  endfacet
  facet normal 1 0 0
    outer loop
      vertex 260.5 203.218 2
      vertex 260.5 198.77 0.590073
      vertex 260.5 199.207 0.362793
    endloop
  endfacet
  facet normal 1 -0 0
    outer loop
      vertex 260.5 198.531 0.695518
      vertex 260.5 198.77 0.590073
      vertex 260.5 203.218 2
    endloop
  endfacet
  facet normal 1 0 0
    outer loop
      vertex 260.5 198.77 0.590073
      vertex 260.5 198.531 0.695518
      vertex 260.5 198.582 0.667992
    endloop
  endfacet
  facet normal 1 -0 0
    outer loop
      vertex 260.5 198.287 0.79039
      vertex 260.5 198.531 0.695518
      vertex 260.5 203.218 2
    endloop
  endfacet
  facet normal 1 0 0
    outer loop
      vertex 260.5 198.531 0.695518
      vertex 260.5 198.287 0.79039
      vertex 260.5 198.475 0.712465
    endloop
  endfacet
  facet normal 1 0 0
    outer loop
      vertex 260.5 203.218 2
      vertex 260.5 197.817 0.938416
      vertex 260.5 198.287 0.79039
    endloop
  endfacet
  facet normal 1 0 0
    outer loop
      vertex 260.5 203.218 2
      vertex 260.5 197.523 0.977158
      vertex 260.5 197.817 0.938416
    endloop
  endfacet
  facet normal 1 0 0
    outer loop
      vertex 260.5 203.218 2
      vertex 260.5 197.025 0.998908
      vertex 260.5 197.523 0.977158
    endloop
  endfacet
  facet normal 1 0 0
    outer loop
      vertex 260.5 197.025 0.998908
      vertex 260.5 197 1
      vertex 260.5 197.025 0.997538
    endloop
  endfacet
  facet normal 1 0 0
    outer loop
      vertex 260.5 203.218 2
      vertex 260.5 197 1
      vertex 260.5 197.025 0.998908
    endloop
  endfacet
  facet normal 1 -0 0
    outer loop
      vertex 260.5 192 2
      vertex 260.5 197 1
      vertex 260.5 203.218 2
    endloop
  endfacet
  facet normal 1 0 0
    outer loop
      vertex 260.5 194.778 -6.32588
      vertex 260.5 192.144 -9.32912
      vertex 260.5 192.793 -9.76266
    endloop
  endfacet
  facet normal 1 0 0
    outer loop
      vertex 260.5 189.091 -1.95811
      vertex 260.5 193 -3
      vertex 260.5 193.077 -2.21964
    endloop
  endfacet
  facet normal 1 0 0
    outer loop
      vertex 260.5 197 1
      vertex 260.5 192 2
      vertex 260.5 196.22 0.923141
    endloop
  endfacet
  facet normal 1 0 0
    outer loop
      vertex 260.5 192 2
      vertex 260.5 195.469 0.695518
      vertex 260.5 196.22 0.923141
    endloop
  endfacet
  facet normal 1 0 0
    outer loop
      vertex 260.5 192 2
      vertex 260.5 194.778 0.325878
      vertex 260.5 195.469 0.695518
    endloop
  endfacet
  facet normal 1 0 0
    outer loop
      vertex 260.5 192 2
      vertex 260.5 194.172 -0.171573
      vertex 260.5 194.778 0.325878
    endloop
  endfacet
  facet normal 1 -0 0
    outer loop
      vertex 260.5 192 0
      vertex 260.5 194.172 -0.171573
      vertex 260.5 192 2
    endloop
  endfacet
  facet normal 1 0 0
    outer loop
      vertex 260.5 194.172 -0.171573
      vertex 260.5 192 0
      vertex 260.5 193.674 -0.777719
    endloop
  endfacet
  facet normal 1 0 0
    outer loop
      vertex 260.5 193.674 -0.777719
      vertex 260.5 192 0
      vertex 260.5 193.304 -1.46927
    endloop
  endfacet
  facet normal 1 0 0
    outer loop
      vertex 260.5 193.304 -1.46927
      vertex 260.5 192 0
      vertex 260.5 193.077 -2.21964
    endloop
  endfacet
  facet normal 1 -0 0
    outer loop
      vertex 260.5 189.243 -1.19275
      vertex 260.5 193.077 -2.21964
      vertex 260.5 192 0
    endloop
  endfacet
  facet normal 1 0 0
    outer loop
      vertex 260.5 194.172 -5.82843
      vertex 260.5 191.729 -9.01047
      vertex 260.5 192.144 -9.32912
    endloop
  endfacet
  facet normal 1 0 0
    outer loop
      vertex 260.5 194.172 -5.82843
      vertex 260.5 191.343 -8.65685
      vertex 260.5 191.729 -9.01047
    endloop
  endfacet
  facet normal 1 0 0
    outer loop
      vertex 260.5 194.032 -5.67626
      vertex 260.5 190.99 -8.27094
      vertex 260.5 191.343 -8.65685
    endloop
  endfacet
  facet normal 1 0 0
    outer loop
      vertex 260.5 193.818 -5.4425
      vertex 260.5 190.671 -7.85567
      vertex 260.5 190.99 -8.27094
    endloop
  endfacet
  facet normal 1 0 0
    outer loop
      vertex 260.5 193.637 -5.20695
      vertex 260.5 190.237 -7.20682
      vertex 260.5 190.671 -7.85567
    endloop
  endfacet
  facet normal 1 0 0
    outer loop
      vertex 260.5 193.41 -4.77034
      vertex 260.5 189.956 -6.76537
      vertex 260.5 190.237 -7.20682
    endloop
  endfacet
  facet normal 1 0 0
    outer loop
      vertex 260.5 193.41 -4.77034
      vertex 260.5 189.714 -6.30107
      vertex 260.5 189.956 -6.76537
    endloop
  endfacet
  facet normal 1 0 0
    outer loop
      vertex 260.5 189.514 -0.182526
      vertex 260.5 192 0
      vertex 260.5 189.59 0
    endloop
  endfacet
  facet normal 1 0 0
    outer loop
      vertex 260.5 192 0
      vertex 260.5 189.514 -0.182526
      vertex 260.5 189.357 -0.681732
    endloop
  endfacet
  facet normal 1 0 0
    outer loop
      vertex 260.5 193.077 -2.21964
      vertex 260.5 189.243 -1.19275
      vertex 260.5 189.091 -1.95811
    endloop
  endfacet
  facet normal 1 0 0
    outer loop
      vertex 260.5 192 0
      vertex 260.5 189.357 -0.681732
      vertex 260.5 189.243 -1.19275
    endloop
  endfacet
  facet normal 1 0 0
    outer loop
      vertex 260.5 193.137 -4.05746
      vertex 260.5 189.243 -4.80725
      vertex 260.5 189.357 -5.31827
    endloop
  endfacet
  facet normal 1 0 0
    outer loop
      vertex 260.5 193.304 -4.53073
      vertex 260.5 189.514 -5.81747
      vertex 260.5 189.714 -6.30107
    endloop
  endfacet
  facet normal 1 0 0
    outer loop
      vertex 260.5 193.21 -4.28674
      vertex 260.5 189.357 -5.31827
      vertex 260.5 189.514 -5.81747
    endloop
  endfacet
  facet normal 1 0 0
    outer loop
      vertex 260.5 193 -3
      vertex 260.5 189.091 -1.95811
      vertex 260.5 189.023 -2.47707
    endloop
  endfacet
  facet normal 1 0 0
    outer loop
      vertex 260.5 193.077 -3.78036
      vertex 260.5 189.091 -4.04189
      vertex 260.5 189.243 -4.80725
    endloop
  endfacet
  facet normal 1 0 0
    outer loop
      vertex 260.5 193 -3
      vertex 260.5 189.023 -2.47707
      vertex 260.5 189 -3
    endloop
  endfacet
  facet normal 1 0 0
    outer loop
      vertex 260.5 193 -3
      vertex 260.5 189.023 -3.52293
      vertex 260.5 189.091 -4.04189
    endloop
  endfacet
  facet normal 1 0 0
    outer loop
      vertex 260.5 193 -3
      vertex 260.5 189 -3
      vertex 260.5 189.023 -3.52293
    endloop
  endfacet
  facet normal 0 -0.0436331 -0.999048
    outer loop
      vertex 239.5 197.025 0.998908
      vertex 260.5 197.523 0.977158
      vertex 260.5 197.025 0.998908
    endloop
  endfacet
  facet normal -0 -0.0436331 -0.999048
    outer loop
      vertex 260.5 197.523 0.977158
      vertex 239.5 197.025 0.998908
      vertex 239.5 197.523 0.977158
    endloop
  endfacet
  facet normal 0 -0.130646 -0.991429
    outer loop
      vertex 239.5 197.523 0.977158
      vertex 260.5 197.817 0.938416
      vertex 260.5 197.523 0.977158
    endloop
  endfacet
  facet normal -0 -0.130646 -0.991429
    outer loop
      vertex 260.5 197.817 0.938416
      vertex 239.5 197.523 0.977158
      vertex 239.5 197.817 0.938416
    endloop
  endfacet
  facet normal 0 -0.300402 -0.953813
    outer loop
      vertex 239.5 197.817 0.938416
      vertex 260.5 198.287 0.79039
      vertex 260.5 197.817 0.938416
    endloop
  endfacet
  facet normal -0 -0.300402 -0.953813
    outer loop
      vertex 260.5 198.287 0.79039
      vertex 239.5 197.817 0.938416
      vertex 239.5 198.287 0.79039
    endloop
  endfacet
  facet normal 0 -0.382905 -0.923788
    outer loop
      vertex 239.5 198.287 0.79039
      vertex 260.5 198.475 0.712465
      vertex 260.5 198.287 0.79039
    endloop
  endfacet
  facet normal -0 -0.382905 -0.923788
    outer loop
      vertex 260.5 198.475 0.712465
      vertex 239.5 198.287 0.79039
      vertex 239.5 198.475 0.712465
    endloop
  endfacet
  facet normal 0 -0.38288 -0.923798
    outer loop
      vertex 239.5 198.582 0.667992
      vertex 260.5 198.77 0.590073
      vertex 260.5 198.582 0.667992
    endloop
  endfacet
  facet normal -0 -0.38288 -0.923798
    outer loop
      vertex 260.5 198.77 0.590073
      vertex 239.5 198.582 0.667992
      vertex 239.5 198.77 0.590073
    endloop
  endfacet
  facet normal 0 -0.461417 -0.887184
    outer loop
      vertex 239.5 198.77 0.590073
      vertex 260.5 199.207 0.362793
      vertex 260.5 198.77 0.590073
    endloop
  endfacet
  facet normal -0 -0.461417 -0.887184
    outer loop
      vertex 260.5 199.207 0.362793
      vertex 239.5 198.77 0.590073
      vertex 239.5 199.207 0.362793
    endloop
  endfacet
  facet normal 0 -0.608022 -0.79392
    outer loop
      vertex 239.5 199.207 0.362793
      vertex 260.5 199.443 0.182053
      vertex 260.5 199.207 0.362793
    endloop
  endfacet
  facet normal -0 -0.608022 -0.79392
    outer loop
      vertex 260.5 199.443 0.182053
      vertex 239.5 199.207 0.362793
      vertex 239.5 199.443 0.182053
    endloop
  endfacet
  facet normal 0 -0.67625 -0.736672
    outer loop
      vertex 239.5 199.443 0.182053
      vertex 260.5 199.828 -0.171369
      vertex 260.5 199.443 0.182053
    endloop
  endfacet
  facet normal -0 -0.67625 -0.736672
    outer loop
      vertex 260.5 199.828 -0.171369
      vertex 239.5 199.443 0.182053
      vertex 239.5 199.828 -0.171369
    endloop
  endfacet
  facet normal 0 -0.737663 -0.675169
    outer loop
      vertex 239.5 200.182 -0.557495
      vertex 260.5 199.829 -0.171821
      vertex 239.5 199.829 -0.171821
    endloop
  endfacet
  facet normal 0 -0.737663 -0.675169
    outer loop
      vertex 260.5 199.829 -0.171821
      vertex 239.5 200.182 -0.557495
      vertex 260.5 200.182 -0.557495
    endloop
  endfacet
  facet normal 0 -0.792937 -0.609304
    outer loop
      vertex 239.5 200.363 -0.793045
      vertex 260.5 200.182 -0.557495
      vertex 239.5 200.182 -0.557495
    endloop
  endfacet
  facet normal 0 -0.792937 -0.609304
    outer loop
      vertex 260.5 200.182 -0.557495
      vertex 239.5 200.363 -0.793045
      vertex 260.5 200.363 -0.793045
    endloop
  endfacet
  facet normal 0 -0.88725 -0.461289
    outer loop
      vertex 239.5 200.59 -1.22966
      vertex 260.5 200.363 -0.793045
      vertex 239.5 200.363 -0.793045
    endloop
  endfacet
  facet normal 0 -0.88725 -0.461289
    outer loop
      vertex 260.5 200.363 -0.793045
      vertex 239.5 200.59 -1.22966
      vertex 260.5 200.59 -1.22966
    endloop
  endfacet
  facet normal 0 -0.923737 -0.383028
    outer loop
      vertex 239.5 200.668 -1.41777
      vertex 260.5 200.59 -1.22966
      vertex 239.5 200.59 -1.22966
    endloop
  endfacet
  facet normal 0 -0.923737 -0.383028
    outer loop
      vertex 260.5 200.59 -1.22966
      vertex 239.5 200.668 -1.41777
      vertex 260.5 200.668 -1.41777
    endloop
  endfacet
  facet normal 0 -0.923751 -0.382994
    outer loop
      vertex 239.5 200.79 -1.71326
      vertex 260.5 200.712 -1.52513
      vertex 239.5 200.712 -1.52513
    endloop
  endfacet
  facet normal 0 -0.923751 -0.382994
    outer loop
      vertex 260.5 200.712 -1.52513
      vertex 239.5 200.79 -1.71326
      vertex 260.5 200.79 -1.71326
    endloop
  endfacet
  facet normal 0 -0.831202 -0.555971
    outer loop
      vertex 239.5 201.224 -2.36211
      vertex 260.5 200.79 -1.71326
      vertex 239.5 200.79 -1.71326
    endloop
  endfacet
  facet normal 0 -0.831202 -0.555971
    outer loop
      vertex 260.5 200.79 -1.71326
      vertex 239.5 201.224 -2.36211
      vertex 260.5 201.224 -2.36211
    endloop
  endfacet
  facet normal 0 -0.555466 -0.831539
    outer loop
      vertex 239.5 201.224 -2.36211
      vertex 260.5 201.873 -2.79564
      vertex 260.5 201.224 -2.36211
    endloop
  endfacet
  facet normal -0 -0.555466 -0.831539
    outer loop
      vertex 260.5 201.873 -2.79564
      vertex 239.5 201.224 -2.36211
      vertex 239.5 201.873 -2.79564
    endloop
  endfacet
  facet normal 0 -0.195191 -0.980765
    outer loop
      vertex 239.5 201.873 -2.79564
      vertex 260.5 202.638 -2.94789
      vertex 260.5 201.873 -2.79564
    endloop
  endfacet
  facet normal -0 -0.195191 -0.980765
    outer loop
      vertex 260.5 202.638 -2.94789
      vertex 239.5 201.873 -2.79564
      vertex 239.5 202.638 -2.94789
    endloop
  endfacet
  facet normal 0 0.194946 -0.980814
    outer loop
      vertex 239.5 202.638 -2.94789
      vertex 260.5 203.404 -2.79564
      vertex 260.5 202.638 -2.94789
    endloop
  endfacet
  facet normal 0 0.194946 -0.980814
    outer loop
      vertex 260.5 203.404 -2.79564
      vertex 239.5 202.638 -2.94789
      vertex 239.5 203.404 -2.79564
    endloop
  endfacet
  facet normal 0 0.556058 -0.831143
    outer loop
      vertex 239.5 203.404 -2.79564
      vertex 260.5 204.052 -2.36211
      vertex 260.5 203.404 -2.79564
    endloop
  endfacet
  facet normal 0 0.556058 -0.831143
    outer loop
      vertex 260.5 204.052 -2.36211
      vertex 239.5 203.404 -2.79564
      vertex 239.5 204.052 -2.36211
    endloop
  endfacet
  facet normal 0 0.831202 -0.555971
    outer loop
      vertex 260.5 204.052 -2.36211
      vertex 239.5 204.486 -1.71326
      vertex 260.5 204.486 -1.71326
    endloop
  endfacet
  facet normal 0 0.831202 -0.555971
    outer loop
      vertex 239.5 204.486 -1.71326
      vertex 260.5 204.052 -2.36211
      vertex 239.5 204.052 -2.36211
    endloop
  endfacet
  facet normal 0 0.980844 -0.194793
    outer loop
      vertex 260.5 204.486 -1.71326
      vertex 239.5 204.638 -0.947891
      vertex 260.5 204.638 -0.947891
    endloop
  endfacet
  facet normal 0 0.980844 -0.194793
    outer loop
      vertex 239.5 204.638 -0.947891
      vertex 260.5 204.486 -1.71326
      vertex 239.5 204.486 -1.71326
    endloop
  endfacet
  facet normal 0 0.980844 0.194794
    outer loop
      vertex 260.5 204.638 -0.947891
      vertex 239.5 204.486 -0.182526
      vertex 260.5 204.486 -0.182526
    endloop
  endfacet
  facet normal 0 0.980844 0.194794
    outer loop
      vertex 239.5 204.486 -0.182526
      vertex 260.5 204.638 -0.947891
      vertex 239.5 204.638 -0.947891
    endloop
  endfacet
  facet normal 0 0.92409 0.382174
    outer loop
      vertex 260.5 204.486 -0.182526
      vertex 239.5 204.286 0.301071
      vertex 260.5 204.286 0.301071
    endloop
  endfacet
  facet normal 0 0.92409 0.382174
    outer loop
      vertex 239.5 204.286 0.301071
      vertex 260.5 204.486 -0.182526
      vertex 239.5 204.486 -0.182526
    endloop
  endfacet
  facet normal 0 0.886773 0.462204
    outer loop
      vertex 260.5 204.286 0.301071
      vertex 239.5 204.044 0.765366
      vertex 260.5 204.044 0.765366
    endloop
  endfacet
  facet normal 0 0.886773 0.462204
    outer loop
      vertex 239.5 204.044 0.765366
      vertex 260.5 204.286 0.301071
      vertex 239.5 204.286 0.301071
    endloop
  endfacet
  facet normal 0 0.843597 0.536977
    outer loop
      vertex 260.5 204.044 0.765366
      vertex 239.5 203.763 1.20682
      vertex 260.5 203.763 1.20682
    endloop
  endfacet
  facet normal 0 0.843597 0.536977
    outer loop
      vertex 239.5 203.763 1.20682
      vertex 260.5 204.044 0.765366
      vertex 239.5 204.044 0.765366
    endloop
  endfacet
  facet normal 0 0.831202 0.555971
    outer loop
      vertex 260.5 203.763 1.20682
      vertex 239.5 203.329 1.85567
      vertex 260.5 203.329 1.85567
    endloop
  endfacet
  facet normal 0 0.831202 0.555971
    outer loop
      vertex 239.5 203.329 1.85567
      vertex 260.5 203.763 1.20682
      vertex 239.5 203.763 1.20682
    endloop
  endfacet
  facet normal 0 0.792685 0.609631
    outer loop
      vertex 260.5 203.329 1.85567
      vertex 239.5 203.218 2
      vertex 260.5 203.218 2
    endloop
  endfacet
  facet normal 0 0.792685 0.609631
    outer loop
      vertex 239.5 203.218 2
      vertex 260.5 203.329 1.85567
      vertex 239.5 203.329 1.85567
    endloop
  endfacet
  facet normal 0 -0.923171 0.384389
    outer loop
      vertex 239.5 189.514 -0.182526
      vertex 260.5 189.59 0
      vertex 239.5 189.59 0
    endloop
  endfacet
  facet normal 0 -0.923171 0.384389
    outer loop
      vertex 260.5 189.59 0
      vertex 239.5 189.514 -0.182526
      vertex 260.5 189.514 -0.182526
    endloop
  endfacet
  facet normal 0 -0.953935 0.300012
    outer loop
      vertex 239.5 189.357 -0.681732
      vertex 260.5 189.514 -0.182526
      vertex 239.5 189.514 -0.182526
    endloop
  endfacet
  facet normal 0 -0.953935 0.300012
    outer loop
      vertex 260.5 189.514 -0.182526
      vertex 239.5 189.357 -0.681732
      vertex 260.5 189.357 -0.681732
    endloop
  endfacet
  facet normal 0 -0.976009 0.217732
    outer loop
      vertex 239.5 189.243 -1.19275
      vertex 260.5 189.357 -0.681732
      vertex 239.5 189.357 -0.681732
    endloop
  endfacet
  facet normal 0 -0.976009 0.217732
    outer loop
      vertex 260.5 189.357 -0.681732
      vertex 239.5 189.243 -1.19275
      vertex 260.5 189.243 -1.19275
    endloop
  endfacet
  facet normal 0 -0.980844 0.194795
    outer loop
      vertex 239.5 189.091 -1.95811
      vertex 260.5 189.243 -1.19275
      vertex 239.5 189.243 -1.19275
    endloop
  endfacet
  facet normal 0 -0.980844 0.194795
    outer loop
      vertex 260.5 189.243 -1.19275
      vertex 239.5 189.091 -1.95811
      vertex 260.5 189.091 -1.95811
    endloop
  endfacet
  facet normal 0 -0.991524 0.129921
    outer loop
      vertex 239.5 189.023 -2.47707
      vertex 260.5 189.091 -1.95811
      vertex 239.5 189.091 -1.95811
    endloop
  endfacet
  facet normal 0 -0.991524 0.129921
    outer loop
      vertex 260.5 189.091 -1.95811
      vertex 239.5 189.023 -2.47707
      vertex 260.5 189.023 -2.47707
    endloop
  endfacet
  facet normal 0 -0.999034 0.0439405
    outer loop
      vertex 239.5 189 -3
      vertex 260.5 189.023 -2.47707
      vertex 239.5 189.023 -2.47707
    endloop
  endfacet
  facet normal 0 -0.999034 0.0439405
    outer loop
      vertex 260.5 189.023 -2.47707
      vertex 239.5 189 -3
      vertex 260.5 189 -3
    endloop
  endfacet
  facet normal 0 -0.999034 -0.0439405
    outer loop
      vertex 239.5 189.023 -3.52293
      vertex 260.5 189 -3
      vertex 239.5 189 -3
    endloop
  endfacet
  facet normal 0 -0.999034 -0.0439405
    outer loop
      vertex 260.5 189 -3
      vertex 239.5 189.023 -3.52293
      vertex 260.5 189.023 -3.52293
    endloop
  endfacet
  facet normal 0 -0.991524 -0.129921
    outer loop
      vertex 239.5 189.091 -4.04189
      vertex 260.5 189.023 -3.52293
      vertex 239.5 189.023 -3.52293
    endloop
  endfacet
  facet normal 0 -0.991524 -0.129921
    outer loop
      vertex 260.5 189.023 -3.52293
      vertex 239.5 189.091 -4.04189
      vertex 260.5 189.091 -4.04189
    endloop
  endfacet
  facet normal 0 -0.980844 -0.194795
    outer loop
      vertex 239.5 189.243 -4.80725
      vertex 260.5 189.091 -4.04189
      vertex 239.5 189.091 -4.04189
    endloop
  endfacet
  facet normal 0 -0.980844 -0.194795
    outer loop
      vertex 260.5 189.091 -4.04189
      vertex 239.5 189.243 -4.80725
      vertex 260.5 189.243 -4.80725
    endloop
  endfacet
  facet normal 0 -0.976009 -0.217731
    outer loop
      vertex 239.5 189.357 -5.31827
      vertex 260.5 189.243 -4.80725
      vertex 239.5 189.243 -4.80725
    endloop
  endfacet
  facet normal 0 -0.976009 -0.217731
    outer loop
      vertex 260.5 189.243 -4.80725
      vertex 239.5 189.357 -5.31827
      vertex 260.5 189.357 -5.31827
    endloop
  endfacet
  facet normal 0 -0.953934 -0.300015
    outer loop
      vertex 239.5 189.514 -5.81747
      vertex 260.5 189.357 -5.31827
      vertex 239.5 189.357 -5.31827
    endloop
  endfacet
  facet normal 0 -0.953934 -0.300015
    outer loop
      vertex 260.5 189.357 -5.31827
      vertex 239.5 189.514 -5.81747
      vertex 260.5 189.514 -5.81747
    endloop
  endfacet
  facet normal 0 -0.924091 -0.382172
    outer loop
      vertex 239.5 189.714 -6.30107
      vertex 260.5 189.514 -5.81747
      vertex 239.5 189.514 -5.81747
    endloop
  endfacet
  facet normal 0 -0.924091 -0.382172
    outer loop
      vertex 260.5 189.514 -5.81747
      vertex 239.5 189.714 -6.30107
      vertex 260.5 189.714 -6.30107
    endloop
  endfacet
  facet normal 0 -0.886775 -0.4622
    outer loop
      vertex 239.5 189.956 -6.76537
      vertex 260.5 189.714 -6.30107
      vertex 239.5 189.714 -6.30107
    endloop
  endfacet
  facet normal 0 -0.886775 -0.4622
    outer loop
      vertex 260.5 189.714 -6.30107
      vertex 239.5 189.956 -6.76537
      vertex 260.5 189.956 -6.76537
    endloop
  endfacet
  facet normal 0 -0.843595 -0.536981
    outer loop
      vertex 239.5 190.237 -7.20682
      vertex 260.5 189.956 -6.76537
      vertex 239.5 189.956 -6.76537
    endloop
  endfacet
  facet normal 0 -0.843595 -0.536981
    outer loop
      vertex 260.5 189.956 -6.76537
      vertex 239.5 190.237 -7.20682
      vertex 260.5 190.237 -7.20682
    endloop
  endfacet
  facet normal 0 -0.831202 -0.555971
    outer loop
      vertex 239.5 190.671 -7.85567
      vertex 260.5 190.237 -7.20682
      vertex 239.5 190.237 -7.20682
    endloop
  endfacet
  facet normal 0 -0.831202 -0.555971
    outer loop
      vertex 260.5 190.237 -7.20682
      vertex 239.5 190.671 -7.85567
      vertex 260.5 190.671 -7.85567
    endloop
  endfacet
  facet normal 0 -0.793028 -0.609185
    outer loop
      vertex 239.5 190.99 -8.27094
      vertex 260.5 190.671 -7.85567
      vertex 239.5 190.671 -7.85567
    endloop
  endfacet
  facet normal 0 -0.793028 -0.609185
    outer loop
      vertex 260.5 190.671 -7.85567
      vertex 239.5 190.99 -8.27094
      vertex 260.5 190.99 -8.27094
    endloop
  endfacet
  facet normal 0 -0.737869 -0.674944
    outer loop
      vertex 239.5 191.343 -8.65685
      vertex 260.5 190.99 -8.27094
      vertex 239.5 190.99 -8.27094
    endloop
  endfacet
  facet normal 0 -0.737869 -0.674944
    outer loop
      vertex 260.5 190.99 -8.27094
      vertex 239.5 191.343 -8.65685
      vertex 260.5 191.343 -8.65685
    endloop
  endfacet
  facet normal 0 -0.675503 -0.737357
    outer loop
      vertex 239.5 191.343 -8.65685
      vertex 260.5 191.729 -9.01047
      vertex 260.5 191.343 -8.65685
    endloop
  endfacet
  facet normal -0 -0.675503 -0.737357
    outer loop
      vertex 260.5 191.729 -9.01047
      vertex 239.5 191.343 -8.65685
      vertex 239.5 191.729 -9.01047
    endloop
  endfacet
  facet normal 0 -0.609013 -0.79316
    outer loop
      vertex 239.5 191.729 -9.01047
      vertex 260.5 192.144 -9.32912
      vertex 260.5 191.729 -9.01047
    endloop
  endfacet
  facet normal -0 -0.609013 -0.79316
    outer loop
      vertex 260.5 192.144 -9.32912
      vertex 239.5 191.729 -9.01047
      vertex 239.5 192.144 -9.32912
    endloop
  endfacet
  facet normal 0 -0.555475 -0.831533
    outer loop
      vertex 239.5 192.144 -9.32912
      vertex 260.5 192.793 -9.76266
      vertex 260.5 192.144 -9.32912
    endloop
  endfacet
  facet normal -0 -0.555475 -0.831533
    outer loop
      vertex 260.5 192.793 -9.76266
      vertex 239.5 192.144 -9.32912
      vertex 239.5 192.793 -9.76266
    endloop
  endfacet
  facet normal 0 -0.536831 -0.84369
    outer loop
      vertex 239.5 192.793 -9.76266
      vertex 260.5 193.235 -10.0439
      vertex 260.5 192.793 -9.76266
    endloop
  endfacet
  facet normal -0 -0.536831 -0.84369
    outer loop
      vertex 260.5 193.235 -10.0439
      vertex 239.5 192.793 -9.76266
      vertex 239.5 193.235 -10.0439
    endloop
  endfacet
  facet normal 0 -0.461985 -0.886888
    outer loop
      vertex 239.5 193.235 -10.0439
      vertex 260.5 193.699 -10.2856
      vertex 260.5 193.235 -10.0439
    endloop
  endfacet
  facet normal -0 -0.461985 -0.886888
    outer loop
      vertex 260.5 193.699 -10.2856
      vertex 239.5 193.235 -10.0439
      vertex 239.5 193.699 -10.2856
    endloop
  endfacet
  facet normal 0 -0.382391 -0.924001
    outer loop
      vertex 239.5 193.699 -10.2856
      vertex 260.5 194.183 -10.4859
      vertex 260.5 193.699 -10.2856
    endloop
  endfacet
  facet normal -0 -0.382391 -0.924001
    outer loop
      vertex 260.5 194.183 -10.4859
      vertex 239.5 193.699 -10.2856
      vertex 239.5 194.183 -10.4859
    endloop
  endfacet
  facet normal 0 -0.30082 -0.953681
    outer loop
      vertex 239.5 194.183 -10.4859
      vertex 260.5 194.682 -10.6433
      vertex 260.5 194.183 -10.4859
    endloop
  endfacet
  facet normal -0 -0.30082 -0.953681
    outer loop
      vertex 260.5 194.682 -10.6433
      vertex 239.5 194.183 -10.4859
      vertex 239.5 194.682 -10.6433
    endloop
  endfacet
  facet normal 0 -0.216465 -0.97629
    outer loop
      vertex 239.5 194.682 -10.6433
      vertex 260.5 195.193 -10.7566
      vertex 260.5 194.682 -10.6433
    endloop
  endfacet
  facet normal -0 -0.216465 -0.97629
    outer loop
      vertex 260.5 195.193 -10.7566
      vertex 239.5 194.682 -10.6433
      vertex 239.5 195.193 -10.7566
    endloop
  endfacet
  facet normal 0 -0.19513 -0.980777
    outer loop
      vertex 239.5 195.193 -10.7566
      vertex 260.5 195.958 -10.9088
      vertex 260.5 195.193 -10.7566
    endloop
  endfacet
  facet normal -0 -0.19513 -0.980777
    outer loop
      vertex 260.5 195.958 -10.9088
      vertex 239.5 195.193 -10.7566
      vertex 239.5 195.958 -10.9088
    endloop
  endfacet
  facet normal 0 -0.130662 -0.991427
    outer loop
      vertex 239.5 195.958 -10.9088
      vertex 260.5 196.477 -10.9772
      vertex 260.5 195.958 -10.9088
    endloop
  endfacet
  facet normal -0 -0.130662 -0.991427
    outer loop
      vertex 260.5 196.477 -10.9772
      vertex 239.5 195.958 -10.9088
      vertex 239.5 196.477 -10.9772
    endloop
  endfacet
  facet normal 0 -0.0436204 -0.999048
    outer loop
      vertex 239.5 196.477 -10.9772
      vertex 260.5 196.974 -10.9989
      vertex 260.5 196.477 -10.9772
    endloop
  endfacet
  facet normal -0 -0.0436204 -0.999048
    outer loop
      vertex 260.5 196.974 -10.9989
      vertex 239.5 196.477 -10.9772
      vertex 239.5 196.974 -10.9989
    endloop
  endfacet
  facet normal 0 0.043533 -0.999052
    outer loop
      vertex 239.5 197.025 -10.9989
      vertex 260.5 197.523 -10.9772
      vertex 260.5 197.025 -10.9989
    endloop
  endfacet
  facet normal 0 0.043533 -0.999052
    outer loop
      vertex 260.5 197.523 -10.9772
      vertex 239.5 197.025 -10.9989
      vertex 239.5 197.523 -10.9772
    endloop
  endfacet
  facet normal 0 0.130662 -0.991427
    outer loop
      vertex 239.5 197.523 -10.9772
      vertex 260.5 198.042 -10.9088
      vertex 260.5 197.523 -10.9772
    endloop
  endfacet
  facet normal 0 0.130662 -0.991427
    outer loop
      vertex 260.5 198.042 -10.9088
      vertex 239.5 197.523 -10.9772
      vertex 239.5 198.042 -10.9088
    endloop
  endfacet
  facet normal 0 0.19513 -0.980777
    outer loop
      vertex 239.5 198.042 -10.9088
      vertex 260.5 198.807 -10.7566
      vertex 260.5 198.042 -10.9088
    endloop
  endfacet
  facet normal 0 0.19513 -0.980777
    outer loop
      vertex 260.5 198.807 -10.7566
      vertex 239.5 198.042 -10.9088
      vertex 239.5 198.807 -10.7566
    endloop
  endfacet
  facet normal 0 0.216465 -0.97629
    outer loop
      vertex 239.5 198.807 -10.7566
      vertex 260.5 199.318 -10.6433
      vertex 260.5 198.807 -10.7566
    endloop
  endfacet
  facet normal 0 0.216465 -0.97629
    outer loop
      vertex 260.5 199.318 -10.6433
      vertex 239.5 198.807 -10.7566
      vertex 239.5 199.318 -10.6433
    endloop
  endfacet
  facet normal 0 0.30082 -0.953681
    outer loop
      vertex 239.5 199.318 -10.6433
      vertex 260.5 199.817 -10.4859
      vertex 260.5 199.318 -10.6433
    endloop
  endfacet
  facet normal 0 0.30082 -0.953681
    outer loop
      vertex 260.5 199.817 -10.4859
      vertex 239.5 199.318 -10.6433
      vertex 239.5 199.817 -10.4859
    endloop
  endfacet
  facet normal 0 0.382391 -0.924001
    outer loop
      vertex 239.5 199.817 -10.4859
      vertex 260.5 200.301 -10.2856
      vertex 260.5 199.817 -10.4859
    endloop
  endfacet
  facet normal 0 0.382391 -0.924001
    outer loop
      vertex 260.5 200.301 -10.2856
      vertex 239.5 199.817 -10.4859
      vertex 239.5 200.301 -10.2856
    endloop
  endfacet
  facet normal 0 0.461985 -0.886888
    outer loop
      vertex 239.5 200.301 -10.2856
      vertex 260.5 200.765 -10.0439
      vertex 260.5 200.301 -10.2856
    endloop
  endfacet
  facet normal 0 0.461985 -0.886888
    outer loop
      vertex 260.5 200.765 -10.0439
      vertex 239.5 200.301 -10.2856
      vertex 239.5 200.765 -10.0439
    endloop
  endfacet
  facet normal 0 0.536831 -0.84369
    outer loop
      vertex 239.5 200.765 -10.0439
      vertex 260.5 201.207 -9.76266
      vertex 260.5 200.765 -10.0439
    endloop
  endfacet
  facet normal 0 0.536831 -0.84369
    outer loop
      vertex 260.5 201.207 -9.76266
      vertex 239.5 200.765 -10.0439
      vertex 239.5 201.207 -9.76266
    endloop
  endfacet
  facet normal 0 0.555475 -0.831533
    outer loop
      vertex 239.5 201.207 -9.76266
      vertex 260.5 201.856 -9.32912
      vertex 260.5 201.207 -9.76266
    endloop
  endfacet
  facet normal 0 0.555475 -0.831533
    outer loop
      vertex 260.5 201.856 -9.32912
      vertex 239.5 201.207 -9.76266
      vertex 239.5 201.856 -9.32912
    endloop
  endfacet
  facet normal 0 0.609013 -0.79316
    outer loop
      vertex 239.5 201.856 -9.32912
      vertex 260.5 202.271 -9.01047
      vertex 260.5 201.856 -9.32912
    endloop
  endfacet
  facet normal 0 0.609013 -0.79316
    outer loop
      vertex 260.5 202.271 -9.01047
      vertex 239.5 201.856 -9.32912
      vertex 239.5 202.271 -9.01047
    endloop
  endfacet
  facet normal 0 0.83179 -0.555091
    outer loop
      vertex 260.5 202.271 -9.01047
      vertex 239.5 202.704 -8.36163
      vertex 260.5 202.704 -8.36163
    endloop
  endfacet
  facet normal 0 0.83179 -0.555091
    outer loop
      vertex 239.5 202.704 -8.36163
      vertex 260.5 202.271 -9.01047
      vertex 239.5 202.271 -9.01047
    endloop
  endfacet
  facet normal 0 0.980599 -0.196023
    outer loop
      vertex 260.5 202.704 -8.36163
      vertex 239.5 202.857 -7.59625
      vertex 260.5 202.857 -7.59625
    endloop
  endfacet
  facet normal 0 0.980599 -0.196023
    outer loop
      vertex 239.5 202.857 -7.59625
      vertex 260.5 202.704 -8.36163
      vertex 239.5 202.704 -8.36163
    endloop
  endfacet
  facet normal 0 0.980598 0.196027
    outer loop
      vertex 260.5 202.857 -7.59625
      vertex 239.5 202.704 -6.83089
      vertex 260.5 202.704 -6.83089
    endloop
  endfacet
  facet normal 0 0.980598 0.196027
    outer loop
      vertex 239.5 202.704 -6.83089
      vertex 260.5 202.857 -7.59625
      vertex 239.5 202.857 -7.59625
    endloop
  endfacet
  facet normal 0 0.83179 0.555091
    outer loop
      vertex 260.5 202.704 -6.83089
      vertex 239.5 202.271 -6.18205
      vertex 260.5 202.271 -6.18205
    endloop
  endfacet
  facet normal 0 0.83179 0.555091
    outer loop
      vertex 239.5 202.271 -6.18205
      vertex 260.5 202.704 -6.83089
      vertex 239.5 202.704 -6.83089
    endloop
  endfacet
  facet normal -0 0.555483 0.831528
    outer loop
      vertex 239.5 202.271 -6.18205
      vertex 260.5 201.622 -5.7485
      vertex 260.5 202.271 -6.18205
    endloop
  endfacet
  facet normal 0 0.555483 0.831528
    outer loop
      vertex 260.5 201.622 -5.7485
      vertex 239.5 202.271 -6.18205
      vertex 239.5 201.622 -5.7485
    endloop
  endfacet
  facet normal -0 0.195191 0.980765
    outer loop
      vertex 239.5 201.622 -5.7485
      vertex 260.5 200.857 -5.59625
      vertex 260.5 201.622 -5.7485
    endloop
  endfacet
  facet normal 0 0.195191 0.980765
    outer loop
      vertex 260.5 200.857 -5.59625
      vertex 239.5 201.622 -5.7485
      vertex 239.5 200.857 -5.59625
    endloop
  endfacet
  facet normal 0 -0.194946 0.980814
    outer loop
      vertex 239.5 200.857 -5.59625
      vertex 260.5 200.091 -5.7485
      vertex 260.5 200.857 -5.59625
    endloop
  endfacet
  facet normal 0 -0.194946 0.980814
    outer loop
      vertex 260.5 200.091 -5.7485
      vertex 239.5 200.857 -5.59625
      vertex 239.5 200.091 -5.7485
    endloop
  endfacet
  facet normal 0 -0.556076 0.831132
    outer loop
      vertex 239.5 200.091 -5.7485
      vertex 260.5 199.443 -6.18205
      vertex 260.5 200.091 -5.7485
    endloop
  endfacet
  facet normal 0 -0.556076 0.831132
    outer loop
      vertex 260.5 199.443 -6.18205
      vertex 239.5 200.091 -5.7485
      vertex 239.5 199.443 -6.18205
    endloop
  endfacet
  facet normal 0 -0.608022 0.79392
    outer loop
      vertex 239.5 199.443 -6.18205
      vertex 260.5 199.207 -6.36279
      vertex 260.5 199.443 -6.18205
    endloop
  endfacet
  facet normal 0 -0.608022 0.79392
    outer loop
      vertex 260.5 199.207 -6.36279
      vertex 239.5 199.443 -6.18205
      vertex 239.5 199.207 -6.36279
    endloop
  endfacet
  facet normal 0 -0.461417 0.887184
    outer loop
      vertex 239.5 199.207 -6.36279
      vertex 260.5 198.77 -6.59007
      vertex 260.5 199.207 -6.36279
    endloop
  endfacet
  facet normal 0 -0.461417 0.887184
    outer loop
      vertex 260.5 198.77 -6.59007
      vertex 239.5 199.207 -6.36279
      vertex 239.5 198.77 -6.59007
    endloop
  endfacet
  facet normal 0 -0.382926 0.923779
    outer loop
      vertex 239.5 198.475 -6.71246
      vertex 260.5 198.287 -6.79039
      vertex 260.5 198.475 -6.71246
    endloop
  endfacet
  facet normal 0 -0.382926 0.923779
    outer loop
      vertex 260.5 198.287 -6.79039
      vertex 239.5 198.475 -6.71246
      vertex 239.5 198.287 -6.79039
    endloop
  endfacet
  facet normal 0 -0.382884 0.923796
    outer loop
      vertex 239.5 198.77 -6.59007
      vertex 260.5 198.582 -6.66799
      vertex 260.5 198.77 -6.59007
    endloop
  endfacet
  facet normal 0 -0.382884 0.923796
    outer loop
      vertex 260.5 198.582 -6.66799
      vertex 239.5 198.77 -6.59007
      vertex 239.5 198.582 -6.66799
    endloop
  endfacet
  facet normal 0 -0.30041 0.95381
    outer loop
      vertex 239.5 198.287 -6.79039
      vertex 260.5 197.817 -6.93842
      vertex 260.5 198.287 -6.79039
    endloop
  endfacet
  facet normal 0 -0.30041 0.95381
    outer loop
      vertex 260.5 197.817 -6.93842
      vertex 239.5 198.287 -6.79039
      vertex 239.5 197.817 -6.93842
    endloop
  endfacet
  facet normal 0 -0.130639 0.99143
    outer loop
      vertex 239.5 197.817 -6.93842
      vertex 260.5 197.523 -6.97716
      vertex 260.5 197.817 -6.93842
    endloop
  endfacet
  facet normal 0 -0.130639 0.99143
    outer loop
      vertex 260.5 197.523 -6.97716
      vertex 239.5 197.817 -6.93842
      vertex 239.5 197.523 -6.97716
    endloop
  endfacet
  facet normal 0 -0.0436331 0.999048
    outer loop
      vertex 239.5 197.523 -6.97716
      vertex 260.5 197.025 -6.99891
      vertex 260.5 197.523 -6.97716
    endloop
  endfacet
  facet normal 0 -0.0436331 0.999048
    outer loop
      vertex 260.5 197.025 -6.99891
      vertex 239.5 197.523 -6.97716
      vertex 239.5 197.025 -6.99891
    endloop
  endfacet
  facet normal 0 0.737594 0.675244
    outer loop
      vertex 260.5 194.032 -5.67626
      vertex 239.5 193.818 -5.4425
      vertex 260.5 193.818 -5.4425
    endloop
  endfacet
  facet normal 0 0.737594 0.675244
    outer loop
      vertex 239.5 193.818 -5.4425
      vertex 260.5 194.032 -5.67626
      vertex 239.5 194.032 -5.67626
    endloop
  endfacet
  facet normal 0 0.792937 0.609304
    outer loop
      vertex 260.5 193.818 -5.4425
      vertex 239.5 193.637 -5.20695
      vertex 260.5 193.637 -5.20695
    endloop
  endfacet
  facet normal 0 0.792937 0.609304
    outer loop
      vertex 239.5 193.637 -5.20695
      vertex 260.5 193.818 -5.4425
      vertex 239.5 193.818 -5.4425
    endloop
  endfacet
  facet normal 0 0.887248 0.461293
    outer loop
      vertex 260.5 193.637 -5.20695
      vertex 239.5 193.41 -4.77034
      vertex 260.5 193.41 -4.77034
    endloop
  endfacet
  facet normal 0 0.887248 0.461293
    outer loop
      vertex 239.5 193.41 -4.77034
      vertex 260.5 193.637 -5.20695
      vertex 239.5 193.637 -5.20695
    endloop
  endfacet
  facet normal 0 0.923751 0.382994
    outer loop
      vertex 260.5 193.288 -4.47487
      vertex 239.5 193.21 -4.28674
      vertex 260.5 193.21 -4.28674
    endloop
  endfacet
  facet normal 0 0.923751 0.382994
    outer loop
      vertex 239.5 193.21 -4.28674
      vertex 260.5 193.288 -4.47487
      vertex 239.5 193.288 -4.47487
    endloop
  endfacet
  facet normal 0 0.923737 0.383028
    outer loop
      vertex 260.5 193.41 -4.77034
      vertex 239.5 193.332 -4.58223
      vertex 260.5 193.332 -4.58223
    endloop
  endfacet
  facet normal 0 0.923737 0.383028
    outer loop
      vertex 239.5 193.332 -4.58223
      vertex 260.5 193.41 -4.77034
      vertex 239.5 193.41 -4.77034
    endloop
  endfacet
  facet normal 0 0.952869 0.303382
    outer loop
      vertex 260.5 193.21 -4.28674
      vertex 239.5 193.137 -4.05746
      vertex 260.5 193.137 -4.05746
    endloop
  endfacet
  facet normal 0 0.952869 0.303382
    outer loop
      vertex 239.5 193.137 -4.05746
      vertex 260.5 193.21 -4.28674
      vertex 239.5 193.21 -4.28674
    endloop
  endfacet
  facet normal 0 -0.73994 -0.672673
    outer loop
      vertex 239.5 196.975 -11
      vertex 260.5 196.974 -10.9989
      vertex 239.5 196.974 -10.9989
    endloop
  endfacet
  facet normal 0 -0.73994 -0.672673
    outer loop
      vertex 260.5 196.974 -10.9989
      vertex 239.5 196.975 -11
      vertex 260.5 196.975 -11
    endloop
  endfacet
  facet normal 0 -0.875182 -0.483793
    outer loop
      vertex 239.5 194.032 -5.67626
      vertex 260.5 194.002 -5.62199
      vertex 239.5 194.002 -5.62199
    endloop
  endfacet
  facet normal 0 -0.875182 -0.483793
    outer loop
      vertex 260.5 194.002 -5.62199
      vertex 239.5 194.032 -5.67626
      vertex 260.5 194.032 -5.67626
    endloop
  endfacet
  facet normal 0 -0.872434 -0.488733
    outer loop
      vertex 239.5 193.19 -4.15207
      vertex 260.5 193.137 -4.05746
      vertex 239.5 193.137 -4.05746
    endloop
  endfacet
  facet normal 0 -0.872434 -0.488733
    outer loop
      vertex 260.5 193.137 -4.05746
      vertex 239.5 193.19 -4.15207
      vertex 260.5 193.19 -4.15207
    endloop
  endfacet
  facet normal 0 1 -0
    outer loop
      vertex 260.5 197.025 -11
      vertex 239.5 197.025 -10.9989
      vertex 260.5 197.025 -10.9989
    endloop
  endfacet
  facet normal 0 1 0
    outer loop
      vertex 239.5 197.025 -10.9989
      vertex 260.5 197.025 -11
      vertex 239.5 197.025 -11
    endloop
  endfacet
  facet normal 0 1 -0
    outer loop
      vertex 260.5 197.025 -6.99891
      vertex 239.5 197.025 -6.99754
      vertex 260.5 197.025 -6.99754
    endloop
  endfacet
  facet normal 0 1 0
    outer loop
      vertex 239.5 197.025 -6.99754
      vertex 260.5 197.025 -6.99891
      vertex 239.5 197.025 -6.99891
    endloop
  endfacet
  facet normal 0 1 -0
    outer loop
      vertex 260.5 197.025 0.997538
      vertex 239.5 197.025 0.998908
      vertex 260.5 197.025 0.998908
    endloop
  endfacet
  facet normal 0 1 0
    outer loop
      vertex 239.5 197.025 0.998908
      vertex 260.5 197.025 0.997538
      vertex 239.5 197.025 0.997538
    endloop
  endfacet
  facet normal 0 0 -1
    outer loop
      vertex 239.5 196.975 -11
      vertex 260.5 197.025 -11
      vertex 260.5 196.975 -11
    endloop
  endfacet
  facet normal -0 0 -1
    outer loop
      vertex 260.5 197.025 -11
      vertex 239.5 196.975 -11
      vertex 239.5 197.025 -11
    endloop
  endfacet
  facet normal 0 -0.240708 -0.970598
    outer loop
      vertex 239.5 199.829 -0.171821
      vertex 260.5 199.828 -0.171573
      vertex 239.5 199.828 -0.171573
    endloop
  endfacet
  facet normal 0 -0.240708 -0.970598
    outer loop
      vertex 260.5 199.828 -0.171573
      vertex 239.5 199.829 -0.171821
      vertex 260.5 199.829 -0.171821
    endloop
  endfacet
  facet normal -0 0.471687 0.881766
    outer loop
      vertex 239.5 195.469 -6.69552
      vertex 260.5 194.778 -6.32588
      vertex 260.5 195.469 -6.69552
    endloop
  endfacet
  facet normal 0 0.471687 0.881766
    outer loop
      vertex 260.5 194.778 -6.32588
      vertex 239.5 195.469 -6.69552
      vertex 239.5 194.778 -6.32588
    endloop
  endfacet
  facet normal 0 -0.475015 0.879978
    outer loop
      vertex 239.5 198.582 -6.66799
      vertex 260.5 198.531 -6.69552
      vertex 260.5 198.582 -6.66799
    endloop
  endfacet
  facet normal 0 -0.475015 0.879978
    outer loop
      vertex 260.5 198.531 -6.69552
      vertex 239.5 198.582 -6.66799
      vertex 239.5 198.531 -6.69552
    endloop
  endfacet
  facet normal 0 0.957161 -0.289558
    outer loop
      vertex 260.5 193.077 -2.21964
      vertex 239.5 193.304 -1.46927
      vertex 260.5 193.304 -1.46927
    endloop
  endfacet
  facet normal 0 0.957161 -0.289558
    outer loop
      vertex 239.5 193.304 -1.46927
      vertex 260.5 193.077 -2.21964
      vertex 239.5 193.077 -2.21964
    endloop
  endfacet
  facet normal 0 0.772667 -0.634811
    outer loop
      vertex 260.5 193.674 -0.777719
      vertex 239.5 194.172 -0.171573
      vertex 260.5 194.172 -0.171573
    endloop
  endfacet
  facet normal 0 0.772667 -0.634811
    outer loop
      vertex 239.5 194.172 -0.171573
      vertex 260.5 193.674 -0.777719
      vertex 239.5 193.674 -0.777719
    endloop
  endfacet
  facet normal 0 0.290063 -0.957008
    outer loop
      vertex 239.5 195.469 0.695518
      vertex 260.5 196.22 0.923141
      vertex 260.5 195.469 0.695518
    endloop
  endfacet
  facet normal 0 0.290063 -0.957008
    outer loop
      vertex 260.5 196.22 0.923141
      vertex 239.5 195.469 0.695518
      vertex 239.5 196.22 0.923141
    endloop
  endfacet
  facet normal -0 0.290059 0.957009
    outer loop
      vertex 239.5 196.22 -6.92314
      vertex 260.5 195.469 -6.69552
      vertex 260.5 196.22 -6.92314
    endloop
  endfacet
  facet normal 0 0.290059 0.957009
    outer loop
      vertex 260.5 195.469 -6.69552
      vertex 239.5 196.22 -6.92314
      vertex 239.5 195.469 -6.69552
    endloop
  endfacet
  facet normal 0 -0.097927 0.995194
    outer loop
      vertex 239.5 197.025 -6.99754
      vertex 260.5 197 -7
      vertex 260.5 197.025 -6.99754
    endloop
  endfacet
  facet normal 0 -0.097927 0.995194
    outer loop
      vertex 260.5 197 -7
      vertex 239.5 197.025 -6.99754
      vertex 239.5 197 -7
    endloop
  endfacet
  facet normal -0 0.634484 0.772936
    outer loop
      vertex 239.5 194.778 -6.32588
      vertex 260.5 194.172 -5.82843
      vertex 260.5 194.778 -6.32588
    endloop
  endfacet
  facet normal 0 0.634484 0.772936
    outer loop
      vertex 260.5 194.172 -5.82843
      vertex 239.5 194.778 -6.32588
      vertex 239.5 194.172 -5.82843
    endloop
  endfacet
  facet normal 0 0.634484 -0.772936
    outer loop
      vertex 239.5 194.172 -0.171573
      vertex 260.5 194.778 0.325878
      vertex 260.5 194.172 -0.171573
    endloop
  endfacet
  facet normal 0 0.634484 -0.772936
    outer loop
      vertex 260.5 194.778 0.325878
      vertex 239.5 194.172 -0.171573
      vertex 239.5 194.778 0.325878
    endloop
  endfacet
  facet normal 0 0.471687 -0.881766
    outer loop
      vertex 239.5 194.778 0.325878
      vertex 260.5 195.469 0.695518
      vertex 260.5 194.778 0.325878
    endloop
  endfacet
  facet normal 0 0.471687 -0.881766
    outer loop
      vertex 260.5 195.469 0.695518
      vertex 239.5 194.778 0.325878
      vertex 239.5 195.469 0.695518
    endloop
  endfacet
  facet normal -0 0.0980635 0.99518
    outer loop
      vertex 239.5 197 -7
      vertex 260.5 196.22 -6.92314
      vertex 260.5 197 -7
    endloop
  endfacet
  facet normal 0 0.0980635 0.99518
    outer loop
      vertex 260.5 196.22 -6.92314
      vertex 239.5 197 -7
      vertex 239.5 196.22 -6.92314
    endloop
  endfacet
  facet normal 0 -0.0980059 -0.995186
    outer loop
      vertex 239.5 197 1
      vertex 260.5 197.025 0.997538
      vertex 260.5 197 1
    endloop
  endfacet
  facet normal -0 -0.0980059 -0.995186
    outer loop
      vertex 260.5 197.025 0.997538
      vertex 239.5 197 1
      vertex 239.5 197.025 0.997538
    endloop
  endfacet
  facet normal 0 -0.289542 0.957165
    outer loop
      vertex 239.5 198.531 -6.69552
      vertex 260.5 198.475 -6.71246
      vertex 260.5 198.531 -6.69552
    endloop
  endfacet
  facet normal 0 -0.289542 0.957165
    outer loop
      vertex 260.5 198.475 -6.71246
      vertex 239.5 198.531 -6.69552
      vertex 239.5 198.475 -6.71246
    endloop
  endfacet
  facet normal 0 0.995167 0.0981955
    outer loop
      vertex 260.5 193.077 -3.78036
      vertex 239.5 193 -3
      vertex 260.5 193 -3
    endloop
  endfacet
  facet normal 0 0.995167 0.0981955
    outer loop
      vertex 239.5 193 -3
      vertex 260.5 193.077 -3.78036
      vertex 239.5 193.077 -3.78036
    endloop
  endfacet
  facet normal 0 -0.961342 -0.275358
    outer loop
      vertex 239.5 200.712 -1.52513
      vertex 260.5 200.696 -1.46927
      vertex 239.5 200.696 -1.46927
    endloop
  endfacet
  facet normal 0 -0.961342 -0.275358
    outer loop
      vertex 260.5 200.696 -1.46927
      vertex 239.5 200.712 -1.52513
      vertex 260.5 200.712 -1.52513
    endloop
  endfacet
  facet normal 0 0.961342 0.275358
    outer loop
      vertex 260.5 193.304 -4.53073
      vertex 239.5 193.288 -4.47487
      vertex 260.5 193.288 -4.47487
    endloop
  endfacet
  facet normal 0 0.961342 0.275358
    outer loop
      vertex 239.5 193.288 -4.47487
      vertex 260.5 193.304 -4.53073
      vertex 239.5 193.304 -4.53073
    endloop
  endfacet
  facet normal 0 0.956766 0.290857
    outer loop
      vertex 260.5 193.19 -4.15207
      vertex 239.5 193.077 -3.78036
      vertex 260.5 193.077 -3.78036
    endloop
  endfacet
  facet normal 0 0.956766 0.290857
    outer loop
      vertex 239.5 193.077 -3.78036
      vertex 260.5 193.19 -4.15207
      vertex 239.5 193.19 -4.15207
    endloop
  endfacet
  facet normal 0 -0.878547 -0.477656
    outer loop
      vertex 239.5 200.696 -1.46927
      vertex 260.5 200.668 -1.41777
      vertex 239.5 200.668 -1.41777
    endloop
  endfacet
  facet normal 0 -0.878547 -0.477656
    outer loop
      vertex 260.5 200.668 -1.41777
      vertex 239.5 200.696 -1.46927
      vertex 260.5 200.696 -1.46927
    endloop
  endfacet
  facet normal 0 0.0980623 -0.99518
    outer loop
      vertex 239.5 196.22 0.923141
      vertex 260.5 197 1
      vertex 260.5 196.22 0.923141
    endloop
  endfacet
  facet normal 0 0.0980623 -0.99518
    outer loop
      vertex 260.5 197 1
      vertex 239.5 196.22 0.923141
      vertex 239.5 197 1
    endloop
  endfacet
  facet normal 0 -0.474962 -0.880006
    outer loop
      vertex 239.5 198.531 0.695518
      vertex 260.5 198.582 0.667992
      vertex 260.5 198.531 0.695518
    endloop
  endfacet
  facet normal -0 -0.474962 -0.880006
    outer loop
      vertex 260.5 198.582 0.667992
      vertex 239.5 198.531 0.695518
      vertex 239.5 198.582 0.667992
    endloop
  endfacet
  facet normal 0 0.881731 -0.471752
    outer loop
      vertex 260.5 193.304 -1.46927
      vertex 239.5 193.674 -0.777719
      vertex 260.5 193.674 -0.777719
    endloop
  endfacet
  facet normal 0 0.881731 -0.471752
    outer loop
      vertex 239.5 193.674 -0.777719
      vertex 260.5 193.304 -1.46927
      vertex 239.5 193.304 -1.46927
    endloop
  endfacet
  facet normal 0 -0.289652 -0.957132
    outer loop
      vertex 239.5 198.475 0.712465
      vertex 260.5 198.531 0.695518
      vertex 260.5 198.475 0.712465
    endloop
  endfacet
  facet normal -0 -0.289652 -0.957132
    outer loop
      vertex 260.5 198.531 0.695518
      vertex 239.5 198.475 0.712465
      vertex 239.5 198.531 0.695518
    endloop
  endfacet
  facet normal 0 0.771948 0.635686
    outer loop
      vertex 260.5 194.172 -5.82843
      vertex 239.5 194.002 -5.62199
      vertex 260.5 194.002 -5.62199
    endloop
  endfacet
  facet normal 0 0.771948 0.635686
    outer loop
      vertex 239.5 194.002 -5.62199
      vertex 260.5 194.172 -5.82843
      vertex 239.5 194.172 -5.82843
    endloop
  endfacet
  facet normal 0 0.878547 0.477656
    outer loop
      vertex 260.5 193.332 -4.58223
      vertex 239.5 193.304 -4.53073
      vertex 260.5 193.304 -4.53073
    endloop
  endfacet
  facet normal 0 0.878547 0.477656
    outer loop
      vertex 239.5 193.304 -4.53073
      vertex 260.5 193.332 -4.58223
      vertex 239.5 193.332 -4.58223
    endloop
  endfacet
  facet normal 0 0.995167 -0.0981955
    outer loop
      vertex 260.5 193 -3
      vertex 239.5 193.077 -2.21964
      vertex 260.5 193.077 -2.21964
    endloop
  endfacet
  facet normal 0 0.995167 -0.0981955
    outer loop
      vertex 239.5 193.077 -2.21964
      vertex 260.5 193 -3
      vertex 239.5 193 -3
    endloop
  endfacet
  facet normal 0 -1 0
    outer loop
      vertex 239.5 199.828 -0.171369
      vertex 260.5 199.828 -0.171573
      vertex 260.5 199.828 -0.171369
    endloop
  endfacet
  facet normal 0 -1 0
    outer loop
      vertex 260.5 199.828 -0.171573
      vertex 239.5 199.828 -0.171369
      vertex 239.5 199.828 -0.171573
    endloop
  endfacet
  facet normal 0 0 1
    outer loop
      vertex 60.5 203.218 2
      vertex 39.5 203.218 2
      vertex 60.5 192 2
    endloop
  endfacet
  facet normal 0 0 1
    outer loop
      vertex 260.5 203.218 2
      vertex 239.5 203.218 2
      vertex 260.5 192 2
    endloop
  endfacet
  facet normal 0 0 1
    outer loop
      vertex 282 192 2
      vertex 300 174 2
      vertex 299.654 177.512 2
    endloop
  endfacet
  facet normal 0 0 1
    outer loop
      vertex 282 192 2
      vertex 299.654 177.512 2
      vertex 298.63 180.888 2
    endloop
  endfacet
  facet normal 0 0 1
    outer loop
      vertex 294.728 186.728 2
      vertex 298.63 180.888 2
      vertex 296.966 184 2
    endloop
  endfacet
  facet normal 0 0 1
    outer loop
      vertex 300 174 2
      vertex 295.934 73.05 2
      vertex 300 73.05 2
    endloop
  endfacet
  facet normal 0 0 1
    outer loop
      vertex 300 174 2
      vertex 260.5 192 2
      vertex 295.934 73.05 2
    endloop
  endfacet
  facet normal 0 0 1
    outer loop
      vertex 282 192 2
      vertex 298.63 180.888 2
      vertex 294.728 186.728 2
    endloop
  endfacet
  facet normal -0 0 1
    outer loop
      vertex 295.934 26.95 2
      vertex 300 18 2
      vertex 300 26.95 2
    endloop
  endfacet
  facet normal 0 0 1
    outer loop
      vertex 300 18 2
      vertex 295.934 26.95 2
      vertex 299.654 14.4884 2
    endloop
  endfacet
  facet normal 0 0 1
    outer loop
      vertex 299.654 14.4884 2
      vertex 295.934 26.95 2
      vertex 298.63 11.1117 2
    endloop
  endfacet
  facet normal 0 0 1
    outer loop
      vertex 298.63 11.1117 2
      vertex 295.934 26.95 2
      vertex 296.966 7.99973 2
    endloop
  endfacet
  facet normal 0 0 1
    outer loop
      vertex 295.934 26.95 2
      vertex 294.728 5.27208 2
      vertex 296.966 7.99973 2
    endloop
  endfacet
  facet normal -0 0 1
    outer loop
      vertex 239.5 192 2
      vertex 295.934 73.05 2
      vertex 260.5 192 2
    endloop
  endfacet
  facet normal 0 0 1
    outer loop
      vertex 282 192 2
      vertex 294.728 186.728 2
      vertex 292 188.966 2
    endloop
  endfacet
  facet normal 0 -0 1
    outer loop
      vertex 282 0 2
      vertex 295.934 26.95 2
      vertex 261 12 2
    endloop
  endfacet
  facet normal 0 0 1
    outer loop
      vertex 282 192 2
      vertex 292 188.966 2
      vertex 288.888 190.63 2
    endloop
  endfacet
  facet normal 0 -0 1
    outer loop
      vertex 285.512 0.345864 2
      vertex 295.934 26.95 2
      vertex 282 0 2
    endloop
  endfacet
  facet normal 0 0 1
    outer loop
      vertex 282 192 2
      vertex 288.888 190.63 2
      vertex 285.512 191.654 2
    endloop
  endfacet
  facet normal 0 0 1
    outer loop
      vertex 295.934 26.95 2
      vertex 292 3.03355 2
      vertex 294.728 5.27208 2
    endloop
  endfacet
  facet normal 0 0 1
    outer loop
      vertex 300 174 2
      vertex 282 192 2
      vertex 260.5 192 2
    endloop
  endfacet
  facet normal 0 0 1
    outer loop
      vertex 295.934 26.95 2
      vertex 288.888 1.37017 2
      vertex 292 3.03355 2
    endloop
  endfacet
  facet normal 0 0 1
    outer loop
      vertex 295.934 26.95 2
      vertex 285.512 0.345864 2
      vertex 288.888 1.37017 2
    endloop
  endfacet
  facet normal 0 0 1
    outer loop
      vertex 239 12 2
      vertex 295.934 73.05 2
      vertex 239.5 192 2
    endloop
  endfacet
  facet normal 0 0 1
    outer loop
      vertex 239.5 192 2
      vertex 260.5 192 2
      vertex 239.5 203.218 2
    endloop
  endfacet
  facet normal 0 -0 1
    outer loop
      vertex 261 12 2
      vertex 295.934 73.05 2
      vertex 239 12 2
    endloop
  endfacet
  facet normal 0 0 1
    outer loop
      vertex 295.934 73.05 2
      vertex 261 12 2
      vertex 295.934 26.95 2
    endloop
  endfacet
  facet normal 0 0 1
    outer loop
      vertex 239 12 2
      vertex 61 12 2
      vertex 239 4 2
    endloop
  endfacet
  facet normal 0 0 1
    outer loop
      vertex 239.5 192 2
      vertex 61 12 2
      vertex 239 12 2
    endloop
  endfacet
  facet normal -0 0 1
    outer loop
      vertex 60.5 192 2
      vertex 61 12 2
      vertex 239.5 192 2
    endloop
  endfacet
  facet normal 0 0 1
    outer loop
      vertex 39.5 192 2
      vertex 60.5 192 2
      vertex 39.5 203.218 2
    endloop
  endfacet
  facet normal 0 0 1
    outer loop
      vertex 4.06625 73.05 2
      vertex 60.5 192 2
      vertex 39.5 192 2
    endloop
  endfacet
  facet normal 0 0 1
    outer loop
      vertex 60.5 192 2
      vertex 4.06625 73.05 2
      vertex 61 12 2
    endloop
  endfacet
  facet normal 0 0 1
    outer loop
      vertex 61 12 2
      vertex 4.06625 73.05 2
      vertex 39 12 2
    endloop
  endfacet
  facet normal 0 0 1
    outer loop
      vertex 4.06625 73.05 2
      vertex 39.5 192 2
      vertex 18 192 2
    endloop
  endfacet
  facet normal -0 0 1
    outer loop
      vertex 261 4 2
      vertex 282 0 2
      vertex 261 12 2
    endloop
  endfacet
  facet normal -0 0 1
    outer loop
      vertex 239 4 2
      vertex 282 0 2
      vertex 261 4 2
    endloop
  endfacet
  facet normal 0 0 1
    outer loop
      vertex 61 4 2
      vertex 239 4 2
      vertex 61 12 2
    endloop
  endfacet
  facet normal 0 0 1
    outer loop
      vertex 239 4 2
      vertex 61 4 2
      vertex 282 0 2
    endloop
  endfacet
  facet normal 0 0 1
    outer loop
      vertex 18 0 2
      vertex 61 4 2
      vertex 39 4 2
    endloop
  endfacet
  facet normal 0 0 1
    outer loop
      vertex 61 4 2
      vertex 18 0 2
      vertex 282 0 2
    endloop
  endfacet
  facet normal -0 0 1
    outer loop
      vertex 4.06625 26.95 2
      vertex 39 12 2
      vertex 4.06625 73.05 2
    endloop
  endfacet
  facet normal 0 0 1
    outer loop
      vertex 0 174 2
      vertex 18 192 2
      vertex 14.4884 191.654 2
    endloop
  endfacet
  facet normal 0 -0 1
    outer loop
      vertex 18 0 2
      vertex 39 12 2
      vertex 4.06625 26.95 2
    endloop
  endfacet
  facet normal 0 0 1
    outer loop
      vertex 0 174 2
      vertex 14.4884 191.654 2
      vertex 11.1117 190.63 2
    endloop
  endfacet
  facet normal 0 0 1
    outer loop
      vertex 39 12 2
      vertex 18 0 2
      vertex 39 4 2
    endloop
  endfacet
  facet normal 0 0 1
    outer loop
      vertex 0 174 2
      vertex 11.1117 190.63 2
      vertex 7.99973 188.966 2
    endloop
  endfacet
  facet normal 0 0 1
    outer loop
      vertex 18 0 2
      vertex 4.06625 26.95 2
      vertex 14.4884 0.345864 2
    endloop
  endfacet
  facet normal 0 0 1
    outer loop
      vertex 0 174 2
      vertex 7.99973 188.966 2
      vertex 5.27208 186.728 2
    endloop
  endfacet
  facet normal 0 0 1
    outer loop
      vertex 14.4884 0.345864 2
      vertex 4.06625 26.95 2
      vertex 11.1117 1.37017 2
    endloop
  endfacet
  facet normal 0 0 1
    outer loop
      vertex 11.1117 1.37017 2
      vertex 4.06625 26.95 2
      vertex 7.99973 3.03355 2
    endloop
  endfacet
  facet normal 0 0 1
    outer loop
      vertex 0 174 2
      vertex 5.27208 186.728 2
      vertex 3.03355 184 2
    endloop
  endfacet
  facet normal 0 0 1
    outer loop
      vertex 0 174 2
      vertex 3.03355 184 2
      vertex 1.37017 180.888 2
    endloop
  endfacet
  facet normal 0 0 1
    outer loop
      vertex 0 174 2
      vertex 1.37017 180.888 2
      vertex 0.345864 177.512 2
    endloop
  endfacet
  facet normal 0 0 1
    outer loop
      vertex 18 192 2
      vertex 0 174 2
      vertex 4.06625 73.05 2
    endloop
  endfacet
  facet normal 0 0 1
    outer loop
      vertex 4.06625 73.05 2
      vertex 0 174 2
      vertex 0 73.05 2
    endloop
  endfacet
  facet normal 0 0 1
    outer loop
      vertex 7.99973 3.03355 2
      vertex 4.06625 26.95 2
      vertex 5.27208 5.27208 2
    endloop
  endfacet
  facet normal 0 0 1
    outer loop
      vertex 4.06625 26.95 2
      vertex 3.03355 7.99973 2
      vertex 5.27208 5.27208 2
    endloop
  endfacet
  facet normal 0 0 1
    outer loop
      vertex 4.06625 26.95 2
      vertex 1.37017 11.1117 2
      vertex 3.03355 7.99973 2
    endloop
  endfacet
  facet normal 0 0 1
    outer loop
      vertex 4.06625 26.95 2
      vertex 0.345864 14.4884 2
      vertex 1.37017 11.1117 2
    endloop
  endfacet
  facet normal 0 0 1
    outer loop
      vertex 0 18 2
      vertex 4.06625 26.95 2
      vertex 0 26.95 2
    endloop
  endfacet
  facet normal 0 0 1
    outer loop
      vertex 4.06625 26.95 2
      vertex 0 18 2
      vertex 0.345864 14.4884 2
    endloop
  endfacet
endsolid OpenSCAD_Model
