solid OpenSCAD_Model
  facet normal 0 1 -0
    outer loop
      vertex 19.8 3.3 -1.32
      vertex 17.16 3.3 0
      vertex 19.8 3.3 0
    endloop
  endfacet
  facet normal 0 1 0
    outer loop
      vertex 19.8 3.3 -2.64
      vertex 19.8 3.3 -1.32
      vertex 20.46 3.3 -1.98
    endloop
  endfacet
  facet normal 0 1 0
    outer loop
      vertex 17.16 3.3 -2.64
      vertex 19.8 3.3 -1.32
      vertex 19.8 3.3 -2.64
    endloop
  endfacet
  facet normal 0 1 0
    outer loop
      vertex 19.8 3.3 -1.32
      vertex 17.16 3.3 -2.64
      vertex 17.16 3.3 0
    endloop
  endfacet
  facet normal 0 -1 0
    outer loop
      vertex 17.16 1.98 0
      vertex 19.8 1.98 -1.32
      vertex 19.8 1.98 0
    endloop
  endfacet
  facet normal 0 -1 0
    outer loop
      vertex 17.16 1.98 -2.64
      vertex 19.8 1.98 -1.32
      vertex 17.16 1.98 0
    endloop
  endfacet
  facet normal 0 -1 -0
    outer loop
      vertex 19.8 1.98 -1.32
      vertex 17.16 1.98 -2.64
      vertex 19.8 1.98 -2.64
    endloop
  endfacet
  facet normal 0 -1 0
    outer loop
      vertex 19.8 1.98 -1.32
      vertex 19.8 1.98 -2.64
      vertex 20.46 1.98 -1.98
    endloop
  endfacet
  facet normal 0.707107 -0 0.707107
    outer loop
      vertex 19.8 1.98 -1.32
      vertex 20.46 3.3 -1.98
      vertex 19.8 3.3 -1.32
    endloop
  endfacet
  facet normal 0.707107 0 0.707107
    outer loop
      vertex 20.46 3.3 -1.98
      vertex 19.8 1.98 -1.32
      vertex 20.46 1.98 -1.98
    endloop
  endfacet
  facet normal 1 -0 0
    outer loop
      vertex 19.8 1.98 0
      vertex 19.8 3.3 -1.32
      vertex 19.8 3.3 0
    endloop
  endfacet
  facet normal 1 0 0
    outer loop
      vertex 19.8 3.3 -1.32
      vertex 19.8 1.98 0
      vertex 19.8 1.98 -1.32
    endloop
  endfacet
  facet normal 0 0 -1
    outer loop
      vertex 58.74 6.93 0
      vertex 59.07 7.26 0
      vertex 59.0637 7.19562 0
    endloop
  endfacet
  facet normal -0 0 -1
    outer loop
      vertex 59.07 7.26 0
      vertex 58.74 6.93 0
      vertex 59.07 42.24 0
    endloop
  endfacet
  facet normal 0 0 -1
    outer loop
      vertex 58.74 6.93 0
      vertex 59.0637 7.19562 0
      vertex 59.0449 7.13371 0
    endloop
  endfacet
  facet normal 0 0 -1
    outer loop
      vertex 58.74 42.57 0
      vertex 59.07 42.24 0
      vertex 58.74 6.93 0
    endloop
  endfacet
  facet normal 0 0 -1
    outer loop
      vertex 58.74 6.93 0
      vertex 59.0449 7.13371 0
      vertex 59.0144 7.07666 0
    endloop
  endfacet
  facet normal 0 0 -1
    outer loop
      vertex 59.07 42.24 0
      vertex 58.74 42.57 0
      vertex 59.0637 42.3044 0
    endloop
  endfacet
  facet normal 0 0 -1
    outer loop
      vertex 58.74 6.93 0
      vertex 59.0144 7.07666 0
      vertex 58.9733 7.02665 0
    endloop
  endfacet
  facet normal 0 0 -1
    outer loop
      vertex 59.0637 42.3044 0
      vertex 58.74 42.57 0
      vertex 59.0449 42.3663 0
    endloop
  endfacet
  facet normal 0 0 -1
    outer loop
      vertex 58.74 6.93 0
      vertex 58.9733 7.02665 0
      vertex 58.9233 6.98561 0
    endloop
  endfacet
  facet normal 0 0 -1
    outer loop
      vertex 59.0449 42.3663 0
      vertex 58.74 42.57 0
      vertex 59.0144 42.4233 0
    endloop
  endfacet
  facet normal 0 0 -1
    outer loop
      vertex 58.74 6.93 0
      vertex 58.9233 6.98561 0
      vertex 58.8663 6.95512 0
    endloop
  endfacet
  facet normal 0 0 -1
    outer loop
      vertex 59.0144 42.4233 0
      vertex 58.74 42.57 0
      vertex 58.9733 42.4733 0
    endloop
  endfacet
  facet normal 0 0 -1
    outer loop
      vertex 58.74 6.93 0
      vertex 58.8663 6.95512 0
      vertex 58.8044 6.93634 0
    endloop
  endfacet
  facet normal 0 0 -1
    outer loop
      vertex 58.9733 42.4733 0
      vertex 58.74 42.57 0
      vertex 58.9233 42.5144 0
    endloop
  endfacet
  facet normal 0 0 -1
    outer loop
      vertex 58.9233 42.5144 0
      vertex 58.74 42.57 0
      vertex 58.8663 42.5449 0
    endloop
  endfacet
  facet normal 0 0 -1
    outer loop
      vertex 58.8663 42.5449 0
      vertex 58.74 42.57 0
      vertex 58.8044 42.5637 0
    endloop
  endfacet
  facet normal 0 0 -1
    outer loop
      vertex 7.26 6.93 0
      vertex 58.74 42.57 0
      vertex 58.74 6.93 0
    endloop
  endfacet
  facet normal 0 0 -1
    outer loop
      vertex 7.26 6.93 0
      vertex 7.26 42.57 0
      vertex 58.74 42.57 0
    endloop
  endfacet
  facet normal 0 0 -1
    outer loop
      vertex 6.93 7.26 0
      vertex 7.26 6.93 0
      vertex 7.19562 6.93634 0
    endloop
  endfacet
  facet normal 0 0 -1
    outer loop
      vertex 7.26 6.93 0
      vertex 6.93 7.26 0
      vertex 7.26 42.57 0
    endloop
  endfacet
  facet normal 0 0 -1
    outer loop
      vertex 6.93 7.26 0
      vertex 7.19562 6.93634 0
      vertex 7.13371 6.95512 0
    endloop
  endfacet
  facet normal 0 0 -1
    outer loop
      vertex 6.93 42.24 0
      vertex 7.26 42.57 0
      vertex 6.93 7.26 0
    endloop
  endfacet
  facet normal 0 0 -1
    outer loop
      vertex 6.93 7.26 0
      vertex 7.13371 6.95512 0
      vertex 7.07666 6.98561 0
    endloop
  endfacet
  facet normal 0 0 -1
    outer loop
      vertex 7.26 42.57 0
      vertex 6.93 42.24 0
      vertex 7.19562 42.5637 0
    endloop
  endfacet
  facet normal 0 0 -1
    outer loop
      vertex 6.93 7.26 0
      vertex 7.07666 6.98561 0
      vertex 7.02665 7.02665 0
    endloop
  endfacet
  facet normal 0 0 -1
    outer loop
      vertex 7.19562 42.5637 0
      vertex 6.93 42.24 0
      vertex 7.13371 42.5449 0
    endloop
  endfacet
  facet normal 0 0 -1
    outer loop
      vertex 6.93 7.26 0
      vertex 7.02665 7.02665 0
      vertex 6.98561 7.07666 0
    endloop
  endfacet
  facet normal 0 0 -1
    outer loop
      vertex 7.13371 42.5449 0
      vertex 6.93 42.24 0
      vertex 7.07666 42.5144 0
    endloop
  endfacet
  facet normal 0 0 -1
    outer loop
      vertex 6.93 7.26 0
      vertex 6.98561 7.07666 0
      vertex 6.95512 7.13371 0
    endloop
  endfacet
  facet normal 0 0 -1
    outer loop
      vertex 7.07666 42.5144 0
      vertex 6.93 42.24 0
      vertex 7.02665 42.4733 0
    endloop
  endfacet
  facet normal 0 0 -1
    outer loop
      vertex 6.93 7.26 0
      vertex 6.95512 7.13371 0
      vertex 6.93634 7.19562 0
    endloop
  endfacet
  facet normal 0 0 -1
    outer loop
      vertex 7.02665 42.4733 0
      vertex 6.93 42.24 0
      vertex 6.98561 42.4233 0
    endloop
  endfacet
  facet normal 0 0 -1
    outer loop
      vertex 6.98561 42.4233 0
      vertex 6.93 42.24 0
      vertex 6.95512 42.3663 0
    endloop
  endfacet
  facet normal 0 0 -1
    outer loop
      vertex 6.95512 42.3663 0
      vertex 6.93 42.24 0
      vertex 6.93634 42.3044 0
    endloop
  endfacet
  facet normal 0 0 -1
    outer loop
      vertex 64.02 8.25 0
      vertex 66 5.94 0
      vertex 65.8859 4.78116 0
    endloop
  endfacet
  facet normal 0 0 -1
    outer loop
      vertex 60.3837 5.87562 0
      vertex 65.8859 4.78116 0
      vertex 65.5478 3.66686 0
    endloop
  endfacet
  facet normal 0 0 -1
    outer loop
      vertex 60.3649 5.81371 0
      vertex 65.5478 3.66686 0
      vertex 64.9989 2.63991 0
    endloop
  endfacet
  facet normal 0 0 -1
    outer loop
      vertex 60.3649 5.81371 0
      vertex 64.9989 2.63991 0
      vertex 64.2602 1.73979 0
    endloop
  endfacet
  facet normal 0 0 -1
    outer loop
      vertex 66 5.94 0
      vertex 64.02 8.25 0
      vertex 66 8.25 0
    endloop
  endfacet
  facet normal 0 0 -1
    outer loop
      vertex 65.5478 3.66686 0
      vertex 60.3649 5.81371 0
      vertex 60.3837 5.87562 0
    endloop
  endfacet
  facet normal 0 0 -1
    outer loop
      vertex 60.3649 5.81371 0
      vertex 64.2602 1.73979 0
      vertex 63.3601 1.00107 0
    endloop
  endfacet
  facet normal 0 0 -1
    outer loop
      vertex 64.02 24.75 0
      vertex 66 40.92 0
      vertex 66 24.75 0
    endloop
  endfacet
  facet normal 0 0 -1
    outer loop
      vertex 60.39 43.56 0
      vertex 66 40.92 0
      vertex 64.02 24.75 0
    endloop
  endfacet
  facet normal 0 0 -1
    outer loop
      vertex 66 40.92 0
      vertex 60.39 43.56 0
      vertex 65.8859 42.0788 0
    endloop
  endfacet
  facet normal 0 0 -1
    outer loop
      vertex 65.8859 42.0788 0
      vertex 60.39 43.56 0
      vertex 65.5478 43.1931 0
    endloop
  endfacet
  facet normal 0 0 -1
    outer loop
      vertex 65.5478 43.1931 0
      vertex 60.39 43.56 0
      vertex 64.9989 44.2201 0
    endloop
  endfacet
  facet normal -0 0 -1
    outer loop
      vertex 64.02 8.25 0
      vertex 60.39 5.94 0
      vertex 64.02 24.75 0
    endloop
  endfacet
  facet normal 0 0 -1
    outer loop
      vertex 60.39 43.56 0
      vertex 64.02 24.75 0
      vertex 60.39 5.94 0
    endloop
  endfacet
  facet normal 0 0 -1
    outer loop
      vertex 60.2433 5.66561 0
      vertex 63.3601 1.00107 0
      vertex 62.3331 0.452155 0
    endloop
  endfacet
  facet normal -0 0 -1
    outer loop
      vertex 64.9989 44.2201 0
      vertex 60.39 43.56 0
      vertex 64.2602 45.1202 0
    endloop
  endfacet
  facet normal 0 0 -1
    outer loop
      vertex 60.1863 5.63512 0
      vertex 62.3331 0.452155 0
      vertex 61.2188 0.114135 0
    endloop
  endfacet
  facet normal 0 0 -1
    outer loop
      vertex 60.3837 43.6244 0
      vertex 64.2602 45.1202 0
      vertex 60.39 43.56 0
    endloop
  endfacet
  facet normal -0 0 -1
    outer loop
      vertex 64.2602 45.1202 0
      vertex 60.3837 43.6244 0
      vertex 63.3601 45.8589 0
    endloop
  endfacet
  facet normal 0 0 -1
    outer loop
      vertex 64.02 8.25 0
      vertex 60.3837 5.87562 0
      vertex 60.39 5.94 0
    endloop
  endfacet
  facet normal 0 0 -1
    outer loop
      vertex 65.8859 4.78116 0
      vertex 60.3837 5.87562 0
      vertex 64.02 8.25 0
    endloop
  endfacet
  facet normal 0 0 -1
    outer loop
      vertex 63.3601 1.00107 0
      vertex 60.3344 5.75666 0
      vertex 60.3649 5.81371 0
    endloop
  endfacet
  facet normal 0 0 -1
    outer loop
      vertex 63.3601 1.00107 0
      vertex 60.2933 5.70665 0
      vertex 60.3344 5.75666 0
    endloop
  endfacet
  facet normal 0 0 -1
    outer loop
      vertex 63.3601 1.00107 0
      vertex 60.2433 5.66561 0
      vertex 60.2933 5.70665 0
    endloop
  endfacet
  facet normal 0 0 -1
    outer loop
      vertex 62.3331 0.452155 0
      vertex 60.1863 5.63512 0
      vertex 60.2433 5.66561 0
    endloop
  endfacet
  facet normal 0 0 -1
    outer loop
      vertex 61.2188 0.114135 0
      vertex 60.1244 5.61634 0
      vertex 60.1863 5.63512 0
    endloop
  endfacet
  facet normal 0 0 -1
    outer loop
      vertex 60.06 0 0
      vertex 60.1244 5.61634 0
      vertex 61.2188 0.114135 0
    endloop
  endfacet
  facet normal 0 0 -1
    outer loop
      vertex 60.06 0 0
      vertex 60.06 5.61 0
      vertex 60.1244 5.61634 0
    endloop
  endfacet
  facet normal 0 0 -1
    outer loop
      vertex 52.8 3.3 0
      vertex 60.06 0 0
      vertex 52.8 1.98 0
    endloop
  endfacet
  facet normal 0 0 -1
    outer loop
      vertex 60.06 0 0
      vertex 50.16 1.98 0
      vertex 52.8 1.98 0
    endloop
  endfacet
  facet normal 0 0 -1
    outer loop
      vertex 50.16 1.98 0
      vertex 48.84 1.98 0
      vertex 50.16 3.3 0
    endloop
  endfacet
  facet normal 0 0 -1
    outer loop
      vertex 60.06 0 0
      vertex 48.84 1.98 0
      vertex 50.16 1.98 0
    endloop
  endfacet
  facet normal 0 0 -1
    outer loop
      vertex 60.06 0 0
      vertex 46.2 1.98 0
      vertex 48.84 1.98 0
    endloop
  endfacet
  facet normal 0 0 -1
    outer loop
      vertex 46.2 1.98 0
      vertex 19.8 1.98 0
      vertex 46.2 3.3 0
    endloop
  endfacet
  facet normal 0 0 -1
    outer loop
      vertex 60.06 0 0
      vertex 19.8 1.98 0
      vertex 46.2 1.98 0
    endloop
  endfacet
  facet normal 0 0 -1
    outer loop
      vertex 5.94 0 0
      vertex 19.8 1.98 0
      vertex 60.06 0 0
    endloop
  endfacet
  facet normal 0 0 -1
    outer loop
      vertex 17.16 1.98 0
      vertex 15.84 1.98 0
      vertex 17.16 3.3 0
    endloop
  endfacet
  facet normal -0 0 -1
    outer loop
      vertex 19.8 1.98 0
      vertex 5.94 0 0
      vertex 17.16 1.98 0
    endloop
  endfacet
  facet normal -0 0 -1
    outer loop
      vertex 17.16 1.98 0
      vertex 5.94 0 0
      vertex 15.84 1.98 0
    endloop
  endfacet
  facet normal -0 0 -1
    outer loop
      vertex 13.2 1.98 0
      vertex 5.94 0 0
      vertex 13.2 3.3 0
    endloop
  endfacet
  facet normal -0 0 -1
    outer loop
      vertex 15.84 1.98 0
      vertex 5.94 0 0
      vertex 13.2 1.98 0
    endloop
  endfacet
  facet normal 0 -0 -1
    outer loop
      vertex 3.66686 46.4078 0
      vertex 5.61 43.56 0
      vertex 2.63991 45.8589 0
    endloop
  endfacet
  facet normal 0 -0 -1
    outer loop
      vertex 0.114135 42.0788 0
      vertex 5.61 43.56 0
      vertex 0 40.92 0
    endloop
  endfacet
  facet normal 0 0 -1
    outer loop
      vertex 5.61 43.56 0
      vertex 1.73979 45.1202 0
      vertex 2.63991 45.8589 0
    endloop
  endfacet
  facet normal 0 0 -1
    outer loop
      vertex 5.61 43.56 0
      vertex 1.00107 44.2201 0
      vertex 1.73979 45.1202 0
    endloop
  endfacet
  facet normal -0 0 -1
    outer loop
      vertex 5.61 43.56 0
      vertex 0.452155 43.1931 0
      vertex 1.00107 44.2201 0
    endloop
  endfacet
  facet normal 0 0 -1
    outer loop
      vertex 0 40.92 0
      vertex 1.98 24.75 0
      vertex 0 24.75 0
    endloop
  endfacet
  facet normal 0 0 -1
    outer loop
      vertex 5.61 43.56 0
      vertex 0.114135 42.0788 0
      vertex 0.452155 43.1931 0
    endloop
  endfacet
  facet normal 0 0 -1
    outer loop
      vertex 60.3649 43.6863 0
      vertex 63.3601 45.8589 0
      vertex 60.3837 43.6244 0
    endloop
  endfacet
  facet normal -0 0 -1
    outer loop
      vertex 63.3601 45.8589 0
      vertex 60.3649 43.6863 0
      vertex 62.3331 46.4078 0
    endloop
  endfacet
  facet normal 0 0 -1
    outer loop
      vertex 60.3344 43.7433 0
      vertex 62.3331 46.4078 0
      vertex 60.3649 43.6863 0
    endloop
  endfacet
  facet normal 0 0 -1
    outer loop
      vertex 60.2933 43.7933 0
      vertex 62.3331 46.4078 0
      vertex 60.3344 43.7433 0
    endloop
  endfacet
  facet normal -0 0 -1
    outer loop
      vertex 62.3331 46.4078 0
      vertex 60.2933 43.7933 0
      vertex 61.2188 46.7459 0
    endloop
  endfacet
  facet normal 0 0 -1
    outer loop
      vertex 60.2433 43.8344 0
      vertex 61.2188 46.7459 0
      vertex 60.2933 43.7933 0
    endloop
  endfacet
  facet normal 0 0 -1
    outer loop
      vertex 60.1863 43.8649 0
      vertex 61.2188 46.7459 0
      vertex 60.2433 43.8344 0
    endloop
  endfacet
  facet normal 0 0 -1
    outer loop
      vertex 60.1244 43.8837 0
      vertex 61.2188 46.7459 0
      vertex 60.1863 43.8649 0
    endloop
  endfacet
  facet normal 0 0 -1
    outer loop
      vertex 60.06 46.86 0
      vertex 60.1244 43.8837 0
      vertex 60.06 43.89 0
    endloop
  endfacet
  facet normal 0 0 -1
    outer loop
      vertex 60.1244 43.8837 0
      vertex 60.06 46.86 0
      vertex 61.2188 46.7459 0
    endloop
  endfacet
  facet normal 0 0 -1
    outer loop
      vertex 60.06 43.89 0
      vertex 52.965 46.0646 0
      vertex 60.06 46.86 0
    endloop
  endfacet
  facet normal 0 0 -1
    outer loop
      vertex 60.06 43.89 0
      vertex 46.035 46.0646 0
      vertex 52.965 46.0646 0
    endloop
  endfacet
  facet normal 0 0 -1
    outer loop
      vertex 46.035 46.0646 0
      vertex 19.965 46.0646 0
      vertex 46.035 46.86 0
    endloop
  endfacet
  facet normal 0 0 -1
    outer loop
      vertex 60.06 43.89 0
      vertex 19.965 46.0646 0
      vertex 46.035 46.0646 0
    endloop
  endfacet
  facet normal 0 0 -1
    outer loop
      vertex 5.94 43.89 0
      vertex 19.965 46.0646 0
      vertex 60.06 43.89 0
    endloop
  endfacet
  facet normal -0 0 -1
    outer loop
      vertex 19.965 46.0646 0
      vertex 5.94 43.89 0
      vertex 13.035 46.0646 0
    endloop
  endfacet
  facet normal 0 0 -1
    outer loop
      vertex 5.94 46.86 0
      vertex 13.035 46.0646 0
      vertex 5.94 43.89 0
    endloop
  endfacet
  facet normal 0 0 -1
    outer loop
      vertex 13.035 46.0646 0
      vertex 5.94 46.86 0
      vertex 13.035 46.86 0
    endloop
  endfacet
  facet normal 0 0 -1
    outer loop
      vertex 5.87562 43.8837 0
      vertex 5.94 46.86 0
      vertex 5.94 43.89 0
    endloop
  endfacet
  facet normal 0 0 -1
    outer loop
      vertex 4.78116 46.7459 0
      vertex 5.87562 43.8837 0
      vertex 5.81371 43.8649 0
    endloop
  endfacet
  facet normal 0 0 -1
    outer loop
      vertex 4.78116 46.7459 0
      vertex 5.81371 43.8649 0
      vertex 5.75666 43.8344 0
    endloop
  endfacet
  facet normal 0 0 -1
    outer loop
      vertex 4.78116 46.7459 0
      vertex 5.75666 43.8344 0
      vertex 5.70665 43.7933 0
    endloop
  endfacet
  facet normal 0 0 -1
    outer loop
      vertex 4.78116 46.7459 0
      vertex 5.70665 43.7933 0
      vertex 5.66561 43.7433 0
    endloop
  endfacet
  facet normal 0 0 -1
    outer loop
      vertex 4.78116 46.7459 0
      vertex 5.66561 43.7433 0
      vertex 5.63512 43.6863 0
    endloop
  endfacet
  facet normal 0 0 -1
    outer loop
      vertex 4.78116 46.7459 0
      vertex 5.63512 43.6863 0
      vertex 5.61634 43.6244 0
    endloop
  endfacet
  facet normal 0 0 -1
    outer loop
      vertex 5.87562 43.8837 0
      vertex 4.78116 46.7459 0
      vertex 5.94 46.86 0
    endloop
  endfacet
  facet normal 0 0 -1
    outer loop
      vertex 5.61 43.56 0
      vertex 4.78116 46.7459 0
      vertex 5.61634 43.6244 0
    endloop
  endfacet
  facet normal 0 0 -1
    outer loop
      vertex 1.98 24.75 0
      vertex 5.61 43.56 0
      vertex 5.61 5.94 0
    endloop
  endfacet
  facet normal -0 0 -1
    outer loop
      vertex 5.66561 5.75666 0
      vertex 1.00107 2.63991 0
      vertex 5.63512 5.81371 0
    endloop
  endfacet
  facet normal 0 0 -1
    outer loop
      vertex 1.98 24.75 0
      vertex 5.61 5.94 0
      vertex 1.98 8.25 0
    endloop
  endfacet
  facet normal 0 0 -1
    outer loop
      vertex 0.452155 3.66686 0
      vertex 5.63512 5.81371 0
      vertex 1.00107 2.63991 0
    endloop
  endfacet
  facet normal 0 0 -1
    outer loop
      vertex 0 40.92 0
      vertex 5.61 43.56 0
      vertex 1.98 24.75 0
    endloop
  endfacet
  facet normal 0 0 -1
    outer loop
      vertex 5.61 43.56 0
      vertex 3.66686 46.4078 0
      vertex 4.78116 46.7459 0
    endloop
  endfacet
  facet normal -0 0 -1
    outer loop
      vertex 5.63512 5.81371 0
      vertex 0.452155 3.66686 0
      vertex 5.61634 5.87562 0
    endloop
  endfacet
  facet normal 0 0 -1
    outer loop
      vertex 0.114135 4.78116 0
      vertex 5.61634 5.87562 0
      vertex 0.452155 3.66686 0
    endloop
  endfacet
  facet normal 0 -0 -1
    outer loop
      vertex 1.98 8.25 0
      vertex 5.61634 5.87562 0
      vertex 0.114135 4.78116 0
    endloop
  endfacet
  facet normal 0 0 -1
    outer loop
      vertex 5.61634 5.87562 0
      vertex 1.98 8.25 0
      vertex 5.61 5.94 0
    endloop
  endfacet
  facet normal 0 0 -1
    outer loop
      vertex 0 5.94 0
      vertex 1.98 8.25 0
      vertex 0.114135 4.78116 0
    endloop
  endfacet
  facet normal -0 0 -1
    outer loop
      vertex 1.98 8.25 0
      vertex 0 5.94 0
      vertex 0 8.25 0
    endloop
  endfacet
  facet normal -0 0 -1
    outer loop
      vertex 60.06 46.86 0
      vertex 52.965 46.0646 0
      vertex 52.965 46.86 0
    endloop
  endfacet
  facet normal 0 0 -1
    outer loop
      vertex 60.06 0 0
      vertex 52.8 3.3 0
      vertex 60.06 5.61 0
    endloop
  endfacet
  facet normal 0 0 -1
    outer loop
      vertex 50.16 3.3 0
      vertex 60.06 5.61 0
      vertex 52.8 3.3 0
    endloop
  endfacet
  facet normal 0 0 -1
    outer loop
      vertex 48.84 3.3 0
      vertex 50.16 3.3 0
      vertex 48.84 1.98 0
    endloop
  endfacet
  facet normal 0 0 -1
    outer loop
      vertex 48.84 3.3 0
      vertex 60.06 5.61 0
      vertex 50.16 3.3 0
    endloop
  endfacet
  facet normal 0 0 -1
    outer loop
      vertex 46.2 3.3 0
      vertex 60.06 5.61 0
      vertex 48.84 3.3 0
    endloop
  endfacet
  facet normal 0 0 -1
    outer loop
      vertex 19.8 3.3 0
      vertex 46.2 3.3 0
      vertex 19.8 1.98 0
    endloop
  endfacet
  facet normal 0 0 -1
    outer loop
      vertex 46.2 3.3 0
      vertex 19.8 3.3 0
      vertex 60.06 5.61 0
    endloop
  endfacet
  facet normal 0 0 -1
    outer loop
      vertex 5.94 5.61 0
      vertex 19.8 3.3 0
      vertex 17.16 3.3 0
    endloop
  endfacet
  facet normal 0 0 -1
    outer loop
      vertex 15.84 3.3 0
      vertex 17.16 3.3 0
      vertex 15.84 1.98 0
    endloop
  endfacet
  facet normal 0 0 -1
    outer loop
      vertex 5.94 5.61 0
      vertex 17.16 3.3 0
      vertex 15.84 3.3 0
    endloop
  endfacet
  facet normal 0 0 -1
    outer loop
      vertex 5.94 5.61 0
      vertex 15.84 3.3 0
      vertex 13.2 3.3 0
    endloop
  endfacet
  facet normal 0 0 -1
    outer loop
      vertex 19.8 3.3 0
      vertex 5.94 5.61 0
      vertex 60.06 5.61 0
    endloop
  endfacet
  facet normal 0 0 -1
    outer loop
      vertex 5.94 0 0
      vertex 5.94 5.61 0
      vertex 13.2 3.3 0
    endloop
  endfacet
  facet normal 0 0 -1
    outer loop
      vertex 5.94 0 0
      vertex 5.87562 5.61634 0
      vertex 5.94 5.61 0
    endloop
  endfacet
  facet normal 0 0 -1
    outer loop
      vertex 4.78116 0.114135 0
      vertex 5.87562 5.61634 0
      vertex 5.94 0 0
    endloop
  endfacet
  facet normal -0 0 -1
    outer loop
      vertex 5.87562 5.61634 0
      vertex 4.78116 0.114135 0
      vertex 5.81371 5.63512 0
    endloop
  endfacet
  facet normal 0 0 -1
    outer loop
      vertex 3.66686 0.452155 0
      vertex 5.81371 5.63512 0
      vertex 4.78116 0.114135 0
    endloop
  endfacet
  facet normal -0 0 -1
    outer loop
      vertex 5.81371 5.63512 0
      vertex 3.66686 0.452155 0
      vertex 5.75666 5.66561 0
    endloop
  endfacet
  facet normal 0 0 -1
    outer loop
      vertex 2.63991 1.00107 0
      vertex 5.75666 5.66561 0
      vertex 3.66686 0.452155 0
    endloop
  endfacet
  facet normal -0 0 -1
    outer loop
      vertex 5.75666 5.66561 0
      vertex 2.63991 1.00107 0
      vertex 5.70665 5.70665 0
    endloop
  endfacet
  facet normal 0 0 -1
    outer loop
      vertex 1.73979 1.73979 0
      vertex 5.70665 5.70665 0
      vertex 2.63991 1.00107 0
    endloop
  endfacet
  facet normal 0 0 -1
    outer loop
      vertex 1.00107 2.63991 0
      vertex 5.66561 5.75666 0
      vertex 1.73979 1.73979 0
    endloop
  endfacet
  facet normal -0 0 -1
    outer loop
      vertex 5.70665 5.70665 0
      vertex 1.73979 1.73979 0
      vertex 5.66561 5.75666 0
    endloop
  endfacet
  facet normal -0 0 -1
    outer loop
      vertex 46.035 46.86 0
      vertex 19.965 46.0646 0
      vertex 19.965 46.86 0
    endloop
  endfacet
  facet normal -1 0 0
    outer loop
      vertex 17.16 1.98 -2.64
      vertex 17.16 3.3 0
      vertex 17.16 3.3 -2.64
    endloop
  endfacet
  facet normal -1 -0 0
    outer loop
      vertex 17.16 3.3 0
      vertex 17.16 1.98 -2.64
      vertex 17.16 1.98 0
    endloop
  endfacet
  facet normal 0 0 -1
    outer loop
      vertex 17.16 1.98 -2.64
      vertex 19.8 3.3 -2.64
      vertex 19.8 1.98 -2.64
    endloop
  endfacet
  facet normal -0 0 -1
    outer loop
      vertex 19.8 3.3 -2.64
      vertex 17.16 1.98 -2.64
      vertex 17.16 3.3 -2.64
    endloop
  endfacet
  facet normal 0.707107 0 -0.707107
    outer loop
      vertex 20.46 1.98 -1.98
      vertex 19.8 3.3 -2.64
      vertex 20.46 3.3 -1.98
    endloop
  endfacet
  facet normal 0.707107 0 -0.707107
    outer loop
      vertex 19.8 3.3 -2.64
      vertex 20.46 1.98 -1.98
      vertex 19.8 1.98 -2.64
    endloop
  endfacet
  facet normal 0 1 0
    outer loop
      vertex 15.84 3.3 0
      vertex 13.2 3.3 -1.32
      vertex 13.2 3.3 0
    endloop
  endfacet
  facet normal 0 1 -0
    outer loop
      vertex 15.84 3.3 -2.64
      vertex 13.2 3.3 -1.32
      vertex 15.84 3.3 0
    endloop
  endfacet
  facet normal 0 1 0
    outer loop
      vertex 13.2 3.3 -1.32
      vertex 15.84 3.3 -2.64
      vertex 13.2 3.3 -2.64
    endloop
  endfacet
  facet normal 0 1 0
    outer loop
      vertex 13.2 3.3 -1.32
      vertex 13.2 3.3 -2.64
      vertex 12.54 3.3 -1.98
    endloop
  endfacet
  facet normal 0 -1 0
    outer loop
      vertex 13.2 1.98 -1.32
      vertex 15.84 1.98 0
      vertex 13.2 1.98 0
    endloop
  endfacet
  facet normal 0 -1 0
    outer loop
      vertex 13.2 1.98 -2.64
      vertex 13.2 1.98 -1.32
      vertex 12.54 1.98 -1.98
    endloop
  endfacet
  facet normal 0 -1 0
    outer loop
      vertex 15.84 1.98 -2.64
      vertex 13.2 1.98 -1.32
      vertex 13.2 1.98 -2.64
    endloop
  endfacet
  facet normal 0 -1 0
    outer loop
      vertex 13.2 1.98 -1.32
      vertex 15.84 1.98 -2.64
      vertex 15.84 1.98 0
    endloop
  endfacet
  facet normal -0.707107 0 0.707107
    outer loop
      vertex 12.54 1.98 -1.98
      vertex 13.2 3.3 -1.32
      vertex 12.54 3.3 -1.98
    endloop
  endfacet
  facet normal -0.707107 0 0.707107
    outer loop
      vertex 13.2 3.3 -1.32
      vertex 12.54 1.98 -1.98
      vertex 13.2 1.98 -1.32
    endloop
  endfacet
  facet normal -1 0 0
    outer loop
      vertex 13.2 1.98 -1.32
      vertex 13.2 3.3 0
      vertex 13.2 3.3 -1.32
    endloop
  endfacet
  facet normal -1 -0 0
    outer loop
      vertex 13.2 3.3 0
      vertex 13.2 1.98 -1.32
      vertex 13.2 1.98 0
    endloop
  endfacet
  facet normal 1 -0 0
    outer loop
      vertex 15.84 1.98 0
      vertex 15.84 3.3 -2.64
      vertex 15.84 3.3 0
    endloop
  endfacet
  facet normal 1 0 0
    outer loop
      vertex 15.84 3.3 -2.64
      vertex 15.84 1.98 0
      vertex 15.84 1.98 -2.64
    endloop
  endfacet
  facet normal 0 0 -1
    outer loop
      vertex 13.2 1.98 -2.64
      vertex 15.84 3.3 -2.64
      vertex 15.84 1.98 -2.64
    endloop
  endfacet
  facet normal -0 0 -1
    outer loop
      vertex 15.84 3.3 -2.64
      vertex 13.2 1.98 -2.64
      vertex 13.2 3.3 -2.64
    endloop
  endfacet
  facet normal -0.707107 0 -0.707107
    outer loop
      vertex 13.2 1.98 -2.64
      vertex 12.54 3.3 -1.98
      vertex 13.2 3.3 -2.64
    endloop
  endfacet
  facet normal -0.707107 -0 -0.707107
    outer loop
      vertex 12.54 3.3 -1.98
      vertex 13.2 1.98 -2.64
      vertex 12.54 1.98 -1.98
    endloop
  endfacet
  facet normal 0 1 -0
    outer loop
      vertex 52.8 3.3 -1.32
      vertex 50.16 3.3 0
      vertex 52.8 3.3 0
    endloop
  endfacet
  facet normal 0 1 0
    outer loop
      vertex 52.8 3.3 -2.64
      vertex 52.8 3.3 -1.32
      vertex 53.46 3.3 -1.98
    endloop
  endfacet
  facet normal 0 1 0
    outer loop
      vertex 50.16 3.3 -2.64
      vertex 52.8 3.3 -1.32
      vertex 52.8 3.3 -2.64
    endloop
  endfacet
  facet normal 0 1 0
    outer loop
      vertex 52.8 3.3 -1.32
      vertex 50.16 3.3 -2.64
      vertex 50.16 3.3 0
    endloop
  endfacet
  facet normal 0 -1 0
    outer loop
      vertex 50.16 1.98 0
      vertex 52.8 1.98 -1.32
      vertex 52.8 1.98 0
    endloop
  endfacet
  facet normal 0 -1 0
    outer loop
      vertex 50.16 1.98 -2.64
      vertex 52.8 1.98 -1.32
      vertex 50.16 1.98 0
    endloop
  endfacet
  facet normal 0 -1 -0
    outer loop
      vertex 52.8 1.98 -1.32
      vertex 50.16 1.98 -2.64
      vertex 52.8 1.98 -2.64
    endloop
  endfacet
  facet normal 0 -1 0
    outer loop
      vertex 52.8 1.98 -1.32
      vertex 52.8 1.98 -2.64
      vertex 53.46 1.98 -1.98
    endloop
  endfacet
  facet normal 0.707107 -0 0.707107
    outer loop
      vertex 52.8 1.98 -1.32
      vertex 53.46 3.3 -1.98
      vertex 52.8 3.3 -1.32
    endloop
  endfacet
  facet normal 0.707107 0 0.707107
    outer loop
      vertex 53.46 3.3 -1.98
      vertex 52.8 1.98 -1.32
      vertex 53.46 1.98 -1.98
    endloop
  endfacet
  facet normal 1 -0 0
    outer loop
      vertex 52.8 1.98 0
      vertex 52.8 3.3 -1.32
      vertex 52.8 3.3 0
    endloop
  endfacet
  facet normal 1 0 0
    outer loop
      vertex 52.8 3.3 -1.32
      vertex 52.8 1.98 0
      vertex 52.8 1.98 -1.32
    endloop
  endfacet
  facet normal -1 0 0
    outer loop
      vertex 50.16 1.98 -2.64
      vertex 50.16 3.3 0
      vertex 50.16 3.3 -2.64
    endloop
  endfacet
  facet normal -1 -0 0
    outer loop
      vertex 50.16 3.3 0
      vertex 50.16 1.98 -2.64
      vertex 50.16 1.98 0
    endloop
  endfacet
  facet normal 0 0 -1
    outer loop
      vertex 50.16 1.98 -2.64
      vertex 52.8 3.3 -2.64
      vertex 52.8 1.98 -2.64
    endloop
  endfacet
  facet normal -0 0 -1
    outer loop
      vertex 52.8 3.3 -2.64
      vertex 50.16 1.98 -2.64
      vertex 50.16 3.3 -2.64
    endloop
  endfacet
  facet normal 0.707107 0 -0.707107
    outer loop
      vertex 53.46 1.98 -1.98
      vertex 52.8 3.3 -2.64
      vertex 53.46 3.3 -1.98
    endloop
  endfacet
  facet normal 0.707107 0 -0.707107
    outer loop
      vertex 52.8 3.3 -2.64
      vertex 53.46 1.98 -1.98
      vertex 52.8 1.98 -2.64
    endloop
  endfacet
  facet normal 0 1 0
    outer loop
      vertex 48.84 3.3 0
      vertex 46.2 3.3 -1.32
      vertex 46.2 3.3 0
    endloop
  endfacet
  facet normal 0 1 -0
    outer loop
      vertex 48.84 3.3 -2.64
      vertex 46.2 3.3 -1.32
      vertex 48.84 3.3 0
    endloop
  endfacet
  facet normal 0 1 0
    outer loop
      vertex 46.2 3.3 -1.32
      vertex 48.84 3.3 -2.64
      vertex 46.2 3.3 -2.64
    endloop
  endfacet
  facet normal 0 1 0
    outer loop
      vertex 46.2 3.3 -1.32
      vertex 46.2 3.3 -2.64
      vertex 45.54 3.3 -1.98
    endloop
  endfacet
  facet normal 0 -1 0
    outer loop
      vertex 46.2 1.98 -1.32
      vertex 48.84 1.98 0
      vertex 46.2 1.98 0
    endloop
  endfacet
  facet normal 0 -1 0
    outer loop
      vertex 46.2 1.98 -2.64
      vertex 46.2 1.98 -1.32
      vertex 45.54 1.98 -1.98
    endloop
  endfacet
  facet normal 0 -1 0
    outer loop
      vertex 48.84 1.98 -2.64
      vertex 46.2 1.98 -1.32
      vertex 46.2 1.98 -2.64
    endloop
  endfacet
  facet normal 0 -1 0
    outer loop
      vertex 46.2 1.98 -1.32
      vertex 48.84 1.98 -2.64
      vertex 48.84 1.98 0
    endloop
  endfacet
  facet normal -0.707107 0 0.707107
    outer loop
      vertex 45.54 1.98 -1.98
      vertex 46.2 3.3 -1.32
      vertex 45.54 3.3 -1.98
    endloop
  endfacet
  facet normal -0.707107 0 0.707107
    outer loop
      vertex 46.2 3.3 -1.32
      vertex 45.54 1.98 -1.98
      vertex 46.2 1.98 -1.32
    endloop
  endfacet
  facet normal -1 0 0
    outer loop
      vertex 46.2 1.98 -1.32
      vertex 46.2 3.3 0
      vertex 46.2 3.3 -1.32
    endloop
  endfacet
  facet normal -1 -0 0
    outer loop
      vertex 46.2 3.3 0
      vertex 46.2 1.98 -1.32
      vertex 46.2 1.98 0
    endloop
  endfacet
  facet normal 1 -0 0
    outer loop
      vertex 48.84 1.98 0
      vertex 48.84 3.3 -2.64
      vertex 48.84 3.3 0
    endloop
  endfacet
  facet normal 1 0 0
    outer loop
      vertex 48.84 3.3 -2.64
      vertex 48.84 1.98 0
      vertex 48.84 1.98 -2.64
    endloop
  endfacet
  facet normal 0 0 -1
    outer loop
      vertex 46.2 1.98 -2.64
      vertex 48.84 3.3 -2.64
      vertex 48.84 1.98 -2.64
    endloop
  endfacet
  facet normal -0 0 -1
    outer loop
      vertex 48.84 3.3 -2.64
      vertex 46.2 1.98 -2.64
      vertex 46.2 3.3 -2.64
    endloop
  endfacet
  facet normal -0.707107 0 -0.707107
    outer loop
      vertex 46.2 1.98 -2.64
      vertex 45.54 3.3 -1.98
      vertex 46.2 3.3 -2.64
    endloop
  endfacet
  facet normal -0.707107 -0 -0.707107
    outer loop
      vertex 45.54 3.3 -1.98
      vertex 46.2 1.98 -2.64
      vertex 45.54 1.98 -1.98
    endloop
  endfacet
  facet normal -0.956941 -0.290282 0
    outer loop
      vertex 5.63512 5.81371 -3.63
      vertex 5.61634 5.87562 0
      vertex 5.61634 5.87562 -3.63
    endloop
  endfacet
  facet normal -0.956941 -0.290282 0
    outer loop
      vertex 5.61634 5.87562 0
      vertex 5.63512 5.81371 -3.63
      vertex 5.63512 5.81371 0
    endloop
  endfacet
  facet normal -0.995186 -0.0980037 0
    outer loop
      vertex 5.61634 5.87562 -3.63
      vertex 5.61 5.94 0
      vertex 5.61 5.94 -3.63
    endloop
  endfacet
  facet normal -0.995186 -0.0980037 0
    outer loop
      vertex 5.61 5.94 0
      vertex 5.61634 5.87562 -3.63
      vertex 5.61634 5.87562 0
    endloop
  endfacet
  facet normal 1 -0 0
    outer loop
      vertex 60.39 5.94 0
      vertex 60.39 43.56 -3.63
      vertex 60.39 43.56 0
    endloop
  endfacet
  facet normal 1 0 0
    outer loop
      vertex 60.39 43.56 -3.63
      vertex 60.39 5.94 0
      vertex 60.39 5.94 -3.63
    endloop
  endfacet
  facet normal 0 1 -0
    outer loop
      vertex 60.06 43.89 -3.63
      vertex 5.94 43.89 0
      vertex 60.06 43.89 0
    endloop
  endfacet
  facet normal 0 1 0
    outer loop
      vertex 5.94 43.89 0
      vertex 60.06 43.89 -3.63
      vertex 5.94 43.89 -3.63
    endloop
  endfacet
  facet normal -0.634373 -0.773027 0
    outer loop
      vertex 5.70665 5.70665 -3.63
      vertex 5.75666 5.66561 0
      vertex 5.70665 5.70665 0
    endloop
  endfacet
  facet normal -0.634373 -0.773027 -0
    outer loop
      vertex 5.75666 5.66561 0
      vertex 5.70665 5.70665 -3.63
      vertex 5.75666 5.66561 -3.63
    endloop
  endfacet
  facet normal 0.471792 0.88171 -0
    outer loop
      vertex 60.2433 43.8344 -3.63
      vertex 60.1863 43.8649 0
      vertex 60.2433 43.8344 0
    endloop
  endfacet
  facet normal 0.471792 0.88171 0
    outer loop
      vertex 60.1863 43.8649 0
      vertex 60.2433 43.8344 -3.63
      vertex 60.1863 43.8649 -3.63
    endloop
  endfacet
  facet normal -0.634927 0.772572 0
    outer loop
      vertex 5.75666 43.8344 -3.63
      vertex 5.70665 43.7933 0
      vertex 5.75666 43.8344 0
    endloop
  endfacet
  facet normal -0.634927 0.772572 0
    outer loop
      vertex 5.70665 43.7933 0
      vertex 5.75666 43.8344 -3.63
      vertex 5.70665 43.7933 -3.63
    endloop
  endfacet
  facet normal 0 0 -1
    outer loop
      vertex 60.06 5.61 -3.63
      vertex 60.39 5.94 -3.63
      vertex 60.3837 5.87562 -3.63
    endloop
  endfacet
  facet normal 0 0 -1
    outer loop
      vertex 60.39 5.94 -3.63
      vertex 59.07 7.26 -3.63
      vertex 60.39 43.56 -3.63
    endloop
  endfacet
  facet normal 0 0 -1
    outer loop
      vertex 60.06 5.61 -3.63
      vertex 60.3837 5.87562 -3.63
      vertex 60.3649 5.81371 -3.63
    endloop
  endfacet
  facet normal 0 0 -1
    outer loop
      vertex 59.07 42.24 -3.63
      vertex 60.39 43.56 -3.63
      vertex 59.07 7.26 -3.63
    endloop
  endfacet
  facet normal 0 0 -1
    outer loop
      vertex 60.06 5.61 -3.63
      vertex 60.3649 5.81371 -3.63
      vertex 60.3344 5.75666 -3.63
    endloop
  endfacet
  facet normal 0 0 -1
    outer loop
      vertex 59.0637 42.3044 -3.63
      vertex 60.39 43.56 -3.63
      vertex 59.07 42.24 -3.63
    endloop
  endfacet
  facet normal 0 0 -1
    outer loop
      vertex 60.06 5.61 -3.63
      vertex 60.3344 5.75666 -3.63
      vertex 60.2933 5.70665 -3.63
    endloop
  endfacet
  facet normal 0 0 -1
    outer loop
      vertex 59.0449 42.3663 -3.63
      vertex 60.39 43.56 -3.63
      vertex 59.0637 42.3044 -3.63
    endloop
  endfacet
  facet normal 0 0 -1
    outer loop
      vertex 60.06 5.61 -3.63
      vertex 60.2933 5.70665 -3.63
      vertex 60.2433 5.66561 -3.63
    endloop
  endfacet
  facet normal 0 0 -1
    outer loop
      vertex 59.0144 42.4233 -3.63
      vertex 60.39 43.56 -3.63
      vertex 59.0449 42.3663 -3.63
    endloop
  endfacet
  facet normal 0 0 -1
    outer loop
      vertex 60.06 5.61 -3.63
      vertex 60.2433 5.66561 -3.63
      vertex 60.1863 5.63512 -3.63
    endloop
  endfacet
  facet normal 0 0 -1
    outer loop
      vertex 58.9733 42.4733 -3.63
      vertex 60.39 43.56 -3.63
      vertex 59.0144 42.4233 -3.63
    endloop
  endfacet
  facet normal 0 0 -1
    outer loop
      vertex 60.06 5.61 -3.63
      vertex 60.1863 5.63512 -3.63
      vertex 60.1244 5.61634 -3.63
    endloop
  endfacet
  facet normal 0 -0 -1
    outer loop
      vertex 60.06 43.89 -3.63
      vertex 60.39 43.56 -3.63
      vertex 58.9733 42.4733 -3.63
    endloop
  endfacet
  facet normal -0 0 -1
    outer loop
      vertex 60.39 5.94 -3.63
      vertex 60.06 5.61 -3.63
      vertex 58.9733 7.02665 -3.63
    endloop
  endfacet
  facet normal 0 0 -1
    outer loop
      vertex 60.3837 43.6244 -3.63
      vertex 60.06 43.89 -3.63
      vertex 60.3649 43.6863 -3.63
    endloop
  endfacet
  facet normal 0 0 -1
    outer loop
      vertex 60.3649 43.6863 -3.63
      vertex 60.06 43.89 -3.63
      vertex 60.3344 43.7433 -3.63
    endloop
  endfacet
  facet normal 0 0 -1
    outer loop
      vertex 60.39 5.94 -3.63
      vertex 59.0637 7.19562 -3.63
      vertex 59.07 7.26 -3.63
    endloop
  endfacet
  facet normal 0 0 -1
    outer loop
      vertex 60.39 5.94 -3.63
      vertex 59.0449 7.13371 -3.63
      vertex 59.0637 7.19562 -3.63
    endloop
  endfacet
  facet normal 0 0 -1
    outer loop
      vertex 60.39 5.94 -3.63
      vertex 59.0144 7.07666 -3.63
      vertex 59.0449 7.13371 -3.63
    endloop
  endfacet
  facet normal 0 0 -1
    outer loop
      vertex 60.39 5.94 -3.63
      vertex 58.9733 7.02665 -3.63
      vertex 59.0144 7.07666 -3.63
    endloop
  endfacet
  facet normal 0 0 -1
    outer loop
      vertex 60.06 5.61 -3.63
      vertex 58.9233 6.98561 -3.63
      vertex 58.9733 7.02665 -3.63
    endloop
  endfacet
  facet normal 0 0 -1
    outer loop
      vertex 60.06 5.61 -3.63
      vertex 58.8663 6.95512 -3.63
      vertex 58.9233 6.98561 -3.63
    endloop
  endfacet
  facet normal 0 0 -1
    outer loop
      vertex 60.06 5.61 -3.63
      vertex 58.8044 6.93634 -3.63
      vertex 58.8663 6.95512 -3.63
    endloop
  endfacet
  facet normal 0 0 -1
    outer loop
      vertex 60.06 5.61 -3.63
      vertex 58.74 6.93 -3.63
      vertex 58.8044 6.93634 -3.63
    endloop
  endfacet
  facet normal 0 0 -1
    outer loop
      vertex 60.06 5.61 -3.63
      vertex 7.26 6.93 -3.63
      vertex 58.74 6.93 -3.63
    endloop
  endfacet
  facet normal -0 0 -1
    outer loop
      vertex 6.93634 7.19562 -3.63
      vertex 5.61 5.94 -3.63
      vertex 6.93 7.26 -3.63
    endloop
  endfacet
  facet normal -0 0 -1
    outer loop
      vertex 6.95512 7.13371 -3.63
      vertex 5.61 5.94 -3.63
      vertex 6.93634 7.19562 -3.63
    endloop
  endfacet
  facet normal -0 0 -1
    outer loop
      vertex 6.98561 7.07666 -3.63
      vertex 5.61 5.94 -3.63
      vertex 6.95512 7.13371 -3.63
    endloop
  endfacet
  facet normal -0 0 -1
    outer loop
      vertex 7.02665 7.02665 -3.63
      vertex 5.61 5.94 -3.63
      vertex 6.98561 7.07666 -3.63
    endloop
  endfacet
  facet normal 0 0 -1
    outer loop
      vertex 5.61 5.94 -3.63
      vertex 7.02665 7.02665 -3.63
      vertex 5.94 5.61 -3.63
    endloop
  endfacet
  facet normal -0 0 -1
    outer loop
      vertex 7.07666 6.98561 -3.63
      vertex 5.94 5.61 -3.63
      vertex 7.02665 7.02665 -3.63
    endloop
  endfacet
  facet normal -0 0 -1
    outer loop
      vertex 7.13371 6.95512 -3.63
      vertex 5.94 5.61 -3.63
      vertex 7.07666 6.98561 -3.63
    endloop
  endfacet
  facet normal -0 0 -1
    outer loop
      vertex 7.19562 6.93634 -3.63
      vertex 5.94 5.61 -3.63
      vertex 7.13371 6.95512 -3.63
    endloop
  endfacet
  facet normal -0 0 -1
    outer loop
      vertex 7.26 6.93 -3.63
      vertex 5.94 5.61 -3.63
      vertex 7.19562 6.93634 -3.63
    endloop
  endfacet
  facet normal 0 0 -1
    outer loop
      vertex 5.94 5.61 -3.63
      vertex 7.26 6.93 -3.63
      vertex 60.06 5.61 -3.63
    endloop
  endfacet
  facet normal 0 0 -1
    outer loop
      vertex 60.3344 43.7433 -3.63
      vertex 60.06 43.89 -3.63
      vertex 60.2933 43.7933 -3.63
    endloop
  endfacet
  facet normal 0 0 -1
    outer loop
      vertex 60.2433 43.8344 -3.63
      vertex 60.06 43.89 -3.63
      vertex 60.1863 43.8649 -3.63
    endloop
  endfacet
  facet normal 0 0 -1
    outer loop
      vertex 60.1863 43.8649 -3.63
      vertex 60.06 43.89 -3.63
      vertex 60.1244 43.8837 -3.63
    endloop
  endfacet
  facet normal 0 0 -1
    outer loop
      vertex 60.2933 43.7933 -3.63
      vertex 60.06 43.89 -3.63
      vertex 60.2433 43.8344 -3.63
    endloop
  endfacet
  facet normal 0 0 -1
    outer loop
      vertex 60.39 43.56 -3.63
      vertex 60.06 43.89 -3.63
      vertex 60.3837 43.6244 -3.63
    endloop
  endfacet
  facet normal 0 0 -1
    outer loop
      vertex 58.9233 42.5144 -3.63
      vertex 60.06 43.89 -3.63
      vertex 58.9733 42.4733 -3.63
    endloop
  endfacet
  facet normal 0 0 -1
    outer loop
      vertex 58.8663 42.5449 -3.63
      vertex 60.06 43.89 -3.63
      vertex 58.9233 42.5144 -3.63
    endloop
  endfacet
  facet normal 0 0 -1
    outer loop
      vertex 58.8044 42.5637 -3.63
      vertex 60.06 43.89 -3.63
      vertex 58.8663 42.5449 -3.63
    endloop
  endfacet
  facet normal 0 0 -1
    outer loop
      vertex 58.74 42.57 -3.63
      vertex 60.06 43.89 -3.63
      vertex 58.8044 42.5637 -3.63
    endloop
  endfacet
  facet normal 0 0 -1
    outer loop
      vertex 7.26 42.57 -3.63
      vertex 60.06 43.89 -3.63
      vertex 58.74 42.57 -3.63
    endloop
  endfacet
  facet normal 0 0 -1
    outer loop
      vertex 7.26 42.57 -3.63
      vertex 5.94 43.89 -3.63
      vertex 60.06 43.89 -3.63
    endloop
  endfacet
  facet normal 0 0 -1
    outer loop
      vertex 7.19562 42.5637 -3.63
      vertex 5.94 43.89 -3.63
      vertex 7.26 42.57 -3.63
    endloop
  endfacet
  facet normal 0 0 -1
    outer loop
      vertex 7.13371 42.5449 -3.63
      vertex 5.94 43.89 -3.63
      vertex 7.19562 42.5637 -3.63
    endloop
  endfacet
  facet normal 0 0 -1
    outer loop
      vertex 7.07666 42.5144 -3.63
      vertex 5.94 43.89 -3.63
      vertex 7.13371 42.5449 -3.63
    endloop
  endfacet
  facet normal 0 0 -1
    outer loop
      vertex 7.02665 42.4733 -3.63
      vertex 5.94 43.89 -3.63
      vertex 7.07666 42.5144 -3.63
    endloop
  endfacet
  facet normal 0 0 -1
    outer loop
      vertex 5.61 43.56 -3.63
      vertex 7.02665 42.4733 -3.63
      vertex 6.98561 42.4233 -3.63
    endloop
  endfacet
  facet normal 0 0 -1
    outer loop
      vertex 5.61 43.56 -3.63
      vertex 6.98561 42.4233 -3.63
      vertex 6.95512 42.3663 -3.63
    endloop
  endfacet
  facet normal 0 0 -1
    outer loop
      vertex 5.61 43.56 -3.63
      vertex 6.95512 42.3663 -3.63
      vertex 6.93634 42.3044 -3.63
    endloop
  endfacet
  facet normal 0 0 -1
    outer loop
      vertex 5.61 43.56 -3.63
      vertex 6.93634 42.3044 -3.63
      vertex 6.93 42.24 -3.63
    endloop
  endfacet
  facet normal -0 0 -1
    outer loop
      vertex 6.93 7.26 -3.63
      vertex 5.61 5.94 -3.63
      vertex 6.93 42.24 -3.63
    endloop
  endfacet
  facet normal 0 0 -1
    outer loop
      vertex 5.61 5.94 -3.63
      vertex 5.94 5.61 -3.63
      vertex 5.87562 5.61634 -3.63
    endloop
  endfacet
  facet normal 0 0 -1
    outer loop
      vertex 5.61 43.56 -3.63
      vertex 6.93 42.24 -3.63
      vertex 5.61 5.94 -3.63
    endloop
  endfacet
  facet normal 0 0 -1
    outer loop
      vertex 5.61 5.94 -3.63
      vertex 5.87562 5.61634 -3.63
      vertex 5.81371 5.63512 -3.63
    endloop
  endfacet
  facet normal 0 0 -1
    outer loop
      vertex 7.02665 42.4733 -3.63
      vertex 5.61 43.56 -3.63
      vertex 5.94 43.89 -3.63
    endloop
  endfacet
  facet normal 0 0 -1
    outer loop
      vertex 5.61 5.94 -3.63
      vertex 5.81371 5.63512 -3.63
      vertex 5.75666 5.66561 -3.63
    endloop
  endfacet
  facet normal 0 0 -1
    outer loop
      vertex 5.94 43.89 -3.63
      vertex 5.61 43.56 -3.63
      vertex 5.87562 43.8837 -3.63
    endloop
  endfacet
  facet normal 0 0 -1
    outer loop
      vertex 5.61 5.94 -3.63
      vertex 5.75666 5.66561 -3.63
      vertex 5.70665 5.70665 -3.63
    endloop
  endfacet
  facet normal 0 0 -1
    outer loop
      vertex 5.87562 43.8837 -3.63
      vertex 5.61 43.56 -3.63
      vertex 5.81371 43.8649 -3.63
    endloop
  endfacet
  facet normal 0 0 -1
    outer loop
      vertex 5.61 5.94 -3.63
      vertex 5.70665 5.70665 -3.63
      vertex 5.66561 5.75666 -3.63
    endloop
  endfacet
  facet normal 0 0 -1
    outer loop
      vertex 5.81371 43.8649 -3.63
      vertex 5.61 43.56 -3.63
      vertex 5.75666 43.8344 -3.63
    endloop
  endfacet
  facet normal 0 0 -1
    outer loop
      vertex 5.61 5.94 -3.63
      vertex 5.66561 5.75666 -3.63
      vertex 5.63512 5.81371 -3.63
    endloop
  endfacet
  facet normal 0 0 -1
    outer loop
      vertex 5.75666 43.8344 -3.63
      vertex 5.61 43.56 -3.63
      vertex 5.70665 43.7933 -3.63
    endloop
  endfacet
  facet normal 0 0 -1
    outer loop
      vertex 5.61 5.94 -3.63
      vertex 5.63512 5.81371 -3.63
      vertex 5.61634 5.87562 -3.63
    endloop
  endfacet
  facet normal 0 0 -1
    outer loop
      vertex 5.70665 43.7933 -3.63
      vertex 5.61 43.56 -3.63
      vertex 5.66561 43.7433 -3.63
    endloop
  endfacet
  facet normal 0 0 -1
    outer loop
      vertex 5.66561 43.7433 -3.63
      vertex 5.61 43.56 -3.63
      vertex 5.63512 43.6863 -3.63
    endloop
  endfacet
  facet normal 0 0 -1
    outer loop
      vertex 5.63512 43.6863 -3.63
      vertex 5.61 43.56 -3.63
      vertex 5.61634 43.6244 -3.63
    endloop
  endfacet
  facet normal -1 0 0
    outer loop
      vertex 5.61 5.94 -3.63
      vertex 5.61 43.56 0
      vertex 5.61 43.56 -3.63
    endloop
  endfacet
  facet normal -1 -0 0
    outer loop
      vertex 5.61 43.56 0
      vertex 5.61 5.94 -3.63
      vertex 5.61 5.94 0
    endloop
  endfacet
  facet normal 0.0979736 -0.995189 0
    outer loop
      vertex 60.06 5.61 -3.63
      vertex 60.1244 5.61634 0
      vertex 60.06 5.61 0
    endloop
  endfacet
  facet normal 0.0979736 -0.995189 0
    outer loop
      vertex 60.1244 5.61634 0
      vertex 60.06 5.61 -3.63
      vertex 60.1244 5.61634 -3.63
    endloop
  endfacet
  facet normal -0.290565 0.956855 0
    outer loop
      vertex 5.87562 43.8837 -3.63
      vertex 5.81371 43.8649 0
      vertex 5.87562 43.8837 0
    endloop
  endfacet
  facet normal -0.290565 0.956855 0
    outer loop
      vertex 5.81371 43.8649 0
      vertex 5.87562 43.8837 -3.63
      vertex 5.81371 43.8649 -3.63
    endloop
  endfacet
  facet normal 0 -1 0
    outer loop
      vertex 5.94 5.61 -3.63
      vertex 60.06 5.61 0
      vertex 5.94 5.61 0
    endloop
  endfacet
  facet normal 0 -1 -0
    outer loop
      vertex 60.06 5.61 0
      vertex 5.94 5.61 -3.63
      vertex 60.06 5.61 -3.63
    endloop
  endfacet
  facet normal 0.634449 -0.772965 0
    outer loop
      vertex 60.2433 5.66561 -3.63
      vertex 60.2933 5.70665 0
      vertex 60.2433 5.66561 0
    endloop
  endfacet
  facet normal 0.634449 -0.772965 0
    outer loop
      vertex 60.2933 5.70665 0
      vertex 60.2433 5.66561 -3.63
      vertex 60.2933 5.70665 -3.63
    endloop
  endfacet
  facet normal 0.772572 -0.634927 0
    outer loop
      vertex 60.2933 5.70665 0
      vertex 60.3344 5.75666 -3.63
      vertex 60.3344 5.75666 0
    endloop
  endfacet
  facet normal 0.772572 -0.634927 0
    outer loop
      vertex 60.3344 5.75666 -3.63
      vertex 60.2933 5.70665 0
      vertex 60.2933 5.70665 -3.63
    endloop
  endfacet
  facet normal 0.77251 0.635003 0
    outer loop
      vertex 60.3344 43.7433 0
      vertex 60.2933 43.7933 -3.63
      vertex 60.2933 43.7933 0
    endloop
  endfacet
  facet normal 0.77251 0.635003 0
    outer loop
      vertex 60.2933 43.7933 -3.63
      vertex 60.3344 43.7433 0
      vertex 60.3344 43.7433 -3.63
    endloop
  endfacet
  facet normal -0.772965 0.634449 0
    outer loop
      vertex 5.66561 43.7433 -3.63
      vertex 5.70665 43.7933 0
      vertex 5.70665 43.7933 -3.63
    endloop
  endfacet
  facet normal -0.772965 0.634449 0
    outer loop
      vertex 5.70665 43.7933 0
      vertex 5.66561 43.7433 -3.63
      vertex 5.66561 43.7433 0
    endloop
  endfacet
  facet normal 0.88171 0.471792 0
    outer loop
      vertex 60.3649 43.6863 0
      vertex 60.3344 43.7433 -3.63
      vertex 60.3344 43.7433 0
    endloop
  endfacet
  facet normal 0.88171 0.471792 0
    outer loop
      vertex 60.3344 43.7433 -3.63
      vertex 60.3649 43.6863 0
      vertex 60.3649 43.6863 -3.63
    endloop
  endfacet
  facet normal 0.471672 -0.881774 0
    outer loop
      vertex 60.1863 5.63512 -3.63
      vertex 60.2433 5.66561 0
      vertex 60.1863 5.63512 0
    endloop
  endfacet
  facet normal 0.471672 -0.881774 0
    outer loop
      vertex 60.2433 5.66561 0
      vertex 60.1863 5.63512 -3.63
      vertex 60.2433 5.66561 -3.63
    endloop
  endfacet
  facet normal 0.956855 -0.290565 0
    outer loop
      vertex 60.3649 5.81371 0
      vertex 60.3837 5.87562 -3.63
      vertex 60.3837 5.87562 0
    endloop
  endfacet
  facet normal 0.956855 -0.290565 0
    outer loop
      vertex 60.3837 5.87562 -3.63
      vertex 60.3649 5.81371 0
      vertex 60.3649 5.81371 -3.63
    endloop
  endfacet
  facet normal -0.881946 -0.47135 0
    outer loop
      vertex 5.66561 5.75666 -3.63
      vertex 5.63512 5.81371 0
      vertex 5.63512 5.81371 -3.63
    endloop
  endfacet
  facet normal -0.881946 -0.47135 0
    outer loop
      vertex 5.63512 5.81371 0
      vertex 5.66561 5.75666 -3.63
      vertex 5.66561 5.75666 0
    endloop
  endfacet
  facet normal -0.471471 0.881882 0
    outer loop
      vertex 5.81371 43.8649 -3.63
      vertex 5.75666 43.8344 0
      vertex 5.81371 43.8649 0
    endloop
  endfacet
  facet normal -0.471471 0.881882 0
    outer loop
      vertex 5.75666 43.8344 0
      vertex 5.81371 43.8649 -3.63
      vertex 5.75666 43.8344 -3.63
    endloop
  endfacet
  facet normal 0.995249 0.0973613 0
    outer loop
      vertex 60.39 43.56 0
      vertex 60.3837 43.6244 -3.63
      vertex 60.3837 43.6244 0
    endloop
  endfacet
  facet normal 0.995249 0.0973613 0
    outer loop
      vertex 60.3837 43.6244 -3.63
      vertex 60.39 43.56 0
      vertex 60.39 43.56 -3.63
    endloop
  endfacet
  facet normal -0.881774 0.471672 0
    outer loop
      vertex 5.63512 43.6863 -3.63
      vertex 5.66561 43.7433 0
      vertex 5.66561 43.7433 -3.63
    endloop
  endfacet
  facet normal -0.881774 0.471672 0
    outer loop
      vertex 5.66561 43.7433 0
      vertex 5.63512 43.6863 -3.63
      vertex 5.63512 43.6863 0
    endloop
  endfacet
  facet normal 0.956842 0.290608 0
    outer loop
      vertex 60.3837 43.6244 0
      vertex 60.3649 43.6863 -3.63
      vertex 60.3649 43.6863 0
    endloop
  endfacet
  facet normal 0.956842 0.290608 0
    outer loop
      vertex 60.3649 43.6863 -3.63
      vertex 60.3837 43.6244 0
      vertex 60.3837 43.6244 -3.63
    endloop
  endfacet
  facet normal 0.635003 0.77251 -0
    outer loop
      vertex 60.2933 43.7933 -3.63
      vertex 60.2433 43.8344 0
      vertex 60.2933 43.7933 0
    endloop
  endfacet
  facet normal 0.635003 0.77251 0
    outer loop
      vertex 60.2433 43.8344 0
      vertex 60.2933 43.7933 -3.63
      vertex 60.2433 43.8344 -3.63
    endloop
  endfacet
  facet normal -0.956928 0.290325 0
    outer loop
      vertex 5.61634 43.6244 -3.63
      vertex 5.63512 43.6863 0
      vertex 5.63512 43.6863 -3.63
    endloop
  endfacet
  facet normal -0.956928 0.290325 0
    outer loop
      vertex 5.63512 43.6863 0
      vertex 5.61634 43.6244 -3.63
      vertex 5.61634 43.6244 0
    endloop
  endfacet
  facet normal -0.995189 0.0979736 0
    outer loop
      vertex 5.61 43.56 -3.63
      vertex 5.61634 43.6244 0
      vertex 5.61634 43.6244 -3.63
    endloop
  endfacet
  facet normal -0.995189 0.0979736 0
    outer loop
      vertex 5.61634 43.6244 0
      vertex 5.61 43.56 -3.63
      vertex 5.61 43.56 0
    endloop
  endfacet
  facet normal 0.290608 0.956842 -0
    outer loop
      vertex 60.1863 43.8649 -3.63
      vertex 60.1244 43.8837 0
      vertex 60.1863 43.8649 0
    endloop
  endfacet
  facet normal 0.290608 0.956842 0
    outer loop
      vertex 60.1244 43.8837 0
      vertex 60.1863 43.8649 -3.63
      vertex 60.1244 43.8837 -3.63
    endloop
  endfacet
  facet normal 0.290325 -0.956928 0
    outer loop
      vertex 60.1244 5.61634 -3.63
      vertex 60.1863 5.63512 0
      vertex 60.1244 5.61634 0
    endloop
  endfacet
  facet normal 0.290325 -0.956928 0
    outer loop
      vertex 60.1863 5.63512 0
      vertex 60.1244 5.61634 -3.63
      vertex 60.1863 5.63512 -3.63
    endloop
  endfacet
  facet normal -0.773027 -0.634373 0
    outer loop
      vertex 5.70665 5.70665 -3.63
      vertex 5.66561 5.75666 0
      vertex 5.66561 5.75666 -3.63
    endloop
  endfacet
  facet normal -0.773027 -0.634373 0
    outer loop
      vertex 5.66561 5.75666 0
      vertex 5.70665 5.70665 -3.63
      vertex 5.70665 5.70665 0
    endloop
  endfacet
  facet normal -0.47135 -0.881946 0
    outer loop
      vertex 5.75666 5.66561 -3.63
      vertex 5.81371 5.63512 0
      vertex 5.75666 5.66561 0
    endloop
  endfacet
  facet normal -0.47135 -0.881946 -0
    outer loop
      vertex 5.81371 5.63512 0
      vertex 5.75666 5.66561 -3.63
      vertex 5.81371 5.63512 -3.63
    endloop
  endfacet
  facet normal 0.0973613 0.995249 -0
    outer loop
      vertex 60.1244 43.8837 -3.63
      vertex 60.06 43.89 0
      vertex 60.1244 43.8837 0
    endloop
  endfacet
  facet normal 0.0973613 0.995249 0
    outer loop
      vertex 60.06 43.89 0
      vertex 60.1244 43.8837 -3.63
      vertex 60.06 43.89 -3.63
    endloop
  endfacet
  facet normal -0.0973913 0.995246 0
    outer loop
      vertex 5.94 43.89 -3.63
      vertex 5.87562 43.8837 0
      vertex 5.94 43.89 0
    endloop
  endfacet
  facet normal -0.0973913 0.995246 0
    outer loop
      vertex 5.87562 43.8837 0
      vertex 5.94 43.89 -3.63
      vertex 5.87562 43.8837 -3.63
    endloop
  endfacet
  facet normal -0.0980037 -0.995186 0
    outer loop
      vertex 5.87562 5.61634 -3.63
      vertex 5.94 5.61 0
      vertex 5.87562 5.61634 0
    endloop
  endfacet
  facet normal -0.0980037 -0.995186 -0
    outer loop
      vertex 5.94 5.61 0
      vertex 5.87562 5.61634 -3.63
      vertex 5.94 5.61 -3.63
    endloop
  endfacet
  facet normal 0.881882 -0.471471 0
    outer loop
      vertex 60.3344 5.75666 0
      vertex 60.3649 5.81371 -3.63
      vertex 60.3649 5.81371 0
    endloop
  endfacet
  facet normal 0.881882 -0.471471 0
    outer loop
      vertex 60.3649 5.81371 -3.63
      vertex 60.3344 5.75666 0
      vertex 60.3344 5.75666 -3.63
    endloop
  endfacet
  facet normal -0.290282 -0.956941 0
    outer loop
      vertex 5.81371 5.63512 -3.63
      vertex 5.87562 5.61634 0
      vertex 5.81371 5.63512 0
    endloop
  endfacet
  facet normal -0.290282 -0.956941 -0
    outer loop
      vertex 5.87562 5.61634 0
      vertex 5.81371 5.63512 -3.63
      vertex 5.87562 5.61634 -3.63
    endloop
  endfacet
  facet normal 0.995246 -0.0973913 0
    outer loop
      vertex 60.3837 5.87562 0
      vertex 60.39 5.94 -3.63
      vertex 60.39 5.94 0
    endloop
  endfacet
  facet normal 0.995246 -0.0973913 0
    outer loop
      vertex 60.39 5.94 -3.63
      vertex 60.3837 5.87562 0
      vertex 60.3837 5.87562 -3.63
    endloop
  endfacet
  facet normal 0.0973913 -0.995246 0
    outer loop
      vertex 7.19562 42.5637 -3.63
      vertex 7.26 42.57 0
      vertex 7.19562 42.5637 0
    endloop
  endfacet
  facet normal 0.0973913 -0.995246 0
    outer loop
      vertex 7.26 42.57 0
      vertex 7.19562 42.5637 -3.63
      vertex 7.26 42.57 -3.63
    endloop
  endfacet
  facet normal 0.956941 0.290282 0
    outer loop
      vertex 6.95512 7.13371 0
      vertex 6.93634 7.19562 -3.63
      vertex 6.93634 7.19562 0
    endloop
  endfacet
  facet normal 0.956941 0.290282 0
    outer loop
      vertex 6.93634 7.19562 -3.63
      vertex 6.95512 7.13371 0
      vertex 6.95512 7.13371 -3.63
    endloop
  endfacet
  facet normal 1 -0 0
    outer loop
      vertex 6.93 7.26 0
      vertex 6.93 42.24 -3.63
      vertex 6.93 42.24 0
    endloop
  endfacet
  facet normal 1 0 0
    outer loop
      vertex 6.93 42.24 -3.63
      vertex 6.93 7.26 0
      vertex 6.93 7.26 -3.63
    endloop
  endfacet
  facet normal 0.995186 0.0980037 0
    outer loop
      vertex 6.93634 7.19562 0
      vertex 6.93 7.26 -3.63
      vertex 6.93 7.26 0
    endloop
  endfacet
  facet normal 0.995186 0.0980037 0
    outer loop
      vertex 6.93 7.26 -3.63
      vertex 6.93634 7.19562 0
      vertex 6.93634 7.19562 -3.63
    endloop
  endfacet
  facet normal -0.634449 0.772965 0
    outer loop
      vertex 58.9733 7.02665 -3.63
      vertex 58.9233 6.98561 0
      vertex 58.9733 7.02665 0
    endloop
  endfacet
  facet normal -0.634449 0.772965 0
    outer loop
      vertex 58.9233 6.98561 0
      vertex 58.9733 7.02665 -3.63
      vertex 58.9233 6.98561 -3.63
    endloop
  endfacet
  facet normal 0 -1 0
    outer loop
      vertex 7.26 42.57 -3.63
      vertex 58.74 42.57 0
      vertex 7.26 42.57 0
    endloop
  endfacet
  facet normal 0 -1 -0
    outer loop
      vertex 58.74 42.57 0
      vertex 7.26 42.57 -3.63
      vertex 58.74 42.57 -3.63
    endloop
  endfacet
  facet normal -0.88171 -0.471792 0
    outer loop
      vertex 59.0449 42.3663 -3.63
      vertex 59.0144 42.4233 0
      vertex 59.0144 42.4233 -3.63
    endloop
  endfacet
  facet normal -0.88171 -0.471792 0
    outer loop
      vertex 59.0144 42.4233 0
      vertex 59.0449 42.3663 -3.63
      vertex 59.0449 42.3663 0
    endloop
  endfacet
  facet normal 0.634373 0.773027 -0
    outer loop
      vertex 7.07666 6.98561 -3.63
      vertex 7.02665 7.02665 0
      vertex 7.07666 6.98561 0
    endloop
  endfacet
  facet normal 0.634373 0.773027 0
    outer loop
      vertex 7.02665 7.02665 0
      vertex 7.07666 6.98561 -3.63
      vertex 7.02665 7.02665 -3.63
    endloop
  endfacet
  facet normal -0.772572 0.634927 0
    outer loop
      vertex 58.9733 7.02665 -3.63
      vertex 59.0144 7.07666 0
      vertex 59.0144 7.07666 -3.63
    endloop
  endfacet
  facet normal -0.772572 0.634927 0
    outer loop
      vertex 59.0144 7.07666 0
      vertex 58.9733 7.02665 -3.63
      vertex 58.9733 7.02665 0
    endloop
  endfacet
  facet normal -0.881882 0.471471 0
    outer loop
      vertex 59.0144 7.07666 -3.63
      vertex 59.0449 7.13371 0
      vertex 59.0449 7.13371 -3.63
    endloop
  endfacet
  facet normal -0.881882 0.471471 0
    outer loop
      vertex 59.0449 7.13371 0
      vertex 59.0144 7.07666 -3.63
      vertex 59.0144 7.07666 0
    endloop
  endfacet
  facet normal 0.634927 -0.772572 0
    outer loop
      vertex 7.02665 42.4733 -3.63
      vertex 7.07666 42.5144 0
      vertex 7.02665 42.4733 0
    endloop
  endfacet
  facet normal 0.634927 -0.772572 0
    outer loop
      vertex 7.07666 42.5144 0
      vertex 7.02665 42.4733 -3.63
      vertex 7.07666 42.5144 -3.63
    endloop
  endfacet
  facet normal -0.471672 0.881774 0
    outer loop
      vertex 58.9233 6.98561 -3.63
      vertex 58.8663 6.95512 0
      vertex 58.9233 6.98561 0
    endloop
  endfacet
  facet normal -0.471672 0.881774 0
    outer loop
      vertex 58.8663 6.95512 0
      vertex 58.9233 6.98561 -3.63
      vertex 58.8663 6.95512 -3.63
    endloop
  endfacet
  facet normal 0.772965 -0.634449 0
    outer loop
      vertex 6.98561 42.4233 0
      vertex 7.02665 42.4733 -3.63
      vertex 7.02665 42.4733 0
    endloop
  endfacet
  facet normal 0.772965 -0.634449 0
    outer loop
      vertex 7.02665 42.4733 -3.63
      vertex 6.98561 42.4233 0
      vertex 6.98561 42.4233 -3.63
    endloop
  endfacet
  facet normal 0.995189 -0.0979736 0
    outer loop
      vertex 6.93 42.24 0
      vertex 6.93634 42.3044 -3.63
      vertex 6.93634 42.3044 0
    endloop
  endfacet
  facet normal 0.995189 -0.0979736 0
    outer loop
      vertex 6.93634 42.3044 -3.63
      vertex 6.93 42.24 0
      vertex 6.93 42.24 -3.63
    endloop
  endfacet
  facet normal -0.995249 -0.0973613 0
    outer loop
      vertex 59.07 42.24 -3.63
      vertex 59.0637 42.3044 0
      vertex 59.0637 42.3044 -3.63
    endloop
  endfacet
  facet normal -0.995249 -0.0973613 0
    outer loop
      vertex 59.0637 42.3044 0
      vertex 59.07 42.24 -3.63
      vertex 59.07 42.24 0
    endloop
  endfacet
  facet normal 0 1 -0
    outer loop
      vertex 58.74 6.93 -3.63
      vertex 7.26 6.93 0
      vertex 58.74 6.93 0
    endloop
  endfacet
  facet normal 0 1 0
    outer loop
      vertex 7.26 6.93 0
      vertex 58.74 6.93 -3.63
      vertex 7.26 6.93 -3.63
    endloop
  endfacet
  facet normal -1 0 0
    outer loop
      vertex 59.07 7.26 -3.63
      vertex 59.07 42.24 0
      vertex 59.07 42.24 -3.63
    endloop
  endfacet
  facet normal -1 -0 0
    outer loop
      vertex 59.07 42.24 0
      vertex 59.07 7.26 -3.63
      vertex 59.07 7.26 0
    endloop
  endfacet
  facet normal 0.290282 0.956941 -0
    outer loop
      vertex 7.19562 6.93634 -3.63
      vertex 7.13371 6.95512 0
      vertex 7.19562 6.93634 0
    endloop
  endfacet
  facet normal 0.290282 0.956941 0
    outer loop
      vertex 7.13371 6.95512 0
      vertex 7.19562 6.93634 -3.63
      vertex 7.13371 6.95512 -3.63
    endloop
  endfacet
  facet normal -0.956855 0.290565 0
    outer loop
      vertex 59.0449 7.13371 -3.63
      vertex 59.0637 7.19562 0
      vertex 59.0637 7.19562 -3.63
    endloop
  endfacet
  facet normal -0.956855 0.290565 0
    outer loop
      vertex 59.0637 7.19562 0
      vertex 59.0449 7.13371 -3.63
      vertex 59.0449 7.13371 0
    endloop
  endfacet
  facet normal -0.471792 -0.88171 0
    outer loop
      vertex 58.8663 42.5449 -3.63
      vertex 58.9233 42.5144 0
      vertex 58.8663 42.5449 0
    endloop
  endfacet
  facet normal -0.471792 -0.88171 -0
    outer loop
      vertex 58.9233 42.5144 0
      vertex 58.8663 42.5449 -3.63
      vertex 58.9233 42.5144 -3.63
    endloop
  endfacet
  facet normal 0.0980037 0.995186 -0
    outer loop
      vertex 7.26 6.93 -3.63
      vertex 7.19562 6.93634 0
      vertex 7.26 6.93 0
    endloop
  endfacet
  facet normal 0.0980037 0.995186 0
    outer loop
      vertex 7.19562 6.93634 0
      vertex 7.26 6.93 -3.63
      vertex 7.19562 6.93634 -3.63
    endloop
  endfacet
  facet normal -0.995246 0.0973913 0
    outer loop
      vertex 59.0637 7.19562 -3.63
      vertex 59.07 7.26 0
      vertex 59.07 7.26 -3.63
    endloop
  endfacet
  facet normal -0.995246 0.0973913 0
    outer loop
      vertex 59.07 7.26 0
      vertex 59.0637 7.19562 -3.63
      vertex 59.0637 7.19562 0
    endloop
  endfacet
  facet normal -0.77251 -0.635003 0
    outer loop
      vertex 59.0144 42.4233 -3.63
      vertex 58.9733 42.4733 0
      vertex 58.9733 42.4733 -3.63
    endloop
  endfacet
  facet normal -0.77251 -0.635003 0
    outer loop
      vertex 58.9733 42.4733 0
      vertex 59.0144 42.4233 -3.63
      vertex 59.0144 42.4233 0
    endloop
  endfacet
  facet normal -0.290608 -0.956842 0
    outer loop
      vertex 58.8044 42.5637 -3.63
      vertex 58.8663 42.5449 0
      vertex 58.8044 42.5637 0
    endloop
  endfacet
  facet normal -0.290608 -0.956842 -0
    outer loop
      vertex 58.8663 42.5449 0
      vertex 58.8044 42.5637 -3.63
      vertex 58.8663 42.5449 -3.63
    endloop
  endfacet
  facet normal 0.956928 -0.290325 0
    outer loop
      vertex 6.93634 42.3044 0
      vertex 6.95512 42.3663 -3.63
      vertex 6.95512 42.3663 0
    endloop
  endfacet
  facet normal 0.956928 -0.290325 0
    outer loop
      vertex 6.95512 42.3663 -3.63
      vertex 6.93634 42.3044 0
      vertex 6.93634 42.3044 -3.63
    endloop
  endfacet
  facet normal 0.471471 -0.881882 0
    outer loop
      vertex 7.07666 42.5144 -3.63
      vertex 7.13371 42.5449 0
      vertex 7.07666 42.5144 0
    endloop
  endfacet
  facet normal 0.471471 -0.881882 0
    outer loop
      vertex 7.13371 42.5449 0
      vertex 7.07666 42.5144 -3.63
      vertex 7.13371 42.5449 -3.63
    endloop
  endfacet
  facet normal 0.47135 0.881946 -0
    outer loop
      vertex 7.13371 6.95512 -3.63
      vertex 7.07666 6.98561 0
      vertex 7.13371 6.95512 0
    endloop
  endfacet
  facet normal 0.47135 0.881946 0
    outer loop
      vertex 7.07666 6.98561 0
      vertex 7.13371 6.95512 -3.63
      vertex 7.07666 6.98561 -3.63
    endloop
  endfacet
  facet normal 0.881774 -0.471672 0
    outer loop
      vertex 6.95512 42.3663 0
      vertex 6.98561 42.4233 -3.63
      vertex 6.98561 42.4233 0
    endloop
  endfacet
  facet normal 0.881774 -0.471672 0
    outer loop
      vertex 6.98561 42.4233 -3.63
      vertex 6.95512 42.3663 0
      vertex 6.95512 42.3663 -3.63
    endloop
  endfacet
  facet normal -0.0979736 0.995189 0
    outer loop
      vertex 58.8044 6.93634 -3.63
      vertex 58.74 6.93 0
      vertex 58.8044 6.93634 0
    endloop
  endfacet
  facet normal -0.0979736 0.995189 0
    outer loop
      vertex 58.74 6.93 0
      vertex 58.8044 6.93634 -3.63
      vertex 58.74 6.93 -3.63
    endloop
  endfacet
  facet normal 0.290565 -0.956855 0
    outer loop
      vertex 7.13371 42.5449 -3.63
      vertex 7.19562 42.5637 0
      vertex 7.13371 42.5449 0
    endloop
  endfacet
  facet normal 0.290565 -0.956855 0
    outer loop
      vertex 7.19562 42.5637 0
      vertex 7.13371 42.5449 -3.63
      vertex 7.19562 42.5637 -3.63
    endloop
  endfacet
  facet normal -0.956842 -0.290608 0
    outer loop
      vertex 59.0637 42.3044 -3.63
      vertex 59.0449 42.3663 0
      vertex 59.0449 42.3663 -3.63
    endloop
  endfacet
  facet normal -0.956842 -0.290608 0
    outer loop
      vertex 59.0449 42.3663 0
      vertex 59.0637 42.3044 -3.63
      vertex 59.0637 42.3044 0
    endloop
  endfacet
  facet normal -0.0973613 -0.995249 0
    outer loop
      vertex 58.74 42.57 -3.63
      vertex 58.8044 42.5637 0
      vertex 58.74 42.57 0
    endloop
  endfacet
  facet normal -0.0973613 -0.995249 -0
    outer loop
      vertex 58.8044 42.5637 0
      vertex 58.74 42.57 -3.63
      vertex 58.8044 42.5637 -3.63
    endloop
  endfacet
  facet normal -0.635003 -0.77251 0
    outer loop
      vertex 58.9233 42.5144 -3.63
      vertex 58.9733 42.4733 0
      vertex 58.9233 42.5144 0
    endloop
  endfacet
  facet normal -0.635003 -0.77251 -0
    outer loop
      vertex 58.9733 42.4733 0
      vertex 58.9233 42.5144 -3.63
      vertex 58.9733 42.4733 -3.63
    endloop
  endfacet
  facet normal 0.881946 0.47135 0
    outer loop
      vertex 6.98561 7.07666 0
      vertex 6.95512 7.13371 -3.63
      vertex 6.95512 7.13371 0
    endloop
  endfacet
  facet normal 0.881946 0.47135 0
    outer loop
      vertex 6.95512 7.13371 -3.63
      vertex 6.98561 7.07666 0
      vertex 6.98561 7.07666 -3.63
    endloop
  endfacet
  facet normal -0.290325 0.956928 0
    outer loop
      vertex 58.8663 6.95512 -3.63
      vertex 58.8044 6.93634 0
      vertex 58.8663 6.95512 0
    endloop
  endfacet
  facet normal -0.290325 0.956928 0
    outer loop
      vertex 58.8044 6.93634 0
      vertex 58.8663 6.95512 -3.63
      vertex 58.8044 6.93634 -3.63
    endloop
  endfacet
  facet normal 0.773027 0.634373 0
    outer loop
      vertex 7.02665 7.02665 0
      vertex 6.98561 7.07666 -3.63
      vertex 6.98561 7.07666 0
    endloop
  endfacet
  facet normal 0.773027 0.634373 0
    outer loop
      vertex 6.98561 7.07666 -3.63
      vertex 7.02665 7.02665 0
      vertex 7.02665 7.02665 -3.63
    endloop
  endfacet
  facet normal -0.95694 -0.290285 0
    outer loop
      vertex 0.452155 3.66686 0
      vertex 0.114135 4.78116 0.66
      vertex 0.114135 4.78116 0
    endloop
  endfacet
  facet normal -0.95694 -0.290285 0
    outer loop
      vertex 0.114135 4.78116 0.66
      vertex 0.452155 3.66686 0
      vertex 0.452155 3.66686 0.66
    endloop
  endfacet
  facet normal -0.290348 0.956921 0
    outer loop
      vertex 4.78116 46.7459 0
      vertex 3.66686 46.4078 0.66
      vertex 4.78116 46.7459 0.66
    endloop
  endfacet
  facet normal -0.290348 0.956921 0
    outer loop
      vertex 3.66686 46.4078 0.66
      vertex 4.78116 46.7459 0
      vertex 3.66686 46.4078 0
    endloop
  endfacet
  facet normal -0.881931 0.471378 0
    outer loop
      vertex 0.452155 43.1931 0
      vertex 1.00107 44.2201 0.66
      vertex 1.00107 44.2201 0
    endloop
  endfacet
  facet normal -0.881931 0.471378 0
    outer loop
      vertex 1.00107 44.2201 0.66
      vertex 0.452155 43.1931 0
      vertex 0.452155 43.1931 0.66
    endloop
  endfacet
  facet normal -0.995185 -0.0980165 0
    outer loop
      vertex 0.114135 4.78116 0
      vertex 0 5.94 0.66
      vertex 0 5.94 0
    endloop
  endfacet
  facet normal -0.995185 -0.0980165 0
    outer loop
      vertex 0 5.94 0.66
      vertex 0.114135 4.78116 0
      vertex 0.114135 4.78116 0.66
    endloop
  endfacet
  facet normal 0.290348 0.956921 -0
    outer loop
      vertex 62.3331 46.4078 0
      vertex 61.2188 46.7459 0.66
      vertex 62.3331 46.4078 0.66
    endloop
  endfacet
  facet normal 0.290348 0.956921 0
    outer loop
      vertex 61.2188 46.7459 0.66
      vertex 62.3331 46.4078 0
      vertex 61.2188 46.7459 0
    endloop
  endfacet
  facet normal 1 0 0
    outer loop
      vertex 66 40.92 0.66
      vertex 66 24.75 0.0164997
      vertex 66 40.92 0
    endloop
  endfacet
  facet normal 1 0 -0
    outer loop
      vertex 66 24.75 0.0164997
      vertex 66 40.92 0.66
      vertex 66 24.1065 0.66
    endloop
  endfacet
  facet normal 1 0 0
    outer loop
      vertex 66 40.92 0
      vertex 66 24.75 0.0164997
      vertex 66 24.75 0
    endloop
  endfacet
  facet normal 1 -0 0
    outer loop
      vertex 66 5.94 0.66
      vertex 66 8.25 0.0164997
      vertex 66 8.8935 0.66
    endloop
  endfacet
  facet normal 1 0 0
    outer loop
      vertex 66 5.94 0
      vertex 66 8.25 0.0164997
      vertex 66 5.94 0.66
    endloop
  endfacet
  facet normal 1 0 0
    outer loop
      vertex 66 8.25 0.0164997
      vertex 66 5.94 0
      vertex 66 8.25 0
    endloop
  endfacet
  facet normal 0 1 -0
    outer loop
      vertex 13.035 46.86 0
      vertex 5.94 46.86 0.66
      vertex 13.035 46.86 0.66
    endloop
  endfacet
  facet normal 0 1 0
    outer loop
      vertex 5.94 46.86 0.66
      vertex 13.035 46.86 0
      vertex 5.94 46.86 0
    endloop
  endfacet
  facet normal 0 1 -0
    outer loop
      vertex 60.06 46.86 0
      vertex 52.965 46.86 0.66
      vertex 60.06 46.86 0.66
    endloop
  endfacet
  facet normal 0 1 0
    outer loop
      vertex 52.965 46.86 0.66
      vertex 60.06 46.86 0
      vertex 52.965 46.86 0
    endloop
  endfacet
  facet normal 0 1 -0
    outer loop
      vertex 46.035 46.86 0
      vertex 19.965 46.86 0.66
      vertex 46.035 46.86 0.66
    endloop
  endfacet
  facet normal 0 1 0
    outer loop
      vertex 19.965 46.86 0.66
      vertex 46.035 46.86 0
      vertex 19.965 46.86 0
    endloop
  endfacet
  facet normal -0.634399 -0.773006 0
    outer loop
      vertex 1.73979 1.73979 0
      vertex 2.63991 1.00107 0.66
      vertex 1.73979 1.73979 0.66
    endloop
  endfacet
  facet normal -0.634399 -0.773006 -0
    outer loop
      vertex 2.63991 1.00107 0.66
      vertex 1.73979 1.73979 0
      vertex 2.63991 1.00107 0
    endloop
  endfacet
  facet normal -0.634388 0.773014 0
    outer loop
      vertex 2.63991 45.8589 0
      vertex 1.73979 45.1202 0.66
      vertex 2.63991 45.8589 0.66
    endloop
  endfacet
  facet normal -0.634388 0.773014 0
    outer loop
      vertex 1.73979 45.1202 0.66
      vertex 2.63991 45.8589 0
      vertex 1.73979 45.1202 0
    endloop
  endfacet
  facet normal -1 0 0
    outer loop
      vertex 0 8.25 0
      vertex 0 5.94 0
      vertex 0 8.25 0.0164997
    endloop
  endfacet
  facet normal -1 0 0
    outer loop
      vertex 0 5.94 0.66
      vertex 0 8.25 0.0164997
      vertex 0 5.94 0
    endloop
  endfacet
  facet normal -1 0 0
    outer loop
      vertex 0 8.25 0.0164997
      vertex 0 5.94 0.66
      vertex 0 8.8935 0.66
    endloop
  endfacet
  facet normal -1 0 0
    outer loop
      vertex 0 24.75 0.0164997
      vertex 0 40.92 0
      vertex 0 24.75 0
    endloop
  endfacet
  facet normal -1 0 0
    outer loop
      vertex 0 40.92 0
      vertex 0 24.75 0.0164997
      vertex 0 40.92 0.66
    endloop
  endfacet
  facet normal -1 -0 0
    outer loop
      vertex 0 40.92 0.66
      vertex 0 24.75 0.0164997
      vertex 0 24.1065 0.66
    endloop
  endfacet
  facet normal 0.0980198 -0.995184 0
    outer loop
      vertex 60.06 0 0
      vertex 61.2188 0.114135 0.66
      vertex 60.06 0 0.66
    endloop
  endfacet
  facet normal 0.0980198 -0.995184 0
    outer loop
      vertex 61.2188 0.114135 0.66
      vertex 60.06 0 0
      vertex 61.2188 0.114135 0
    endloop
  endfacet
  facet normal 0 -1 0
    outer loop
      vertex 5.94 0 0
      vertex 60.06 0 0.66
      vertex 5.94 0 0.66
    endloop
  endfacet
  facet normal 0 -1 -0
    outer loop
      vertex 60.06 0 0.66
      vertex 5.94 0 0
      vertex 60.06 0 0
    endloop
  endfacet
  facet normal -0.772999 0.634407 0
    outer loop
      vertex 1.00107 44.2201 0
      vertex 1.73979 45.1202 0.66
      vertex 1.73979 45.1202 0
    endloop
  endfacet
  facet normal -0.772999 0.634407 0
    outer loop
      vertex 1.73979 45.1202 0.66
      vertex 1.00107 44.2201 0
      vertex 1.00107 44.2201 0.66
    endloop
  endfacet
  facet normal 0.881937 0.471368 0
    outer loop
      vertex 65.5478 43.1931 0.66
      vertex 64.9989 44.2201 0
      vertex 64.9989 44.2201 0.66
    endloop
  endfacet
  facet normal 0.881937 0.471368 0
    outer loop
      vertex 64.9989 44.2201 0
      vertex 65.5478 43.1931 0.66
      vertex 65.5478 43.1931 0
    endloop
  endfacet
  facet normal 0.471378 -0.881931 0
    outer loop
      vertex 62.3331 0.452155 0
      vertex 63.3601 1.00107 0.66
      vertex 62.3331 0.452155 0.66
    endloop
  endfacet
  facet normal 0.471378 -0.881931 0
    outer loop
      vertex 63.3601 1.00107 0.66
      vertex 62.3331 0.452155 0
      vertex 63.3601 1.00107 0
    endloop
  endfacet
  facet normal 0.956921 -0.290348 0
    outer loop
      vertex 65.5478 3.66686 0.66
      vertex 65.8859 4.78116 0
      vertex 65.8859 4.78116 0.66
    endloop
  endfacet
  facet normal 0.956921 -0.290348 0
    outer loop
      vertex 65.8859 4.78116 0
      vertex 65.5478 3.66686 0.66
      vertex 65.5478 3.66686 0
    endloop
  endfacet
  facet normal 0.773014 -0.634388 0
    outer loop
      vertex 64.2602 1.73979 0.66
      vertex 64.9989 2.63991 0
      vertex 64.9989 2.63991 0.66
    endloop
  endfacet
  facet normal 0.773014 -0.634388 0
    outer loop
      vertex 64.9989 2.63991 0
      vertex 64.2602 1.73979 0.66
      vertex 64.2602 1.73979 0
    endloop
  endfacet
  facet normal 0.634407 -0.772999 0
    outer loop
      vertex 63.3601 1.00107 0
      vertex 64.2602 1.73979 0.66
      vertex 63.3601 1.00107 0.66
    endloop
  endfacet
  facet normal 0.634407 -0.772999 0
    outer loop
      vertex 64.2602 1.73979 0.66
      vertex 63.3601 1.00107 0
      vertex 64.2602 1.73979 0
    endloop
  endfacet
  facet normal 0.471368 0.881937 -0
    outer loop
      vertex 63.3601 45.8589 0
      vertex 62.3331 46.4078 0.66
      vertex 63.3601 45.8589 0.66
    endloop
  endfacet
  facet normal 0.471368 0.881937 0
    outer loop
      vertex 62.3331 46.4078 0.66
      vertex 63.3601 45.8589 0
      vertex 62.3331 46.4078 0
    endloop
  endfacet
  facet normal 0.634397 0.773007 -0
    outer loop
      vertex 64.2602 45.1202 0
      vertex 63.3601 45.8589 0.66
      vertex 64.2602 45.1202 0.66
    endloop
  endfacet
  facet normal 0.634397 0.773007 0
    outer loop
      vertex 63.3601 45.8589 0.66
      vertex 64.2602 45.1202 0
      vertex 63.3601 45.8589 0
    endloop
  endfacet
  facet normal -0.471386 0.881927 0
    outer loop
      vertex 3.66686 46.4078 0
      vertex 2.63991 45.8589 0.66
      vertex 3.66686 46.4078 0.66
    endloop
  endfacet
  facet normal -0.471386 0.881927 0
    outer loop
      vertex 2.63991 45.8589 0.66
      vertex 3.66686 46.4078 0
      vertex 2.63991 45.8589 0
    endloop
  endfacet
  facet normal -0.95694 0.290285 0
    outer loop
      vertex 0.114135 42.0788 0
      vertex 0.452155 43.1931 0.66
      vertex 0.452155 43.1931 0
    endloop
  endfacet
  facet normal -0.95694 0.290285 0
    outer loop
      vertex 0.452155 43.1931 0.66
      vertex 0.114135 42.0788 0
      vertex 0.114135 42.0788 0.66
    endloop
  endfacet
  facet normal 0.995187 0.0979901 0
    outer loop
      vertex 66 40.92 0.66
      vertex 65.8859 42.0788 0
      vertex 65.8859 42.0788 0.66
    endloop
  endfacet
  facet normal 0.995187 0.0979901 0
    outer loop
      vertex 65.8859 42.0788 0
      vertex 66 40.92 0.66
      vertex 66 40.92 0
    endloop
  endfacet
  facet normal 0.956921 0.290348 0
    outer loop
      vertex 65.8859 42.0788 0.66
      vertex 65.5478 43.1931 0
      vertex 65.5478 43.1931 0.66
    endloop
  endfacet
  facet normal 0.956921 0.290348 0
    outer loop
      vertex 65.5478 43.1931 0
      vertex 65.8859 42.0788 0.66
      vertex 65.8859 42.0788 0
    endloop
  endfacet
  facet normal -0.773006 -0.634399 0
    outer loop
      vertex 1.73979 1.73979 0
      vertex 1.00107 2.63991 0.66
      vertex 1.00107 2.63991 0
    endloop
  endfacet
  facet normal -0.773006 -0.634399 0
    outer loop
      vertex 1.00107 2.63991 0.66
      vertex 1.73979 1.73979 0
      vertex 1.73979 1.73979 0.66
    endloop
  endfacet
  facet normal -0.995184 0.0980198 0
    outer loop
      vertex 0 40.92 0
      vertex 0.114135 42.0788 0.66
      vertex 0.114135 42.0788 0
    endloop
  endfacet
  facet normal -0.995184 0.0980198 0
    outer loop
      vertex 0.114135 42.0788 0.66
      vertex 0 40.92 0
      vertex 0 40.92 0.66
    endloop
  endfacet
  facet normal 0.773007 0.634397 0
    outer loop
      vertex 64.9989 44.2201 0.66
      vertex 64.2602 45.1202 0
      vertex 64.2602 45.1202 0.66
    endloop
  endfacet
  facet normal 0.773007 0.634397 0
    outer loop
      vertex 64.2602 45.1202 0
      vertex 64.9989 44.2201 0.66
      vertex 64.9989 44.2201 0
    endloop
  endfacet
  facet normal 0.290285 -0.95694 0
    outer loop
      vertex 61.2188 0.114135 0
      vertex 62.3331 0.452155 0.66
      vertex 61.2188 0.114135 0.66
    endloop
  endfacet
  facet normal 0.290285 -0.95694 0
    outer loop
      vertex 62.3331 0.452155 0.66
      vertex 61.2188 0.114135 0
      vertex 62.3331 0.452155 0
    endloop
  endfacet
  facet normal -0.471396 -0.881922 0
    outer loop
      vertex 2.63991 1.00107 0
      vertex 3.66686 0.452155 0.66
      vertex 2.63991 1.00107 0.66
    endloop
  endfacet
  facet normal -0.471396 -0.881922 -0
    outer loop
      vertex 3.66686 0.452155 0.66
      vertex 2.63991 1.00107 0
      vertex 3.66686 0.452155 0
    endloop
  endfacet
  facet normal 0.0979901 0.995187 -0
    outer loop
      vertex 61.2188 46.7459 0
      vertex 60.06 46.86 0.66
      vertex 61.2188 46.7459 0.66
    endloop
  endfacet
  facet normal 0.0979901 0.995187 0
    outer loop
      vertex 60.06 46.86 0.66
      vertex 61.2188 46.7459 0
      vertex 60.06 46.86 0
    endloop
  endfacet
  facet normal -0.0979867 0.995188 0
    outer loop
      vertex 5.94 46.86 0
      vertex 4.78116 46.7459 0.66
      vertex 5.94 46.86 0.66
    endloop
  endfacet
  facet normal -0.0979867 0.995188 0
    outer loop
      vertex 4.78116 46.7459 0.66
      vertex 5.94 46.86 0
      vertex 4.78116 46.7459 0
    endloop
  endfacet
  facet normal -0.0980165 -0.995185 0
    outer loop
      vertex 4.78116 0.114135 0
      vertex 5.94 0 0.66
      vertex 4.78116 0.114135 0.66
    endloop
  endfacet
  facet normal -0.0980165 -0.995185 -0
    outer loop
      vertex 5.94 0 0.66
      vertex 4.78116 0.114135 0
      vertex 5.94 0 0
    endloop
  endfacet
  facet normal 0.881927 -0.471386 0
    outer loop
      vertex 64.9989 2.63991 0.66
      vertex 65.5478 3.66686 0
      vertex 65.5478 3.66686 0.66
    endloop
  endfacet
  facet normal 0.881927 -0.471386 0
    outer loop
      vertex 65.5478 3.66686 0
      vertex 64.9989 2.63991 0.66
      vertex 64.9989 2.63991 0
    endloop
  endfacet
  facet normal -0.290285 -0.95694 0
    outer loop
      vertex 3.66686 0.452155 0
      vertex 4.78116 0.114135 0.66
      vertex 3.66686 0.452155 0.66
    endloop
  endfacet
  facet normal -0.290285 -0.95694 -0
    outer loop
      vertex 4.78116 0.114135 0.66
      vertex 3.66686 0.452155 0
      vertex 4.78116 0.114135 0
    endloop
  endfacet
  facet normal 0.995188 -0.0979867 0
    outer loop
      vertex 65.8859 4.78116 0.66
      vertex 66 5.94 0
      vertex 66 5.94 0.66
    endloop
  endfacet
  facet normal 0.995188 -0.0979867 0
    outer loop
      vertex 66 5.94 0
      vertex 65.8859 4.78116 0.66
      vertex 65.8859 4.78116 0
    endloop
  endfacet
  facet normal -0.881922 -0.471396 0
    outer loop
      vertex 1.00107 2.63991 0
      vertex 0.452155 3.66686 0.66
      vertex 0.452155 3.66686 0
    endloop
  endfacet
  facet normal -0.881922 -0.471396 0
    outer loop
      vertex 0.452155 3.66686 0.66
      vertex 1.00107 2.63991 0
      vertex 1.00107 2.63991 0.66
    endloop
  endfacet
  facet normal 0 1 -0
    outer loop
      vertex 1.98 8.25 0
      vertex 0 8.25 0.0164997
      vertex 1.98 8.25 0.0164997
    endloop
  endfacet
  facet normal 0 1 0
    outer loop
      vertex 0 8.25 0.0164997
      vertex 1.98 8.25 0
      vertex 0 8.25 0
    endloop
  endfacet
  facet normal 0 -1 0
    outer loop
      vertex 0 24.75 0
      vertex 1.98 24.75 0.0164997
      vertex 0 24.75 0.0164997
    endloop
  endfacet
  facet normal 0 -1 -0
    outer loop
      vertex 1.98 24.75 0.0164997
      vertex 0 24.75 0
      vertex 1.98 24.75 0
    endloop
  endfacet
  facet normal 0 0.707107 -0.707107
    outer loop
      vertex 0 8.25 0.0164997
      vertex 1.34186 8.8935 0.66
      vertex 1.98 8.25 0.0164997
    endloop
  endfacet
  facet normal 0 0.707107 -0.707107
    outer loop
      vertex 1.34186 8.8935 0.66
      vertex 0 8.25 0.0164997
      vertex 0 8.8935 0.66
    endloop
  endfacet
  facet normal -1 0 0
    outer loop
      vertex 1.98 8.25 0
      vertex 1.98 24.75 0.0164997
      vertex 1.98 24.75 0
    endloop
  endfacet
  facet normal -1 -0 0
    outer loop
      vertex 1.98 24.75 0.0164997
      vertex 1.98 8.25 0
      vertex 1.98 8.25 0.0164997
    endloop
  endfacet
  facet normal 0 -0.707107 -0.707107
    outer loop
      vertex 0 24.75 0.0164997
      vertex 1.34186 24.1065 0.66
      vertex 0 24.1065 0.66
    endloop
  endfacet
  facet normal 0 -0.707107 -0.707107
    outer loop
      vertex 1.34186 24.1065 0.66
      vertex 0 24.75 0.0164997
      vertex 1.98 24.75 0.0164997
    endloop
  endfacet
  facet normal -0.710058 0 -0.704143
    outer loop
      vertex 1.98 24.75 0.0164997
      vertex 1.34186 8.8935 0.66
      vertex 1.34186 24.1065 0.66
    endloop
  endfacet
  facet normal -0.710058 0 -0.704143
    outer loop
      vertex 1.34186 8.8935 0.66
      vertex 1.98 24.75 0.0164997
      vertex 1.98 8.25 0.0164997
    endloop
  endfacet
  facet normal 0.71008 0 -0.704121
    outer loop
      vertex 64.6581 8.8935 0.66
      vertex 64.02 24.75 0.0164997
      vertex 64.6581 24.1065 0.66
    endloop
  endfacet
  facet normal 0.71008 0 -0.704121
    outer loop
      vertex 64.02 24.75 0.0164997
      vertex 64.6581 8.8935 0.66
      vertex 64.02 8.25 0.0164997
    endloop
  endfacet
  facet normal 0 1 -0
    outer loop
      vertex 66 8.25 0
      vertex 64.02 8.25 0.0164997
      vertex 66 8.25 0.0164997
    endloop
  endfacet
  facet normal 0 1 0
    outer loop
      vertex 64.02 8.25 0.0164997
      vertex 66 8.25 0
      vertex 64.02 8.25 0
    endloop
  endfacet
  facet normal -0 -0.707107 -0.707107
    outer loop
      vertex 66 24.75 0.0164997
      vertex 64.6581 24.1065 0.66
      vertex 64.02 24.75 0.0164997
    endloop
  endfacet
  facet normal 0 -0.707107 -0.707107
    outer loop
      vertex 64.6581 24.1065 0.66
      vertex 66 24.75 0.0164997
      vertex 66 24.1065 0.66
    endloop
  endfacet
  facet normal 0 -1 0
    outer loop
      vertex 64.02 24.75 0
      vertex 66 24.75 0.0164997
      vertex 64.02 24.75 0.0164997
    endloop
  endfacet
  facet normal 0 -1 -0
    outer loop
      vertex 66 24.75 0.0164997
      vertex 64.02 24.75 0
      vertex 66 24.75 0
    endloop
  endfacet
  facet normal 0 0.707107 -0.707107
    outer loop
      vertex 66 8.25 0.0164997
      vertex 64.6581 8.8935 0.66
      vertex 66 8.8935 0.66
    endloop
  endfacet
  facet normal 0 0.707107 -0.707107
    outer loop
      vertex 64.6581 8.8935 0.66
      vertex 66 8.25 0.0164997
      vertex 64.02 8.25 0.0164997
    endloop
  endfacet
  facet normal 1 -0 0
    outer loop
      vertex 64.02 8.25 0.0164997
      vertex 64.02 24.75 0
      vertex 64.02 24.75 0.0164997
    endloop
  endfacet
  facet normal 1 0 0
    outer loop
      vertex 64.02 24.75 0
      vertex 64.02 8.25 0.0164997
      vertex 64.02 8.25 0
    endloop
  endfacet
  facet normal -1 0 0
    outer loop
      vertex 13.035 48.5018 -3.63
      vertex 13.035 48.5182 -3.62964
      vertex 13.035 48.5182 -3.63
    endloop
  endfacet
  facet normal -1 0 0
    outer loop
      vertex 13.035 48.5182 -3.62964
      vertex 13.035 48.51 -2.31
      vertex 13.035 48.5182 -2.30964
    endloop
  endfacet
  facet normal -1 -0 0
    outer loop
      vertex 13.035 48.5182 -2.30964
      vertex 13.035 48.51 -2.31
      vertex 13.035 48.5182 -2.30919
    endloop
  endfacet
  facet normal -1 -0 0
    outer loop
      vertex 13.035 48.5182 -3.62964
      vertex 13.035 48.5018 -3.63
      vertex 13.035 48.5015 -3.62963
    endloop
  endfacet
  facet normal -1 0 0
    outer loop
      vertex 13.035 48.5182 -3.62964
      vertex 13.035 48.5015 -3.62963
      vertex 13.035 48.51 -2.31
    endloop
  endfacet
  facet normal -1 0 0
    outer loop
      vertex 13.035 48.3374 -3.62246
      vertex 13.035 48.51 -2.31
      vertex 13.035 48.5015 -3.62963
    endloop
  endfacet
  facet normal -1 0 0
    outer loop
      vertex 13.035 48.1662 -3.59992
      vertex 13.035 48.51 -2.31
      vertex 13.035 48.3374 -3.62246
    endloop
  endfacet
  facet normal -1 -0 0
    outer loop
      vertex 13.035 48.51 -2.31
      vertex 13.035 48.1662 -3.59992
      vertex 13.035 48.2525 -2.28464
    endloop
  endfacet
  facet normal -1 0 0
    outer loop
      vertex 13.035 47.9136 -3.54968
      vertex 13.035 48.2525 -2.28464
      vertex 13.035 48.1662 -3.59992
    endloop
  endfacet
  facet normal -1 0 0
    outer loop
      vertex 13.035 47.745 -3.51229
      vertex 13.035 48.2525 -2.28464
      vertex 13.035 47.9136 -3.54968
    endloop
  endfacet
  facet normal -1 -0 0
    outer loop
      vertex 13.035 48.2525 -2.28464
      vertex 13.035 47.745 -3.51229
      vertex 13.035 48.0049 -2.20952
    endloop
  endfacet
  facet normal -1 0 0
    outer loop
      vertex 13.035 47.5802 -3.46035
      vertex 13.035 48.0049 -2.20952
      vertex 13.035 47.745 -3.51229
    endloop
  endfacet
  facet normal -1 0 0
    outer loop
      vertex 13.035 47.4206 -3.39425
      vertex 13.035 48.0049 -2.20952
      vertex 13.035 47.5802 -3.46035
    endloop
  endfacet
  facet normal -1 0 0
    outer loop
      vertex 13.035 47.2674 -3.31449
      vertex 13.035 48.0049 -2.20952
      vertex 13.035 47.4206 -3.39425
    endloop
  endfacet
  facet normal -1 -0 0
    outer loop
      vertex 13.035 48.0049 -2.20952
      vertex 13.035 47.2674 -3.31449
      vertex 13.035 47.7766 -2.08754
    endloop
  endfacet
  facet normal -1 0 0
    outer loop
      vertex 13.035 47.1217 -3.22168
      vertex 13.035 47.7766 -2.08754
      vertex 13.035 47.2674 -3.31449
    endloop
  endfacet
  facet normal -1 0 0
    outer loop
      vertex 13.035 46.9076 -3.07861
      vertex 13.035 47.7766 -2.08754
      vertex 13.035 47.1217 -3.22168
    endloop
  endfacet
  facet normal -1 -0 0
    outer loop
      vertex 13.035 47.7766 -2.08754
      vertex 13.035 46.9076 -3.07861
      vertex 13.035 47.5766 -1.92338
    endloop
  endfacet
  facet normal -1 0 0
    outer loop
      vertex 13.035 46.7706 -2.97345
      vertex 13.035 47.5766 -1.92338
      vertex 13.035 46.9076 -3.07861
    endloop
  endfacet
  facet normal -1 0 0
    outer loop
      vertex 13.035 46.6432 -2.85676
      vertex 13.035 47.5766 -1.92338
      vertex 13.035 46.7706 -2.97345
    endloop
  endfacet
  facet normal -1 -0 0
    outer loop
      vertex 13.035 47.5766 -1.92338
      vertex 13.035 46.6432 -2.85676
      vertex 13.035 47.5306 -1.87317
    endloop
  endfacet
  facet normal -1 0 0
    outer loop
      vertex 13.035 46.5265 -2.72941
      vertex 13.035 47.5306 -1.87317
      vertex 13.035 46.6432 -2.85676
    endloop
  endfacet
  facet normal -1 -0 0
    outer loop
      vertex 13.035 47.5306 -1.87317
      vertex 13.035 46.5265 -2.72941
      vertex 13.035 47.4599 -1.79603
    endloop
  endfacet
  facet normal -1 0 0
    outer loop
      vertex 13.035 46.4214 -2.59237
      vertex 13.035 47.4599 -1.79603
      vertex 13.035 46.5265 -2.72941
    endloop
  endfacet
  facet normal -1 -0 0
    outer loop
      vertex 13.035 47.4599 -1.79603
      vertex 13.035 46.4214 -2.59237
      vertex 13.035 47.4003 -1.7183
    endloop
  endfacet
  facet normal -1 0 0
    outer loop
      vertex 13.035 46.2783 -2.37825
      vertex 13.035 47.4003 -1.7183
      vertex 13.035 46.4214 -2.59237
    endloop
  endfacet
  facet normal -1 -0 0
    outer loop
      vertex 13.035 47.4003 -1.7183
      vertex 13.035 46.2783 -2.37825
      vertex 13.035 47.3253 -1.57421
    endloop
  endfacet
  facet normal -1 0 0
    outer loop
      vertex 13.035 46.1855 -2.23257
      vertex 13.035 47.3253 -1.57421
      vertex 13.035 46.2783 -2.37825
    endloop
  endfacet
  facet normal -1 0 0
    outer loop
      vertex 13.035 50.3925 -2.75934
      vertex 13.035 50.3925 -2.25419
      vertex 13.035 50.4427 -2.50676
    endloop
  endfacet
  facet normal -1 0 0
    outer loop
      vertex 13.035 50.2494 -2.97345
      vertex 13.035 50.3925 -2.25419
      vertex 13.035 50.3925 -2.75934
    endloop
  endfacet
  facet normal -1 0 0
    outer loop
      vertex 13.035 50.2494 -2.97345
      vertex 13.035 50.2494 -2.04008
      vertex 13.035 50.3925 -2.25419
    endloop
  endfacet
  facet normal -1 0 0
    outer loop
      vertex 13.035 50.1124 -3.07861
      vertex 13.035 50.2494 -2.04008
      vertex 13.035 50.2494 -2.97345
    endloop
  endfacet
  facet normal -1 0 0
    outer loop
      vertex 13.035 50.1124 -3.07861
      vertex 13.035 50.0353 -1.89701
      vertex 13.035 50.2494 -2.04008
    endloop
  endfacet
  facet normal -1 0 0
    outer loop
      vertex 13.035 49.2383 -2.09972
      vertex 13.035 50.1124 -3.07861
      vertex 13.035 49.8983 -3.22168
    endloop
  endfacet
  facet normal -1 0 0
    outer loop
      vertex 13.035 50.1124 -3.07861
      vertex 13.035 49.316 -2.04008
      vertex 13.035 50.0353 -1.89701
    endloop
  endfacet
  facet normal -1 0 0
    outer loop
      vertex 13.035 49.2383 -2.09972
      vertex 13.035 49.8983 -3.22168
      vertex 13.035 49.7526 -3.31449
    endloop
  endfacet
  facet normal -1 0 0
    outer loop
      vertex 13.035 49.0942 -2.17472
      vertex 13.035 49.7526 -3.31449
      vertex 13.035 49.5994 -3.39425
    endloop
  endfacet
  facet normal -1 -0 0
    outer loop
      vertex 13.035 50.0353 -1.89701
      vertex 13.035 49.316 -2.04008
      vertex 13.035 49.7827 -1.84676
    endloop
  endfacet
  facet normal -1 0 0
    outer loop
      vertex 13.035 49.0151 -2.20952
      vertex 13.035 49.5994 -3.39425
      vertex 13.035 49.4398 -3.46035
    endloop
  endfacet
  facet normal -1 0 0
    outer loop
      vertex 13.035 49.7827 -1.84676
      vertex 13.035 49.316 -2.04008
      vertex 13.035 49.5301 -1.89701
    endloop
  endfacet
  facet normal -1 0 0
    outer loop
      vertex 13.035 48.9346 -2.24083
      vertex 13.035 49.4398 -3.46035
      vertex 13.035 49.275 -3.51229
    endloop
  endfacet
  facet normal -1 0 0
    outer loop
      vertex 13.035 50.1124 -3.07861
      vertex 13.035 49.2383 -2.09972
      vertex 13.035 49.316 -2.04008
    endloop
  endfacet
  facet normal -1 0 0
    outer loop
      vertex 13.035 48.9346 -2.24083
      vertex 13.035 49.275 -3.51229
      vertex 13.035 49.1064 -3.54968
    endloop
  endfacet
  facet normal -1 0 0
    outer loop
      vertex 13.035 49.7526 -3.31449
      vertex 13.035 49.0942 -2.17472
      vertex 13.035 49.2383 -2.09972
    endloop
  endfacet
  facet normal -1 0 0
    outer loop
      vertex 13.035 49.5994 -3.39425
      vertex 13.035 49.0151 -2.20952
      vertex 13.035 49.0942 -2.17472
    endloop
  endfacet
  facet normal -1 0 0
    outer loop
      vertex 13.035 49.0942 -2.17472
      vertex 13.035 49.0151 -2.20952
      vertex 13.035 49.0321 -2.20044
    endloop
  endfacet
  facet normal -1 0 0
    outer loop
      vertex 13.035 49.4398 -3.46035
      vertex 13.035 48.9346 -2.24083
      vertex 13.035 49.0151 -2.20952
    endloop
  endfacet
  facet normal -1 0 0
    outer loop
      vertex 13.035 49.0151 -2.20952
      vertex 13.035 48.9346 -2.24083
      vertex 13.035 48.9967 -2.21511
    endloop
  endfacet
  facet normal -1 0 0
    outer loop
      vertex 13.035 48.7797 -2.28968
      vertex 13.035 49.1064 -3.54968
      vertex 13.035 48.8538 -3.59992
    endloop
  endfacet
  facet normal -1 0 0
    outer loop
      vertex 13.035 49.1064 -3.54968
      vertex 13.035 48.7797 -2.28968
      vertex 13.035 48.9346 -2.24083
    endloop
  endfacet
  facet normal -1 0 0
    outer loop
      vertex 13.035 48.6826 -2.30246
      vertex 13.035 48.8538 -3.59992
      vertex 13.035 48.6826 -3.62246
    endloop
  endfacet
  facet normal -1 0 0
    outer loop
      vertex 13.035 48.8538 -3.59992
      vertex 13.035 48.6826 -2.30246
      vertex 13.035 48.7797 -2.28968
    endloop
  endfacet
  facet normal -1 0 0
    outer loop
      vertex 13.035 48.5182 -2.30964
      vertex 13.035 48.6826 -3.62246
      vertex 13.035 48.5182 -3.62964
    endloop
  endfacet
  facet normal -1 0 0
    outer loop
      vertex 13.035 48.6826 -3.62246
      vertex 13.035 48.5182 -2.30964
      vertex 13.035 48.6826 -2.30246
    endloop
  endfacet
  facet normal -1 0 0
    outer loop
      vertex 13.035 47.5766 -1.92338
      vertex 13.035 47.5306 -1.87317
      vertex 13.035 47.5207 -1.85526
    endloop
  endfacet
  facet normal -1 0 0
    outer loop
      vertex 13.035 47.2526 -1.37018
      vertex 13.035 47.2353 -1.33896
      vertex 13.035 47.2154 -1.24752
    endloop
  endfacet
  facet normal -1 0 0
    outer loop
      vertex 13.035 48.5182 0.329187
      vertex 13.035 48.51 0.33
      vertex 13.035 48.5182 0.32964
    endloop
  endfacet
  facet normal -1 0 0
    outer loop
      vertex 13.035 50.9803 -0.565375
      vertex 13.035 50.9803 -0.0602335
      vertex 13.035 51.0306 -0.312804
    endloop
  endfacet
  facet normal -1 0 0
    outer loop
      vertex 13.035 49.7608 -0.565375
      vertex 13.035 50.9803 -0.0602335
      vertex 13.035 50.9803 -0.565375
    endloop
  endfacet
  facet normal -1 0 0
    outer loop
      vertex 13.035 49.7608 -0.565375
      vertex 13.035 50.9803 -0.565375
      vertex 13.035 50.8373 -0.779495
    endloop
  endfacet
  facet normal -1 0 0
    outer loop
      vertex 13.035 49.7295 -0.484858
      vertex 13.035 50.9803 -0.0602335
      vertex 13.035 49.7608 -0.565375
    endloop
  endfacet
  facet normal -1 0 0
    outer loop
      vertex 13.035 49.6947 -0.405788
      vertex 13.035 50.9142 0.0993535
      vertex 13.035 49.7295 -0.484858
    endloop
  endfacet
  facet normal -1 0 0
    outer loop
      vertex 13.035 49.7608 -0.565375
      vertex 13.035 50.8373 -0.779495
      vertex 13.035 50.6232 -0.922561
    endloop
  endfacet
  facet normal -1 -0 0
    outer loop
      vertex 13.035 50.9142 0.0993535
      vertex 13.035 49.6947 -0.405788
      vertex 13.035 50.8345 0.252571
    endloop
  endfacet
  facet normal -1 -0 0
    outer loop
      vertex 13.035 50.8345 0.252571
      vertex 13.035 49.6947 -0.405788
      vertex 13.035 50.7417 0.39825
    endloop
  endfacet
  facet normal -1 0 0
    outer loop
      vertex 13.035 49.7608 -0.565375
      vertex 13.035 50.6232 -0.922561
      vertex 13.035 50.3706 -0.972804
    endloop
  endfacet
  facet normal -1 0 0
    outer loop
      vertex 13.035 49.7608 -0.565375
      vertex 13.035 50.3706 -0.972804
      vertex 13.035 50.118 -0.922561
    endloop
  endfacet
  facet normal -1 0 0
    outer loop
      vertex 13.035 49.7608 -0.565375
      vertex 13.035 50.118 -0.922561
      vertex 13.035 49.9039 -0.779495
    endloop
  endfacet
  facet normal -1 -0 0
    outer loop
      vertex 13.035 50.9803 -0.0602335
      vertex 13.035 49.7295 -0.484858
      vertex 13.035 50.9142 0.0993535
    endloop
  endfacet
  facet normal -1 0 0
    outer loop
      vertex 13.035 49.7295 -0.484858
      vertex 13.035 49.7608 -0.565375
      vertex 13.035 49.7351 -0.503294
    endloop
  endfacet
  facet normal -1 0 0
    outer loop
      vertex 13.035 49.6197 -0.261705
      vertex 13.035 50.7417 0.39825
      vertex 13.035 49.6947 -0.405788
    endloop
  endfacet
  facet normal -1 0 0
    outer loop
      vertex 13.035 49.6947 -0.405788
      vertex 13.035 49.7295 -0.484858
      vertex 13.035 49.7204 -0.467864
    endloop
  endfacet
  facet normal -1 -0 0
    outer loop
      vertex 13.035 50.7417 0.39825
      vertex 13.035 49.6197 -0.261705
      vertex 13.035 50.5986 0.61237
    endloop
  endfacet
  facet normal -1 0 0
    outer loop
      vertex 13.035 49.5601 -0.183973
      vertex 13.035 50.5986 0.61237
      vertex 13.035 49.6197 -0.261705
    endloop
  endfacet
  facet normal -1 -0 0
    outer loop
      vertex 13.035 50.5986 0.61237
      vertex 13.035 49.5601 -0.183973
      vertex 13.035 50.5621 0.66
    endloop
  endfacet
  facet normal -1 0 0
    outer loop
      vertex 13.035 49.4434 -0.0567009
      vertex 13.035 50.5621 0.66
      vertex 13.035 49.5601 -0.183973
    endloop
  endfacet
  facet normal -1 0 0
    outer loop
      vertex 13.035 49.4434 -0.056619
      vertex 13.035 50.5621 0.66
      vertex 13.035 49.4434 -0.0567009
    endloop
  endfacet
  facet normal -1 0 0
    outer loop
      vertex 13.035 49.4433 -0.0565517
      vertex 13.035 50.5621 0.66
      vertex 13.035 49.4434 -0.056619
    endloop
  endfacet
  facet normal -1 0 0
    outer loop
      vertex 13.035 49.316 0.0600774
      vertex 13.035 50.5621 0.66
      vertex 13.035 49.4433 -0.0565517
    endloop
  endfacet
  facet normal -1 0 0
    outer loop
      vertex 13.035 49.2383 0.119722
      vertex 13.035 50.5621 0.66
      vertex 13.035 49.316 0.0600774
    endloop
  endfacet
  facet normal -1 0 0
    outer loop
      vertex 13.035 49.0942 0.194724
      vertex 13.035 50.5621 0.66
      vertex 13.035 49.2383 0.119722
    endloop
  endfacet
  facet normal -1 0 0
    outer loop
      vertex 13.035 49.0151 0.229521
      vertex 13.035 49.0942 0.194724
      vertex 13.035 49.0321 0.220437
    endloop
  endfacet
  facet normal -1 0 0
    outer loop
      vertex 13.035 49.0942 0.194724
      vertex 13.035 49.0151 0.229521
      vertex 13.035 50.5621 0.66
    endloop
  endfacet
  facet normal -1 0 0
    outer loop
      vertex 13.035 48.9346 0.260829
      vertex 13.035 49.0151 0.229521
      vertex 13.035 48.9967 0.235113
    endloop
  endfacet
  facet normal -1 0 0
    outer loop
      vertex 13.035 49.0151 0.229521
      vertex 13.035 48.9346 0.260829
      vertex 13.035 50.5621 0.66
    endloop
  endfacet
  facet normal -1 0 0
    outer loop
      vertex 13.035 48.7797 0.309677
      vertex 13.035 50.5621 0.66
      vertex 13.035 48.9346 0.260829
    endloop
  endfacet
  facet normal -1 0 0
    outer loop
      vertex 13.035 48.6826 0.322462
      vertex 13.035 50.5621 0.66
      vertex 13.035 48.7797 0.309677
    endloop
  endfacet
  facet normal -1 0 0
    outer loop
      vertex 13.035 48.5182 0.32964
      vertex 13.035 50.5621 0.66
      vertex 13.035 48.6826 0.322462
    endloop
  endfacet
  facet normal -1 0 0
    outer loop
      vertex 13.035 48.51 0.33
      vertex 13.035 50.5621 0.66
      vertex 13.035 48.5182 0.32964
    endloop
  endfacet
  facet normal -1 0 0
    outer loop
      vertex 13.035 46.86 0.66
      vertex 13.035 48.51 0.33
      vertex 13.035 48.2525 0.304636
    endloop
  endfacet
  facet normal -1 0 0
    outer loop
      vertex 13.035 46.1058 -2.07935
      vertex 13.035 47.3253 -1.57421
      vertex 13.035 46.1855 -2.23257
    endloop
  endfacet
  facet normal -1 0 -0
    outer loop
      vertex 13.035 47.2905 -1.49514
      vertex 13.035 47.3253 -1.57421
      vertex 13.035 46.1058 -2.07935
    endloop
  endfacet
  facet normal -1 0 0
    outer loop
      vertex 13.035 47.3253 -1.57421
      vertex 13.035 47.2905 -1.49514
      vertex 13.035 47.2996 -1.51213
    endloop
  endfacet
  facet normal -1 0 0
    outer loop
      vertex 13.035 46.86 0
      vertex 13.035 47.2905 -0.484858
      vertex 13.035 47.2154 -0.732481
    endloop
  endfacet
  facet normal -1 0 0
    outer loop
      vertex 13.035 46.86 0
      vertex 13.035 47.4125 -0.256647
      vertex 13.035 47.2905 -0.484858
    endloop
  endfacet
  facet normal -1 0 0
    outer loop
      vertex 13.035 46.86 0
      vertex 13.035 47.5766 -0.056619
      vertex 13.035 47.4125 -0.256647
    endloop
  endfacet
  facet normal -1 0 0
    outer loop
      vertex 13.035 46.86 0.66
      vertex 13.035 47.5766 -0.056619
      vertex 13.035 46.86 0
    endloop
  endfacet
  facet normal -1 0 0
    outer loop
      vertex 13.035 47.5766 -0.056619
      vertex 13.035 46.86 0.66
      vertex 13.035 47.7766 0.10754
    endloop
  endfacet
  facet normal -1 0 0
    outer loop
      vertex 13.035 47.7766 0.10754
      vertex 13.035 46.86 0.66
      vertex 13.035 48.0049 0.229521
    endloop
  endfacet
  facet normal -1 0 0
    outer loop
      vertex 13.035 48.51 0.33
      vertex 13.035 46.86 0.66
      vertex 13.035 50.5621 0.66
    endloop
  endfacet
  facet normal -1 0 0
    outer loop
      vertex 13.035 48.0049 0.229521
      vertex 13.035 46.86 0.66
      vertex 13.035 48.2525 0.304636
    endloop
  endfacet
  facet normal -1 0 0
    outer loop
      vertex 13.035 46.0397 -1.91977
      vertex 13.035 47.2905 -1.49514
      vertex 13.035 46.1058 -2.07935
    endloop
  endfacet
  facet normal -1 0 -0
    outer loop
      vertex 13.035 47.2592 -1.41463
      vertex 13.035 47.2905 -1.49514
      vertex 13.035 46.0397 -1.91977
    endloop
  endfacet
  facet normal -1 0 0
    outer loop
      vertex 13.035 47.2905 -1.49514
      vertex 13.035 47.2592 -1.41463
      vertex 13.035 47.2849 -1.47671
    endloop
  endfacet
  facet normal -1 0 0
    outer loop
      vertex 13.035 45.9877 -1.75503
      vertex 13.035 47.2592 -1.41463
      vertex 13.035 46.0397 -1.91977
    endloop
  endfacet
  facet normal -1 -0 0
    outer loop
      vertex 13.035 47.2592 -1.41463
      vertex 13.035 45.9877 -1.75503
      vertex 13.035 47.2353 -1.33896
    endloop
  endfacet
  facet normal -1 0 0
    outer loop
      vertex 13.035 45.9503 -1.58639
      vertex 13.035 47.2353 -1.33896
      vertex 13.035 45.9877 -1.75503
    endloop
  endfacet
  facet normal -1 -0 0
    outer loop
      vertex 13.035 47.2353 -1.33896
      vertex 13.035 45.9503 -1.58639
      vertex 13.035 47.2154 -1.24752
    endloop
  endfacet
  facet normal -1 0 0
    outer loop
      vertex 13.035 45.9001 -1.33382
      vertex 13.035 47.2154 -1.24752
      vertex 13.035 45.9503 -1.58639
    endloop
  endfacet
  facet normal -1 -0 0
    outer loop
      vertex 13.035 47.2154 -1.24752
      vertex 13.035 45.9001 -1.33382
      vertex 13.035 47.19 -0.99
    endloop
  endfacet
  facet normal -1 0 0
    outer loop
      vertex 13.035 45.87 -0.99
      vertex 13.035 47.19 -0.99
      vertex 13.035 45.8775 -1.16257
    endloop
  endfacet
  facet normal -1 0 0
    outer loop
      vertex 13.035 45.8775 -1.16257
      vertex 13.035 47.19 -0.99
      vertex 13.035 45.9001 -1.33382
    endloop
  endfacet
  facet normal -1 0 -0
    outer loop
      vertex 13.035 45.9877 -0.224972
      vertex 13.035 46.86 0
      vertex 13.035 45.9503 -0.393607
    endloop
  endfacet
  facet normal -1 0 -0
    outer loop
      vertex 13.035 46.0397 -0.0602335
      vertex 13.035 46.86 0
      vertex 13.035 45.9877 -0.224972
    endloop
  endfacet
  facet normal -1 -0 0
    outer loop
      vertex 13.035 46.86 0
      vertex 13.035 46.0397 -0.0602335
      vertex 13.035 46.0646 0
    endloop
  endfacet
  facet normal -1 0 -0
    outer loop
      vertex 13.035 45.8775 -0.817432
      vertex 13.035 47.19 -0.99
      vertex 13.035 45.87 -0.99
    endloop
  endfacet
  facet normal -1 0 0
    outer loop
      vertex 13.035 47.2154 -0.732481
      vertex 13.035 45.9503 -0.393607
      vertex 13.035 46.86 0
    endloop
  endfacet
  facet normal -1 0 -0
    outer loop
      vertex 13.035 45.9001 -0.646178
      vertex 13.035 47.19 -0.99
      vertex 13.035 45.8775 -0.817432
    endloop
  endfacet
  facet normal -1 0 -0
    outer loop
      vertex 13.035 45.9503 -0.393607
      vertex 13.035 47.2154 -0.732481
      vertex 13.035 45.9001 -0.646178
    endloop
  endfacet
  facet normal -1 0 0
    outer loop
      vertex 13.035 47.19 -0.99
      vertex 13.035 45.9001 -0.646178
      vertex 13.035 47.2154 -0.732481
    endloop
  endfacet
  facet normal 1 0 0
    outer loop
      vertex 19.965 47.2526 -1.37018
      vertex 19.965 47.2154 -1.24752
      vertex 19.965 47.2353 -1.33896
    endloop
  endfacet
  facet normal 1 0 0
    outer loop
      vertex 19.965 47.5766 -1.92338
      vertex 19.965 47.5207 -1.85526
      vertex 19.965 47.5306 -1.87317
    endloop
  endfacet
  facet normal 1 0 0
    outer loop
      vertex 19.965 48.51 -2.31
      vertex 19.965 48.5182 -2.30964
      vertex 19.965 48.5182 -2.30919
    endloop
  endfacet
  facet normal 1 0 0
    outer loop
      vertex 19.965 48.5182 -2.30964
      vertex 19.965 48.51 -2.31
      vertex 19.965 48.5182 -3.62964
    endloop
  endfacet
  facet normal 1 -0 0
    outer loop
      vertex 19.965 48.5015 -3.62963
      vertex 19.965 48.5182 -3.62964
      vertex 19.965 48.51 -2.31
    endloop
  endfacet
  facet normal 1 0 -0
    outer loop
      vertex 19.965 48.5018 -3.63
      vertex 19.965 48.5182 -3.62964
      vertex 19.965 48.5015 -3.62963
    endloop
  endfacet
  facet normal 1 0 0
    outer loop
      vertex 19.965 48.5182 -3.62964
      vertex 19.965 48.5018 -3.63
      vertex 19.965 48.5182 -3.63
    endloop
  endfacet
  facet normal 1 0 0
    outer loop
      vertex 19.965 48.51 -2.31
      vertex 19.965 48.3374 -3.62246
      vertex 19.965 48.5015 -3.62963
    endloop
  endfacet
  facet normal 1 0 0
    outer loop
      vertex 19.965 48.1662 -3.59992
      vertex 19.965 48.51 -2.31
      vertex 19.965 48.2525 -2.28464
    endloop
  endfacet
  facet normal 1 0 0
    outer loop
      vertex 19.965 48.51 -2.31
      vertex 19.965 48.1662 -3.59992
      vertex 19.965 48.3374 -3.62246
    endloop
  endfacet
  facet normal 1 0 0
    outer loop
      vertex 19.965 47.745 -3.51229
      vertex 19.965 48.2525 -2.28464
      vertex 19.965 48.0049 -2.20952
    endloop
  endfacet
  facet normal 1 0 0
    outer loop
      vertex 19.965 48.2525 -2.28464
      vertex 19.965 47.9136 -3.54968
      vertex 19.965 48.1662 -3.59992
    endloop
  endfacet
  facet normal 1 0 0
    outer loop
      vertex 19.965 47.2674 -3.31449
      vertex 19.965 48.0049 -2.20952
      vertex 19.965 47.7766 -2.08754
    endloop
  endfacet
  facet normal 1 0 0
    outer loop
      vertex 19.965 48.2525 -2.28464
      vertex 19.965 47.745 -3.51229
      vertex 19.965 47.9136 -3.54968
    endloop
  endfacet
  facet normal 1 0 0
    outer loop
      vertex 19.965 48.0049 -2.20952
      vertex 19.965 47.5802 -3.46035
      vertex 19.965 47.745 -3.51229
    endloop
  endfacet
  facet normal 1 0 0
    outer loop
      vertex 19.965 46.9076 -3.07861
      vertex 19.965 47.7766 -2.08754
      vertex 19.965 47.5766 -1.92338
    endloop
  endfacet
  facet normal 1 0 0
    outer loop
      vertex 19.965 46.6432 -2.85676
      vertex 19.965 47.5766 -1.92338
      vertex 19.965 47.5306 -1.87317
    endloop
  endfacet
  facet normal 1 0 0
    outer loop
      vertex 19.965 46.5265 -2.72941
      vertex 19.965 47.5306 -1.87317
      vertex 19.965 47.4599 -1.79603
    endloop
  endfacet
  facet normal 1 0 0
    outer loop
      vertex 19.965 48.0049 -2.20952
      vertex 19.965 47.4206 -3.39425
      vertex 19.965 47.5802 -3.46035
    endloop
  endfacet
  facet normal 1 0 0
    outer loop
      vertex 19.965 46.4214 -2.59237
      vertex 19.965 47.4599 -1.79603
      vertex 19.965 47.4003 -1.7183
    endloop
  endfacet
  facet normal 1 0 0
    outer loop
      vertex 19.965 46.2783 -2.37825
      vertex 19.965 47.4003 -1.7183
      vertex 19.965 47.3253 -1.57421
    endloop
  endfacet
  facet normal 1 0 0
    outer loop
      vertex 19.965 47.2905 -1.49514
      vertex 19.965 47.3253 -1.57421
      vertex 19.965 47.2996 -1.51213
    endloop
  endfacet
  facet normal 1 0 0
    outer loop
      vertex 19.965 47.3253 -1.57421
      vertex 19.965 47.2905 -1.49514
      vertex 19.965 46.1058 -2.07935
    endloop
  endfacet
  facet normal 1 0 0
    outer loop
      vertex 19.965 47.2592 -1.41463
      vertex 19.965 47.2905 -1.49514
      vertex 19.965 47.2849 -1.47671
    endloop
  endfacet
  facet normal 1 0 0
    outer loop
      vertex 19.965 48.0049 -2.20952
      vertex 19.965 47.2674 -3.31449
      vertex 19.965 47.4206 -3.39425
    endloop
  endfacet
  facet normal 1 0 0
    outer loop
      vertex 19.965 47.2905 -1.49514
      vertex 19.965 47.2592 -1.41463
      vertex 19.965 46.0397 -1.91977
    endloop
  endfacet
  facet normal 1 0 0
    outer loop
      vertex 19.965 45.9877 -1.75503
      vertex 19.965 47.2592 -1.41463
      vertex 19.965 47.2353 -1.33896
    endloop
  endfacet
  facet normal 1 0 0
    outer loop
      vertex 19.965 45.9503 -1.58639
      vertex 19.965 47.2353 -1.33896
      vertex 19.965 47.2154 -1.24752
    endloop
  endfacet
  facet normal 1 0 0
    outer loop
      vertex 19.965 45.9001 -1.33382
      vertex 19.965 47.2154 -1.24752
      vertex 19.965 47.19 -0.99
    endloop
  endfacet
  facet normal 1 0 0
    outer loop
      vertex 19.965 47.7766 -2.08754
      vertex 19.965 47.1217 -3.22168
      vertex 19.965 47.2674 -3.31449
    endloop
  endfacet
  facet normal 1 0 0
    outer loop
      vertex 19.965 50.3925 -2.25419
      vertex 19.965 50.3925 -2.75934
      vertex 19.965 50.4427 -2.50676
    endloop
  endfacet
  facet normal 1 0 0
    outer loop
      vertex 19.965 50.2494 -2.04008
      vertex 19.965 50.3925 -2.75934
      vertex 19.965 50.3925 -2.25419
    endloop
  endfacet
  facet normal 1 0 0
    outer loop
      vertex 19.965 50.2494 -2.04008
      vertex 19.965 50.2494 -2.97345
      vertex 19.965 50.3925 -2.75934
    endloop
  endfacet
  facet normal 1 0 0
    outer loop
      vertex 19.965 50.2494 -2.04008
      vertex 19.965 50.1124 -3.07861
      vertex 19.965 50.2494 -2.97345
    endloop
  endfacet
  facet normal 1 0 0
    outer loop
      vertex 19.965 50.0353 -1.89701
      vertex 19.965 50.1124 -3.07861
      vertex 19.965 50.2494 -2.04008
    endloop
  endfacet
  facet normal 1 -0 0
    outer loop
      vertex 19.965 49.316 -2.04008
      vertex 19.965 50.1124 -3.07861
      vertex 19.965 50.0353 -1.89701
    endloop
  endfacet
  facet normal 1 0 0
    outer loop
      vertex 19.965 49.316 -2.04008
      vertex 19.965 50.0353 -1.89701
      vertex 19.965 49.7827 -1.84676
    endloop
  endfacet
  facet normal 1 -0 0
    outer loop
      vertex 19.965 49.2383 -2.09972
      vertex 19.965 50.1124 -3.07861
      vertex 19.965 49.316 -2.04008
    endloop
  endfacet
  facet normal 1 0 0
    outer loop
      vertex 19.965 50.1124 -3.07861
      vertex 19.965 49.2383 -2.09972
      vertex 19.965 49.8983 -3.22168
    endloop
  endfacet
  facet normal 1 0 0
    outer loop
      vertex 19.965 49.316 -2.04008
      vertex 19.965 49.7827 -1.84676
      vertex 19.965 49.5301 -1.89701
    endloop
  endfacet
  facet normal 1 0 0
    outer loop
      vertex 19.965 49.8983 -3.22168
      vertex 19.965 49.2383 -2.09972
      vertex 19.965 49.7526 -3.31449
    endloop
  endfacet
  facet normal 1 -0 0
    outer loop
      vertex 19.965 49.0942 -2.17472
      vertex 19.965 49.7526 -3.31449
      vertex 19.965 49.2383 -2.09972
    endloop
  endfacet
  facet normal 1 0 0
    outer loop
      vertex 19.965 49.7526 -3.31449
      vertex 19.965 49.0942 -2.17472
      vertex 19.965 49.5994 -3.39425
    endloop
  endfacet
  facet normal 1 -0 0
    outer loop
      vertex 19.965 49.0151 -2.20952
      vertex 19.965 49.5994 -3.39425
      vertex 19.965 49.0942 -2.17472
    endloop
  endfacet
  facet normal 1 0 0
    outer loop
      vertex 19.965 49.5994 -3.39425
      vertex 19.965 49.0151 -2.20952
      vertex 19.965 49.4398 -3.46035
    endloop
  endfacet
  facet normal 1 -0 0
    outer loop
      vertex 19.965 48.9346 -2.24083
      vertex 19.965 49.4398 -3.46035
      vertex 19.965 49.0151 -2.20952
    endloop
  endfacet
  facet normal 1 0 0
    outer loop
      vertex 19.965 49.0151 -2.20952
      vertex 19.965 49.0942 -2.17472
      vertex 19.965 49.0321 -2.20044
    endloop
  endfacet
  facet normal 1 0 0
    outer loop
      vertex 19.965 49.4398 -3.46035
      vertex 19.965 48.9346 -2.24083
      vertex 19.965 49.275 -3.51229
    endloop
  endfacet
  facet normal 1 0 0
    outer loop
      vertex 19.965 48.9346 -2.24083
      vertex 19.965 49.0151 -2.20952
      vertex 19.965 48.9967 -2.21511
    endloop
  endfacet
  facet normal 1 0 0
    outer loop
      vertex 19.965 49.275 -3.51229
      vertex 19.965 48.9346 -2.24083
      vertex 19.965 49.1064 -3.54968
    endloop
  endfacet
  facet normal 1 -0 0
    outer loop
      vertex 19.965 48.7797 -2.28968
      vertex 19.965 49.1064 -3.54968
      vertex 19.965 48.9346 -2.24083
    endloop
  endfacet
  facet normal 1 0 0
    outer loop
      vertex 19.965 49.1064 -3.54968
      vertex 19.965 48.7797 -2.28968
      vertex 19.965 48.8538 -3.59992
    endloop
  endfacet
  facet normal 1 -0 0
    outer loop
      vertex 19.965 48.6826 -2.30246
      vertex 19.965 48.8538 -3.59992
      vertex 19.965 48.7797 -2.28968
    endloop
  endfacet
  facet normal 1 0 0
    outer loop
      vertex 19.965 48.6826 -2.30246
      vertex 19.965 48.6826 -3.62246
      vertex 19.965 48.8538 -3.59992
    endloop
  endfacet
  facet normal 1 -0 0
    outer loop
      vertex 19.965 48.5182 -2.30964
      vertex 19.965 48.6826 -3.62246
      vertex 19.965 48.6826 -2.30246
    endloop
  endfacet
  facet normal 1 0 0
    outer loop
      vertex 19.965 48.6826 -3.62246
      vertex 19.965 48.5182 -2.30964
      vertex 19.965 48.5182 -3.62964
    endloop
  endfacet
  facet normal 1 0 0
    outer loop
      vertex 19.965 50.9803 -0.0602335
      vertex 19.965 50.9803 -0.565375
      vertex 19.965 51.0306 -0.312804
    endloop
  endfacet
  facet normal 1 0 0
    outer loop
      vertex 19.965 49.7295 -0.484858
      vertex 19.965 50.9803 -0.0602335
      vertex 19.965 50.9142 0.0993535
    endloop
  endfacet
  facet normal 1 0 0
    outer loop
      vertex 19.965 50.9803 -0.0602335
      vertex 19.965 49.7608 -0.565375
      vertex 19.965 50.9803 -0.565375
    endloop
  endfacet
  facet normal 1 0 0
    outer loop
      vertex 19.965 49.6947 -0.405788
      vertex 19.965 50.9142 0.0993535
      vertex 19.965 50.8345 0.252571
    endloop
  endfacet
  facet normal 1 0 0
    outer loop
      vertex 19.965 49.6947 -0.405788
      vertex 19.965 50.8345 0.252571
      vertex 19.965 50.7417 0.39825
    endloop
  endfacet
  facet normal 1 0 0
    outer loop
      vertex 19.965 50.9803 -0.0602335
      vertex 19.965 49.7295 -0.484858
      vertex 19.965 49.7608 -0.565375
    endloop
  endfacet
  facet normal 1 0 0
    outer loop
      vertex 19.965 49.6197 -0.261705
      vertex 19.965 50.7417 0.39825
      vertex 19.965 50.5986 0.61237
    endloop
  endfacet
  facet normal 1 0 0
    outer loop
      vertex 19.965 49.5601 -0.183973
      vertex 19.965 50.5986 0.61237
      vertex 19.965 50.5621 0.66
    endloop
  endfacet
  facet normal 1 0 0
    outer loop
      vertex 19.965 50.9803 -0.565375
      vertex 19.965 49.7608 -0.565375
      vertex 19.965 50.8373 -0.779495
    endloop
  endfacet
  facet normal 1 0 0
    outer loop
      vertex 19.965 50.8373 -0.779495
      vertex 19.965 49.7608 -0.565375
      vertex 19.965 50.6232 -0.922561
    endloop
  endfacet
  facet normal 1 0 0
    outer loop
      vertex 19.965 50.6232 -0.922561
      vertex 19.965 49.7608 -0.565375
      vertex 19.965 50.3706 -0.972804
    endloop
  endfacet
  facet normal 1 0 0
    outer loop
      vertex 19.965 50.3706 -0.972804
      vertex 19.965 49.7608 -0.565375
      vertex 19.965 50.118 -0.922561
    endloop
  endfacet
  facet normal 1 0 0
    outer loop
      vertex 19.965 50.118 -0.922561
      vertex 19.965 49.7608 -0.565375
      vertex 19.965 49.9039 -0.779495
    endloop
  endfacet
  facet normal 1 0 0
    outer loop
      vertex 19.965 49.7608 -0.565375
      vertex 19.965 49.7295 -0.484858
      vertex 19.965 49.7351 -0.503294
    endloop
  endfacet
  facet normal 1 0 0
    outer loop
      vertex 19.965 50.9142 0.0993535
      vertex 19.965 49.6947 -0.405788
      vertex 19.965 49.7295 -0.484858
    endloop
  endfacet
  facet normal 1 0 0
    outer loop
      vertex 19.965 49.7295 -0.484858
      vertex 19.965 49.6947 -0.405788
      vertex 19.965 49.7204 -0.467864
    endloop
  endfacet
  facet normal 1 0 0
    outer loop
      vertex 19.965 50.7417 0.39825
      vertex 19.965 49.6197 -0.261705
      vertex 19.965 49.6947 -0.405788
    endloop
  endfacet
  facet normal 1 0 0
    outer loop
      vertex 19.965 50.5986 0.61237
      vertex 19.965 49.5601 -0.183973
      vertex 19.965 49.6197 -0.261705
    endloop
  endfacet
  facet normal 1 0 0
    outer loop
      vertex 19.965 50.5621 0.66
      vertex 19.965 49.4434 -0.0567009
      vertex 19.965 49.5601 -0.183973
    endloop
  endfacet
  facet normal 1 0 0
    outer loop
      vertex 19.965 50.5621 0.66
      vertex 19.965 49.4434 -0.056619
      vertex 19.965 49.4434 -0.0567009
    endloop
  endfacet
  facet normal 1 0 0
    outer loop
      vertex 19.965 50.5621 0.66
      vertex 19.965 49.4433 -0.0565517
      vertex 19.965 49.4434 -0.056619
    endloop
  endfacet
  facet normal 1 0 0
    outer loop
      vertex 19.965 50.5621 0.66
      vertex 19.965 49.316 0.0600774
      vertex 19.965 49.4433 -0.0565517
    endloop
  endfacet
  facet normal 1 0 0
    outer loop
      vertex 19.965 50.5621 0.66
      vertex 19.965 49.2383 0.119722
      vertex 19.965 49.316 0.0600774
    endloop
  endfacet
  facet normal 1 0 0
    outer loop
      vertex 19.965 50.5621 0.66
      vertex 19.965 49.0942 0.194724
      vertex 19.965 49.2383 0.119722
    endloop
  endfacet
  facet normal 1 -0 0
    outer loop
      vertex 19.965 49.0151 0.229521
      vertex 19.965 49.0942 0.194724
      vertex 19.965 50.5621 0.66
    endloop
  endfacet
  facet normal 1 0 0
    outer loop
      vertex 19.965 49.0942 0.194724
      vertex 19.965 49.0151 0.229521
      vertex 19.965 49.0321 0.220437
    endloop
  endfacet
  facet normal 1 -0 0
    outer loop
      vertex 19.965 48.9346 0.260829
      vertex 19.965 49.0151 0.229521
      vertex 19.965 50.5621 0.66
    endloop
  endfacet
  facet normal 1 0 0
    outer loop
      vertex 19.965 49.0151 0.229521
      vertex 19.965 48.9346 0.260829
      vertex 19.965 48.9967 0.235113
    endloop
  endfacet
  facet normal 1 0 0
    outer loop
      vertex 19.965 50.5621 0.66
      vertex 19.965 48.7797 0.309677
      vertex 19.965 48.9346 0.260829
    endloop
  endfacet
  facet normal 1 0 0
    outer loop
      vertex 19.965 50.5621 0.66
      vertex 19.965 48.6826 0.322462
      vertex 19.965 48.7797 0.309677
    endloop
  endfacet
  facet normal 1 0 0
    outer loop
      vertex 19.965 50.5621 0.66
      vertex 19.965 48.5182 0.32964
      vertex 19.965 48.6826 0.322462
    endloop
  endfacet
  facet normal 1 0 0
    outer loop
      vertex 19.965 48.5182 0.32964
      vertex 19.965 48.51 0.33
      vertex 19.965 48.5182 0.329187
    endloop
  endfacet
  facet normal 1 0 0
    outer loop
      vertex 19.965 50.5621 0.66
      vertex 19.965 48.51 0.33
      vertex 19.965 48.5182 0.32964
    endloop
  endfacet
  facet normal 1 -0 0
    outer loop
      vertex 19.965 46.86 0.66
      vertex 19.965 48.51 0.33
      vertex 19.965 50.5621 0.66
    endloop
  endfacet
  facet normal 1 0 0
    outer loop
      vertex 19.965 47.7766 -2.08754
      vertex 19.965 46.9076 -3.07861
      vertex 19.965 47.1217 -3.22168
    endloop
  endfacet
  facet normal 1 0 0
    outer loop
      vertex 19.965 45.9001 -0.646178
      vertex 19.965 47.19 -0.99
      vertex 19.965 47.2154 -0.732481
    endloop
  endfacet
  facet normal 1 0 0
    outer loop
      vertex 19.965 48.51 0.33
      vertex 19.965 46.86 0.66
      vertex 19.965 48.2525 0.304636
    endloop
  endfacet
  facet normal 1 0 0
    outer loop
      vertex 19.965 46.86 0.66
      vertex 19.965 48.0049 0.229521
      vertex 19.965 48.2525 0.304636
    endloop
  endfacet
  facet normal 1 0 0
    outer loop
      vertex 19.965 46.86 0.66
      vertex 19.965 47.7766 0.10754
      vertex 19.965 48.0049 0.229521
    endloop
  endfacet
  facet normal 1 0 0
    outer loop
      vertex 19.965 46.86 0.66
      vertex 19.965 47.5766 -0.056619
      vertex 19.965 47.7766 0.10754
    endloop
  endfacet
  facet normal 1 -0 0
    outer loop
      vertex 19.965 46.86 0
      vertex 19.965 47.5766 -0.056619
      vertex 19.965 46.86 0.66
    endloop
  endfacet
  facet normal 1 0 0
    outer loop
      vertex 19.965 47.5766 -0.056619
      vertex 19.965 46.86 0
      vertex 19.965 47.4125 -0.256647
    endloop
  endfacet
  facet normal 1 0 0
    outer loop
      vertex 19.965 47.4125 -0.256647
      vertex 19.965 46.86 0
      vertex 19.965 47.2905 -0.484858
    endloop
  endfacet
  facet normal 1 0 0
    outer loop
      vertex 19.965 47.2905 -0.484858
      vertex 19.965 46.86 0
      vertex 19.965 47.2154 -0.732481
    endloop
  endfacet
  facet normal 1 -0 0
    outer loop
      vertex 19.965 45.9503 -0.393607
      vertex 19.965 47.2154 -0.732481
      vertex 19.965 46.86 0
    endloop
  endfacet
  facet normal 1 0 0
    outer loop
      vertex 19.965 47.5766 -1.92338
      vertex 19.965 46.7706 -2.97345
      vertex 19.965 46.9076 -3.07861
    endloop
  endfacet
  facet normal 1 0 0
    outer loop
      vertex 19.965 47.5766 -1.92338
      vertex 19.965 46.6432 -2.85676
      vertex 19.965 46.7706 -2.97345
    endloop
  endfacet
  facet normal 1 0 0
    outer loop
      vertex 19.965 47.5306 -1.87317
      vertex 19.965 46.5265 -2.72941
      vertex 19.965 46.6432 -2.85676
    endloop
  endfacet
  facet normal 1 0 0
    outer loop
      vertex 19.965 47.4599 -1.79603
      vertex 19.965 46.4214 -2.59237
      vertex 19.965 46.5265 -2.72941
    endloop
  endfacet
  facet normal 1 0 0
    outer loop
      vertex 19.965 47.4003 -1.7183
      vertex 19.965 46.2783 -2.37825
      vertex 19.965 46.4214 -2.59237
    endloop
  endfacet
  facet normal 1 0 0
    outer loop
      vertex 19.965 47.3253 -1.57421
      vertex 19.965 46.1855 -2.23257
      vertex 19.965 46.2783 -2.37825
    endloop
  endfacet
  facet normal 1 0 0
    outer loop
      vertex 19.965 47.3253 -1.57421
      vertex 19.965 46.1058 -2.07935
      vertex 19.965 46.1855 -2.23257
    endloop
  endfacet
  facet normal 1 0 0
    outer loop
      vertex 19.965 46.0397 -0.0602335
      vertex 19.965 46.86 0
      vertex 19.965 46.0646 0
    endloop
  endfacet
  facet normal 1 0 0
    outer loop
      vertex 19.965 46.86 0
      vertex 19.965 46.0397 -0.0602335
      vertex 19.965 45.9877 -0.224972
    endloop
  endfacet
  facet normal 1 0 0
    outer loop
      vertex 19.965 47.2154 -0.732481
      vertex 19.965 45.9503 -0.393607
      vertex 19.965 45.9001 -0.646178
    endloop
  endfacet
  facet normal 1 0 0
    outer loop
      vertex 19.965 46.86 0
      vertex 19.965 45.9877 -0.224972
      vertex 19.965 45.9503 -0.393607
    endloop
  endfacet
  facet normal 1 0 0
    outer loop
      vertex 19.965 47.2353 -1.33896
      vertex 19.965 45.9503 -1.58639
      vertex 19.965 45.9877 -1.75503
    endloop
  endfacet
  facet normal 1 0 0
    outer loop
      vertex 19.965 47.2905 -1.49514
      vertex 19.965 46.0397 -1.91977
      vertex 19.965 46.1058 -2.07935
    endloop
  endfacet
  facet normal 1 0 0
    outer loop
      vertex 19.965 47.2592 -1.41463
      vertex 19.965 45.9877 -1.75503
      vertex 19.965 46.0397 -1.91977
    endloop
  endfacet
  facet normal 1 0 0
    outer loop
      vertex 19.965 47.19 -0.99
      vertex 19.965 45.9001 -0.646178
      vertex 19.965 45.8775 -0.817432
    endloop
  endfacet
  facet normal 1 0 0
    outer loop
      vertex 19.965 47.2154 -1.24752
      vertex 19.965 45.9001 -1.33382
      vertex 19.965 45.9503 -1.58639
    endloop
  endfacet
  facet normal 1 0 0
    outer loop
      vertex 19.965 47.19 -0.99
      vertex 19.965 45.8775 -0.817432
      vertex 19.965 45.87 -0.99
    endloop
  endfacet
  facet normal 1 0 0
    outer loop
      vertex 19.965 47.19 -0.99
      vertex 19.965 45.8775 -1.16257
      vertex 19.965 45.9001 -1.33382
    endloop
  endfacet
  facet normal 1 0 0
    outer loop
      vertex 19.965 47.19 -0.99
      vertex 19.965 45.87 -0.99
      vertex 19.965 45.8775 -1.16257
    endloop
  endfacet
  facet normal 0 -0.0436202 -0.999048
    outer loop
      vertex 13.035 48.5182 0.32964
      vertex 19.965 48.6826 0.322462
      vertex 19.965 48.5182 0.32964
    endloop
  endfacet
  facet normal -0 -0.0436202 -0.999048
    outer loop
      vertex 19.965 48.6826 0.322462
      vertex 13.035 48.5182 0.32964
      vertex 13.035 48.6826 0.322462
    endloop
  endfacet
  facet normal 0 -0.130542 -0.991443
    outer loop
      vertex 13.035 48.6826 0.322462
      vertex 19.965 48.7797 0.309677
      vertex 19.965 48.6826 0.322462
    endloop
  endfacet
  facet normal -0 -0.130542 -0.991443
    outer loop
      vertex 19.965 48.7797 0.309677
      vertex 13.035 48.6826 0.322462
      vertex 13.035 48.7797 0.309677
    endloop
  endfacet
  facet normal 0 -0.300752 -0.953702
    outer loop
      vertex 13.035 48.7797 0.309677
      vertex 19.965 48.9346 0.260829
      vertex 19.965 48.7797 0.309677
    endloop
  endfacet
  facet normal -0 -0.300752 -0.953702
    outer loop
      vertex 19.965 48.9346 0.260829
      vertex 13.035 48.7797 0.309677
      vertex 13.035 48.9346 0.260829
    endloop
  endfacet
  facet normal 0 -0.382599 -0.923915
    outer loop
      vertex 13.035 48.9346 0.260829
      vertex 19.965 48.9967 0.235113
      vertex 19.965 48.9346 0.260829
    endloop
  endfacet
  facet normal -0 -0.382599 -0.923915
    outer loop
      vertex 19.965 48.9967 0.235113
      vertex 13.035 48.9346 0.260829
      vertex 13.035 48.9967 0.235113
    endloop
  endfacet
  facet normal 0 -0.382561 -0.92393
    outer loop
      vertex 13.035 49.0321 0.220437
      vertex 19.965 49.0942 0.194724
      vertex 19.965 49.0321 0.220437
    endloop
  endfacet
  facet normal -0 -0.382561 -0.92393
    outer loop
      vertex 19.965 49.0942 0.194724
      vertex 13.035 49.0321 0.220437
      vertex 13.035 49.0942 0.194724
    endloop
  endfacet
  facet normal 0 -0.461692 -0.88704
    outer loop
      vertex 13.035 49.0942 0.194724
      vertex 19.965 49.2383 0.119722
      vertex 19.965 49.0942 0.194724
    endloop
  endfacet
  facet normal -0 -0.461692 -0.88704
    outer loop
      vertex 19.965 49.2383 0.119722
      vertex 13.035 49.0942 0.194724
      vertex 13.035 49.2383 0.119722
    endloop
  endfacet
  facet normal 0 -0.608911 -0.793238
    outer loop
      vertex 13.035 49.2383 0.119722
      vertex 19.965 49.316 0.0600774
      vertex 19.965 49.2383 0.119722
    endloop
  endfacet
  facet normal -0 -0.608911 -0.793238
    outer loop
      vertex 19.965 49.316 0.0600774
      vertex 13.035 49.2383 0.119722
      vertex 13.035 49.316 0.0600774
    endloop
  endfacet
  facet normal 0 -0.675528 -0.737335
    outer loop
      vertex 13.035 49.316 0.0600774
      vertex 19.965 49.4433 -0.0565517
      vertex 19.965 49.316 0.0600774
    endloop
  endfacet
  facet normal -0 -0.675528 -0.737335
    outer loop
      vertex 19.965 49.4433 -0.0565517
      vertex 13.035 49.316 0.0600774
      vertex 13.035 49.4433 -0.0565517
    endloop
  endfacet
  facet normal 0 -0.737056 -0.675831
    outer loop
      vertex 13.035 49.5601 -0.183973
      vertex 19.965 49.4434 -0.0567009
      vertex 13.035 49.4434 -0.0567009
    endloop
  endfacet
  facet normal 0 -0.737056 -0.675831
    outer loop
      vertex 19.965 49.4434 -0.0567009
      vertex 13.035 49.5601 -0.183973
      vertex 19.965 49.5601 -0.183973
    endloop
  endfacet
  facet normal 0 -0.793579 -0.608467
    outer loop
      vertex 13.035 49.6197 -0.261705
      vertex 19.965 49.5601 -0.183973
      vertex 13.035 49.5601 -0.183973
    endloop
  endfacet
  facet normal 0 -0.793579 -0.608467
    outer loop
      vertex 19.965 49.5601 -0.183973
      vertex 13.035 49.6197 -0.261705
      vertex 19.965 49.6197 -0.261705
    endloop
  endfacet
  facet normal 0 -0.887023 -0.461725
    outer loop
      vertex 13.035 49.6947 -0.405788
      vertex 19.965 49.6197 -0.261705
      vertex 13.035 49.6197 -0.261705
    endloop
  endfacet
  facet normal 0 -0.887023 -0.461725
    outer loop
      vertex 19.965 49.6197 -0.261705
      vertex 13.035 49.6947 -0.405788
      vertex 19.965 49.6947 -0.405788
    endloop
  endfacet
  facet normal 0 -0.923946 -0.382522
    outer loop
      vertex 13.035 49.7204 -0.467864
      vertex 19.965 49.6947 -0.405788
      vertex 13.035 49.6947 -0.405788
    endloop
  endfacet
  facet normal 0 -0.923946 -0.382522
    outer loop
      vertex 19.965 49.6947 -0.405788
      vertex 13.035 49.7204 -0.467864
      vertex 19.965 49.7204 -0.467864
    endloop
  endfacet
  facet normal 0 -0.923957 -0.382496
    outer loop
      vertex 13.035 49.7608 -0.565375
      vertex 19.965 49.7351 -0.503294
      vertex 13.035 49.7351 -0.503294
    endloop
  endfacet
  facet normal 0 -0.923957 -0.382496
    outer loop
      vertex 19.965 49.7351 -0.503294
      vertex 13.035 49.7608 -0.565375
      vertex 19.965 49.7608 -0.565375
    endloop
  endfacet
  facet normal 0 -0.831417 -0.55565
    outer loop
      vertex 13.035 49.9039 -0.779495
      vertex 19.965 49.7608 -0.565375
      vertex 13.035 49.7608 -0.565375
    endloop
  endfacet
  facet normal 0 -0.831417 -0.55565
    outer loop
      vertex 19.965 49.7608 -0.565375
      vertex 13.035 49.9039 -0.779495
      vertex 19.965 49.9039 -0.779495
    endloop
  endfacet
  facet normal 0 -0.555594 -0.831454
    outer loop
      vertex 13.035 49.9039 -0.779495
      vertex 19.965 50.118 -0.922561
      vertex 19.965 49.9039 -0.779495
    endloop
  endfacet
  facet normal -0 -0.555594 -0.831454
    outer loop
      vertex 19.965 50.118 -0.922561
      vertex 13.035 49.9039 -0.779495
      vertex 13.035 50.118 -0.922561
    endloop
  endfacet
  facet normal 0 -0.195082 -0.980787
    outer loop
      vertex 13.035 50.118 -0.922561
      vertex 19.965 50.3706 -0.972804
      vertex 19.965 50.118 -0.922561
    endloop
  endfacet
  facet normal -0 -0.195082 -0.980787
    outer loop
      vertex 19.965 50.3706 -0.972804
      vertex 13.035 50.118 -0.922561
      vertex 13.035 50.3706 -0.972804
    endloop
  endfacet
  facet normal 0 0.195082 -0.980787
    outer loop
      vertex 13.035 50.3706 -0.972804
      vertex 19.965 50.6232 -0.922561
      vertex 19.965 50.3706 -0.972804
    endloop
  endfacet
  facet normal 0 0.195082 -0.980787
    outer loop
      vertex 19.965 50.6232 -0.922561
      vertex 13.035 50.3706 -0.972804
      vertex 13.035 50.6232 -0.922561
    endloop
  endfacet
  facet normal 0 0.555594 -0.831454
    outer loop
      vertex 13.035 50.6232 -0.922561
      vertex 19.965 50.8373 -0.779495
      vertex 19.965 50.6232 -0.922561
    endloop
  endfacet
  facet normal 0 0.555594 -0.831454
    outer loop
      vertex 19.965 50.8373 -0.779495
      vertex 13.035 50.6232 -0.922561
      vertex 13.035 50.8373 -0.779495
    endloop
  endfacet
  facet normal 0 0.831596 -0.555381
    outer loop
      vertex 19.965 50.8373 -0.779495
      vertex 13.035 50.9803 -0.565375
      vertex 19.965 50.9803 -0.565375
    endloop
  endfacet
  facet normal 0 0.831596 -0.555381
    outer loop
      vertex 13.035 50.9803 -0.565375
      vertex 19.965 50.8373 -0.779495
      vertex 13.035 50.8373 -0.779495
    endloop
  endfacet
  facet normal 0 0.98074 -0.195316
    outer loop
      vertex 19.965 50.9803 -0.565375
      vertex 13.035 51.0306 -0.312804
      vertex 19.965 51.0306 -0.312804
    endloop
  endfacet
  facet normal 0 0.98074 -0.195316
    outer loop
      vertex 13.035 51.0306 -0.312804
      vertex 19.965 50.9803 -0.565375
      vertex 13.035 50.9803 -0.565375
    endloop
  endfacet
  facet normal 0 0.98074 0.195317
    outer loop
      vertex 19.965 51.0306 -0.312804
      vertex 13.035 50.9803 -0.0602335
      vertex 19.965 50.9803 -0.0602335
    endloop
  endfacet
  facet normal 0 0.98074 0.195317
    outer loop
      vertex 13.035 50.9803 -0.0602335
      vertex 19.965 51.0306 -0.312804
      vertex 13.035 51.0306 -0.312804
    endloop
  endfacet
  facet normal 0 0.923886 0.382668
    outer loop
      vertex 19.965 50.9803 -0.0602335
      vertex 13.035 50.9142 0.0993535
      vertex 19.965 50.9142 0.0993535
    endloop
  endfacet
  facet normal 0 0.923886 0.382668
    outer loop
      vertex 13.035 50.9142 0.0993535
      vertex 19.965 50.9803 -0.0602335
      vertex 13.035 50.9803 -0.0602335
    endloop
  endfacet
  facet normal 0 0.887153 0.461475
    outer loop
      vertex 19.965 50.9142 0.0993535
      vertex 13.035 50.8345 0.252571
      vertex 19.965 50.8345 0.252571
    endloop
  endfacet
  facet normal 0 0.887153 0.461475
    outer loop
      vertex 13.035 50.8345 0.252571
      vertex 19.965 50.9142 0.0993535
      vertex 13.035 50.9142 0.0993535
    endloop
  endfacet
  facet normal 0 0.843412 0.537268
    outer loop
      vertex 19.965 50.8345 0.252571
      vertex 13.035 50.7417 0.39825
      vertex 19.965 50.7417 0.39825
    endloop
  endfacet
  facet normal 0 0.843412 0.537268
    outer loop
      vertex 13.035 50.7417 0.39825
      vertex 19.965 50.8345 0.252571
      vertex 13.035 50.8345 0.252571
    endloop
  endfacet
  facet normal 0 0.831417 0.55565
    outer loop
      vertex 19.965 50.7417 0.39825
      vertex 13.035 50.5986 0.61237
      vertex 19.965 50.5986 0.61237
    endloop
  endfacet
  facet normal 0 0.831417 0.55565
    outer loop
      vertex 13.035 50.5986 0.61237
      vertex 19.965 50.7417 0.39825
      vertex 13.035 50.7417 0.39825
    endloop
  endfacet
  facet normal 0 0.793738 0.60826
    outer loop
      vertex 19.965 50.5986 0.61237
      vertex 13.035 50.5621 0.66
      vertex 19.965 50.5621 0.66
    endloop
  endfacet
  facet normal 0 0.793738 0.60826
    outer loop
      vertex 13.035 50.5621 0.66
      vertex 19.965 50.5986 0.61237
      vertex 13.035 50.5986 0.61237
    endloop
  endfacet
  facet normal 0 -0.924148 0.382035
    outer loop
      vertex 13.035 46.0397 -0.0602335
      vertex 19.965 46.0646 0
      vertex 13.035 46.0646 0
    endloop
  endfacet
  facet normal 0 -0.924148 0.382035
    outer loop
      vertex 19.965 46.0646 0
      vertex 13.035 46.0397 -0.0602335
      vertex 19.965 46.0397 -0.0602335
    endloop
  endfacet
  facet normal 0 -0.95362 0.301012
    outer loop
      vertex 13.035 45.9877 -0.224972
      vertex 19.965 46.0397 -0.0602335
      vertex 13.035 46.0397 -0.0602335
    endloop
  endfacet
  facet normal 0 -0.95362 0.301012
    outer loop
      vertex 19.965 46.0397 -0.0602335
      vertex 13.035 45.9877 -0.224972
      vertex 19.965 45.9877 -0.224972
    endloop
  endfacet
  facet normal 0 -0.976278 0.21652
    outer loop
      vertex 13.035 45.9503 -0.393607
      vertex 19.965 45.9877 -0.224972
      vertex 13.035 45.9877 -0.224972
    endloop
  endfacet
  facet normal 0 -0.976278 0.21652
    outer loop
      vertex 19.965 45.9877 -0.224972
      vertex 13.035 45.9503 -0.393607
      vertex 19.965 45.9503 -0.393607
    endloop
  endfacet
  facet normal 0 -0.980815 0.194943
    outer loop
      vertex 13.035 45.9001 -0.646178
      vertex 19.965 45.9503 -0.393607
      vertex 13.035 45.9503 -0.393607
    endloop
  endfacet
  facet normal 0 -0.980815 0.194943
    outer loop
      vertex 19.965 45.9503 -0.393607
      vertex 13.035 45.9001 -0.646178
      vertex 19.965 45.9001 -0.646178
    endloop
  endfacet
  facet normal 0 -0.991404 0.130833
    outer loop
      vertex 13.035 45.8775 -0.817432
      vertex 19.965 45.9001 -0.646178
      vertex 13.035 45.9001 -0.646178
    endloop
  endfacet
  facet normal 0 -0.991404 0.130833
    outer loop
      vertex 19.965 45.9001 -0.646178
      vertex 13.035 45.8775 -0.817432
      vertex 19.965 45.8775 -0.817432
    endloop
  endfacet
  facet normal 0 -0.999057 0.0434201
    outer loop
      vertex 13.035 45.87 -0.99
      vertex 19.965 45.8775 -0.817432
      vertex 13.035 45.8775 -0.817432
    endloop
  endfacet
  facet normal 0 -0.999057 0.0434201
    outer loop
      vertex 19.965 45.8775 -0.817432
      vertex 13.035 45.87 -0.99
      vertex 19.965 45.87 -0.99
    endloop
  endfacet
  facet normal 0 -0.999057 -0.0434196
    outer loop
      vertex 13.035 45.8775 -1.16257
      vertex 19.965 45.87 -0.99
      vertex 13.035 45.87 -0.99
    endloop
  endfacet
  facet normal 0 -0.999057 -0.0434196
    outer loop
      vertex 19.965 45.87 -0.99
      vertex 13.035 45.8775 -1.16257
      vertex 19.965 45.8775 -1.16257
    endloop
  endfacet
  facet normal 0 -0.991404 -0.130836
    outer loop
      vertex 13.035 45.9001 -1.33382
      vertex 19.965 45.8775 -1.16257
      vertex 13.035 45.8775 -1.16257
    endloop
  endfacet
  facet normal 0 -0.991404 -0.130836
    outer loop
      vertex 19.965 45.8775 -1.16257
      vertex 13.035 45.9001 -1.33382
      vertex 19.965 45.9001 -1.33382
    endloop
  endfacet
  facet normal 0 -0.980814 -0.194944
    outer loop
      vertex 13.035 45.9503 -1.58639
      vertex 19.965 45.9001 -1.33382
      vertex 13.035 45.9001 -1.33382
    endloop
  endfacet
  facet normal 0 -0.980814 -0.194944
    outer loop
      vertex 19.965 45.9001 -1.33382
      vertex 13.035 45.9503 -1.58639
      vertex 19.965 45.9503 -1.58639
    endloop
  endfacet
  facet normal 0 -0.97628 -0.216514
    outer loop
      vertex 13.035 45.9877 -1.75503
      vertex 19.965 45.9503 -1.58639
      vertex 13.035 45.9503 -1.58639
    endloop
  endfacet
  facet normal 0 -0.97628 -0.216514
    outer loop
      vertex 19.965 45.9503 -1.58639
      vertex 13.035 45.9877 -1.75503
      vertex 19.965 45.9877 -1.75503
    endloop
  endfacet
  facet normal 0 -0.953621 -0.301009
    outer loop
      vertex 13.035 46.0397 -1.91977
      vertex 19.965 45.9877 -1.75503
      vertex 13.035 45.9877 -1.75503
    endloop
  endfacet
  facet normal 0 -0.953621 -0.301009
    outer loop
      vertex 19.965 45.9877 -1.75503
      vertex 13.035 46.0397 -1.91977
      vertex 19.965 46.0397 -1.91977
    endloop
  endfacet
  facet normal 0 -0.92388 -0.382682
    outer loop
      vertex 13.035 46.1058 -2.07935
      vertex 19.965 46.0397 -1.91977
      vertex 13.035 46.0397 -1.91977
    endloop
  endfacet
  facet normal 0 -0.92388 -0.382682
    outer loop
      vertex 19.965 46.0397 -1.91977
      vertex 13.035 46.1058 -2.07935
      vertex 19.965 46.1058 -2.07935
    endloop
  endfacet
  facet normal 0 -0.887156 -0.461469
    outer loop
      vertex 13.035 46.1855 -2.23257
      vertex 19.965 46.1058 -2.07935
      vertex 13.035 46.1058 -2.07935
    endloop
  endfacet
  facet normal 0 -0.887156 -0.461469
    outer loop
      vertex 19.965 46.1058 -2.07935
      vertex 13.035 46.1855 -2.23257
      vertex 19.965 46.1855 -2.23257
    endloop
  endfacet
  facet normal 0 -0.843413 -0.537265
    outer loop
      vertex 13.035 46.2783 -2.37825
      vertex 19.965 46.1855 -2.23257
      vertex 13.035 46.1855 -2.23257
    endloop
  endfacet
  facet normal 0 -0.843413 -0.537265
    outer loop
      vertex 19.965 46.1855 -2.23257
      vertex 13.035 46.2783 -2.37825
      vertex 19.965 46.2783 -2.37825
    endloop
  endfacet
  facet normal 0 -0.831417 -0.55565
    outer loop
      vertex 13.035 46.4214 -2.59237
      vertex 19.965 46.2783 -2.37825
      vertex 13.035 46.2783 -2.37825
    endloop
  endfacet
  facet normal 0 -0.831417 -0.55565
    outer loop
      vertex 19.965 46.2783 -2.37825
      vertex 13.035 46.4214 -2.59237
      vertex 19.965 46.4214 -2.59237
    endloop
  endfacet
  facet normal 0 -0.793506 -0.608563
    outer loop
      vertex 13.035 46.5265 -2.72941
      vertex 19.965 46.4214 -2.59237
      vertex 13.035 46.4214 -2.59237
    endloop
  endfacet
  facet normal 0 -0.793506 -0.608563
    outer loop
      vertex 19.965 46.4214 -2.59237
      vertex 13.035 46.5265 -2.72941
      vertex 19.965 46.5265 -2.72941
    endloop
  endfacet
  facet normal 0 -0.737262 -0.675607
    outer loop
      vertex 13.035 46.6432 -2.85676
      vertex 19.965 46.5265 -2.72941
      vertex 13.035 46.5265 -2.72941
    endloop
  endfacet
  facet normal 0 -0.737262 -0.675607
    outer loop
      vertex 19.965 46.5265 -2.72941
      vertex 13.035 46.6432 -2.85676
      vertex 19.965 46.6432 -2.85676
    endloop
  endfacet
  facet normal 0 -0.675431 -0.737423
    outer loop
      vertex 13.035 46.6432 -2.85676
      vertex 19.965 46.7706 -2.97345
      vertex 19.965 46.6432 -2.85676
    endloop
  endfacet
  facet normal -0 -0.675431 -0.737423
    outer loop
      vertex 19.965 46.7706 -2.97345
      vertex 13.035 46.6432 -2.85676
      vertex 13.035 46.7706 -2.97345
    endloop
  endfacet
  facet normal 0 -0.608893 -0.793252
    outer loop
      vertex 13.035 46.7706 -2.97345
      vertex 19.965 46.9076 -3.07861
      vertex 19.965 46.7706 -2.97345
    endloop
  endfacet
  facet normal -0 -0.608893 -0.793252
    outer loop
      vertex 19.965 46.9076 -3.07861
      vertex 13.035 46.7706 -2.97345
      vertex 13.035 46.9076 -3.07861
    endloop
  endfacet
  facet normal 0 -0.555605 -0.831446
    outer loop
      vertex 13.035 46.9076 -3.07861
      vertex 19.965 47.1217 -3.22168
      vertex 19.965 46.9076 -3.07861
    endloop
  endfacet
  facet normal -0 -0.555605 -0.831446
    outer loop
      vertex 19.965 47.1217 -3.22168
      vertex 13.035 46.9076 -3.07861
      vertex 13.035 47.1217 -3.22168
    endloop
  endfacet
  facet normal 0 -0.537254 -0.843421
    outer loop
      vertex 13.035 47.1217 -3.22168
      vertex 19.965 47.2674 -3.31449
      vertex 19.965 47.1217 -3.22168
    endloop
  endfacet
  facet normal -0 -0.537254 -0.843421
    outer loop
      vertex 19.965 47.2674 -3.31449
      vertex 13.035 47.1217 -3.22168
      vertex 13.035 47.2674 -3.31449
    endloop
  endfacet
  facet normal 0 -0.46179 -0.886989
    outer loop
      vertex 13.035 47.2674 -3.31449
      vertex 19.965 47.4206 -3.39425
      vertex 19.965 47.2674 -3.31449
    endloop
  endfacet
  facet normal -0 -0.46179 -0.886989
    outer loop
      vertex 19.965 47.4206 -3.39425
      vertex 13.035 47.2674 -3.31449
      vertex 13.035 47.4206 -3.39425
    endloop
  endfacet
  facet normal 0 -0.382642 -0.923897
    outer loop
      vertex 13.035 47.4206 -3.39425
      vertex 19.965 47.5802 -3.46035
      vertex 19.965 47.4206 -3.39425
    endloop
  endfacet
  facet normal -0 -0.382642 -0.923897
    outer loop
      vertex 19.965 47.5802 -3.46035
      vertex 13.035 47.4206 -3.39425
      vertex 13.035 47.5802 -3.46035
    endloop
  endfacet
  facet normal 0 -0.300594 -0.953752
    outer loop
      vertex 13.035 47.5802 -3.46035
      vertex 19.965 47.745 -3.51229
      vertex 19.965 47.5802 -3.46035
    endloop
  endfacet
  facet normal -0 -0.300594 -0.953752
    outer loop
      vertex 19.965 47.745 -3.51229
      vertex 13.035 47.5802 -3.46035
      vertex 13.035 47.745 -3.51229
    endloop
  endfacet
  facet normal 0 -0.216507 -0.976281
    outer loop
      vertex 13.035 47.745 -3.51229
      vertex 19.965 47.9136 -3.54968
      vertex 19.965 47.745 -3.51229
    endloop
  endfacet
  facet normal -0 -0.216507 -0.976281
    outer loop
      vertex 19.965 47.9136 -3.54968
      vertex 13.035 47.745 -3.51229
      vertex 13.035 47.9136 -3.54968
    endloop
  endfacet
  facet normal 0 -0.195071 -0.980789
    outer loop
      vertex 13.035 47.9136 -3.54968
      vertex 19.965 48.1662 -3.59992
      vertex 19.965 47.9136 -3.54968
    endloop
  endfacet
  facet normal -0 -0.195071 -0.980789
    outer loop
      vertex 19.965 48.1662 -3.59992
      vertex 13.035 47.9136 -3.54968
      vertex 13.035 48.1662 -3.59992
    endloop
  endfacet
  facet normal 0 -0.130532 -0.991444
    outer loop
      vertex 13.035 48.1662 -3.59992
      vertex 19.965 48.3374 -3.62246
      vertex 19.965 48.1662 -3.59992
    endloop
  endfacet
  facet normal -0 -0.130532 -0.991444
    outer loop
      vertex 19.965 48.3374 -3.62246
      vertex 13.035 48.1662 -3.59992
      vertex 13.035 48.3374 -3.62246
    endloop
  endfacet
  facet normal 0 -0.0436512 -0.999047
    outer loop
      vertex 13.035 48.3374 -3.62246
      vertex 19.965 48.5015 -3.62963
      vertex 19.965 48.3374 -3.62246
    endloop
  endfacet
  facet normal -0 -0.0436512 -0.999047
    outer loop
      vertex 19.965 48.5015 -3.62963
      vertex 13.035 48.3374 -3.62246
      vertex 13.035 48.5015 -3.62963
    endloop
  endfacet
  facet normal 0 0.0436324 -0.999048
    outer loop
      vertex 13.035 48.5182 -3.62964
      vertex 19.965 48.6826 -3.62246
      vertex 19.965 48.5182 -3.62964
    endloop
  endfacet
  facet normal 0 0.0436324 -0.999048
    outer loop
      vertex 19.965 48.6826 -3.62246
      vertex 13.035 48.5182 -3.62964
      vertex 13.035 48.6826 -3.62246
    endloop
  endfacet
  facet normal 0 0.130532 -0.991444
    outer loop
      vertex 13.035 48.6826 -3.62246
      vertex 19.965 48.8538 -3.59992
      vertex 19.965 48.6826 -3.62246
    endloop
  endfacet
  facet normal 0 0.130532 -0.991444
    outer loop
      vertex 19.965 48.8538 -3.59992
      vertex 13.035 48.6826 -3.62246
      vertex 13.035 48.8538 -3.59992
    endloop
  endfacet
  facet normal 0 0.195071 -0.980789
    outer loop
      vertex 13.035 48.8538 -3.59992
      vertex 19.965 49.1064 -3.54968
      vertex 19.965 48.8538 -3.59992
    endloop
  endfacet
  facet normal 0 0.195071 -0.980789
    outer loop
      vertex 19.965 49.1064 -3.54968
      vertex 13.035 48.8538 -3.59992
      vertex 13.035 49.1064 -3.54968
    endloop
  endfacet
  facet normal 0 0.216507 -0.976281
    outer loop
      vertex 13.035 49.1064 -3.54968
      vertex 19.965 49.275 -3.51229
      vertex 19.965 49.1064 -3.54968
    endloop
  endfacet
  facet normal 0 0.216507 -0.976281
    outer loop
      vertex 19.965 49.275 -3.51229
      vertex 13.035 49.1064 -3.54968
      vertex 13.035 49.275 -3.51229
    endloop
  endfacet
  facet normal 0 0.300594 -0.953752
    outer loop
      vertex 13.035 49.275 -3.51229
      vertex 19.965 49.4398 -3.46035
      vertex 19.965 49.275 -3.51229
    endloop
  endfacet
  facet normal 0 0.300594 -0.953752
    outer loop
      vertex 19.965 49.4398 -3.46035
      vertex 13.035 49.275 -3.51229
      vertex 13.035 49.4398 -3.46035
    endloop
  endfacet
  facet normal 0 0.382642 -0.923897
    outer loop
      vertex 13.035 49.4398 -3.46035
      vertex 19.965 49.5994 -3.39425
      vertex 19.965 49.4398 -3.46035
    endloop
  endfacet
  facet normal 0 0.382642 -0.923897
    outer loop
      vertex 19.965 49.5994 -3.39425
      vertex 13.035 49.4398 -3.46035
      vertex 13.035 49.5994 -3.39425
    endloop
  endfacet
  facet normal 0 0.46179 -0.886989
    outer loop
      vertex 13.035 49.5994 -3.39425
      vertex 19.965 49.7526 -3.31449
      vertex 19.965 49.5994 -3.39425
    endloop
  endfacet
  facet normal 0 0.46179 -0.886989
    outer loop
      vertex 19.965 49.7526 -3.31449
      vertex 13.035 49.5994 -3.39425
      vertex 13.035 49.7526 -3.31449
    endloop
  endfacet
  facet normal 0 0.537254 -0.843421
    outer loop
      vertex 13.035 49.7526 -3.31449
      vertex 19.965 49.8983 -3.22168
      vertex 19.965 49.7526 -3.31449
    endloop
  endfacet
  facet normal 0 0.537254 -0.843421
    outer loop
      vertex 19.965 49.8983 -3.22168
      vertex 13.035 49.7526 -3.31449
      vertex 13.035 49.8983 -3.22168
    endloop
  endfacet
  facet normal 0 0.555605 -0.831446
    outer loop
      vertex 13.035 49.8983 -3.22168
      vertex 19.965 50.1124 -3.07861
      vertex 19.965 49.8983 -3.22168
    endloop
  endfacet
  facet normal 0 0.555605 -0.831446
    outer loop
      vertex 19.965 50.1124 -3.07861
      vertex 13.035 49.8983 -3.22168
      vertex 13.035 50.1124 -3.07861
    endloop
  endfacet
  facet normal 0 0.608893 -0.793252
    outer loop
      vertex 13.035 50.1124 -3.07861
      vertex 19.965 50.2494 -2.97345
      vertex 19.965 50.1124 -3.07861
    endloop
  endfacet
  facet normal 0 0.608893 -0.793252
    outer loop
      vertex 19.965 50.2494 -2.97345
      vertex 13.035 50.1124 -3.07861
      vertex 13.035 50.2494 -2.97345
    endloop
  endfacet
  facet normal 0 0.831405 -0.555668
    outer loop
      vertex 19.965 50.2494 -2.97345
      vertex 13.035 50.3925 -2.75934
      vertex 19.965 50.3925 -2.75934
    endloop
  endfacet
  facet normal 0 0.831405 -0.555668
    outer loop
      vertex 13.035 50.3925 -2.75934
      vertex 19.965 50.2494 -2.97345
      vertex 13.035 50.2494 -2.97345
    endloop
  endfacet
  facet normal 0 0.980816 -0.194936
    outer loop
      vertex 19.965 50.3925 -2.75934
      vertex 13.035 50.4427 -2.50676
      vertex 19.965 50.4427 -2.50676
    endloop
  endfacet
  facet normal 0 0.980816 -0.194936
    outer loop
      vertex 13.035 50.4427 -2.50676
      vertex 19.965 50.3925 -2.75934
      vertex 13.035 50.3925 -2.75934
    endloop
  endfacet
  facet normal 0 0.980814 0.194944
    outer loop
      vertex 19.965 50.4427 -2.50676
      vertex 13.035 50.3925 -2.25419
      vertex 19.965 50.3925 -2.25419
    endloop
  endfacet
  facet normal 0 0.980814 0.194944
    outer loop
      vertex 13.035 50.3925 -2.25419
      vertex 19.965 50.4427 -2.50676
      vertex 13.035 50.4427 -2.50676
    endloop
  endfacet
  facet normal 0 0.831405 0.555668
    outer loop
      vertex 19.965 50.3925 -2.25419
      vertex 13.035 50.2494 -2.04008
      vertex 19.965 50.2494 -2.04008
    endloop
  endfacet
  facet normal 0 0.831405 0.555668
    outer loop
      vertex 13.035 50.2494 -2.04008
      vertex 19.965 50.3925 -2.25419
      vertex 13.035 50.3925 -2.25419
    endloop
  endfacet
  facet normal -0 0.555605 0.831446
    outer loop
      vertex 13.035 50.2494 -2.04008
      vertex 19.965 50.0353 -1.89701
      vertex 19.965 50.2494 -2.04008
    endloop
  endfacet
  facet normal 0 0.555605 0.831446
    outer loop
      vertex 19.965 50.0353 -1.89701
      vertex 13.035 50.2494 -2.04008
      vertex 13.035 50.0353 -1.89701
    endloop
  endfacet
  facet normal -0 0.195108 0.980782
    outer loop
      vertex 13.035 50.0353 -1.89701
      vertex 19.965 49.7827 -1.84676
      vertex 19.965 50.0353 -1.89701
    endloop
  endfacet
  facet normal 0 0.195108 0.980782
    outer loop
      vertex 19.965 49.7827 -1.84676
      vertex 13.035 50.0353 -1.89701
      vertex 13.035 49.7827 -1.84676
    endloop
  endfacet
  facet normal 0 -0.195108 0.980782
    outer loop
      vertex 13.035 49.7827 -1.84676
      vertex 19.965 49.5301 -1.89701
      vertex 19.965 49.7827 -1.84676
    endloop
  endfacet
  facet normal 0 -0.195108 0.980782
    outer loop
      vertex 19.965 49.5301 -1.89701
      vertex 13.035 49.7827 -1.84676
      vertex 13.035 49.5301 -1.89701
    endloop
  endfacet
  facet normal 0 -0.555605 0.831446
    outer loop
      vertex 13.035 49.5301 -1.89701
      vertex 19.965 49.316 -2.04008
      vertex 19.965 49.5301 -1.89701
    endloop
  endfacet
  facet normal 0 -0.555605 0.831446
    outer loop
      vertex 19.965 49.316 -2.04008
      vertex 13.035 49.5301 -1.89701
      vertex 13.035 49.316 -2.04008
    endloop
  endfacet
  facet normal 0 -0.608882 0.793261
    outer loop
      vertex 13.035 49.316 -2.04008
      vertex 19.965 49.2383 -2.09972
      vertex 19.965 49.316 -2.04008
    endloop
  endfacet
  facet normal 0 -0.608882 0.793261
    outer loop
      vertex 19.965 49.2383 -2.09972
      vertex 13.035 49.316 -2.04008
      vertex 13.035 49.2383 -2.09972
    endloop
  endfacet
  facet normal 0 -0.461682 0.887045
    outer loop
      vertex 13.035 49.2383 -2.09972
      vertex 19.965 49.0942 -2.17472
      vertex 19.965 49.2383 -2.09972
    endloop
  endfacet
  facet normal 0 -0.461682 0.887045
    outer loop
      vertex 19.965 49.0942 -2.17472
      vertex 13.035 49.2383 -2.09972
      vertex 13.035 49.0942 -2.17472
    endloop
  endfacet
  facet normal 0 -0.38265 0.923894
    outer loop
      vertex 13.035 48.9967 -2.21511
      vertex 19.965 48.9346 -2.24083
      vertex 19.965 48.9967 -2.21511
    endloop
  endfacet
  facet normal 0 -0.38265 0.923894
    outer loop
      vertex 19.965 48.9346 -2.24083
      vertex 13.035 48.9967 -2.21511
      vertex 13.035 48.9346 -2.24083
    endloop
  endfacet
  facet normal 0 -0.38265 0.923894
    outer loop
      vertex 13.035 49.0942 -2.17472
      vertex 19.965 49.0321 -2.20044
      vertex 19.965 49.0942 -2.17472
    endloop
  endfacet
  facet normal 0 -0.38265 0.923894
    outer loop
      vertex 19.965 49.0321 -2.20044
      vertex 13.035 49.0942 -2.17472
      vertex 13.035 49.0321 -2.20044
    endloop
  endfacet
  facet normal 0 -0.300763 0.953699
    outer loop
      vertex 13.035 48.9346 -2.24083
      vertex 19.965 48.7797 -2.28968
      vertex 19.965 48.9346 -2.24083
    endloop
  endfacet
  facet normal 0 -0.300763 0.953699
    outer loop
      vertex 19.965 48.7797 -2.28968
      vertex 13.035 48.9346 -2.24083
      vertex 13.035 48.7797 -2.28968
    endloop
  endfacet
  facet normal 0 -0.130491 0.991449
    outer loop
      vertex 13.035 48.7797 -2.28968
      vertex 19.965 48.6826 -2.30246
      vertex 19.965 48.7797 -2.28968
    endloop
  endfacet
  facet normal 0 -0.130491 0.991449
    outer loop
      vertex 19.965 48.6826 -2.30246
      vertex 13.035 48.7797 -2.28968
      vertex 13.035 48.6826 -2.30246
    endloop
  endfacet
  facet normal 0 -0.0436324 0.999048
    outer loop
      vertex 13.035 48.6826 -2.30246
      vertex 19.965 48.5182 -2.30964
      vertex 19.965 48.6826 -2.30246
    endloop
  endfacet
  facet normal 0 -0.0436324 0.999048
    outer loop
      vertex 19.965 48.5182 -2.30964
      vertex 13.035 48.6826 -2.30246
      vertex 13.035 48.5182 -2.30964
    endloop
  endfacet
  facet normal 0 0.73721 0.675664
    outer loop
      vertex 19.965 47.5306 -1.87317
      vertex 13.035 47.4599 -1.79603
      vertex 19.965 47.4599 -1.79603
    endloop
  endfacet
  facet normal 0 0.73721 0.675664
    outer loop
      vertex 13.035 47.4599 -1.79603
      vertex 19.965 47.5306 -1.87317
      vertex 13.035 47.5306 -1.87317
    endloop
  endfacet
  facet normal 0 0.793572 0.608477
    outer loop
      vertex 19.965 47.4599 -1.79603
      vertex 13.035 47.4003 -1.7183
      vertex 19.965 47.4003 -1.7183
    endloop
  endfacet
  facet normal 0 0.793572 0.608477
    outer loop
      vertex 13.035 47.4003 -1.7183
      vertex 19.965 47.4599 -1.79603
      vertex 13.035 47.4599 -1.79603
    endloop
  endfacet
  facet normal 0 0.887032 0.461707
    outer loop
      vertex 19.965 47.4003 -1.7183
      vertex 13.035 47.3253 -1.57421
      vertex 19.965 47.3253 -1.57421
    endloop
  endfacet
  facet normal 0 0.887032 0.461707
    outer loop
      vertex 13.035 47.3253 -1.57421
      vertex 19.965 47.4003 -1.7183
      vertex 13.035 47.4003 -1.7183
    endloop
  endfacet
  facet normal 0 0.923955 0.382501
    outer loop
      vertex 19.965 47.2849 -1.47671
      vertex 13.035 47.2592 -1.41463
      vertex 19.965 47.2592 -1.41463
    endloop
  endfacet
  facet normal 0 0.923955 0.382501
    outer loop
      vertex 13.035 47.2592 -1.41463
      vertex 19.965 47.2849 -1.47671
      vertex 13.035 47.2849 -1.47671
    endloop
  endfacet
  facet normal 0 0.923955 0.382501
    outer loop
      vertex 19.965 47.3253 -1.57421
      vertex 13.035 47.2996 -1.51213
      vertex 19.965 47.2996 -1.51213
    endloop
  endfacet
  facet normal 0 0.923955 0.382501
    outer loop
      vertex 13.035 47.2996 -1.51213
      vertex 19.965 47.3253 -1.57421
      vertex 13.035 47.3253 -1.57421
    endloop
  endfacet
  facet normal 0 0.953567 0.30118
    outer loop
      vertex 19.965 47.2592 -1.41463
      vertex 13.035 47.2353 -1.33896
      vertex 19.965 47.2353 -1.33896
    endloop
  endfacet
  facet normal 0 0.953567 0.30118
    outer loop
      vertex 13.035 47.2353 -1.33896
      vertex 19.965 47.2592 -1.41463
      vertex 13.035 47.2592 -1.41463
    endloop
  endfacet
  facet normal 0 -0.776756 -0.629802
    outer loop
      vertex 13.035 48.5018 -3.63
      vertex 19.965 48.5015 -3.62963
      vertex 13.035 48.5015 -3.62963
    endloop
  endfacet
  facet normal 0 -0.776756 -0.629802
    outer loop
      vertex 19.965 48.5015 -3.62963
      vertex 13.035 48.5018 -3.63
      vertex 19.965 48.5018 -3.63
    endloop
  endfacet
  facet normal 0 -0.874685 -0.484691
    outer loop
      vertex 13.035 47.2526 -1.37018
      vertex 19.965 47.2353 -1.33896
      vertex 13.035 47.2353 -1.33896
    endloop
  endfacet
  facet normal 0 -0.874685 -0.484691
    outer loop
      vertex 19.965 47.2353 -1.33896
      vertex 13.035 47.2526 -1.37018
      vertex 19.965 47.2526 -1.37018
    endloop
  endfacet
  facet normal 0 -0.875193 -0.483775
    outer loop
      vertex 13.035 47.5306 -1.87317
      vertex 19.965 47.5207 -1.85526
      vertex 13.035 47.5207 -1.85526
    endloop
  endfacet
  facet normal 0 -0.875193 -0.483775
    outer loop
      vertex 19.965 47.5207 -1.85526
      vertex 13.035 47.5306 -1.87317
      vertex 19.965 47.5306 -1.87317
    endloop
  endfacet
  facet normal 0 1 -0
    outer loop
      vertex 19.965 48.5182 -3.63
      vertex 13.035 48.5182 -3.62964
      vertex 19.965 48.5182 -3.62964
    endloop
  endfacet
  facet normal 0 1 0
    outer loop
      vertex 13.035 48.5182 -3.62964
      vertex 19.965 48.5182 -3.63
      vertex 13.035 48.5182 -3.63
    endloop
  endfacet
  facet normal 0 1 -0
    outer loop
      vertex 19.965 48.5182 -2.30964
      vertex 13.035 48.5182 -2.30919
      vertex 19.965 48.5182 -2.30919
    endloop
  endfacet
  facet normal 0 1 0
    outer loop
      vertex 13.035 48.5182 -2.30919
      vertex 19.965 48.5182 -2.30964
      vertex 13.035 48.5182 -2.30964
    endloop
  endfacet
  facet normal 0 1 -0
    outer loop
      vertex 19.965 48.5182 0.329187
      vertex 13.035 48.5182 0.32964
      vertex 19.965 48.5182 0.32964
    endloop
  endfacet
  facet normal 0 1 0
    outer loop
      vertex 13.035 48.5182 0.32964
      vertex 19.965 48.5182 0.329187
      vertex 13.035 48.5182 0.329187
    endloop
  endfacet
  facet normal 0 0 -1
    outer loop
      vertex 13.035 48.5018 -3.63
      vertex 19.965 48.5182 -3.63
      vertex 19.965 48.5018 -3.63
    endloop
  endfacet
  facet normal -0 0 -1
    outer loop
      vertex 19.965 48.5182 -3.63
      vertex 13.035 48.5018 -3.63
      vertex 13.035 48.5182 -3.63
    endloop
  endfacet
  facet normal 0 -1 0
    outer loop
      vertex 13.035 49.4434 -0.0567009
      vertex 19.965 49.4434 -0.056619
      vertex 13.035 49.4434 -0.056619
    endloop
  endfacet
  facet normal 0 -1 -0
    outer loop
      vertex 19.965 49.4434 -0.056619
      vertex 13.035 49.4434 -0.0567009
      vertex 19.965 49.4434 -0.0567009
    endloop
  endfacet
  facet normal -0 0.47125 0.882
    outer loop
      vertex 13.035 48.0049 -2.20952
      vertex 19.965 47.7766 -2.08754
      vertex 19.965 48.0049 -2.20952
    endloop
  endfacet
  facet normal 0 0.47125 0.882
    outer loop
      vertex 19.965 47.7766 -2.08754
      vertex 13.035 48.0049 -2.20952
      vertex 13.035 47.7766 -2.08754
    endloop
  endfacet
  facet normal 0 -0.471127 0.882066
    outer loop
      vertex 13.035 49.0321 -2.20044
      vertex 19.965 49.0151 -2.20952
      vertex 19.965 49.0321 -2.20044
    endloop
  endfacet
  facet normal 0 -0.471127 0.882066
    outer loop
      vertex 19.965 49.0151 -2.20952
      vertex 13.035 49.0321 -2.20044
      vertex 13.035 49.0151 -2.20952
    endloop
  endfacet
  facet normal 0 0.956957 -0.290229
    outer loop
      vertex 19.965 47.2154 -0.732481
      vertex 13.035 47.2905 -0.484858
      vertex 19.965 47.2905 -0.484858
    endloop
  endfacet
  facet normal 0 0.956957 -0.290229
    outer loop
      vertex 13.035 47.2905 -0.484858
      vertex 19.965 47.2154 -0.732481
      vertex 13.035 47.2154 -0.732481
    endloop
  endfacet
  facet normal 0 0.773122 -0.634258
    outer loop
      vertex 19.965 47.4125 -0.256647
      vertex 13.035 47.5766 -0.056619
      vertex 19.965 47.5766 -0.056619
    endloop
  endfacet
  facet normal 0 0.773122 -0.634258
    outer loop
      vertex 13.035 47.5766 -0.056619
      vertex 19.965 47.4125 -0.256647
      vertex 13.035 47.4125 -0.256647
    endloop
  endfacet
  facet normal 0 0.290307 -0.956934
    outer loop
      vertex 13.035 48.0049 0.229521
      vertex 19.965 48.2525 0.304636
      vertex 19.965 48.0049 0.229521
    endloop
  endfacet
  facet normal 0 0.290307 -0.956934
    outer loop
      vertex 19.965 48.2525 0.304636
      vertex 13.035 48.0049 0.229521
      vertex 13.035 48.2525 0.304636
    endloop
  endfacet
  facet normal -0 0.290325 0.956928
    outer loop
      vertex 13.035 48.2525 -2.28464
      vertex 19.965 48.0049 -2.20952
      vertex 19.965 48.2525 -2.28464
    endloop
  endfacet
  facet normal 0 0.290325 0.956928
    outer loop
      vertex 19.965 48.0049 -2.20952
      vertex 13.035 48.2525 -2.28464
      vertex 13.035 48.0049 -2.20952
    endloop
  endfacet
  facet normal 0 -0.0983021 0.995157
    outer loop
      vertex 13.035 48.5182 -2.30919
      vertex 19.965 48.51 -2.31
      vertex 19.965 48.5182 -2.30919
    endloop
  endfacet
  facet normal 0 -0.0983021 0.995157
    outer loop
      vertex 19.965 48.51 -2.31
      vertex 13.035 48.5182 -2.30919
      vertex 13.035 48.51 -2.31
    endloop
  endfacet
  facet normal -0 0.634449 0.772965
    outer loop
      vertex 13.035 47.7766 -2.08754
      vertex 19.965 47.5766 -1.92338
      vertex 19.965 47.7766 -2.08754
    endloop
  endfacet
  facet normal 0 0.634449 0.772965
    outer loop
      vertex 19.965 47.5766 -1.92338
      vertex 13.035 47.7766 -2.08754
      vertex 13.035 47.5766 -1.92338
    endloop
  endfacet
  facet normal 0 0.634447 -0.772966
    outer loop
      vertex 13.035 47.5766 -0.056619
      vertex 19.965 47.7766 0.10754
      vertex 19.965 47.5766 -0.056619
    endloop
  endfacet
  facet normal 0 0.634447 -0.772966
    outer loop
      vertex 19.965 47.7766 0.10754
      vertex 13.035 47.5766 -0.056619
      vertex 13.035 47.7766 0.10754
    endloop
  endfacet
  facet normal 0 0.471253 -0.881998
    outer loop
      vertex 13.035 47.7766 0.10754
      vertex 19.965 48.0049 0.229521
      vertex 19.965 47.7766 0.10754
    endloop
  endfacet
  facet normal 0 0.471253 -0.881998
    outer loop
      vertex 19.965 48.0049 0.229521
      vertex 13.035 47.7766 0.10754
      vertex 13.035 48.0049 0.229521
    endloop
  endfacet
  facet normal -0 0.0980113 0.995185
    outer loop
      vertex 13.035 48.51 -2.31
      vertex 19.965 48.2525 -2.28464
      vertex 19.965 48.51 -2.31
    endloop
  endfacet
  facet normal 0 0.0980113 0.995185
    outer loop
      vertex 19.965 48.2525 -2.28464
      vertex 13.035 48.51 -2.31
      vertex 13.035 48.2525 -2.28464
    endloop
  endfacet
  facet normal 0 -0.0986626 -0.995121
    outer loop
      vertex 13.035 48.51 0.33
      vertex 19.965 48.5182 0.329187
      vertex 19.965 48.51 0.33
    endloop
  endfacet
  facet normal -0 -0.0986626 -0.995121
    outer loop
      vertex 19.965 48.5182 0.329187
      vertex 13.035 48.51 0.33
      vertex 13.035 48.5182 0.329187
    endloop
  endfacet
  facet normal 0 -0.290686 0.956819
    outer loop
      vertex 13.035 49.0151 -2.20952
      vertex 19.965 48.9967 -2.21511
      vertex 19.965 49.0151 -2.20952
    endloop
  endfacet
  facet normal 0 -0.290686 0.956819
    outer loop
      vertex 19.965 48.9967 -2.21511
      vertex 13.035 49.0151 -2.20952
      vertex 13.035 48.9967 -2.21511
    endloop
  endfacet
  facet normal 0 0.995171 0.0981568
    outer loop
      vertex 19.965 47.2154 -1.24752
      vertex 13.035 47.19 -0.99
      vertex 19.965 47.19 -0.99
    endloop
  endfacet
  facet normal 0 0.995171 0.0981568
    outer loop
      vertex 13.035 47.19 -0.99
      vertex 19.965 47.2154 -1.24752
      vertex 13.035 47.2154 -1.24752
    endloop
  endfacet
  facet normal 0 -0.956832 -0.290641
    outer loop
      vertex 13.035 49.7351 -0.503294
      vertex 19.965 49.7295 -0.484858
      vertex 13.035 49.7295 -0.484858
    endloop
  endfacet
  facet normal 0 -0.956832 -0.290641
    outer loop
      vertex 19.965 49.7295 -0.484858
      vertex 13.035 49.7351 -0.503294
      vertex 19.965 49.7351 -0.503294
    endloop
  endfacet
  facet normal 0 0.956806 0.290728
    outer loop
      vertex 19.965 47.2905 -1.49514
      vertex 13.035 47.2849 -1.47671
      vertex 19.965 47.2849 -1.47671
    endloop
  endfacet
  facet normal 0 0.956806 0.290728
    outer loop
      vertex 13.035 47.2849 -1.47671
      vertex 19.965 47.2905 -1.49514
      vertex 13.035 47.2905 -1.49514
    endloop
  endfacet
  facet normal 0 0.956959 0.290224
    outer loop
      vertex 19.965 47.2526 -1.37018
      vertex 13.035 47.2154 -1.24752
      vertex 19.965 47.2154 -1.24752
    endloop
  endfacet
  facet normal 0 0.956959 0.290224
    outer loop
      vertex 13.035 47.2154 -1.24752
      vertex 19.965 47.2526 -1.37018
      vertex 13.035 47.2526 -1.37018
    endloop
  endfacet
  facet normal 0 -0.881565 -0.472063
    outer loop
      vertex 13.035 49.7295 -0.484858
      vertex 19.965 49.7204 -0.467864
      vertex 13.035 49.7204 -0.467864
    endloop
  endfacet
  facet normal 0 -0.881565 -0.472063
    outer loop
      vertex 19.965 49.7204 -0.467864
      vertex 13.035 49.7295 -0.484858
      vertex 19.965 49.7295 -0.484858
    endloop
  endfacet
  facet normal 0 0.0980266 -0.995184
    outer loop
      vertex 13.035 48.2525 0.304636
      vertex 19.965 48.51 0.33
      vertex 19.965 48.2525 0.304636
    endloop
  endfacet
  facet normal 0 0.0980266 -0.995184
    outer loop
      vertex 19.965 48.51 0.33
      vertex 13.035 48.2525 0.304636
      vertex 13.035 48.51 0.33
    endloop
  endfacet
  facet normal 0 -0.558332 -0.829617
    outer loop
      vertex 13.035 49.4433 -0.0565517
      vertex 19.965 49.4434 -0.056619
      vertex 19.965 49.4433 -0.0565517
    endloop
  endfacet
  facet normal -0 -0.558332 -0.829617
    outer loop
      vertex 19.965 49.4434 -0.056619
      vertex 13.035 49.4433 -0.0565517
      vertex 13.035 49.4434 -0.056619
    endloop
  endfacet
  facet normal 0 -0.471288 -0.881979
    outer loop
      vertex 13.035 49.0151 0.229521
      vertex 19.965 49.0321 0.220437
      vertex 19.965 49.0151 0.229521
    endloop
  endfacet
  facet normal -0 -0.471288 -0.881979
    outer loop
      vertex 19.965 49.0321 0.220437
      vertex 13.035 49.0151 0.229521
      vertex 13.035 49.0321 0.220437
    endloop
  endfacet
  facet normal 0 0.881891 -0.471453
    outer loop
      vertex 19.965 47.2905 -0.484858
      vertex 13.035 47.4125 -0.256647
      vertex 19.965 47.4125 -0.256647
    endloop
  endfacet
  facet normal 0 0.881891 -0.471453
    outer loop
      vertex 13.035 47.4125 -0.256647
      vertex 19.965 47.2905 -0.484858
      vertex 13.035 47.2905 -0.484858
    endloop
  endfacet
  facet normal 0 -0.290781 -0.95679
    outer loop
      vertex 13.035 48.9967 0.235113
      vertex 19.965 49.0151 0.229521
      vertex 19.965 48.9967 0.235113
    endloop
  endfacet
  facet normal -0 -0.290781 -0.95679
    outer loop
      vertex 19.965 49.0151 0.229521
      vertex 13.035 48.9967 0.235113
      vertex 13.035 49.0151 0.229521
    endloop
  endfacet
  facet normal 0 0.773036 0.634362
    outer loop
      vertex 19.965 47.5766 -1.92338
      vertex 13.035 47.5207 -1.85526
      vertex 19.965 47.5207 -1.85526
    endloop
  endfacet
  facet normal 0 0.773036 0.634362
    outer loop
      vertex 13.035 47.5207 -1.85526
      vertex 19.965 47.5766 -1.92338
      vertex 13.035 47.5766 -1.92338
    endloop
  endfacet
  facet normal 0 0.881519 0.472149
    outer loop
      vertex 19.965 47.2996 -1.51213
      vertex 13.035 47.2905 -1.49514
      vertex 19.965 47.2905 -1.49514
    endloop
  endfacet
  facet normal 0 0.881519 0.472149
    outer loop
      vertex 13.035 47.2905 -1.49514
      vertex 19.965 47.2996 -1.51213
      vertex 13.035 47.2996 -1.51213
    endloop
  endfacet
  facet normal 0 0.995171 -0.0981572
    outer loop
      vertex 19.965 47.19 -0.99
      vertex 13.035 47.2154 -0.732481
      vertex 19.965 47.2154 -0.732481
    endloop
  endfacet
  facet normal 0 0.995171 -0.0981572
    outer loop
      vertex 13.035 47.2154 -0.732481
      vertex 19.965 47.19 -0.99
      vertex 13.035 47.19 -0.99
    endloop
  endfacet
  facet normal -1 0 0
    outer loop
      vertex 46.035 48.5018 -3.63
      vertex 46.035 48.5182 -3.62964
      vertex 46.035 48.5182 -3.63
    endloop
  endfacet
  facet normal -1 0 0
    outer loop
      vertex 46.035 48.5182 -3.62964
      vertex 46.035 48.51 -2.31
      vertex 46.035 48.5182 -2.30964
    endloop
  endfacet
  facet normal -1 -0 0
    outer loop
      vertex 46.035 48.5182 -2.30964
      vertex 46.035 48.51 -2.31
      vertex 46.035 48.5182 -2.30919
    endloop
  endfacet
  facet normal -1 -0 0
    outer loop
      vertex 46.035 48.5182 -3.62964
      vertex 46.035 48.5018 -3.63
      vertex 46.035 48.5015 -3.62963
    endloop
  endfacet
  facet normal -1 0 0
    outer loop
      vertex 46.035 48.5182 -3.62964
      vertex 46.035 48.5015 -3.62963
      vertex 46.035 48.51 -2.31
    endloop
  endfacet
  facet normal -1 0 0
    outer loop
      vertex 46.035 48.3374 -3.62246
      vertex 46.035 48.51 -2.31
      vertex 46.035 48.5015 -3.62963
    endloop
  endfacet
  facet normal -1 0 0
    outer loop
      vertex 46.035 48.1662 -3.59992
      vertex 46.035 48.51 -2.31
      vertex 46.035 48.3374 -3.62246
    endloop
  endfacet
  facet normal -1 -0 0
    outer loop
      vertex 46.035 48.51 -2.31
      vertex 46.035 48.1662 -3.59992
      vertex 46.035 48.2525 -2.28464
    endloop
  endfacet
  facet normal -1 0 0
    outer loop
      vertex 46.035 47.9136 -3.54968
      vertex 46.035 48.2525 -2.28464
      vertex 46.035 48.1662 -3.59992
    endloop
  endfacet
  facet normal -1 0 0
    outer loop
      vertex 46.035 47.745 -3.51229
      vertex 46.035 48.2525 -2.28464
      vertex 46.035 47.9136 -3.54968
    endloop
  endfacet
  facet normal -1 -0 0
    outer loop
      vertex 46.035 48.2525 -2.28464
      vertex 46.035 47.745 -3.51229
      vertex 46.035 48.0049 -2.20952
    endloop
  endfacet
  facet normal -1 0 0
    outer loop
      vertex 46.035 47.5802 -3.46035
      vertex 46.035 48.0049 -2.20952
      vertex 46.035 47.745 -3.51229
    endloop
  endfacet
  facet normal -1 0 0
    outer loop
      vertex 46.035 47.4206 -3.39425
      vertex 46.035 48.0049 -2.20952
      vertex 46.035 47.5802 -3.46035
    endloop
  endfacet
  facet normal -1 0 0
    outer loop
      vertex 46.035 47.2674 -3.31449
      vertex 46.035 48.0049 -2.20952
      vertex 46.035 47.4206 -3.39425
    endloop
  endfacet
  facet normal -1 -0 0
    outer loop
      vertex 46.035 48.0049 -2.20952
      vertex 46.035 47.2674 -3.31449
      vertex 46.035 47.7766 -2.08754
    endloop
  endfacet
  facet normal -1 0 0
    outer loop
      vertex 46.035 47.1217 -3.22168
      vertex 46.035 47.7766 -2.08754
      vertex 46.035 47.2674 -3.31449
    endloop
  endfacet
  facet normal -1 0 0
    outer loop
      vertex 46.035 46.9076 -3.07861
      vertex 46.035 47.7766 -2.08754
      vertex 46.035 47.1217 -3.22168
    endloop
  endfacet
  facet normal -1 -0 0
    outer loop
      vertex 46.035 47.7766 -2.08754
      vertex 46.035 46.9076 -3.07861
      vertex 46.035 47.5766 -1.92338
    endloop
  endfacet
  facet normal -1 0 0
    outer loop
      vertex 46.035 46.7706 -2.97345
      vertex 46.035 47.5766 -1.92338
      vertex 46.035 46.9076 -3.07861
    endloop
  endfacet
  facet normal -1 0 0
    outer loop
      vertex 46.035 46.6432 -2.85676
      vertex 46.035 47.5766 -1.92338
      vertex 46.035 46.7706 -2.97345
    endloop
  endfacet
  facet normal -1 -0 0
    outer loop
      vertex 46.035 47.5766 -1.92338
      vertex 46.035 46.6432 -2.85676
      vertex 46.035 47.5306 -1.87317
    endloop
  endfacet
  facet normal -1 0 0
    outer loop
      vertex 46.035 46.5265 -2.72941
      vertex 46.035 47.5306 -1.87317
      vertex 46.035 46.6432 -2.85676
    endloop
  endfacet
  facet normal -1 -0 0
    outer loop
      vertex 46.035 47.5306 -1.87317
      vertex 46.035 46.5265 -2.72941
      vertex 46.035 47.4599 -1.79603
    endloop
  endfacet
  facet normal -1 0 0
    outer loop
      vertex 46.035 46.4214 -2.59237
      vertex 46.035 47.4599 -1.79603
      vertex 46.035 46.5265 -2.72941
    endloop
  endfacet
  facet normal -1 -0 0
    outer loop
      vertex 46.035 47.4599 -1.79603
      vertex 46.035 46.4214 -2.59237
      vertex 46.035 47.4003 -1.7183
    endloop
  endfacet
  facet normal -1 0 0
    outer loop
      vertex 46.035 46.2783 -2.37825
      vertex 46.035 47.4003 -1.7183
      vertex 46.035 46.4214 -2.59237
    endloop
  endfacet
  facet normal -1 -0 0
    outer loop
      vertex 46.035 47.4003 -1.7183
      vertex 46.035 46.2783 -2.37825
      vertex 46.035 47.3253 -1.57421
    endloop
  endfacet
  facet normal -1 0 0
    outer loop
      vertex 46.035 46.1855 -2.23257
      vertex 46.035 47.3253 -1.57421
      vertex 46.035 46.2783 -2.37825
    endloop
  endfacet
  facet normal -1 0 0
    outer loop
      vertex 46.035 50.3925 -2.75934
      vertex 46.035 50.3925 -2.25419
      vertex 46.035 50.4427 -2.50676
    endloop
  endfacet
  facet normal -1 0 0
    outer loop
      vertex 46.035 50.2494 -2.97345
      vertex 46.035 50.3925 -2.25419
      vertex 46.035 50.3925 -2.75934
    endloop
  endfacet
  facet normal -1 0 0
    outer loop
      vertex 46.035 50.2494 -2.97345
      vertex 46.035 50.2494 -2.04008
      vertex 46.035 50.3925 -2.25419
    endloop
  endfacet
  facet normal -1 0 0
    outer loop
      vertex 46.035 50.1124 -3.07861
      vertex 46.035 50.2494 -2.04008
      vertex 46.035 50.2494 -2.97345
    endloop
  endfacet
  facet normal -1 0 0
    outer loop
      vertex 46.035 50.1124 -3.07861
      vertex 46.035 50.0353 -1.89701
      vertex 46.035 50.2494 -2.04008
    endloop
  endfacet
  facet normal -1 0 0
    outer loop
      vertex 46.035 49.2383 -2.09972
      vertex 46.035 50.1124 -3.07861
      vertex 46.035 49.8983 -3.22168
    endloop
  endfacet
  facet normal -1 0 0
    outer loop
      vertex 46.035 50.1124 -3.07861
      vertex 46.035 49.316 -2.04008
      vertex 46.035 50.0353 -1.89701
    endloop
  endfacet
  facet normal -1 0 0
    outer loop
      vertex 46.035 49.2383 -2.09972
      vertex 46.035 49.8983 -3.22168
      vertex 46.035 49.7526 -3.31449
    endloop
  endfacet
  facet normal -1 0 0
    outer loop
      vertex 46.035 49.0942 -2.17472
      vertex 46.035 49.7526 -3.31449
      vertex 46.035 49.5994 -3.39425
    endloop
  endfacet
  facet normal -1 -0 0
    outer loop
      vertex 46.035 50.0353 -1.89701
      vertex 46.035 49.316 -2.04008
      vertex 46.035 49.7827 -1.84676
    endloop
  endfacet
  facet normal -1 0 0
    outer loop
      vertex 46.035 49.0151 -2.20952
      vertex 46.035 49.5994 -3.39425
      vertex 46.035 49.4398 -3.46035
    endloop
  endfacet
  facet normal -1 0 0
    outer loop
      vertex 46.035 49.7827 -1.84676
      vertex 46.035 49.316 -2.04008
      vertex 46.035 49.5301 -1.89701
    endloop
  endfacet
  facet normal -1 0 0
    outer loop
      vertex 46.035 48.9346 -2.24083
      vertex 46.035 49.4398 -3.46035
      vertex 46.035 49.275 -3.51229
    endloop
  endfacet
  facet normal -1 0 0
    outer loop
      vertex 46.035 50.1124 -3.07861
      vertex 46.035 49.2383 -2.09972
      vertex 46.035 49.316 -2.04008
    endloop
  endfacet
  facet normal -1 0 0
    outer loop
      vertex 46.035 48.9346 -2.24083
      vertex 46.035 49.275 -3.51229
      vertex 46.035 49.1064 -3.54968
    endloop
  endfacet
  facet normal -1 0 0
    outer loop
      vertex 46.035 49.7526 -3.31449
      vertex 46.035 49.0942 -2.17472
      vertex 46.035 49.2383 -2.09972
    endloop
  endfacet
  facet normal -1 0 0
    outer loop
      vertex 46.035 49.5994 -3.39425
      vertex 46.035 49.0151 -2.20952
      vertex 46.035 49.0942 -2.17472
    endloop
  endfacet
  facet normal -1 0 0
    outer loop
      vertex 46.035 49.0942 -2.17472
      vertex 46.035 49.0151 -2.20952
      vertex 46.035 49.0321 -2.20044
    endloop
  endfacet
  facet normal -1 0 0
    outer loop
      vertex 46.035 49.4398 -3.46035
      vertex 46.035 48.9346 -2.24083
      vertex 46.035 49.0151 -2.20952
    endloop
  endfacet
  facet normal -1 0 0
    outer loop
      vertex 46.035 49.0151 -2.20952
      vertex 46.035 48.9346 -2.24083
      vertex 46.035 48.9967 -2.21511
    endloop
  endfacet
  facet normal -1 0 0
    outer loop
      vertex 46.035 48.7797 -2.28968
      vertex 46.035 49.1064 -3.54968
      vertex 46.035 48.8538 -3.59992
    endloop
  endfacet
  facet normal -1 0 0
    outer loop
      vertex 46.035 49.1064 -3.54968
      vertex 46.035 48.7797 -2.28968
      vertex 46.035 48.9346 -2.24083
    endloop
  endfacet
  facet normal -1 0 0
    outer loop
      vertex 46.035 48.6826 -2.30246
      vertex 46.035 48.8538 -3.59992
      vertex 46.035 48.6826 -3.62246
    endloop
  endfacet
  facet normal -1 0 0
    outer loop
      vertex 46.035 48.8538 -3.59992
      vertex 46.035 48.6826 -2.30246
      vertex 46.035 48.7797 -2.28968
    endloop
  endfacet
  facet normal -1 0 0
    outer loop
      vertex 46.035 48.5182 -2.30964
      vertex 46.035 48.6826 -3.62246
      vertex 46.035 48.5182 -3.62964
    endloop
  endfacet
  facet normal -1 0 0
    outer loop
      vertex 46.035 48.6826 -3.62246
      vertex 46.035 48.5182 -2.30964
      vertex 46.035 48.6826 -2.30246
    endloop
  endfacet
  facet normal -1 0 0
    outer loop
      vertex 46.035 47.5766 -1.92338
      vertex 46.035 47.5306 -1.87317
      vertex 46.035 47.5207 -1.85526
    endloop
  endfacet
  facet normal -1 0 0
    outer loop
      vertex 46.035 47.2526 -1.37018
      vertex 46.035 47.2353 -1.33896
      vertex 46.035 47.2154 -1.24752
    endloop
  endfacet
  facet normal -1 0 0
    outer loop
      vertex 46.035 48.5182 0.329187
      vertex 46.035 48.51 0.33
      vertex 46.035 48.5182 0.32964
    endloop
  endfacet
  facet normal -1 0 0
    outer loop
      vertex 46.035 50.9803 -0.565375
      vertex 46.035 50.9803 -0.0602335
      vertex 46.035 51.0306 -0.312804
    endloop
  endfacet
  facet normal -1 0 0
    outer loop
      vertex 46.035 49.7608 -0.565375
      vertex 46.035 50.9803 -0.0602335
      vertex 46.035 50.9803 -0.565375
    endloop
  endfacet
  facet normal -1 0 0
    outer loop
      vertex 46.035 49.7608 -0.565375
      vertex 46.035 50.9803 -0.565375
      vertex 46.035 50.8373 -0.779495
    endloop
  endfacet
  facet normal -1 0 0
    outer loop
      vertex 46.035 49.7295 -0.484858
      vertex 46.035 50.9803 -0.0602335
      vertex 46.035 49.7608 -0.565375
    endloop
  endfacet
  facet normal -1 0 0
    outer loop
      vertex 46.035 49.6947 -0.405788
      vertex 46.035 50.9142 0.0993535
      vertex 46.035 49.7295 -0.484858
    endloop
  endfacet
  facet normal -1 0 0
    outer loop
      vertex 46.035 49.7608 -0.565375
      vertex 46.035 50.8373 -0.779495
      vertex 46.035 50.6232 -0.922561
    endloop
  endfacet
  facet normal -1 -0 0
    outer loop
      vertex 46.035 50.9142 0.0993535
      vertex 46.035 49.6947 -0.405788
      vertex 46.035 50.8345 0.252571
    endloop
  endfacet
  facet normal -1 -0 0
    outer loop
      vertex 46.035 50.8345 0.252571
      vertex 46.035 49.6947 -0.405788
      vertex 46.035 50.7417 0.39825
    endloop
  endfacet
  facet normal -1 0 0
    outer loop
      vertex 46.035 49.7608 -0.565375
      vertex 46.035 50.6232 -0.922561
      vertex 46.035 50.3706 -0.972804
    endloop
  endfacet
  facet normal -1 0 0
    outer loop
      vertex 46.035 49.7608 -0.565375
      vertex 46.035 50.3706 -0.972804
      vertex 46.035 50.118 -0.922561
    endloop
  endfacet
  facet normal -1 0 0
    outer loop
      vertex 46.035 49.7608 -0.565375
      vertex 46.035 50.118 -0.922561
      vertex 46.035 49.9039 -0.779495
    endloop
  endfacet
  facet normal -1 -0 0
    outer loop
      vertex 46.035 50.9803 -0.0602335
      vertex 46.035 49.7295 -0.484858
      vertex 46.035 50.9142 0.0993535
    endloop
  endfacet
  facet normal -1 0 0
    outer loop
      vertex 46.035 49.7295 -0.484858
      vertex 46.035 49.7608 -0.565375
      vertex 46.035 49.7351 -0.503294
    endloop
  endfacet
  facet normal -1 0 0
    outer loop
      vertex 46.035 49.6197 -0.261705
      vertex 46.035 50.7417 0.39825
      vertex 46.035 49.6947 -0.405788
    endloop
  endfacet
  facet normal -1 0 0
    outer loop
      vertex 46.035 49.6947 -0.405788
      vertex 46.035 49.7295 -0.484858
      vertex 46.035 49.7204 -0.467864
    endloop
  endfacet
  facet normal -1 -0 0
    outer loop
      vertex 46.035 50.7417 0.39825
      vertex 46.035 49.6197 -0.261705
      vertex 46.035 50.5986 0.61237
    endloop
  endfacet
  facet normal -1 0 0
    outer loop
      vertex 46.035 49.5601 -0.183973
      vertex 46.035 50.5986 0.61237
      vertex 46.035 49.6197 -0.261705
    endloop
  endfacet
  facet normal -1 -0 0
    outer loop
      vertex 46.035 50.5986 0.61237
      vertex 46.035 49.5601 -0.183973
      vertex 46.035 50.5621 0.66
    endloop
  endfacet
  facet normal -1 0 0
    outer loop
      vertex 46.035 49.4434 -0.0567009
      vertex 46.035 50.5621 0.66
      vertex 46.035 49.5601 -0.183973
    endloop
  endfacet
  facet normal -1 0 0
    outer loop
      vertex 46.035 49.4434 -0.056619
      vertex 46.035 50.5621 0.66
      vertex 46.035 49.4434 -0.0567009
    endloop
  endfacet
  facet normal -1 0 0
    outer loop
      vertex 46.035 49.4433 -0.0565517
      vertex 46.035 50.5621 0.66
      vertex 46.035 49.4434 -0.056619
    endloop
  endfacet
  facet normal -1 0 0
    outer loop
      vertex 46.035 49.316 0.0600774
      vertex 46.035 50.5621 0.66
      vertex 46.035 49.4433 -0.0565517
    endloop
  endfacet
  facet normal -1 0 0
    outer loop
      vertex 46.035 49.2383 0.119722
      vertex 46.035 50.5621 0.66
      vertex 46.035 49.316 0.0600774
    endloop
  endfacet
  facet normal -1 0 0
    outer loop
      vertex 46.035 49.0942 0.194724
      vertex 46.035 50.5621 0.66
      vertex 46.035 49.2383 0.119722
    endloop
  endfacet
  facet normal -1 0 0
    outer loop
      vertex 46.035 49.0151 0.229521
      vertex 46.035 49.0942 0.194724
      vertex 46.035 49.0321 0.220437
    endloop
  endfacet
  facet normal -1 0 0
    outer loop
      vertex 46.035 49.0942 0.194724
      vertex 46.035 49.0151 0.229521
      vertex 46.035 50.5621 0.66
    endloop
  endfacet
  facet normal -1 0 0
    outer loop
      vertex 46.035 48.9346 0.260829
      vertex 46.035 49.0151 0.229521
      vertex 46.035 48.9967 0.235113
    endloop
  endfacet
  facet normal -1 0 0
    outer loop
      vertex 46.035 49.0151 0.229521
      vertex 46.035 48.9346 0.260829
      vertex 46.035 50.5621 0.66
    endloop
  endfacet
  facet normal -1 0 0
    outer loop
      vertex 46.035 48.7797 0.309677
      vertex 46.035 50.5621 0.66
      vertex 46.035 48.9346 0.260829
    endloop
  endfacet
  facet normal -1 0 0
    outer loop
      vertex 46.035 48.6826 0.322462
      vertex 46.035 50.5621 0.66
      vertex 46.035 48.7797 0.309677
    endloop
  endfacet
  facet normal -1 0 0
    outer loop
      vertex 46.035 48.5182 0.32964
      vertex 46.035 50.5621 0.66
      vertex 46.035 48.6826 0.322462
    endloop
  endfacet
  facet normal -1 0 0
    outer loop
      vertex 46.035 48.51 0.33
      vertex 46.035 50.5621 0.66
      vertex 46.035 48.5182 0.32964
    endloop
  endfacet
  facet normal -1 0 0
    outer loop
      vertex 46.035 46.86 0.66
      vertex 46.035 48.51 0.33
      vertex 46.035 48.2525 0.304636
    endloop
  endfacet
  facet normal -1 0 0
    outer loop
      vertex 46.035 46.1058 -2.07935
      vertex 46.035 47.3253 -1.57421
      vertex 46.035 46.1855 -2.23257
    endloop
  endfacet
  facet normal -1 0 -0
    outer loop
      vertex 46.035 47.2905 -1.49514
      vertex 46.035 47.3253 -1.57421
      vertex 46.035 46.1058 -2.07935
    endloop
  endfacet
  facet normal -1 0 0
    outer loop
      vertex 46.035 47.3253 -1.57421
      vertex 46.035 47.2905 -1.49514
      vertex 46.035 47.2996 -1.51213
    endloop
  endfacet
  facet normal -1 0 0
    outer loop
      vertex 46.035 46.86 0
      vertex 46.035 47.2905 -0.484858
      vertex 46.035 47.2154 -0.732481
    endloop
  endfacet
  facet normal -1 0 0
    outer loop
      vertex 46.035 46.86 0
      vertex 46.035 47.4125 -0.256647
      vertex 46.035 47.2905 -0.484858
    endloop
  endfacet
  facet normal -1 0 0
    outer loop
      vertex 46.035 46.86 0
      vertex 46.035 47.5766 -0.056619
      vertex 46.035 47.4125 -0.256647
    endloop
  endfacet
  facet normal -1 0 0
    outer loop
      vertex 46.035 46.86 0.66
      vertex 46.035 47.5766 -0.056619
      vertex 46.035 46.86 0
    endloop
  endfacet
  facet normal -1 0 0
    outer loop
      vertex 46.035 47.5766 -0.056619
      vertex 46.035 46.86 0.66
      vertex 46.035 47.7766 0.10754
    endloop
  endfacet
  facet normal -1 0 0
    outer loop
      vertex 46.035 47.7766 0.10754
      vertex 46.035 46.86 0.66
      vertex 46.035 48.0049 0.229521
    endloop
  endfacet
  facet normal -1 0 0
    outer loop
      vertex 46.035 48.51 0.33
      vertex 46.035 46.86 0.66
      vertex 46.035 50.5621 0.66
    endloop
  endfacet
  facet normal -1 0 0
    outer loop
      vertex 46.035 48.0049 0.229521
      vertex 46.035 46.86 0.66
      vertex 46.035 48.2525 0.304636
    endloop
  endfacet
  facet normal -1 0 0
    outer loop
      vertex 46.035 46.0397 -1.91977
      vertex 46.035 47.2905 -1.49514
      vertex 46.035 46.1058 -2.07935
    endloop
  endfacet
  facet normal -1 0 -0
    outer loop
      vertex 46.035 47.2592 -1.41463
      vertex 46.035 47.2905 -1.49514
      vertex 46.035 46.0397 -1.91977
    endloop
  endfacet
  facet normal -1 0 0
    outer loop
      vertex 46.035 47.2905 -1.49514
      vertex 46.035 47.2592 -1.41463
      vertex 46.035 47.2849 -1.47671
    endloop
  endfacet
  facet normal -1 0 0
    outer loop
      vertex 46.035 45.9877 -1.75503
      vertex 46.035 47.2592 -1.41463
      vertex 46.035 46.0397 -1.91977
    endloop
  endfacet
  facet normal -1 -0 0
    outer loop
      vertex 46.035 47.2592 -1.41463
      vertex 46.035 45.9877 -1.75503
      vertex 46.035 47.2353 -1.33896
    endloop
  endfacet
  facet normal -1 0 0
    outer loop
      vertex 46.035 45.9503 -1.58639
      vertex 46.035 47.2353 -1.33896
      vertex 46.035 45.9877 -1.75503
    endloop
  endfacet
  facet normal -1 -0 0
    outer loop
      vertex 46.035 47.2353 -1.33896
      vertex 46.035 45.9503 -1.58639
      vertex 46.035 47.2154 -1.24752
    endloop
  endfacet
  facet normal -1 0 0
    outer loop
      vertex 46.035 45.9001 -1.33382
      vertex 46.035 47.2154 -1.24752
      vertex 46.035 45.9503 -1.58639
    endloop
  endfacet
  facet normal -1 -0 0
    outer loop
      vertex 46.035 47.2154 -1.24752
      vertex 46.035 45.9001 -1.33382
      vertex 46.035 47.19 -0.99
    endloop
  endfacet
  facet normal -1 0 0
    outer loop
      vertex 46.035 45.87 -0.99
      vertex 46.035 47.19 -0.99
      vertex 46.035 45.8775 -1.16257
    endloop
  endfacet
  facet normal -1 0 0
    outer loop
      vertex 46.035 45.8775 -1.16257
      vertex 46.035 47.19 -0.99
      vertex 46.035 45.9001 -1.33382
    endloop
  endfacet
  facet normal -1 0 -0
    outer loop
      vertex 46.035 45.9877 -0.224972
      vertex 46.035 46.86 0
      vertex 46.035 45.9503 -0.393607
    endloop
  endfacet
  facet normal -1 0 -0
    outer loop
      vertex 46.035 46.0397 -0.0602335
      vertex 46.035 46.86 0
      vertex 46.035 45.9877 -0.224972
    endloop
  endfacet
  facet normal -1 -0 0
    outer loop
      vertex 46.035 46.86 0
      vertex 46.035 46.0397 -0.0602335
      vertex 46.035 46.0646 0
    endloop
  endfacet
  facet normal -1 0 -0
    outer loop
      vertex 46.035 45.8775 -0.817432
      vertex 46.035 47.19 -0.99
      vertex 46.035 45.87 -0.99
    endloop
  endfacet
  facet normal -1 0 0
    outer loop
      vertex 46.035 47.2154 -0.732481
      vertex 46.035 45.9503 -0.393607
      vertex 46.035 46.86 0
    endloop
  endfacet
  facet normal -1 0 -0
    outer loop
      vertex 46.035 45.9001 -0.646178
      vertex 46.035 47.19 -0.99
      vertex 46.035 45.8775 -0.817432
    endloop
  endfacet
  facet normal -1 0 -0
    outer loop
      vertex 46.035 45.9503 -0.393607
      vertex 46.035 47.2154 -0.732481
      vertex 46.035 45.9001 -0.646178
    endloop
  endfacet
  facet normal -1 0 0
    outer loop
      vertex 46.035 47.19 -0.99
      vertex 46.035 45.9001 -0.646178
      vertex 46.035 47.2154 -0.732481
    endloop
  endfacet
  facet normal 1 0 0
    outer loop
      vertex 52.965 47.2526 -1.37018
      vertex 52.965 47.2154 -1.24752
      vertex 52.965 47.2353 -1.33896
    endloop
  endfacet
  facet normal 1 0 0
    outer loop
      vertex 52.965 47.5766 -1.92338
      vertex 52.965 47.5207 -1.85526
      vertex 52.965 47.5306 -1.87317
    endloop
  endfacet
  facet normal 1 0 0
    outer loop
      vertex 52.965 48.51 -2.31
      vertex 52.965 48.5182 -2.30964
      vertex 52.965 48.5182 -2.30919
    endloop
  endfacet
  facet normal 1 0 0
    outer loop
      vertex 52.965 48.5182 -2.30964
      vertex 52.965 48.51 -2.31
      vertex 52.965 48.5182 -3.62964
    endloop
  endfacet
  facet normal 1 -0 0
    outer loop
      vertex 52.965 48.5015 -3.62963
      vertex 52.965 48.5182 -3.62964
      vertex 52.965 48.51 -2.31
    endloop
  endfacet
  facet normal 1 0 -0
    outer loop
      vertex 52.965 48.5018 -3.63
      vertex 52.965 48.5182 -3.62964
      vertex 52.965 48.5015 -3.62963
    endloop
  endfacet
  facet normal 1 0 0
    outer loop
      vertex 52.965 48.5182 -3.62964
      vertex 52.965 48.5018 -3.63
      vertex 52.965 48.5182 -3.63
    endloop
  endfacet
  facet normal 1 0 0
    outer loop
      vertex 52.965 48.51 -2.31
      vertex 52.965 48.3374 -3.62246
      vertex 52.965 48.5015 -3.62963
    endloop
  endfacet
  facet normal 1 0 0
    outer loop
      vertex 52.965 48.1662 -3.59992
      vertex 52.965 48.51 -2.31
      vertex 52.965 48.2525 -2.28464
    endloop
  endfacet
  facet normal 1 0 0
    outer loop
      vertex 52.965 48.51 -2.31
      vertex 52.965 48.1662 -3.59992
      vertex 52.965 48.3374 -3.62246
    endloop
  endfacet
  facet normal 1 0 0
    outer loop
      vertex 52.965 47.745 -3.51229
      vertex 52.965 48.2525 -2.28464
      vertex 52.965 48.0049 -2.20952
    endloop
  endfacet
  facet normal 1 0 0
    outer loop
      vertex 52.965 48.2525 -2.28464
      vertex 52.965 47.9136 -3.54968
      vertex 52.965 48.1662 -3.59992
    endloop
  endfacet
  facet normal 1 0 0
    outer loop
      vertex 52.965 47.2674 -3.31449
      vertex 52.965 48.0049 -2.20952
      vertex 52.965 47.7766 -2.08754
    endloop
  endfacet
  facet normal 1 0 0
    outer loop
      vertex 52.965 48.2525 -2.28464
      vertex 52.965 47.745 -3.51229
      vertex 52.965 47.9136 -3.54968
    endloop
  endfacet
  facet normal 1 0 0
    outer loop
      vertex 52.965 48.0049 -2.20952
      vertex 52.965 47.5802 -3.46035
      vertex 52.965 47.745 -3.51229
    endloop
  endfacet
  facet normal 1 0 0
    outer loop
      vertex 52.965 46.9076 -3.07861
      vertex 52.965 47.7766 -2.08754
      vertex 52.965 47.5766 -1.92338
    endloop
  endfacet
  facet normal 1 0 0
    outer loop
      vertex 52.965 46.6432 -2.85676
      vertex 52.965 47.5766 -1.92338
      vertex 52.965 47.5306 -1.87317
    endloop
  endfacet
  facet normal 1 0 0
    outer loop
      vertex 52.965 46.5265 -2.72941
      vertex 52.965 47.5306 -1.87317
      vertex 52.965 47.4599 -1.79603
    endloop
  endfacet
  facet normal 1 0 0
    outer loop
      vertex 52.965 48.0049 -2.20952
      vertex 52.965 47.4206 -3.39425
      vertex 52.965 47.5802 -3.46035
    endloop
  endfacet
  facet normal 1 0 0
    outer loop
      vertex 52.965 46.4214 -2.59237
      vertex 52.965 47.4599 -1.79603
      vertex 52.965 47.4003 -1.7183
    endloop
  endfacet
  facet normal 1 0 0
    outer loop
      vertex 52.965 46.2783 -2.37825
      vertex 52.965 47.4003 -1.7183
      vertex 52.965 47.3253 -1.57421
    endloop
  endfacet
  facet normal 1 0 0
    outer loop
      vertex 52.965 47.2905 -1.49514
      vertex 52.965 47.3253 -1.57421
      vertex 52.965 47.2996 -1.51213
    endloop
  endfacet
  facet normal 1 0 0
    outer loop
      vertex 52.965 47.3253 -1.57421
      vertex 52.965 47.2905 -1.49514
      vertex 52.965 46.1058 -2.07935
    endloop
  endfacet
  facet normal 1 0 0
    outer loop
      vertex 52.965 47.2592 -1.41463
      vertex 52.965 47.2905 -1.49514
      vertex 52.965 47.2849 -1.47671
    endloop
  endfacet
  facet normal 1 0 0
    outer loop
      vertex 52.965 48.0049 -2.20952
      vertex 52.965 47.2674 -3.31449
      vertex 52.965 47.4206 -3.39425
    endloop
  endfacet
  facet normal 1 0 0
    outer loop
      vertex 52.965 47.2905 -1.49514
      vertex 52.965 47.2592 -1.41463
      vertex 52.965 46.0397 -1.91977
    endloop
  endfacet
  facet normal 1 0 0
    outer loop
      vertex 52.965 45.9877 -1.75503
      vertex 52.965 47.2592 -1.41463
      vertex 52.965 47.2353 -1.33896
    endloop
  endfacet
  facet normal 1 0 0
    outer loop
      vertex 52.965 45.9503 -1.58639
      vertex 52.965 47.2353 -1.33896
      vertex 52.965 47.2154 -1.24752
    endloop
  endfacet
  facet normal 1 0 0
    outer loop
      vertex 52.965 45.9001 -1.33382
      vertex 52.965 47.2154 -1.24752
      vertex 52.965 47.19 -0.99
    endloop
  endfacet
  facet normal 1 0 0
    outer loop
      vertex 52.965 47.7766 -2.08754
      vertex 52.965 47.1217 -3.22168
      vertex 52.965 47.2674 -3.31449
    endloop
  endfacet
  facet normal 1 0 0
    outer loop
      vertex 52.965 50.3925 -2.25419
      vertex 52.965 50.3925 -2.75934
      vertex 52.965 50.4427 -2.50676
    endloop
  endfacet
  facet normal 1 0 0
    outer loop
      vertex 52.965 50.2494 -2.04008
      vertex 52.965 50.3925 -2.75934
      vertex 52.965 50.3925 -2.25419
    endloop
  endfacet
  facet normal 1 0 0
    outer loop
      vertex 52.965 50.2494 -2.04008
      vertex 52.965 50.2494 -2.97345
      vertex 52.965 50.3925 -2.75934
    endloop
  endfacet
  facet normal 1 0 0
    outer loop
      vertex 52.965 50.2494 -2.04008
      vertex 52.965 50.1124 -3.07861
      vertex 52.965 50.2494 -2.97345
    endloop
  endfacet
  facet normal 1 0 0
    outer loop
      vertex 52.965 50.0353 -1.89701
      vertex 52.965 50.1124 -3.07861
      vertex 52.965 50.2494 -2.04008
    endloop
  endfacet
  facet normal 1 -0 0
    outer loop
      vertex 52.965 49.316 -2.04008
      vertex 52.965 50.1124 -3.07861
      vertex 52.965 50.0353 -1.89701
    endloop
  endfacet
  facet normal 1 0 0
    outer loop
      vertex 52.965 49.316 -2.04008
      vertex 52.965 50.0353 -1.89701
      vertex 52.965 49.7827 -1.84676
    endloop
  endfacet
  facet normal 1 -0 0
    outer loop
      vertex 52.965 49.2383 -2.09972
      vertex 52.965 50.1124 -3.07861
      vertex 52.965 49.316 -2.04008
    endloop
  endfacet
  facet normal 1 0 0
    outer loop
      vertex 52.965 50.1124 -3.07861
      vertex 52.965 49.2383 -2.09972
      vertex 52.965 49.8983 -3.22168
    endloop
  endfacet
  facet normal 1 0 0
    outer loop
      vertex 52.965 49.316 -2.04008
      vertex 52.965 49.7827 -1.84676
      vertex 52.965 49.5301 -1.89701
    endloop
  endfacet
  facet normal 1 0 0
    outer loop
      vertex 52.965 49.8983 -3.22168
      vertex 52.965 49.2383 -2.09972
      vertex 52.965 49.7526 -3.31449
    endloop
  endfacet
  facet normal 1 -0 0
    outer loop
      vertex 52.965 49.0942 -2.17472
      vertex 52.965 49.7526 -3.31449
      vertex 52.965 49.2383 -2.09972
    endloop
  endfacet
  facet normal 1 0 0
    outer loop
      vertex 52.965 49.7526 -3.31449
      vertex 52.965 49.0942 -2.17472
      vertex 52.965 49.5994 -3.39425
    endloop
  endfacet
  facet normal 1 -0 0
    outer loop
      vertex 52.965 49.0151 -2.20952
      vertex 52.965 49.5994 -3.39425
      vertex 52.965 49.0942 -2.17472
    endloop
  endfacet
  facet normal 1 0 0
    outer loop
      vertex 52.965 49.5994 -3.39425
      vertex 52.965 49.0151 -2.20952
      vertex 52.965 49.4398 -3.46035
    endloop
  endfacet
  facet normal 1 -0 0
    outer loop
      vertex 52.965 48.9346 -2.24083
      vertex 52.965 49.4398 -3.46035
      vertex 52.965 49.0151 -2.20952
    endloop
  endfacet
  facet normal 1 0 0
    outer loop
      vertex 52.965 49.0151 -2.20952
      vertex 52.965 49.0942 -2.17472
      vertex 52.965 49.0321 -2.20044
    endloop
  endfacet
  facet normal 1 0 0
    outer loop
      vertex 52.965 49.4398 -3.46035
      vertex 52.965 48.9346 -2.24083
      vertex 52.965 49.275 -3.51229
    endloop
  endfacet
  facet normal 1 0 0
    outer loop
      vertex 52.965 48.9346 -2.24083
      vertex 52.965 49.0151 -2.20952
      vertex 52.965 48.9967 -2.21511
    endloop
  endfacet
  facet normal 1 0 0
    outer loop
      vertex 52.965 49.275 -3.51229
      vertex 52.965 48.9346 -2.24083
      vertex 52.965 49.1064 -3.54968
    endloop
  endfacet
  facet normal 1 -0 0
    outer loop
      vertex 52.965 48.7797 -2.28968
      vertex 52.965 49.1064 -3.54968
      vertex 52.965 48.9346 -2.24083
    endloop
  endfacet
  facet normal 1 0 0
    outer loop
      vertex 52.965 49.1064 -3.54968
      vertex 52.965 48.7797 -2.28968
      vertex 52.965 48.8538 -3.59992
    endloop
  endfacet
  facet normal 1 -0 0
    outer loop
      vertex 52.965 48.6826 -2.30246
      vertex 52.965 48.8538 -3.59992
      vertex 52.965 48.7797 -2.28968
    endloop
  endfacet
  facet normal 1 0 0
    outer loop
      vertex 52.965 48.6826 -2.30246
      vertex 52.965 48.6826 -3.62246
      vertex 52.965 48.8538 -3.59992
    endloop
  endfacet
  facet normal 1 -0 0
    outer loop
      vertex 52.965 48.5182 -2.30964
      vertex 52.965 48.6826 -3.62246
      vertex 52.965 48.6826 -2.30246
    endloop
  endfacet
  facet normal 1 0 0
    outer loop
      vertex 52.965 48.6826 -3.62246
      vertex 52.965 48.5182 -2.30964
      vertex 52.965 48.5182 -3.62964
    endloop
  endfacet
  facet normal 1 0 0
    outer loop
      vertex 52.965 50.9803 -0.0602335
      vertex 52.965 50.9803 -0.565375
      vertex 52.965 51.0306 -0.312804
    endloop
  endfacet
  facet normal 1 0 0
    outer loop
      vertex 52.965 49.7295 -0.484858
      vertex 52.965 50.9803 -0.0602335
      vertex 52.965 50.9142 0.0993535
    endloop
  endfacet
  facet normal 1 0 0
    outer loop
      vertex 52.965 50.9803 -0.0602335
      vertex 52.965 49.7608 -0.565375
      vertex 52.965 50.9803 -0.565375
    endloop
  endfacet
  facet normal 1 0 0
    outer loop
      vertex 52.965 49.6947 -0.405788
      vertex 52.965 50.9142 0.0993535
      vertex 52.965 50.8345 0.252571
    endloop
  endfacet
  facet normal 1 0 0
    outer loop
      vertex 52.965 49.6947 -0.405788
      vertex 52.965 50.8345 0.252571
      vertex 52.965 50.7417 0.39825
    endloop
  endfacet
  facet normal 1 0 0
    outer loop
      vertex 52.965 50.9803 -0.0602335
      vertex 52.965 49.7295 -0.484858
      vertex 52.965 49.7608 -0.565375
    endloop
  endfacet
  facet normal 1 0 0
    outer loop
      vertex 52.965 49.6197 -0.261705
      vertex 52.965 50.7417 0.39825
      vertex 52.965 50.5986 0.61237
    endloop
  endfacet
  facet normal 1 0 0
    outer loop
      vertex 52.965 49.5601 -0.183973
      vertex 52.965 50.5986 0.61237
      vertex 52.965 50.5621 0.66
    endloop
  endfacet
  facet normal 1 0 0
    outer loop
      vertex 52.965 50.9803 -0.565375
      vertex 52.965 49.7608 -0.565375
      vertex 52.965 50.8373 -0.779495
    endloop
  endfacet
  facet normal 1 0 0
    outer loop
      vertex 52.965 50.8373 -0.779495
      vertex 52.965 49.7608 -0.565375
      vertex 52.965 50.6232 -0.922561
    endloop
  endfacet
  facet normal 1 0 0
    outer loop
      vertex 52.965 50.6232 -0.922561
      vertex 52.965 49.7608 -0.565375
      vertex 52.965 50.3706 -0.972804
    endloop
  endfacet
  facet normal 1 0 0
    outer loop
      vertex 52.965 50.3706 -0.972804
      vertex 52.965 49.7608 -0.565375
      vertex 52.965 50.118 -0.922561
    endloop
  endfacet
  facet normal 1 0 0
    outer loop
      vertex 52.965 50.118 -0.922561
      vertex 52.965 49.7608 -0.565375
      vertex 52.965 49.9039 -0.779495
    endloop
  endfacet
  facet normal 1 0 0
    outer loop
      vertex 52.965 49.7608 -0.565375
      vertex 52.965 49.7295 -0.484858
      vertex 52.965 49.7351 -0.503294
    endloop
  endfacet
  facet normal 1 0 0
    outer loop
      vertex 52.965 50.9142 0.0993535
      vertex 52.965 49.6947 -0.405788
      vertex 52.965 49.7295 -0.484858
    endloop
  endfacet
  facet normal 1 0 0
    outer loop
      vertex 52.965 49.7295 -0.484858
      vertex 52.965 49.6947 -0.405788
      vertex 52.965 49.7204 -0.467864
    endloop
  endfacet
  facet normal 1 0 0
    outer loop
      vertex 52.965 50.7417 0.39825
      vertex 52.965 49.6197 -0.261705
      vertex 52.965 49.6947 -0.405788
    endloop
  endfacet
  facet normal 1 0 0
    outer loop
      vertex 52.965 50.5986 0.61237
      vertex 52.965 49.5601 -0.183973
      vertex 52.965 49.6197 -0.261705
    endloop
  endfacet
  facet normal 1 0 0
    outer loop
      vertex 52.965 50.5621 0.66
      vertex 52.965 49.4434 -0.0567009
      vertex 52.965 49.5601 -0.183973
    endloop
  endfacet
  facet normal 1 0 0
    outer loop
      vertex 52.965 50.5621 0.66
      vertex 52.965 49.4434 -0.056619
      vertex 52.965 49.4434 -0.0567009
    endloop
  endfacet
  facet normal 1 0 0
    outer loop
      vertex 52.965 50.5621 0.66
      vertex 52.965 49.4433 -0.0565517
      vertex 52.965 49.4434 -0.056619
    endloop
  endfacet
  facet normal 1 0 0
    outer loop
      vertex 52.965 50.5621 0.66
      vertex 52.965 49.316 0.0600774
      vertex 52.965 49.4433 -0.0565517
    endloop
  endfacet
  facet normal 1 0 0
    outer loop
      vertex 52.965 50.5621 0.66
      vertex 52.965 49.2383 0.119722
      vertex 52.965 49.316 0.0600774
    endloop
  endfacet
  facet normal 1 0 0
    outer loop
      vertex 52.965 50.5621 0.66
      vertex 52.965 49.0942 0.194724
      vertex 52.965 49.2383 0.119722
    endloop
  endfacet
  facet normal 1 -0 0
    outer loop
      vertex 52.965 49.0151 0.229521
      vertex 52.965 49.0942 0.194724
      vertex 52.965 50.5621 0.66
    endloop
  endfacet
  facet normal 1 0 0
    outer loop
      vertex 52.965 49.0942 0.194724
      vertex 52.965 49.0151 0.229521
      vertex 52.965 49.0321 0.220437
    endloop
  endfacet
  facet normal 1 -0 0
    outer loop
      vertex 52.965 48.9346 0.260829
      vertex 52.965 49.0151 0.229521
      vertex 52.965 50.5621 0.66
    endloop
  endfacet
  facet normal 1 0 0
    outer loop
      vertex 52.965 49.0151 0.229521
      vertex 52.965 48.9346 0.260829
      vertex 52.965 48.9967 0.235113
    endloop
  endfacet
  facet normal 1 0 0
    outer loop
      vertex 52.965 50.5621 0.66
      vertex 52.965 48.7797 0.309677
      vertex 52.965 48.9346 0.260829
    endloop
  endfacet
  facet normal 1 0 0
    outer loop
      vertex 52.965 50.5621 0.66
      vertex 52.965 48.6826 0.322462
      vertex 52.965 48.7797 0.309677
    endloop
  endfacet
  facet normal 1 0 0
    outer loop
      vertex 52.965 50.5621 0.66
      vertex 52.965 48.5182 0.32964
      vertex 52.965 48.6826 0.322462
    endloop
  endfacet
  facet normal 1 0 0
    outer loop
      vertex 52.965 48.5182 0.32964
      vertex 52.965 48.51 0.33
      vertex 52.965 48.5182 0.329187
    endloop
  endfacet
  facet normal 1 0 0
    outer loop
      vertex 52.965 50.5621 0.66
      vertex 52.965 48.51 0.33
      vertex 52.965 48.5182 0.32964
    endloop
  endfacet
  facet normal 1 -0 0
    outer loop
      vertex 52.965 46.86 0.66
      vertex 52.965 48.51 0.33
      vertex 52.965 50.5621 0.66
    endloop
  endfacet
  facet normal 1 0 0
    outer loop
      vertex 52.965 47.7766 -2.08754
      vertex 52.965 46.9076 -3.07861
      vertex 52.965 47.1217 -3.22168
    endloop
  endfacet
  facet normal 1 0 0
    outer loop
      vertex 52.965 45.9001 -0.646178
      vertex 52.965 47.19 -0.99
      vertex 52.965 47.2154 -0.732481
    endloop
  endfacet
  facet normal 1 0 0
    outer loop
      vertex 52.965 48.51 0.33
      vertex 52.965 46.86 0.66
      vertex 52.965 48.2525 0.304636
    endloop
  endfacet
  facet normal 1 0 0
    outer loop
      vertex 52.965 46.86 0.66
      vertex 52.965 48.0049 0.229521
      vertex 52.965 48.2525 0.304636
    endloop
  endfacet
  facet normal 1 0 0
    outer loop
      vertex 52.965 46.86 0.66
      vertex 52.965 47.7766 0.10754
      vertex 52.965 48.0049 0.229521
    endloop
  endfacet
  facet normal 1 0 0
    outer loop
      vertex 52.965 46.86 0.66
      vertex 52.965 47.5766 -0.056619
      vertex 52.965 47.7766 0.10754
    endloop
  endfacet
  facet normal 1 -0 0
    outer loop
      vertex 52.965 46.86 0
      vertex 52.965 47.5766 -0.056619
      vertex 52.965 46.86 0.66
    endloop
  endfacet
  facet normal 1 0 0
    outer loop
      vertex 52.965 47.5766 -0.056619
      vertex 52.965 46.86 0
      vertex 52.965 47.4125 -0.256647
    endloop
  endfacet
  facet normal 1 0 0
    outer loop
      vertex 52.965 47.4125 -0.256647
      vertex 52.965 46.86 0
      vertex 52.965 47.2905 -0.484858
    endloop
  endfacet
  facet normal 1 0 0
    outer loop
      vertex 52.965 47.2905 -0.484858
      vertex 52.965 46.86 0
      vertex 52.965 47.2154 -0.732481
    endloop
  endfacet
  facet normal 1 -0 0
    outer loop
      vertex 52.965 45.9503 -0.393607
      vertex 52.965 47.2154 -0.732481
      vertex 52.965 46.86 0
    endloop
  endfacet
  facet normal 1 0 0
    outer loop
      vertex 52.965 47.5766 -1.92338
      vertex 52.965 46.7706 -2.97345
      vertex 52.965 46.9076 -3.07861
    endloop
  endfacet
  facet normal 1 0 0
    outer loop
      vertex 52.965 47.5766 -1.92338
      vertex 52.965 46.6432 -2.85676
      vertex 52.965 46.7706 -2.97345
    endloop
  endfacet
  facet normal 1 0 0
    outer loop
      vertex 52.965 47.5306 -1.87317
      vertex 52.965 46.5265 -2.72941
      vertex 52.965 46.6432 -2.85676
    endloop
  endfacet
  facet normal 1 0 0
    outer loop
      vertex 52.965 47.4599 -1.79603
      vertex 52.965 46.4214 -2.59237
      vertex 52.965 46.5265 -2.72941
    endloop
  endfacet
  facet normal 1 0 0
    outer loop
      vertex 52.965 47.4003 -1.7183
      vertex 52.965 46.2783 -2.37825
      vertex 52.965 46.4214 -2.59237
    endloop
  endfacet
  facet normal 1 0 0
    outer loop
      vertex 52.965 47.3253 -1.57421
      vertex 52.965 46.1855 -2.23257
      vertex 52.965 46.2783 -2.37825
    endloop
  endfacet
  facet normal 1 0 0
    outer loop
      vertex 52.965 47.3253 -1.57421
      vertex 52.965 46.1058 -2.07935
      vertex 52.965 46.1855 -2.23257
    endloop
  endfacet
  facet normal 1 0 0
    outer loop
      vertex 52.965 46.0397 -0.0602335
      vertex 52.965 46.86 0
      vertex 52.965 46.0646 0
    endloop
  endfacet
  facet normal 1 0 0
    outer loop
      vertex 52.965 46.86 0
      vertex 52.965 46.0397 -0.0602335
      vertex 52.965 45.9877 -0.224972
    endloop
  endfacet
  facet normal 1 0 0
    outer loop
      vertex 52.965 47.2154 -0.732481
      vertex 52.965 45.9503 -0.393607
      vertex 52.965 45.9001 -0.646178
    endloop
  endfacet
  facet normal 1 0 0
    outer loop
      vertex 52.965 46.86 0
      vertex 52.965 45.9877 -0.224972
      vertex 52.965 45.9503 -0.393607
    endloop
  endfacet
  facet normal 1 0 0
    outer loop
      vertex 52.965 47.2353 -1.33896
      vertex 52.965 45.9503 -1.58639
      vertex 52.965 45.9877 -1.75503
    endloop
  endfacet
  facet normal 1 0 0
    outer loop
      vertex 52.965 47.2905 -1.49514
      vertex 52.965 46.0397 -1.91977
      vertex 52.965 46.1058 -2.07935
    endloop
  endfacet
  facet normal 1 0 0
    outer loop
      vertex 52.965 47.2592 -1.41463
      vertex 52.965 45.9877 -1.75503
      vertex 52.965 46.0397 -1.91977
    endloop
  endfacet
  facet normal 1 0 0
    outer loop
      vertex 52.965 47.19 -0.99
      vertex 52.965 45.9001 -0.646178
      vertex 52.965 45.8775 -0.817432
    endloop
  endfacet
  facet normal 1 0 0
    outer loop
      vertex 52.965 47.2154 -1.24752
      vertex 52.965 45.9001 -1.33382
      vertex 52.965 45.9503 -1.58639
    endloop
  endfacet
  facet normal 1 0 0
    outer loop
      vertex 52.965 47.19 -0.99
      vertex 52.965 45.8775 -0.817432
      vertex 52.965 45.87 -0.99
    endloop
  endfacet
  facet normal 1 0 0
    outer loop
      vertex 52.965 47.19 -0.99
      vertex 52.965 45.8775 -1.16257
      vertex 52.965 45.9001 -1.33382
    endloop
  endfacet
  facet normal 1 0 0
    outer loop
      vertex 52.965 47.19 -0.99
      vertex 52.965 45.87 -0.99
      vertex 52.965 45.8775 -1.16257
    endloop
  endfacet
  facet normal 0 -0.0436202 -0.999048
    outer loop
      vertex 46.035 48.5182 0.32964
      vertex 52.965 48.6826 0.322462
      vertex 52.965 48.5182 0.32964
    endloop
  endfacet
  facet normal -0 -0.0436202 -0.999048
    outer loop
      vertex 52.965 48.6826 0.322462
      vertex 46.035 48.5182 0.32964
      vertex 46.035 48.6826 0.322462
    endloop
  endfacet
  facet normal 0 -0.130542 -0.991443
    outer loop
      vertex 46.035 48.6826 0.322462
      vertex 52.965 48.7797 0.309677
      vertex 52.965 48.6826 0.322462
    endloop
  endfacet
  facet normal -0 -0.130542 -0.991443
    outer loop
      vertex 52.965 48.7797 0.309677
      vertex 46.035 48.6826 0.322462
      vertex 46.035 48.7797 0.309677
    endloop
  endfacet
  facet normal 0 -0.300752 -0.953702
    outer loop
      vertex 46.035 48.7797 0.309677
      vertex 52.965 48.9346 0.260829
      vertex 52.965 48.7797 0.309677
    endloop
  endfacet
  facet normal -0 -0.300752 -0.953702
    outer loop
      vertex 52.965 48.9346 0.260829
      vertex 46.035 48.7797 0.309677
      vertex 46.035 48.9346 0.260829
    endloop
  endfacet
  facet normal 0 -0.382599 -0.923915
    outer loop
      vertex 46.035 48.9346 0.260829
      vertex 52.965 48.9967 0.235113
      vertex 52.965 48.9346 0.260829
    endloop
  endfacet
  facet normal -0 -0.382599 -0.923915
    outer loop
      vertex 52.965 48.9967 0.235113
      vertex 46.035 48.9346 0.260829
      vertex 46.035 48.9967 0.235113
    endloop
  endfacet
  facet normal 0 -0.382561 -0.92393
    outer loop
      vertex 46.035 49.0321 0.220437
      vertex 52.965 49.0942 0.194724
      vertex 52.965 49.0321 0.220437
    endloop
  endfacet
  facet normal -0 -0.382561 -0.92393
    outer loop
      vertex 52.965 49.0942 0.194724
      vertex 46.035 49.0321 0.220437
      vertex 46.035 49.0942 0.194724
    endloop
  endfacet
  facet normal 0 -0.461692 -0.88704
    outer loop
      vertex 46.035 49.0942 0.194724
      vertex 52.965 49.2383 0.119722
      vertex 52.965 49.0942 0.194724
    endloop
  endfacet
  facet normal -0 -0.461692 -0.88704
    outer loop
      vertex 52.965 49.2383 0.119722
      vertex 46.035 49.0942 0.194724
      vertex 46.035 49.2383 0.119722
    endloop
  endfacet
  facet normal 0 -0.608911 -0.793238
    outer loop
      vertex 46.035 49.2383 0.119722
      vertex 52.965 49.316 0.0600774
      vertex 52.965 49.2383 0.119722
    endloop
  endfacet
  facet normal -0 -0.608911 -0.793238
    outer loop
      vertex 52.965 49.316 0.0600774
      vertex 46.035 49.2383 0.119722
      vertex 46.035 49.316 0.0600774
    endloop
  endfacet
  facet normal 0 -0.675528 -0.737335
    outer loop
      vertex 46.035 49.316 0.0600774
      vertex 52.965 49.4433 -0.0565517
      vertex 52.965 49.316 0.0600774
    endloop
  endfacet
  facet normal -0 -0.675528 -0.737335
    outer loop
      vertex 52.965 49.4433 -0.0565517
      vertex 46.035 49.316 0.0600774
      vertex 46.035 49.4433 -0.0565517
    endloop
  endfacet
  facet normal 0 -0.737056 -0.675831
    outer loop
      vertex 46.035 49.5601 -0.183973
      vertex 52.965 49.4434 -0.0567009
      vertex 46.035 49.4434 -0.0567009
    endloop
  endfacet
  facet normal 0 -0.737056 -0.675831
    outer loop
      vertex 52.965 49.4434 -0.0567009
      vertex 46.035 49.5601 -0.183973
      vertex 52.965 49.5601 -0.183973
    endloop
  endfacet
  facet normal 0 -0.793579 -0.608467
    outer loop
      vertex 46.035 49.6197 -0.261705
      vertex 52.965 49.5601 -0.183973
      vertex 46.035 49.5601 -0.183973
    endloop
  endfacet
  facet normal 0 -0.793579 -0.608467
    outer loop
      vertex 52.965 49.5601 -0.183973
      vertex 46.035 49.6197 -0.261705
      vertex 52.965 49.6197 -0.261705
    endloop
  endfacet
  facet normal 0 -0.887023 -0.461725
    outer loop
      vertex 46.035 49.6947 -0.405788
      vertex 52.965 49.6197 -0.261705
      vertex 46.035 49.6197 -0.261705
    endloop
  endfacet
  facet normal 0 -0.887023 -0.461725
    outer loop
      vertex 52.965 49.6197 -0.261705
      vertex 46.035 49.6947 -0.405788
      vertex 52.965 49.6947 -0.405788
    endloop
  endfacet
  facet normal 0 -0.923946 -0.382522
    outer loop
      vertex 46.035 49.7204 -0.467864
      vertex 52.965 49.6947 -0.405788
      vertex 46.035 49.6947 -0.405788
    endloop
  endfacet
  facet normal 0 -0.923946 -0.382522
    outer loop
      vertex 52.965 49.6947 -0.405788
      vertex 46.035 49.7204 -0.467864
      vertex 52.965 49.7204 -0.467864
    endloop
  endfacet
  facet normal 0 -0.923957 -0.382496
    outer loop
      vertex 46.035 49.7608 -0.565375
      vertex 52.965 49.7351 -0.503294
      vertex 46.035 49.7351 -0.503294
    endloop
  endfacet
  facet normal 0 -0.923957 -0.382496
    outer loop
      vertex 52.965 49.7351 -0.503294
      vertex 46.035 49.7608 -0.565375
      vertex 52.965 49.7608 -0.565375
    endloop
  endfacet
  facet normal 0 -0.831417 -0.55565
    outer loop
      vertex 46.035 49.9039 -0.779495
      vertex 52.965 49.7608 -0.565375
      vertex 46.035 49.7608 -0.565375
    endloop
  endfacet
  facet normal 0 -0.831417 -0.55565
    outer loop
      vertex 52.965 49.7608 -0.565375
      vertex 46.035 49.9039 -0.779495
      vertex 52.965 49.9039 -0.779495
    endloop
  endfacet
  facet normal 0 -0.555594 -0.831454
    outer loop
      vertex 46.035 49.9039 -0.779495
      vertex 52.965 50.118 -0.922561
      vertex 52.965 49.9039 -0.779495
    endloop
  endfacet
  facet normal -0 -0.555594 -0.831454
    outer loop
      vertex 52.965 50.118 -0.922561
      vertex 46.035 49.9039 -0.779495
      vertex 46.035 50.118 -0.922561
    endloop
  endfacet
  facet normal 0 -0.195082 -0.980787
    outer loop
      vertex 46.035 50.118 -0.922561
      vertex 52.965 50.3706 -0.972804
      vertex 52.965 50.118 -0.922561
    endloop
  endfacet
  facet normal -0 -0.195082 -0.980787
    outer loop
      vertex 52.965 50.3706 -0.972804
      vertex 46.035 50.118 -0.922561
      vertex 46.035 50.3706 -0.972804
    endloop
  endfacet
  facet normal 0 0.195082 -0.980787
    outer loop
      vertex 46.035 50.3706 -0.972804
      vertex 52.965 50.6232 -0.922561
      vertex 52.965 50.3706 -0.972804
    endloop
  endfacet
  facet normal 0 0.195082 -0.980787
    outer loop
      vertex 52.965 50.6232 -0.922561
      vertex 46.035 50.3706 -0.972804
      vertex 46.035 50.6232 -0.922561
    endloop
  endfacet
  facet normal 0 0.555594 -0.831454
    outer loop
      vertex 46.035 50.6232 -0.922561
      vertex 52.965 50.8373 -0.779495
      vertex 52.965 50.6232 -0.922561
    endloop
  endfacet
  facet normal 0 0.555594 -0.831454
    outer loop
      vertex 52.965 50.8373 -0.779495
      vertex 46.035 50.6232 -0.922561
      vertex 46.035 50.8373 -0.779495
    endloop
  endfacet
  facet normal 0 0.831596 -0.555381
    outer loop
      vertex 52.965 50.8373 -0.779495
      vertex 46.035 50.9803 -0.565375
      vertex 52.965 50.9803 -0.565375
    endloop
  endfacet
  facet normal 0 0.831596 -0.555381
    outer loop
      vertex 46.035 50.9803 -0.565375
      vertex 52.965 50.8373 -0.779495
      vertex 46.035 50.8373 -0.779495
    endloop
  endfacet
  facet normal 0 0.98074 -0.195316
    outer loop
      vertex 52.965 50.9803 -0.565375
      vertex 46.035 51.0306 -0.312804
      vertex 52.965 51.0306 -0.312804
    endloop
  endfacet
  facet normal 0 0.98074 -0.195316
    outer loop
      vertex 46.035 51.0306 -0.312804
      vertex 52.965 50.9803 -0.565375
      vertex 46.035 50.9803 -0.565375
    endloop
  endfacet
  facet normal 0 0.98074 0.195317
    outer loop
      vertex 52.965 51.0306 -0.312804
      vertex 46.035 50.9803 -0.0602335
      vertex 52.965 50.9803 -0.0602335
    endloop
  endfacet
  facet normal 0 0.98074 0.195317
    outer loop
      vertex 46.035 50.9803 -0.0602335
      vertex 52.965 51.0306 -0.312804
      vertex 46.035 51.0306 -0.312804
    endloop
  endfacet
  facet normal 0 0.923886 0.382668
    outer loop
      vertex 52.965 50.9803 -0.0602335
      vertex 46.035 50.9142 0.0993535
      vertex 52.965 50.9142 0.0993535
    endloop
  endfacet
  facet normal 0 0.923886 0.382668
    outer loop
      vertex 46.035 50.9142 0.0993535
      vertex 52.965 50.9803 -0.0602335
      vertex 46.035 50.9803 -0.0602335
    endloop
  endfacet
  facet normal 0 0.887153 0.461475
    outer loop
      vertex 52.965 50.9142 0.0993535
      vertex 46.035 50.8345 0.252571
      vertex 52.965 50.8345 0.252571
    endloop
  endfacet
  facet normal 0 0.887153 0.461475
    outer loop
      vertex 46.035 50.8345 0.252571
      vertex 52.965 50.9142 0.0993535
      vertex 46.035 50.9142 0.0993535
    endloop
  endfacet
  facet normal 0 0.843412 0.537268
    outer loop
      vertex 52.965 50.8345 0.252571
      vertex 46.035 50.7417 0.39825
      vertex 52.965 50.7417 0.39825
    endloop
  endfacet
  facet normal 0 0.843412 0.537268
    outer loop
      vertex 46.035 50.7417 0.39825
      vertex 52.965 50.8345 0.252571
      vertex 46.035 50.8345 0.252571
    endloop
  endfacet
  facet normal 0 0.831417 0.55565
    outer loop
      vertex 52.965 50.7417 0.39825
      vertex 46.035 50.5986 0.61237
      vertex 52.965 50.5986 0.61237
    endloop
  endfacet
  facet normal 0 0.831417 0.55565
    outer loop
      vertex 46.035 50.5986 0.61237
      vertex 52.965 50.7417 0.39825
      vertex 46.035 50.7417 0.39825
    endloop
  endfacet
  facet normal 0 0.793738 0.60826
    outer loop
      vertex 52.965 50.5986 0.61237
      vertex 46.035 50.5621 0.66
      vertex 52.965 50.5621 0.66
    endloop
  endfacet
  facet normal 0 0.793738 0.60826
    outer loop
      vertex 46.035 50.5621 0.66
      vertex 52.965 50.5986 0.61237
      vertex 46.035 50.5986 0.61237
    endloop
  endfacet
  facet normal 0 -0.924148 0.382035
    outer loop
      vertex 46.035 46.0397 -0.0602335
      vertex 52.965 46.0646 0
      vertex 46.035 46.0646 0
    endloop
  endfacet
  facet normal 0 -0.924148 0.382035
    outer loop
      vertex 52.965 46.0646 0
      vertex 46.035 46.0397 -0.0602335
      vertex 52.965 46.0397 -0.0602335
    endloop
  endfacet
  facet normal 0 -0.95362 0.301012
    outer loop
      vertex 46.035 45.9877 -0.224972
      vertex 52.965 46.0397 -0.0602335
      vertex 46.035 46.0397 -0.0602335
    endloop
  endfacet
  facet normal 0 -0.95362 0.301012
    outer loop
      vertex 52.965 46.0397 -0.0602335
      vertex 46.035 45.9877 -0.224972
      vertex 52.965 45.9877 -0.224972
    endloop
  endfacet
  facet normal 0 -0.976278 0.21652
    outer loop
      vertex 46.035 45.9503 -0.393607
      vertex 52.965 45.9877 -0.224972
      vertex 46.035 45.9877 -0.224972
    endloop
  endfacet
  facet normal 0 -0.976278 0.21652
    outer loop
      vertex 52.965 45.9877 -0.224972
      vertex 46.035 45.9503 -0.393607
      vertex 52.965 45.9503 -0.393607
    endloop
  endfacet
  facet normal 0 -0.980815 0.194943
    outer loop
      vertex 46.035 45.9001 -0.646178
      vertex 52.965 45.9503 -0.393607
      vertex 46.035 45.9503 -0.393607
    endloop
  endfacet
  facet normal 0 -0.980815 0.194943
    outer loop
      vertex 52.965 45.9503 -0.393607
      vertex 46.035 45.9001 -0.646178
      vertex 52.965 45.9001 -0.646178
    endloop
  endfacet
  facet normal 0 -0.991404 0.130833
    outer loop
      vertex 46.035 45.8775 -0.817432
      vertex 52.965 45.9001 -0.646178
      vertex 46.035 45.9001 -0.646178
    endloop
  endfacet
  facet normal 0 -0.991404 0.130833
    outer loop
      vertex 52.965 45.9001 -0.646178
      vertex 46.035 45.8775 -0.817432
      vertex 52.965 45.8775 -0.817432
    endloop
  endfacet
  facet normal 0 -0.999057 0.0434201
    outer loop
      vertex 46.035 45.87 -0.99
      vertex 52.965 45.8775 -0.817432
      vertex 46.035 45.8775 -0.817432
    endloop
  endfacet
  facet normal 0 -0.999057 0.0434201
    outer loop
      vertex 52.965 45.8775 -0.817432
      vertex 46.035 45.87 -0.99
      vertex 52.965 45.87 -0.99
    endloop
  endfacet
  facet normal 0 -0.999057 -0.0434196
    outer loop
      vertex 46.035 45.8775 -1.16257
      vertex 52.965 45.87 -0.99
      vertex 46.035 45.87 -0.99
    endloop
  endfacet
  facet normal 0 -0.999057 -0.0434196
    outer loop
      vertex 52.965 45.87 -0.99
      vertex 46.035 45.8775 -1.16257
      vertex 52.965 45.8775 -1.16257
    endloop
  endfacet
  facet normal 0 -0.991404 -0.130836
    outer loop
      vertex 46.035 45.9001 -1.33382
      vertex 52.965 45.8775 -1.16257
      vertex 46.035 45.8775 -1.16257
    endloop
  endfacet
  facet normal 0 -0.991404 -0.130836
    outer loop
      vertex 52.965 45.8775 -1.16257
      vertex 46.035 45.9001 -1.33382
      vertex 52.965 45.9001 -1.33382
    endloop
  endfacet
  facet normal 0 -0.980814 -0.194944
    outer loop
      vertex 46.035 45.9503 -1.58639
      vertex 52.965 45.9001 -1.33382
      vertex 46.035 45.9001 -1.33382
    endloop
  endfacet
  facet normal 0 -0.980814 -0.194944
    outer loop
      vertex 52.965 45.9001 -1.33382
      vertex 46.035 45.9503 -1.58639
      vertex 52.965 45.9503 -1.58639
    endloop
  endfacet
  facet normal 0 -0.97628 -0.216514
    outer loop
      vertex 46.035 45.9877 -1.75503
      vertex 52.965 45.9503 -1.58639
      vertex 46.035 45.9503 -1.58639
    endloop
  endfacet
  facet normal 0 -0.97628 -0.216514
    outer loop
      vertex 52.965 45.9503 -1.58639
      vertex 46.035 45.9877 -1.75503
      vertex 52.965 45.9877 -1.75503
    endloop
  endfacet
  facet normal 0 -0.953621 -0.301009
    outer loop
      vertex 46.035 46.0397 -1.91977
      vertex 52.965 45.9877 -1.75503
      vertex 46.035 45.9877 -1.75503
    endloop
  endfacet
  facet normal 0 -0.953621 -0.301009
    outer loop
      vertex 52.965 45.9877 -1.75503
      vertex 46.035 46.0397 -1.91977
      vertex 52.965 46.0397 -1.91977
    endloop
  endfacet
  facet normal 0 -0.92388 -0.382682
    outer loop
      vertex 46.035 46.1058 -2.07935
      vertex 52.965 46.0397 -1.91977
      vertex 46.035 46.0397 -1.91977
    endloop
  endfacet
  facet normal 0 -0.92388 -0.382682
    outer loop
      vertex 52.965 46.0397 -1.91977
      vertex 46.035 46.1058 -2.07935
      vertex 52.965 46.1058 -2.07935
    endloop
  endfacet
  facet normal 0 -0.887156 -0.461469
    outer loop
      vertex 46.035 46.1855 -2.23257
      vertex 52.965 46.1058 -2.07935
      vertex 46.035 46.1058 -2.07935
    endloop
  endfacet
  facet normal 0 -0.887156 -0.461469
    outer loop
      vertex 52.965 46.1058 -2.07935
      vertex 46.035 46.1855 -2.23257
      vertex 52.965 46.1855 -2.23257
    endloop
  endfacet
  facet normal 0 -0.843413 -0.537265
    outer loop
      vertex 46.035 46.2783 -2.37825
      vertex 52.965 46.1855 -2.23257
      vertex 46.035 46.1855 -2.23257
    endloop
  endfacet
  facet normal 0 -0.843413 -0.537265
    outer loop
      vertex 52.965 46.1855 -2.23257
      vertex 46.035 46.2783 -2.37825
      vertex 52.965 46.2783 -2.37825
    endloop
  endfacet
  facet normal 0 -0.831417 -0.55565
    outer loop
      vertex 46.035 46.4214 -2.59237
      vertex 52.965 46.2783 -2.37825
      vertex 46.035 46.2783 -2.37825
    endloop
  endfacet
  facet normal 0 -0.831417 -0.55565
    outer loop
      vertex 52.965 46.2783 -2.37825
      vertex 46.035 46.4214 -2.59237
      vertex 52.965 46.4214 -2.59237
    endloop
  endfacet
  facet normal 0 -0.793506 -0.608563
    outer loop
      vertex 46.035 46.5265 -2.72941
      vertex 52.965 46.4214 -2.59237
      vertex 46.035 46.4214 -2.59237
    endloop
  endfacet
  facet normal 0 -0.793506 -0.608563
    outer loop
      vertex 52.965 46.4214 -2.59237
      vertex 46.035 46.5265 -2.72941
      vertex 52.965 46.5265 -2.72941
    endloop
  endfacet
  facet normal 0 -0.737262 -0.675607
    outer loop
      vertex 46.035 46.6432 -2.85676
      vertex 52.965 46.5265 -2.72941
      vertex 46.035 46.5265 -2.72941
    endloop
  endfacet
  facet normal 0 -0.737262 -0.675607
    outer loop
      vertex 52.965 46.5265 -2.72941
      vertex 46.035 46.6432 -2.85676
      vertex 52.965 46.6432 -2.85676
    endloop
  endfacet
  facet normal 0 -0.675431 -0.737423
    outer loop
      vertex 46.035 46.6432 -2.85676
      vertex 52.965 46.7706 -2.97345
      vertex 52.965 46.6432 -2.85676
    endloop
  endfacet
  facet normal -0 -0.675431 -0.737423
    outer loop
      vertex 52.965 46.7706 -2.97345
      vertex 46.035 46.6432 -2.85676
      vertex 46.035 46.7706 -2.97345
    endloop
  endfacet
  facet normal 0 -0.608893 -0.793252
    outer loop
      vertex 46.035 46.7706 -2.97345
      vertex 52.965 46.9076 -3.07861
      vertex 52.965 46.7706 -2.97345
    endloop
  endfacet
  facet normal -0 -0.608893 -0.793252
    outer loop
      vertex 52.965 46.9076 -3.07861
      vertex 46.035 46.7706 -2.97345
      vertex 46.035 46.9076 -3.07861
    endloop
  endfacet
  facet normal 0 -0.555605 -0.831446
    outer loop
      vertex 46.035 46.9076 -3.07861
      vertex 52.965 47.1217 -3.22168
      vertex 52.965 46.9076 -3.07861
    endloop
  endfacet
  facet normal -0 -0.555605 -0.831446
    outer loop
      vertex 52.965 47.1217 -3.22168
      vertex 46.035 46.9076 -3.07861
      vertex 46.035 47.1217 -3.22168
    endloop
  endfacet
  facet normal 0 -0.537254 -0.843421
    outer loop
      vertex 46.035 47.1217 -3.22168
      vertex 52.965 47.2674 -3.31449
      vertex 52.965 47.1217 -3.22168
    endloop
  endfacet
  facet normal -0 -0.537254 -0.843421
    outer loop
      vertex 52.965 47.2674 -3.31449
      vertex 46.035 47.1217 -3.22168
      vertex 46.035 47.2674 -3.31449
    endloop
  endfacet
  facet normal 0 -0.46179 -0.886989
    outer loop
      vertex 46.035 47.2674 -3.31449
      vertex 52.965 47.4206 -3.39425
      vertex 52.965 47.2674 -3.31449
    endloop
  endfacet
  facet normal -0 -0.46179 -0.886989
    outer loop
      vertex 52.965 47.4206 -3.39425
      vertex 46.035 47.2674 -3.31449
      vertex 46.035 47.4206 -3.39425
    endloop
  endfacet
  facet normal 0 -0.382642 -0.923897
    outer loop
      vertex 46.035 47.4206 -3.39425
      vertex 52.965 47.5802 -3.46035
      vertex 52.965 47.4206 -3.39425
    endloop
  endfacet
  facet normal -0 -0.382642 -0.923897
    outer loop
      vertex 52.965 47.5802 -3.46035
      vertex 46.035 47.4206 -3.39425
      vertex 46.035 47.5802 -3.46035
    endloop
  endfacet
  facet normal 0 -0.300594 -0.953752
    outer loop
      vertex 46.035 47.5802 -3.46035
      vertex 52.965 47.745 -3.51229
      vertex 52.965 47.5802 -3.46035
    endloop
  endfacet
  facet normal -0 -0.300594 -0.953752
    outer loop
      vertex 52.965 47.745 -3.51229
      vertex 46.035 47.5802 -3.46035
      vertex 46.035 47.745 -3.51229
    endloop
  endfacet
  facet normal 0 -0.216507 -0.976281
    outer loop
      vertex 46.035 47.745 -3.51229
      vertex 52.965 47.9136 -3.54968
      vertex 52.965 47.745 -3.51229
    endloop
  endfacet
  facet normal -0 -0.216507 -0.976281
    outer loop
      vertex 52.965 47.9136 -3.54968
      vertex 46.035 47.745 -3.51229
      vertex 46.035 47.9136 -3.54968
    endloop
  endfacet
  facet normal 0 -0.195071 -0.980789
    outer loop
      vertex 46.035 47.9136 -3.54968
      vertex 52.965 48.1662 -3.59992
      vertex 52.965 47.9136 -3.54968
    endloop
  endfacet
  facet normal -0 -0.195071 -0.980789
    outer loop
      vertex 52.965 48.1662 -3.59992
      vertex 46.035 47.9136 -3.54968
      vertex 46.035 48.1662 -3.59992
    endloop
  endfacet
  facet normal 0 -0.130532 -0.991444
    outer loop
      vertex 46.035 48.1662 -3.59992
      vertex 52.965 48.3374 -3.62246
      vertex 52.965 48.1662 -3.59992
    endloop
  endfacet
  facet normal -0 -0.130532 -0.991444
    outer loop
      vertex 52.965 48.3374 -3.62246
      vertex 46.035 48.1662 -3.59992
      vertex 46.035 48.3374 -3.62246
    endloop
  endfacet
  facet normal 0 -0.0436512 -0.999047
    outer loop
      vertex 46.035 48.3374 -3.62246
      vertex 52.965 48.5015 -3.62963
      vertex 52.965 48.3374 -3.62246
    endloop
  endfacet
  facet normal -0 -0.0436512 -0.999047
    outer loop
      vertex 52.965 48.5015 -3.62963
      vertex 46.035 48.3374 -3.62246
      vertex 46.035 48.5015 -3.62963
    endloop
  endfacet
  facet normal 0 0.0436324 -0.999048
    outer loop
      vertex 46.035 48.5182 -3.62964
      vertex 52.965 48.6826 -3.62246
      vertex 52.965 48.5182 -3.62964
    endloop
  endfacet
  facet normal 0 0.0436324 -0.999048
    outer loop
      vertex 52.965 48.6826 -3.62246
      vertex 46.035 48.5182 -3.62964
      vertex 46.035 48.6826 -3.62246
    endloop
  endfacet
  facet normal 0 0.130532 -0.991444
    outer loop
      vertex 46.035 48.6826 -3.62246
      vertex 52.965 48.8538 -3.59992
      vertex 52.965 48.6826 -3.62246
    endloop
  endfacet
  facet normal 0 0.130532 -0.991444
    outer loop
      vertex 52.965 48.8538 -3.59992
      vertex 46.035 48.6826 -3.62246
      vertex 46.035 48.8538 -3.59992
    endloop
  endfacet
  facet normal 0 0.195071 -0.980789
    outer loop
      vertex 46.035 48.8538 -3.59992
      vertex 52.965 49.1064 -3.54968
      vertex 52.965 48.8538 -3.59992
    endloop
  endfacet
  facet normal 0 0.195071 -0.980789
    outer loop
      vertex 52.965 49.1064 -3.54968
      vertex 46.035 48.8538 -3.59992
      vertex 46.035 49.1064 -3.54968
    endloop
  endfacet
  facet normal 0 0.216507 -0.976281
    outer loop
      vertex 46.035 49.1064 -3.54968
      vertex 52.965 49.275 -3.51229
      vertex 52.965 49.1064 -3.54968
    endloop
  endfacet
  facet normal 0 0.216507 -0.976281
    outer loop
      vertex 52.965 49.275 -3.51229
      vertex 46.035 49.1064 -3.54968
      vertex 46.035 49.275 -3.51229
    endloop
  endfacet
  facet normal 0 0.300594 -0.953752
    outer loop
      vertex 46.035 49.275 -3.51229
      vertex 52.965 49.4398 -3.46035
      vertex 52.965 49.275 -3.51229
    endloop
  endfacet
  facet normal 0 0.300594 -0.953752
    outer loop
      vertex 52.965 49.4398 -3.46035
      vertex 46.035 49.275 -3.51229
      vertex 46.035 49.4398 -3.46035
    endloop
  endfacet
  facet normal 0 0.382642 -0.923897
    outer loop
      vertex 46.035 49.4398 -3.46035
      vertex 52.965 49.5994 -3.39425
      vertex 52.965 49.4398 -3.46035
    endloop
  endfacet
  facet normal 0 0.382642 -0.923897
    outer loop
      vertex 52.965 49.5994 -3.39425
      vertex 46.035 49.4398 -3.46035
      vertex 46.035 49.5994 -3.39425
    endloop
  endfacet
  facet normal 0 0.46179 -0.886989
    outer loop
      vertex 46.035 49.5994 -3.39425
      vertex 52.965 49.7526 -3.31449
      vertex 52.965 49.5994 -3.39425
    endloop
  endfacet
  facet normal 0 0.46179 -0.886989
    outer loop
      vertex 52.965 49.7526 -3.31449
      vertex 46.035 49.5994 -3.39425
      vertex 46.035 49.7526 -3.31449
    endloop
  endfacet
  facet normal 0 0.537254 -0.843421
    outer loop
      vertex 46.035 49.7526 -3.31449
      vertex 52.965 49.8983 -3.22168
      vertex 52.965 49.7526 -3.31449
    endloop
  endfacet
  facet normal 0 0.537254 -0.843421
    outer loop
      vertex 52.965 49.8983 -3.22168
      vertex 46.035 49.7526 -3.31449
      vertex 46.035 49.8983 -3.22168
    endloop
  endfacet
  facet normal 0 0.555605 -0.831446
    outer loop
      vertex 46.035 49.8983 -3.22168
      vertex 52.965 50.1124 -3.07861
      vertex 52.965 49.8983 -3.22168
    endloop
  endfacet
  facet normal 0 0.555605 -0.831446
    outer loop
      vertex 52.965 50.1124 -3.07861
      vertex 46.035 49.8983 -3.22168
      vertex 46.035 50.1124 -3.07861
    endloop
  endfacet
  facet normal 0 0.608893 -0.793252
    outer loop
      vertex 46.035 50.1124 -3.07861
      vertex 52.965 50.2494 -2.97345
      vertex 52.965 50.1124 -3.07861
    endloop
  endfacet
  facet normal 0 0.608893 -0.793252
    outer loop
      vertex 52.965 50.2494 -2.97345
      vertex 46.035 50.1124 -3.07861
      vertex 46.035 50.2494 -2.97345
    endloop
  endfacet
  facet normal 0 0.831405 -0.555668
    outer loop
      vertex 52.965 50.2494 -2.97345
      vertex 46.035 50.3925 -2.75934
      vertex 52.965 50.3925 -2.75934
    endloop
  endfacet
  facet normal 0 0.831405 -0.555668
    outer loop
      vertex 46.035 50.3925 -2.75934
      vertex 52.965 50.2494 -2.97345
      vertex 46.035 50.2494 -2.97345
    endloop
  endfacet
  facet normal 0 0.980816 -0.194936
    outer loop
      vertex 52.965 50.3925 -2.75934
      vertex 46.035 50.4427 -2.50676
      vertex 52.965 50.4427 -2.50676
    endloop
  endfacet
  facet normal 0 0.980816 -0.194936
    outer loop
      vertex 46.035 50.4427 -2.50676
      vertex 52.965 50.3925 -2.75934
      vertex 46.035 50.3925 -2.75934
    endloop
  endfacet
  facet normal 0 0.980814 0.194944
    outer loop
      vertex 52.965 50.4427 -2.50676
      vertex 46.035 50.3925 -2.25419
      vertex 52.965 50.3925 -2.25419
    endloop
  endfacet
  facet normal 0 0.980814 0.194944
    outer loop
      vertex 46.035 50.3925 -2.25419
      vertex 52.965 50.4427 -2.50676
      vertex 46.035 50.4427 -2.50676
    endloop
  endfacet
  facet normal 0 0.831405 0.555668
    outer loop
      vertex 52.965 50.3925 -2.25419
      vertex 46.035 50.2494 -2.04008
      vertex 52.965 50.2494 -2.04008
    endloop
  endfacet
  facet normal 0 0.831405 0.555668
    outer loop
      vertex 46.035 50.2494 -2.04008
      vertex 52.965 50.3925 -2.25419
      vertex 46.035 50.3925 -2.25419
    endloop
  endfacet
  facet normal -0 0.555605 0.831446
    outer loop
      vertex 46.035 50.2494 -2.04008
      vertex 52.965 50.0353 -1.89701
      vertex 52.965 50.2494 -2.04008
    endloop
  endfacet
  facet normal 0 0.555605 0.831446
    outer loop
      vertex 52.965 50.0353 -1.89701
      vertex 46.035 50.2494 -2.04008
      vertex 46.035 50.0353 -1.89701
    endloop
  endfacet
  facet normal -0 0.195108 0.980782
    outer loop
      vertex 46.035 50.0353 -1.89701
      vertex 52.965 49.7827 -1.84676
      vertex 52.965 50.0353 -1.89701
    endloop
  endfacet
  facet normal 0 0.195108 0.980782
    outer loop
      vertex 52.965 49.7827 -1.84676
      vertex 46.035 50.0353 -1.89701
      vertex 46.035 49.7827 -1.84676
    endloop
  endfacet
  facet normal 0 -0.195108 0.980782
    outer loop
      vertex 46.035 49.7827 -1.84676
      vertex 52.965 49.5301 -1.89701
      vertex 52.965 49.7827 -1.84676
    endloop
  endfacet
  facet normal 0 -0.195108 0.980782
    outer loop
      vertex 52.965 49.5301 -1.89701
      vertex 46.035 49.7827 -1.84676
      vertex 46.035 49.5301 -1.89701
    endloop
  endfacet
  facet normal 0 -0.555605 0.831446
    outer loop
      vertex 46.035 49.5301 -1.89701
      vertex 52.965 49.316 -2.04008
      vertex 52.965 49.5301 -1.89701
    endloop
  endfacet
  facet normal 0 -0.555605 0.831446
    outer loop
      vertex 52.965 49.316 -2.04008
      vertex 46.035 49.5301 -1.89701
      vertex 46.035 49.316 -2.04008
    endloop
  endfacet
  facet normal 0 -0.608882 0.793261
    outer loop
      vertex 46.035 49.316 -2.04008
      vertex 52.965 49.2383 -2.09972
      vertex 52.965 49.316 -2.04008
    endloop
  endfacet
  facet normal 0 -0.608882 0.793261
    outer loop
      vertex 52.965 49.2383 -2.09972
      vertex 46.035 49.316 -2.04008
      vertex 46.035 49.2383 -2.09972
    endloop
  endfacet
  facet normal 0 -0.461682 0.887045
    outer loop
      vertex 46.035 49.2383 -2.09972
      vertex 52.965 49.0942 -2.17472
      vertex 52.965 49.2383 -2.09972
    endloop
  endfacet
  facet normal 0 -0.461682 0.887045
    outer loop
      vertex 52.965 49.0942 -2.17472
      vertex 46.035 49.2383 -2.09972
      vertex 46.035 49.0942 -2.17472
    endloop
  endfacet
  facet normal 0 -0.38265 0.923894
    outer loop
      vertex 46.035 48.9967 -2.21511
      vertex 52.965 48.9346 -2.24083
      vertex 52.965 48.9967 -2.21511
    endloop
  endfacet
  facet normal 0 -0.38265 0.923894
    outer loop
      vertex 52.965 48.9346 -2.24083
      vertex 46.035 48.9967 -2.21511
      vertex 46.035 48.9346 -2.24083
    endloop
  endfacet
  facet normal 0 -0.38265 0.923894
    outer loop
      vertex 46.035 49.0942 -2.17472
      vertex 52.965 49.0321 -2.20044
      vertex 52.965 49.0942 -2.17472
    endloop
  endfacet
  facet normal 0 -0.38265 0.923894
    outer loop
      vertex 52.965 49.0321 -2.20044
      vertex 46.035 49.0942 -2.17472
      vertex 46.035 49.0321 -2.20044
    endloop
  endfacet
  facet normal 0 -0.300763 0.953699
    outer loop
      vertex 46.035 48.9346 -2.24083
      vertex 52.965 48.7797 -2.28968
      vertex 52.965 48.9346 -2.24083
    endloop
  endfacet
  facet normal 0 -0.300763 0.953699
    outer loop
      vertex 52.965 48.7797 -2.28968
      vertex 46.035 48.9346 -2.24083
      vertex 46.035 48.7797 -2.28968
    endloop
  endfacet
  facet normal 0 -0.130491 0.991449
    outer loop
      vertex 46.035 48.7797 -2.28968
      vertex 52.965 48.6826 -2.30246
      vertex 52.965 48.7797 -2.28968
    endloop
  endfacet
  facet normal 0 -0.130491 0.991449
    outer loop
      vertex 52.965 48.6826 -2.30246
      vertex 46.035 48.7797 -2.28968
      vertex 46.035 48.6826 -2.30246
    endloop
  endfacet
  facet normal 0 -0.0436324 0.999048
    outer loop
      vertex 46.035 48.6826 -2.30246
      vertex 52.965 48.5182 -2.30964
      vertex 52.965 48.6826 -2.30246
    endloop
  endfacet
  facet normal 0 -0.0436324 0.999048
    outer loop
      vertex 52.965 48.5182 -2.30964
      vertex 46.035 48.6826 -2.30246
      vertex 46.035 48.5182 -2.30964
    endloop
  endfacet
  facet normal 0 0.73721 0.675664
    outer loop
      vertex 52.965 47.5306 -1.87317
      vertex 46.035 47.4599 -1.79603
      vertex 52.965 47.4599 -1.79603
    endloop
  endfacet
  facet normal 0 0.73721 0.675664
    outer loop
      vertex 46.035 47.4599 -1.79603
      vertex 52.965 47.5306 -1.87317
      vertex 46.035 47.5306 -1.87317
    endloop
  endfacet
  facet normal 0 0.793572 0.608477
    outer loop
      vertex 52.965 47.4599 -1.79603
      vertex 46.035 47.4003 -1.7183
      vertex 52.965 47.4003 -1.7183
    endloop
  endfacet
  facet normal 0 0.793572 0.608477
    outer loop
      vertex 46.035 47.4003 -1.7183
      vertex 52.965 47.4599 -1.79603
      vertex 46.035 47.4599 -1.79603
    endloop
  endfacet
  facet normal 0 0.887032 0.461707
    outer loop
      vertex 52.965 47.4003 -1.7183
      vertex 46.035 47.3253 -1.57421
      vertex 52.965 47.3253 -1.57421
    endloop
  endfacet
  facet normal 0 0.887032 0.461707
    outer loop
      vertex 46.035 47.3253 -1.57421
      vertex 52.965 47.4003 -1.7183
      vertex 46.035 47.4003 -1.7183
    endloop
  endfacet
  facet normal 0 0.923955 0.382501
    outer loop
      vertex 52.965 47.2849 -1.47671
      vertex 46.035 47.2592 -1.41463
      vertex 52.965 47.2592 -1.41463
    endloop
  endfacet
  facet normal 0 0.923955 0.382501
    outer loop
      vertex 46.035 47.2592 -1.41463
      vertex 52.965 47.2849 -1.47671
      vertex 46.035 47.2849 -1.47671
    endloop
  endfacet
  facet normal 0 0.923955 0.382501
    outer loop
      vertex 52.965 47.3253 -1.57421
      vertex 46.035 47.2996 -1.51213
      vertex 52.965 47.2996 -1.51213
    endloop
  endfacet
  facet normal 0 0.923955 0.382501
    outer loop
      vertex 46.035 47.2996 -1.51213
      vertex 52.965 47.3253 -1.57421
      vertex 46.035 47.3253 -1.57421
    endloop
  endfacet
  facet normal 0 0.953567 0.30118
    outer loop
      vertex 52.965 47.2592 -1.41463
      vertex 46.035 47.2353 -1.33896
      vertex 52.965 47.2353 -1.33896
    endloop
  endfacet
  facet normal 0 0.953567 0.30118
    outer loop
      vertex 46.035 47.2353 -1.33896
      vertex 52.965 47.2592 -1.41463
      vertex 46.035 47.2592 -1.41463
    endloop
  endfacet
  facet normal 0 -0.776756 -0.629802
    outer loop
      vertex 46.035 48.5018 -3.63
      vertex 52.965 48.5015 -3.62963
      vertex 46.035 48.5015 -3.62963
    endloop
  endfacet
  facet normal 0 -0.776756 -0.629802
    outer loop
      vertex 52.965 48.5015 -3.62963
      vertex 46.035 48.5018 -3.63
      vertex 52.965 48.5018 -3.63
    endloop
  endfacet
  facet normal 0 -0.874685 -0.484691
    outer loop
      vertex 46.035 47.2526 -1.37018
      vertex 52.965 47.2353 -1.33896
      vertex 46.035 47.2353 -1.33896
    endloop
  endfacet
  facet normal 0 -0.874685 -0.484691
    outer loop
      vertex 52.965 47.2353 -1.33896
      vertex 46.035 47.2526 -1.37018
      vertex 52.965 47.2526 -1.37018
    endloop
  endfacet
  facet normal 0 -0.875193 -0.483775
    outer loop
      vertex 46.035 47.5306 -1.87317
      vertex 52.965 47.5207 -1.85526
      vertex 46.035 47.5207 -1.85526
    endloop
  endfacet
  facet normal 0 -0.875193 -0.483775
    outer loop
      vertex 52.965 47.5207 -1.85526
      vertex 46.035 47.5306 -1.87317
      vertex 52.965 47.5306 -1.87317
    endloop
  endfacet
  facet normal 0 1 -0
    outer loop
      vertex 52.965 48.5182 -3.63
      vertex 46.035 48.5182 -3.62964
      vertex 52.965 48.5182 -3.62964
    endloop
  endfacet
  facet normal 0 1 0
    outer loop
      vertex 46.035 48.5182 -3.62964
      vertex 52.965 48.5182 -3.63
      vertex 46.035 48.5182 -3.63
    endloop
  endfacet
  facet normal 0 1 -0
    outer loop
      vertex 52.965 48.5182 -2.30964
      vertex 46.035 48.5182 -2.30919
      vertex 52.965 48.5182 -2.30919
    endloop
  endfacet
  facet normal 0 1 0
    outer loop
      vertex 46.035 48.5182 -2.30919
      vertex 52.965 48.5182 -2.30964
      vertex 46.035 48.5182 -2.30964
    endloop
  endfacet
  facet normal 0 1 -0
    outer loop
      vertex 52.965 48.5182 0.329187
      vertex 46.035 48.5182 0.32964
      vertex 52.965 48.5182 0.32964
    endloop
  endfacet
  facet normal 0 1 0
    outer loop
      vertex 46.035 48.5182 0.32964
      vertex 52.965 48.5182 0.329187
      vertex 46.035 48.5182 0.329187
    endloop
  endfacet
  facet normal 0 0 -1
    outer loop
      vertex 46.035 48.5018 -3.63
      vertex 52.965 48.5182 -3.63
      vertex 52.965 48.5018 -3.63
    endloop
  endfacet
  facet normal -0 0 -1
    outer loop
      vertex 52.965 48.5182 -3.63
      vertex 46.035 48.5018 -3.63
      vertex 46.035 48.5182 -3.63
    endloop
  endfacet
  facet normal 0 -1 0
    outer loop
      vertex 46.035 49.4434 -0.0567009
      vertex 52.965 49.4434 -0.056619
      vertex 46.035 49.4434 -0.056619
    endloop
  endfacet
  facet normal 0 -1 -0
    outer loop
      vertex 52.965 49.4434 -0.056619
      vertex 46.035 49.4434 -0.0567009
      vertex 52.965 49.4434 -0.0567009
    endloop
  endfacet
  facet normal -0 0.47125 0.882
    outer loop
      vertex 46.035 48.0049 -2.20952
      vertex 52.965 47.7766 -2.08754
      vertex 52.965 48.0049 -2.20952
    endloop
  endfacet
  facet normal 0 0.47125 0.882
    outer loop
      vertex 52.965 47.7766 -2.08754
      vertex 46.035 48.0049 -2.20952
      vertex 46.035 47.7766 -2.08754
    endloop
  endfacet
  facet normal 0 -0.471127 0.882066
    outer loop
      vertex 46.035 49.0321 -2.20044
      vertex 52.965 49.0151 -2.20952
      vertex 52.965 49.0321 -2.20044
    endloop
  endfacet
  facet normal 0 -0.471127 0.882066
    outer loop
      vertex 52.965 49.0151 -2.20952
      vertex 46.035 49.0321 -2.20044
      vertex 46.035 49.0151 -2.20952
    endloop
  endfacet
  facet normal 0 0.956957 -0.290229
    outer loop
      vertex 52.965 47.2154 -0.732481
      vertex 46.035 47.2905 -0.484858
      vertex 52.965 47.2905 -0.484858
    endloop
  endfacet
  facet normal 0 0.956957 -0.290229
    outer loop
      vertex 46.035 47.2905 -0.484858
      vertex 52.965 47.2154 -0.732481
      vertex 46.035 47.2154 -0.732481
    endloop
  endfacet
  facet normal 0 0.773122 -0.634258
    outer loop
      vertex 52.965 47.4125 -0.256647
      vertex 46.035 47.5766 -0.056619
      vertex 52.965 47.5766 -0.056619
    endloop
  endfacet
  facet normal 0 0.773122 -0.634258
    outer loop
      vertex 46.035 47.5766 -0.056619
      vertex 52.965 47.4125 -0.256647
      vertex 46.035 47.4125 -0.256647
    endloop
  endfacet
  facet normal 0 0.290307 -0.956934
    outer loop
      vertex 46.035 48.0049 0.229521
      vertex 52.965 48.2525 0.304636
      vertex 52.965 48.0049 0.229521
    endloop
  endfacet
  facet normal 0 0.290307 -0.956934
    outer loop
      vertex 52.965 48.2525 0.304636
      vertex 46.035 48.0049 0.229521
      vertex 46.035 48.2525 0.304636
    endloop
  endfacet
  facet normal -0 0.290325 0.956928
    outer loop
      vertex 46.035 48.2525 -2.28464
      vertex 52.965 48.0049 -2.20952
      vertex 52.965 48.2525 -2.28464
    endloop
  endfacet
  facet normal 0 0.290325 0.956928
    outer loop
      vertex 52.965 48.0049 -2.20952
      vertex 46.035 48.2525 -2.28464
      vertex 46.035 48.0049 -2.20952
    endloop
  endfacet
  facet normal 0 -0.0983021 0.995157
    outer loop
      vertex 46.035 48.5182 -2.30919
      vertex 52.965 48.51 -2.31
      vertex 52.965 48.5182 -2.30919
    endloop
  endfacet
  facet normal 0 -0.0983021 0.995157
    outer loop
      vertex 52.965 48.51 -2.31
      vertex 46.035 48.5182 -2.30919
      vertex 46.035 48.51 -2.31
    endloop
  endfacet
  facet normal -0 0.634449 0.772965
    outer loop
      vertex 46.035 47.7766 -2.08754
      vertex 52.965 47.5766 -1.92338
      vertex 52.965 47.7766 -2.08754
    endloop
  endfacet
  facet normal 0 0.634449 0.772965
    outer loop
      vertex 52.965 47.5766 -1.92338
      vertex 46.035 47.7766 -2.08754
      vertex 46.035 47.5766 -1.92338
    endloop
  endfacet
  facet normal 0 0.634447 -0.772966
    outer loop
      vertex 46.035 47.5766 -0.056619
      vertex 52.965 47.7766 0.10754
      vertex 52.965 47.5766 -0.056619
    endloop
  endfacet
  facet normal 0 0.634447 -0.772966
    outer loop
      vertex 52.965 47.7766 0.10754
      vertex 46.035 47.5766 -0.056619
      vertex 46.035 47.7766 0.10754
    endloop
  endfacet
  facet normal 0 0.471253 -0.881998
    outer loop
      vertex 46.035 47.7766 0.10754
      vertex 52.965 48.0049 0.229521
      vertex 52.965 47.7766 0.10754
    endloop
  endfacet
  facet normal 0 0.471253 -0.881998
    outer loop
      vertex 52.965 48.0049 0.229521
      vertex 46.035 47.7766 0.10754
      vertex 46.035 48.0049 0.229521
    endloop
  endfacet
  facet normal -0 0.0980113 0.995185
    outer loop
      vertex 46.035 48.51 -2.31
      vertex 52.965 48.2525 -2.28464
      vertex 52.965 48.51 -2.31
    endloop
  endfacet
  facet normal 0 0.0980113 0.995185
    outer loop
      vertex 52.965 48.2525 -2.28464
      vertex 46.035 48.51 -2.31
      vertex 46.035 48.2525 -2.28464
    endloop
  endfacet
  facet normal 0 -0.0986626 -0.995121
    outer loop
      vertex 46.035 48.51 0.33
      vertex 52.965 48.5182 0.329187
      vertex 52.965 48.51 0.33
    endloop
  endfacet
  facet normal -0 -0.0986626 -0.995121
    outer loop
      vertex 52.965 48.5182 0.329187
      vertex 46.035 48.51 0.33
      vertex 46.035 48.5182 0.329187
    endloop
  endfacet
  facet normal 0 -0.290686 0.956819
    outer loop
      vertex 46.035 49.0151 -2.20952
      vertex 52.965 48.9967 -2.21511
      vertex 52.965 49.0151 -2.20952
    endloop
  endfacet
  facet normal 0 -0.290686 0.956819
    outer loop
      vertex 52.965 48.9967 -2.21511
      vertex 46.035 49.0151 -2.20952
      vertex 46.035 48.9967 -2.21511
    endloop
  endfacet
  facet normal 0 0.995171 0.0981568
    outer loop
      vertex 52.965 47.2154 -1.24752
      vertex 46.035 47.19 -0.99
      vertex 52.965 47.19 -0.99
    endloop
  endfacet
  facet normal 0 0.995171 0.0981568
    outer loop
      vertex 46.035 47.19 -0.99
      vertex 52.965 47.2154 -1.24752
      vertex 46.035 47.2154 -1.24752
    endloop
  endfacet
  facet normal 0 -0.956832 -0.290641
    outer loop
      vertex 46.035 49.7351 -0.503294
      vertex 52.965 49.7295 -0.484858
      vertex 46.035 49.7295 -0.484858
    endloop
  endfacet
  facet normal 0 -0.956832 -0.290641
    outer loop
      vertex 52.965 49.7295 -0.484858
      vertex 46.035 49.7351 -0.503294
      vertex 52.965 49.7351 -0.503294
    endloop
  endfacet
  facet normal 0 0.956806 0.290728
    outer loop
      vertex 52.965 47.2905 -1.49514
      vertex 46.035 47.2849 -1.47671
      vertex 52.965 47.2849 -1.47671
    endloop
  endfacet
  facet normal 0 0.956806 0.290728
    outer loop
      vertex 46.035 47.2849 -1.47671
      vertex 52.965 47.2905 -1.49514
      vertex 46.035 47.2905 -1.49514
    endloop
  endfacet
  facet normal 0 0.956959 0.290224
    outer loop
      vertex 52.965 47.2526 -1.37018
      vertex 46.035 47.2154 -1.24752
      vertex 52.965 47.2154 -1.24752
    endloop
  endfacet
  facet normal 0 0.956959 0.290224
    outer loop
      vertex 46.035 47.2154 -1.24752
      vertex 52.965 47.2526 -1.37018
      vertex 46.035 47.2526 -1.37018
    endloop
  endfacet
  facet normal 0 -0.881565 -0.472063
    outer loop
      vertex 46.035 49.7295 -0.484858
      vertex 52.965 49.7204 -0.467864
      vertex 46.035 49.7204 -0.467864
    endloop
  endfacet
  facet normal 0 -0.881565 -0.472063
    outer loop
      vertex 52.965 49.7204 -0.467864
      vertex 46.035 49.7295 -0.484858
      vertex 52.965 49.7295 -0.484858
    endloop
  endfacet
  facet normal 0 0.0980266 -0.995184
    outer loop
      vertex 46.035 48.2525 0.304636
      vertex 52.965 48.51 0.33
      vertex 52.965 48.2525 0.304636
    endloop
  endfacet
  facet normal 0 0.0980266 -0.995184
    outer loop
      vertex 52.965 48.51 0.33
      vertex 46.035 48.2525 0.304636
      vertex 46.035 48.51 0.33
    endloop
  endfacet
  facet normal 0 -0.558332 -0.829617
    outer loop
      vertex 46.035 49.4433 -0.0565517
      vertex 52.965 49.4434 -0.056619
      vertex 52.965 49.4433 -0.0565517
    endloop
  endfacet
  facet normal -0 -0.558332 -0.829617
    outer loop
      vertex 52.965 49.4434 -0.056619
      vertex 46.035 49.4433 -0.0565517
      vertex 46.035 49.4434 -0.056619
    endloop
  endfacet
  facet normal 0 -0.471288 -0.881979
    outer loop
      vertex 46.035 49.0151 0.229521
      vertex 52.965 49.0321 0.220437
      vertex 52.965 49.0151 0.229521
    endloop
  endfacet
  facet normal -0 -0.471288 -0.881979
    outer loop
      vertex 52.965 49.0321 0.220437
      vertex 46.035 49.0151 0.229521
      vertex 46.035 49.0321 0.220437
    endloop
  endfacet
  facet normal 0 0.881891 -0.471453
    outer loop
      vertex 52.965 47.2905 -0.484858
      vertex 46.035 47.4125 -0.256647
      vertex 52.965 47.4125 -0.256647
    endloop
  endfacet
  facet normal 0 0.881891 -0.471453
    outer loop
      vertex 46.035 47.4125 -0.256647
      vertex 52.965 47.2905 -0.484858
      vertex 46.035 47.2905 -0.484858
    endloop
  endfacet
  facet normal 0 -0.290781 -0.95679
    outer loop
      vertex 46.035 48.9967 0.235113
      vertex 52.965 49.0151 0.229521
      vertex 52.965 48.9967 0.235113
    endloop
  endfacet
  facet normal -0 -0.290781 -0.95679
    outer loop
      vertex 52.965 49.0151 0.229521
      vertex 46.035 48.9967 0.235113
      vertex 46.035 49.0151 0.229521
    endloop
  endfacet
  facet normal 0 0.773036 0.634362
    outer loop
      vertex 52.965 47.5766 -1.92338
      vertex 46.035 47.5207 -1.85526
      vertex 52.965 47.5207 -1.85526
    endloop
  endfacet
  facet normal 0 0.773036 0.634362
    outer loop
      vertex 46.035 47.5207 -1.85526
      vertex 52.965 47.5766 -1.92338
      vertex 46.035 47.5766 -1.92338
    endloop
  endfacet
  facet normal 0 0.881519 0.472149
    outer loop
      vertex 52.965 47.2996 -1.51213
      vertex 46.035 47.2905 -1.49514
      vertex 52.965 47.2905 -1.49514
    endloop
  endfacet
  facet normal 0 0.881519 0.472149
    outer loop
      vertex 46.035 47.2905 -1.49514
      vertex 52.965 47.2996 -1.51213
      vertex 46.035 47.2996 -1.51213
    endloop
  endfacet
  facet normal 0 0.995171 -0.0981572
    outer loop
      vertex 52.965 47.19 -0.99
      vertex 46.035 47.2154 -0.732481
      vertex 52.965 47.2154 -0.732481
    endloop
  endfacet
  facet normal 0 0.995171 -0.0981572
    outer loop
      vertex 46.035 47.2154 -0.732481
      vertex 52.965 47.19 -0.99
      vertex 46.035 47.19 -0.99
    endloop
  endfacet
  facet normal 0 0 1
    outer loop
      vertex 19.965 50.5621 0.66
      vertex 13.035 50.5621 0.66
      vertex 19.965 46.86 0.66
    endloop
  endfacet
  facet normal 0 0 1
    outer loop
      vertex 52.965 50.5621 0.66
      vertex 46.035 50.5621 0.66
      vertex 52.965 46.86 0.66
    endloop
  endfacet
  facet normal 0 0 1
    outer loop
      vertex 60.06 46.86 0.66
      vertex 66 40.92 0.66
      vertex 65.8859 42.0788 0.66
    endloop
  endfacet
  facet normal 0 0 1
    outer loop
      vertex 60.06 46.86 0.66
      vertex 65.8859 42.0788 0.66
      vertex 65.5478 43.1931 0.66
    endloop
  endfacet
  facet normal 0 0 1
    outer loop
      vertex 60.06 46.86 0.66
      vertex 65.5478 43.1931 0.66
      vertex 64.9989 44.2201 0.66
    endloop
  endfacet
  facet normal 0 0 1
    outer loop
      vertex 66 40.92 0.66
      vertex 64.6581 24.1065 0.66
      vertex 66 24.1065 0.66
    endloop
  endfacet
  facet normal 0 0 1
    outer loop
      vertex 66 40.92 0.66
      vertex 60.06 46.86 0.66
      vertex 52.965 46.86 0.66
    endloop
  endfacet
  facet normal 0 0 1
    outer loop
      vertex 60.06 46.86 0.66
      vertex 64.9989 44.2201 0.66
      vertex 64.2602 45.1202 0.66
    endloop
  endfacet
  facet normal -0 0 1
    outer loop
      vertex 64.6581 8.8935 0.66
      vertex 66 5.94 0.66
      vertex 66 8.8935 0.66
    endloop
  endfacet
  facet normal 0 0 1
    outer loop
      vertex 66 5.94 0.66
      vertex 64.6581 8.8935 0.66
      vertex 65.8859 4.78116 0.66
    endloop
  endfacet
  facet normal 0 0 1
    outer loop
      vertex 65.8859 4.78116 0.66
      vertex 64.6581 8.8935 0.66
      vertex 65.5478 3.66686 0.66
    endloop
  endfacet
  facet normal 0 0 1
    outer loop
      vertex 65.5478 3.66686 0.66
      vertex 64.6581 8.8935 0.66
      vertex 64.9989 2.63991 0.66
    endloop
  endfacet
  facet normal 0 0 1
    outer loop
      vertex 64.6581 8.8935 0.66
      vertex 64.2602 1.73979 0.66
      vertex 64.9989 2.63991 0.66
    endloop
  endfacet
  facet normal -0 0 1
    outer loop
      vertex 46.035 46.86 0.66
      vertex 64.6581 24.1065 0.66
      vertex 52.965 46.86 0.66
    endloop
  endfacet
  facet normal 0 0 1
    outer loop
      vertex 60.06 46.86 0.66
      vertex 64.2602 45.1202 0.66
      vertex 63.3601 45.8589 0.66
    endloop
  endfacet
  facet normal 0 -0 1
    outer loop
      vertex 60.06 0 0.66
      vertex 64.6581 24.1065 0.66
      vertex 46.035 46.86 0.66
    endloop
  endfacet
  facet normal 0 0 1
    outer loop
      vertex 60.06 46.86 0.66
      vertex 63.3601 45.8589 0.66
      vertex 62.3331 46.4078 0.66
    endloop
  endfacet
  facet normal 0 0 1
    outer loop
      vertex 66 40.92 0.66
      vertex 52.965 46.86 0.66
      vertex 64.6581 24.1065 0.66
    endloop
  endfacet
  facet normal 0 0 1
    outer loop
      vertex 60.06 46.86 0.66
      vertex 62.3331 46.4078 0.66
      vertex 61.2188 46.7459 0.66
    endloop
  endfacet
  facet normal 0 -0 1
    outer loop
      vertex 61.2188 0.114135 0.66
      vertex 64.6581 8.8935 0.66
      vertex 60.06 0 0.66
    endloop
  endfacet
  facet normal 0 0 1
    outer loop
      vertex 64.6581 8.8935 0.66
      vertex 62.3331 0.452155 0.66
      vertex 63.3601 1.00107 0.66
    endloop
  endfacet
  facet normal 0 0 1
    outer loop
      vertex 64.6581 8.8935 0.66
      vertex 61.2188 0.114135 0.66
      vertex 62.3331 0.452155 0.66
    endloop
  endfacet
  facet normal 0 0 1
    outer loop
      vertex 64.6581 8.8935 0.66
      vertex 63.3601 1.00107 0.66
      vertex 64.2602 1.73979 0.66
    endloop
  endfacet
  facet normal 0 0 1
    outer loop
      vertex 46.035 46.86 0.66
      vertex 52.965 46.86 0.66
      vertex 46.035 50.5621 0.66
    endloop
  endfacet
  facet normal 0 0 1
    outer loop
      vertex 64.6581 24.1065 0.66
      vertex 60.06 0 0.66
      vertex 64.6581 8.8935 0.66
    endloop
  endfacet
  facet normal -0 0 1
    outer loop
      vertex 19.965 46.86 0.66
      vertex 60.06 0 0.66
      vertex 46.035 46.86 0.66
    endloop
  endfacet
  facet normal 0 0 1
    outer loop
      vertex 13.035 46.86 0.66
      vertex 19.965 46.86 0.66
      vertex 13.035 50.5621 0.66
    endloop
  endfacet
  facet normal 0 0 1
    outer loop
      vertex 1.34186 24.1065 0.66
      vertex 19.965 46.86 0.66
      vertex 13.035 46.86 0.66
    endloop
  endfacet
  facet normal 0 0 1
    outer loop
      vertex 0 40.92 0.66
      vertex 13.035 46.86 0.66
      vertex 5.94 46.86 0.66
    endloop
  endfacet
  facet normal 0 -0 1
    outer loop
      vertex 5.94 0 0.66
      vertex 19.965 46.86 0.66
      vertex 1.34186 24.1065 0.66
    endloop
  endfacet
  facet normal 0 0 1
    outer loop
      vertex 0 40.92 0.66
      vertex 5.94 46.86 0.66
      vertex 4.78116 46.7459 0.66
    endloop
  endfacet
  facet normal 0 0 1
    outer loop
      vertex 19.965 46.86 0.66
      vertex 5.94 0 0.66
      vertex 60.06 0 0.66
    endloop
  endfacet
  facet normal 0 0 1
    outer loop
      vertex 0 40.92 0.66
      vertex 4.78116 46.7459 0.66
      vertex 3.66686 46.4078 0.66
    endloop
  endfacet
  facet normal -0 0 1
    outer loop
      vertex 1.34186 8.8935 0.66
      vertex 5.94 0 0.66
      vertex 1.34186 24.1065 0.66
    endloop
  endfacet
  facet normal 0 0 1
    outer loop
      vertex 0 40.92 0.66
      vertex 3.66686 46.4078 0.66
      vertex 2.63991 45.8589 0.66
    endloop
  endfacet
  facet normal 0 0 1
    outer loop
      vertex 5.94 0 0.66
      vertex 1.34186 8.8935 0.66
      vertex 4.78116 0.114135 0.66
    endloop
  endfacet
  facet normal 0 0 1
    outer loop
      vertex 0 40.92 0.66
      vertex 2.63991 45.8589 0.66
      vertex 1.73979 45.1202 0.66
    endloop
  endfacet
  facet normal 0 0 1
    outer loop
      vertex 4.78116 0.114135 0.66
      vertex 1.34186 8.8935 0.66
      vertex 3.66686 0.452155 0.66
    endloop
  endfacet
  facet normal 0 0 1
    outer loop
      vertex 3.66686 0.452155 0.66
      vertex 1.34186 8.8935 0.66
      vertex 2.63991 1.00107 0.66
    endloop
  endfacet
  facet normal 0 0 1
    outer loop
      vertex 0 40.92 0.66
      vertex 1.73979 45.1202 0.66
      vertex 1.00107 44.2201 0.66
    endloop
  endfacet
  facet normal 0 0 1
    outer loop
      vertex 0 40.92 0.66
      vertex 1.00107 44.2201 0.66
      vertex 0.452155 43.1931 0.66
    endloop
  endfacet
  facet normal 0 0 1
    outer loop
      vertex 0 40.92 0.66
      vertex 0.452155 43.1931 0.66
      vertex 0.114135 42.0788 0.66
    endloop
  endfacet
  facet normal 0 0 1
    outer loop
      vertex 13.035 46.86 0.66
      vertex 0 40.92 0.66
      vertex 1.34186 24.1065 0.66
    endloop
  endfacet
  facet normal 0 0 1
    outer loop
      vertex 1.34186 24.1065 0.66
      vertex 0 40.92 0.66
      vertex 0 24.1065 0.66
    endloop
  endfacet
  facet normal 0 0 1
    outer loop
      vertex 2.63991 1.00107 0.66
      vertex 1.34186 8.8935 0.66
      vertex 1.73979 1.73979 0.66
    endloop
  endfacet
  facet normal 0 0 1
    outer loop
      vertex 1.34186 8.8935 0.66
      vertex 1.00107 2.63991 0.66
      vertex 1.73979 1.73979 0.66
    endloop
  endfacet
  facet normal 0 0 1
    outer loop
      vertex 1.34186 8.8935 0.66
      vertex 0.452155 3.66686 0.66
      vertex 1.00107 2.63991 0.66
    endloop
  endfacet
  facet normal 0 0 1
    outer loop
      vertex 1.34186 8.8935 0.66
      vertex 0.114135 4.78116 0.66
      vertex 0.452155 3.66686 0.66
    endloop
  endfacet
  facet normal 0 0 1
    outer loop
      vertex 0 5.94 0.66
      vertex 1.34186 8.8935 0.66
      vertex 0 8.8935 0.66
    endloop
  endfacet
  facet normal 0 0 1
    outer loop
      vertex 1.34186 8.8935 0.66
      vertex 0 5.94 0.66
      vertex 0.114135 4.78116 0.66
    endloop
  endfacet
endsolid OpenSCAD_Model
