solid OpenSCAD_Model
  facet normal -0.956951 -0.290248 0
    outer loop
      vertex 18.0761 18.6173 -11
      vertex 18.0192 18.8049 0
      vertex 18.0192 18.8049 -11
    endloop
  endfacet
  facet normal -0.956951 -0.290248 0
    outer loop
      vertex 18.0192 18.8049 0
      vertex 18.0761 18.6173 -11
      vertex 18.0761 18.6173 0
    endloop
  endfacet
  facet normal -0.995193 -0.097938 0
    outer loop
      vertex 18.0192 18.8049 -11
      vertex 18 19 0
      vertex 18 19 -11
    endloop
  endfacet
  facet normal -0.995193 -0.097938 0
    outer loop
      vertex 18 19 0
      vertex 18.0192 18.8049 -11
      vertex 18.0192 18.8049 0
    endloop
  endfacet
  facet normal 1 -0 0
    outer loop
      vertex 582 19 0
      vertex 582 381 -11
      vertex 582 381 0
    endloop
  endfacet
  facet normal 1 0 0
    outer loop
      vertex 582 381 -11
      vertex 582 19 0
      vertex 582 19 -11
    endloop
  endfacet
  facet normal 0 1 -0
    outer loop
      vertex 581 382 -11
      vertex 19 382 0
      vertex 581 382 0
    endloop
  endfacet
  facet normal 0 1 0
    outer loop
      vertex 19 382 0
      vertex 581 382 -11
      vertex 19 382 -11
    endloop
  endfacet
  facet normal -0.634598 -0.772842 0
    outer loop
      vertex 18.2929 18.2929 -11
      vertex 18.4444 18.1685 0
      vertex 18.2929 18.2929 0
    endloop
  endfacet
  facet normal -0.634598 -0.772842 -0
    outer loop
      vertex 18.4444 18.1685 0
      vertex 18.2929 18.2929 -11
      vertex 18.4444 18.1685 -11
    endloop
  endfacet
  facet normal 0.473492 0.880798 -0
    outer loop
      vertex 581.556 381.831 -11
      vertex 581.383 381.924 0
      vertex 581.556 381.831 0
    endloop
  endfacet
  facet normal 0.473492 0.880798 0
    outer loop
      vertex 581.383 381.924 0
      vertex 581.556 381.831 -11
      vertex 581.383 381.924 -11
    endloop
  endfacet
  facet normal -0.633377 0.773843 0
    outer loop
      vertex 18.4444 381.831 -11
      vertex 18.2929 381.707 0
      vertex 18.4444 381.831 0
    endloop
  endfacet
  facet normal -0.633377 0.773843 0
    outer loop
      vertex 18.2929 381.707 0
      vertex 18.4444 381.831 -11
      vertex 18.2929 381.707 -11
    endloop
  endfacet
  facet normal 0 0 -1
    outer loop
      vertex 581 18 -11
      vertex 582 19 -11
      vertex 581.981 18.8049 -11
    endloop
  endfacet
  facet normal 0 0 -1
    outer loop
      vertex 582 19 -11
      vertex 578 23 -11
      vertex 582 381 -11
    endloop
  endfacet
  facet normal 0 0 -1
    outer loop
      vertex 581 18 -11
      vertex 581.981 18.8049 -11
      vertex 581.924 18.6173 -11
    endloop
  endfacet
  facet normal 0 0 -1
    outer loop
      vertex 578 377 -11
      vertex 582 381 -11
      vertex 578 23 -11
    endloop
  endfacet
  facet normal 0 0 -1
    outer loop
      vertex 581 18 -11
      vertex 581.924 18.6173 -11
      vertex 581.831 18.4444 -11
    endloop
  endfacet
  facet normal 0 0 -1
    outer loop
      vertex 577.981 377.195 -11
      vertex 582 381 -11
      vertex 578 377 -11
    endloop
  endfacet
  facet normal 0 0 -1
    outer loop
      vertex 581 18 -11
      vertex 581.831 18.4444 -11
      vertex 581.707 18.2929 -11
    endloop
  endfacet
  facet normal 0 0 -1
    outer loop
      vertex 577.924 377.383 -11
      vertex 582 381 -11
      vertex 577.981 377.195 -11
    endloop
  endfacet
  facet normal 0 0 -1
    outer loop
      vertex 581 18 -11
      vertex 581.707 18.2929 -11
      vertex 581.556 18.1685 -11
    endloop
  endfacet
  facet normal 0 0 -1
    outer loop
      vertex 577.831 377.556 -11
      vertex 582 381 -11
      vertex 577.924 377.383 -11
    endloop
  endfacet
  facet normal 0 0 -1
    outer loop
      vertex 581 18 -11
      vertex 581.556 18.1685 -11
      vertex 581.383 18.0761 -11
    endloop
  endfacet
  facet normal 0 0 -1
    outer loop
      vertex 577.707 377.707 -11
      vertex 582 381 -11
      vertex 577.831 377.556 -11
    endloop
  endfacet
  facet normal 0 0 -1
    outer loop
      vertex 581 18 -11
      vertex 581.383 18.0761 -11
      vertex 581.195 18.0192 -11
    endloop
  endfacet
  facet normal 0 -0 -1
    outer loop
      vertex 581 382 -11
      vertex 582 381 -11
      vertex 577.707 377.707 -11
    endloop
  endfacet
  facet normal -0 0 -1
    outer loop
      vertex 582 19 -11
      vertex 581 18 -11
      vertex 577.707 22.2929 -11
    endloop
  endfacet
  facet normal 0 0 -1
    outer loop
      vertex 581.981 381.195 -11
      vertex 581 382 -11
      vertex 581.924 381.383 -11
    endloop
  endfacet
  facet normal 0 0 -1
    outer loop
      vertex 581.924 381.383 -11
      vertex 581 382 -11
      vertex 581.831 381.556 -11
    endloop
  endfacet
  facet normal 0 0 -1
    outer loop
      vertex 582 19 -11
      vertex 577.981 22.8049 -11
      vertex 578 23 -11
    endloop
  endfacet
  facet normal 0 0 -1
    outer loop
      vertex 582 19 -11
      vertex 577.924 22.6173 -11
      vertex 577.981 22.8049 -11
    endloop
  endfacet
  facet normal 0 0 -1
    outer loop
      vertex 582 19 -11
      vertex 577.831 22.4444 -11
      vertex 577.924 22.6173 -11
    endloop
  endfacet
  facet normal 0 0 -1
    outer loop
      vertex 582 19 -11
      vertex 577.707 22.2929 -11
      vertex 577.831 22.4444 -11
    endloop
  endfacet
  facet normal 0 0 -1
    outer loop
      vertex 581 18 -11
      vertex 577.556 22.1685 -11
      vertex 577.707 22.2929 -11
    endloop
  endfacet
  facet normal 0 0 -1
    outer loop
      vertex 581 18 -11
      vertex 577.383 22.0761 -11
      vertex 577.556 22.1685 -11
    endloop
  endfacet
  facet normal 0 0 -1
    outer loop
      vertex 581 18 -11
      vertex 577.195 22.0192 -11
      vertex 577.383 22.0761 -11
    endloop
  endfacet
  facet normal 0 0 -1
    outer loop
      vertex 581 18 -11
      vertex 577 22 -11
      vertex 577.195 22.0192 -11
    endloop
  endfacet
  facet normal 0 0 -1
    outer loop
      vertex 581 18 -11
      vertex 23 22 -11
      vertex 577 22 -11
    endloop
  endfacet
  facet normal -0 0 -1
    outer loop
      vertex 22.0192 22.8049 -11
      vertex 18 19 -11
      vertex 22 23 -11
    endloop
  endfacet
  facet normal -0 0 -1
    outer loop
      vertex 22.0761 22.6173 -11
      vertex 18 19 -11
      vertex 22.0192 22.8049 -11
    endloop
  endfacet
  facet normal -0 0 -1
    outer loop
      vertex 22.1685 22.4444 -11
      vertex 18 19 -11
      vertex 22.0761 22.6173 -11
    endloop
  endfacet
  facet normal -0 0 -1
    outer loop
      vertex 22.2929 22.2929 -11
      vertex 18 19 -11
      vertex 22.1685 22.4444 -11
    endloop
  endfacet
  facet normal 0 0 -1
    outer loop
      vertex 18 19 -11
      vertex 22.2929 22.2929 -11
      vertex 19 18 -11
    endloop
  endfacet
  facet normal -0 0 -1
    outer loop
      vertex 22.4444 22.1685 -11
      vertex 19 18 -11
      vertex 22.2929 22.2929 -11
    endloop
  endfacet
  facet normal -0 0 -1
    outer loop
      vertex 22.6173 22.0761 -11
      vertex 19 18 -11
      vertex 22.4444 22.1685 -11
    endloop
  endfacet
  facet normal -0 0 -1
    outer loop
      vertex 22.8049 22.0192 -11
      vertex 19 18 -11
      vertex 22.6173 22.0761 -11
    endloop
  endfacet
  facet normal -0 0 -1
    outer loop
      vertex 23 22 -11
      vertex 19 18 -11
      vertex 22.8049 22.0192 -11
    endloop
  endfacet
  facet normal 0 0 -1
    outer loop
      vertex 19 18 -11
      vertex 23 22 -11
      vertex 581 18 -11
    endloop
  endfacet
  facet normal 0 0 -1
    outer loop
      vertex 581.831 381.556 -11
      vertex 581 382 -11
      vertex 581.707 381.707 -11
    endloop
  endfacet
  facet normal 0 0 -1
    outer loop
      vertex 581.556 381.831 -11
      vertex 581 382 -11
      vertex 581.383 381.924 -11
    endloop
  endfacet
  facet normal 0 0 -1
    outer loop
      vertex 581.383 381.924 -11
      vertex 581 382 -11
      vertex 581.195 381.981 -11
    endloop
  endfacet
  facet normal 0 0 -1
    outer loop
      vertex 581.707 381.707 -11
      vertex 581 382 -11
      vertex 581.556 381.831 -11
    endloop
  endfacet
  facet normal 0 0 -1
    outer loop
      vertex 582 381 -11
      vertex 581 382 -11
      vertex 581.981 381.195 -11
    endloop
  endfacet
  facet normal 0 0 -1
    outer loop
      vertex 577.556 377.831 -11
      vertex 581 382 -11
      vertex 577.707 377.707 -11
    endloop
  endfacet
  facet normal 0 0 -1
    outer loop
      vertex 577.383 377.924 -11
      vertex 581 382 -11
      vertex 577.556 377.831 -11
    endloop
  endfacet
  facet normal 0 0 -1
    outer loop
      vertex 577.195 377.981 -11
      vertex 581 382 -11
      vertex 577.383 377.924 -11
    endloop
  endfacet
  facet normal 0 0 -1
    outer loop
      vertex 577 378 -11
      vertex 581 382 -11
      vertex 577.195 377.981 -11
    endloop
  endfacet
  facet normal 0 0 -1
    outer loop
      vertex 23 378 -11
      vertex 581 382 -11
      vertex 577 378 -11
    endloop
  endfacet
  facet normal 0 0 -1
    outer loop
      vertex 23 378 -11
      vertex 19 382 -11
      vertex 581 382 -11
    endloop
  endfacet
  facet normal 0 0 -1
    outer loop
      vertex 22.8049 377.981 -11
      vertex 19 382 -11
      vertex 23 378 -11
    endloop
  endfacet
  facet normal 0 0 -1
    outer loop
      vertex 22.6173 377.924 -11
      vertex 19 382 -11
      vertex 22.8049 377.981 -11
    endloop
  endfacet
  facet normal 0 0 -1
    outer loop
      vertex 22.4444 377.831 -11
      vertex 19 382 -11
      vertex 22.6173 377.924 -11
    endloop
  endfacet
  facet normal 0 0 -1
    outer loop
      vertex 22.2929 377.707 -11
      vertex 19 382 -11
      vertex 22.4444 377.831 -11
    endloop
  endfacet
  facet normal 0 0 -1
    outer loop
      vertex 18 381 -11
      vertex 22.2929 377.707 -11
      vertex 22.1685 377.556 -11
    endloop
  endfacet
  facet normal 0 0 -1
    outer loop
      vertex 18 381 -11
      vertex 22.1685 377.556 -11
      vertex 22.0761 377.383 -11
    endloop
  endfacet
  facet normal 0 0 -1
    outer loop
      vertex 18 381 -11
      vertex 22.0761 377.383 -11
      vertex 22.0192 377.195 -11
    endloop
  endfacet
  facet normal 0 0 -1
    outer loop
      vertex 18 381 -11
      vertex 22.0192 377.195 -11
      vertex 22 377 -11
    endloop
  endfacet
  facet normal -0 0 -1
    outer loop
      vertex 22 23 -11
      vertex 18 19 -11
      vertex 22 377 -11
    endloop
  endfacet
  facet normal 0 0 -1
    outer loop
      vertex 18 19 -11
      vertex 19 18 -11
      vertex 18.8049 18.0192 -11
    endloop
  endfacet
  facet normal 0 0 -1
    outer loop
      vertex 18 381 -11
      vertex 22 377 -11
      vertex 18 19 -11
    endloop
  endfacet
  facet normal 0 0 -1
    outer loop
      vertex 18 19 -11
      vertex 18.8049 18.0192 -11
      vertex 18.6173 18.0761 -11
    endloop
  endfacet
  facet normal 0 0 -1
    outer loop
      vertex 22.2929 377.707 -11
      vertex 18 381 -11
      vertex 19 382 -11
    endloop
  endfacet
  facet normal 0 0 -1
    outer loop
      vertex 18 19 -11
      vertex 18.6173 18.0761 -11
      vertex 18.4444 18.1685 -11
    endloop
  endfacet
  facet normal 0 0 -1
    outer loop
      vertex 19 382 -11
      vertex 18 381 -11
      vertex 18.8049 381.981 -11
    endloop
  endfacet
  facet normal 0 0 -1
    outer loop
      vertex 18 19 -11
      vertex 18.4444 18.1685 -11
      vertex 18.2929 18.2929 -11
    endloop
  endfacet
  facet normal 0 0 -1
    outer loop
      vertex 18.8049 381.981 -11
      vertex 18 381 -11
      vertex 18.6173 381.924 -11
    endloop
  endfacet
  facet normal 0 0 -1
    outer loop
      vertex 18 19 -11
      vertex 18.2929 18.2929 -11
      vertex 18.1685 18.4444 -11
    endloop
  endfacet
  facet normal 0 0 -1
    outer loop
      vertex 18.6173 381.924 -11
      vertex 18 381 -11
      vertex 18.4444 381.831 -11
    endloop
  endfacet
  facet normal 0 0 -1
    outer loop
      vertex 18 19 -11
      vertex 18.1685 18.4444 -11
      vertex 18.0761 18.6173 -11
    endloop
  endfacet
  facet normal 0 0 -1
    outer loop
      vertex 18.4444 381.831 -11
      vertex 18 381 -11
      vertex 18.2929 381.707 -11
    endloop
  endfacet
  facet normal 0 0 -1
    outer loop
      vertex 18 19 -11
      vertex 18.0761 18.6173 -11
      vertex 18.0192 18.8049 -11
    endloop
  endfacet
  facet normal 0 0 -1
    outer loop
      vertex 18.2929 381.707 -11
      vertex 18 381 -11
      vertex 18.1685 381.556 -11
    endloop
  endfacet
  facet normal 0 0 -1
    outer loop
      vertex 18.1685 381.556 -11
      vertex 18 381 -11
      vertex 18.0761 381.383 -11
    endloop
  endfacet
  facet normal 0 0 -1
    outer loop
      vertex 18.0761 381.383 -11
      vertex 18 381 -11
      vertex 18.0192 381.195 -11
    endloop
  endfacet
  facet normal -1 0 0
    outer loop
      vertex 18 19 -11
      vertex 18 381 0
      vertex 18 381 -11
    endloop
  endfacet
  facet normal -1 -0 0
    outer loop
      vertex 18 381 0
      vertex 18 19 -11
      vertex 18 19 0
    endloop
  endfacet
  facet normal 0.0979877 -0.995188 0
    outer loop
      vertex 581 18 -11
      vertex 581.195 18.0192 0
      vertex 581 18 0
    endloop
  endfacet
  facet normal 0.0979877 -0.995188 0
    outer loop
      vertex 581.195 18.0192 0
      vertex 581 18 -11
      vertex 581.195 18.0192 -11
    endloop
  endfacet
  facet normal -0.290715 0.95681 0
    outer loop
      vertex 18.8049 381.981 -11
      vertex 18.6173 381.924 0
      vertex 18.8049 381.981 0
    endloop
  endfacet
  facet normal -0.290715 0.95681 0
    outer loop
      vertex 18.6173 381.924 0
      vertex 18.8049 381.981 -11
      vertex 18.6173 381.924 -11
    endloop
  endfacet
  facet normal 0 -1 0
    outer loop
      vertex 19 18 -11
      vertex 581 18 0
      vertex 19 18 0
    endloop
  endfacet
  facet normal 0 -1 -0
    outer loop
      vertex 581 18 0
      vertex 19 18 -11
      vertex 581 18 -11
    endloop
  endfacet
  facet normal 0.635851 -0.771812 0
    outer loop
      vertex 581.556 18.1685 -11
      vertex 581.707 18.2929 0
      vertex 581.556 18.1685 0
    endloop
  endfacet
  facet normal 0.635851 -0.771812 0
    outer loop
      vertex 581.707 18.2929 0
      vertex 581.556 18.1685 -11
      vertex 581.707 18.2929 -11
    endloop
  endfacet
  facet normal 0.773843 -0.633377 0
    outer loop
      vertex 581.707 18.2929 0
      vertex 581.831 18.4444 -11
      vertex 581.831 18.4444 0
    endloop
  endfacet
  facet normal 0.773843 -0.633377 0
    outer loop
      vertex 581.831 18.4444 -11
      vertex 581.707 18.2929 0
      vertex 581.707 18.2929 -11
    endloop
  endfacet
  facet normal 0.772816 0.63463 0
    outer loop
      vertex 581.831 381.556 0
      vertex 581.707 381.707 -11
      vertex 581.707 381.707 0
    endloop
  endfacet
  facet normal 0.772816 0.63463 0
    outer loop
      vertex 581.707 381.707 -11
      vertex 581.831 381.556 0
      vertex 581.831 381.556 -11
    endloop
  endfacet
  facet normal -0.771812 0.635851 0
    outer loop
      vertex 18.1685 381.556 -11
      vertex 18.2929 381.707 0
      vertex 18.2929 381.707 -11
    endloop
  endfacet
  facet normal -0.771812 0.635851 0
    outer loop
      vertex 18.2929 381.707 0
      vertex 18.1685 381.556 -11
      vertex 18.1685 381.556 0
    endloop
  endfacet
  facet normal 0.880798 0.473492 0
    outer loop
      vertex 581.924 381.383 0
      vertex 581.831 381.556 -11
      vertex 581.831 381.556 0
    endloop
  endfacet
  facet normal 0.880798 0.473492 0
    outer loop
      vertex 581.831 381.556 -11
      vertex 581.924 381.383 0
      vertex 581.924 381.383 -11
    endloop
  endfacet
  facet normal 0.471117 -0.882071 0
    outer loop
      vertex 581.383 18.0761 -11
      vertex 581.556 18.1685 0
      vertex 581.383 18.0761 0
    endloop
  endfacet
  facet normal 0.471117 -0.882071 0
    outer loop
      vertex 581.556 18.1685 0
      vertex 581.383 18.0761 -11
      vertex 581.556 18.1685 -11
    endloop
  endfacet
  facet normal 0.95681 -0.290715 0
    outer loop
      vertex 581.924 18.6173 0
      vertex 581.981 18.8049 -11
      vertex 581.981 18.8049 0
    endloop
  endfacet
  facet normal 0.95681 -0.290715 0
    outer loop
      vertex 581.981 18.8049 -11
      vertex 581.924 18.6173 0
      vertex 581.924 18.6173 -11
    endloop
  endfacet
  facet normal -0.473705 0.880684 0
    outer loop
      vertex 18.6173 381.924 -11
      vertex 18.4444 381.831 0
      vertex 18.6173 381.924 0
    endloop
  endfacet
  facet normal -0.473705 0.880684 0
    outer loop
      vertex 18.4444 381.831 0
      vertex 18.6173 381.924 -11
      vertex 18.4444 381.831 -11
    endloop
  endfacet
  facet normal 0.995287 0.0969766 0
    outer loop
      vertex 582 381 0
      vertex 581.981 381.195 -11
      vertex 581.981 381.195 0
    endloop
  endfacet
  facet normal 0.995287 0.0969766 0
    outer loop
      vertex 581.981 381.195 -11
      vertex 582 381 0
      vertex 582 381 -11
    endloop
  endfacet
  facet normal -0.882071 0.471117 0
    outer loop
      vertex 18.0761 381.383 -11
      vertex 18.1685 381.556 0
      vertex 18.1685 381.556 -11
    endloop
  endfacet
  facet normal -0.882071 0.471117 0
    outer loop
      vertex 18.1685 381.556 0
      vertex 18.0761 381.383 -11
      vertex 18.0761 381.383 0
    endloop
  endfacet
  facet normal 0.956982 0.290149 0
    outer loop
      vertex 581.981 381.195 0
      vertex 581.924 381.383 -11
      vertex 581.924 381.383 0
    endloop
  endfacet
  facet normal 0.956982 0.290149 0
    outer loop
      vertex 581.924 381.383 -11
      vertex 581.981 381.195 0
      vertex 581.981 381.195 -11
    endloop
  endfacet
  facet normal 0.63463 0.772816 -0
    outer loop
      vertex 581.707 381.707 -11
      vertex 581.556 381.831 0
      vertex 581.707 381.707 0
    endloop
  endfacet
  facet normal 0.63463 0.772816 0
    outer loop
      vertex 581.556 381.831 0
      vertex 581.707 381.707 -11
      vertex 581.556 381.831 -11
    endloop
  endfacet
  facet normal -0.957123 0.289682 0
    outer loop
      vertex 18.0192 381.195 -11
      vertex 18.0761 381.383 0
      vertex 18.0761 381.383 -11
    endloop
  endfacet
  facet normal -0.957123 0.289682 0
    outer loop
      vertex 18.0761 381.383 0
      vertex 18.0192 381.195 -11
      vertex 18.0192 381.195 0
    endloop
  endfacet
  facet normal -0.995188 0.0979877 0
    outer loop
      vertex 18 381 -11
      vertex 18.0192 381.195 0
      vertex 18.0192 381.195 -11
    endloop
  endfacet
  facet normal -0.995188 0.0979877 0
    outer loop
      vertex 18.0192 381.195 0
      vertex 18 381 -11
      vertex 18 381 0
    endloop
  endfacet
  facet normal 0.290149 0.956982 -0
    outer loop
      vertex 581.383 381.924 -11
      vertex 581.195 381.981 0
      vertex 581.383 381.924 0
    endloop
  endfacet
  facet normal 0.290149 0.956982 0
    outer loop
      vertex 581.195 381.981 0
      vertex 581.383 381.924 -11
      vertex 581.195 381.981 -11
    endloop
  endfacet
  facet normal 0.289682 -0.957123 0
    outer loop
      vertex 581.195 18.0192 -11
      vertex 581.383 18.0761 0
      vertex 581.195 18.0192 0
    endloop
  endfacet
  facet normal 0.289682 -0.957123 0
    outer loop
      vertex 581.383 18.0761 0
      vertex 581.195 18.0192 -11
      vertex 581.383 18.0761 -11
    endloop
  endfacet
  facet normal -0.772842 -0.634598 0
    outer loop
      vertex 18.2929 18.2929 -11
      vertex 18.1685 18.4444 0
      vertex 18.1685 18.4444 -11
    endloop
  endfacet
  facet normal -0.772842 -0.634598 0
    outer loop
      vertex 18.1685 18.4444 0
      vertex 18.2929 18.2929 -11
      vertex 18.2929 18.2929 0
    endloop
  endfacet
  facet normal -0.471329 -0.881957 0
    outer loop
      vertex 18.4444 18.1685 -11
      vertex 18.6173 18.0761 0
      vertex 18.4444 18.1685 0
    endloop
  endfacet
  facet normal -0.471329 -0.881957 -0
    outer loop
      vertex 18.6173 18.0761 0
      vertex 18.4444 18.1685 -11
      vertex 18.6173 18.0761 -11
    endloop
  endfacet
  facet normal 0.0969766 0.995287 -0
    outer loop
      vertex 581.195 381.981 -11
      vertex 581 382 0
      vertex 581.195 381.981 0
    endloop
  endfacet
  facet normal 0.0969766 0.995287 0
    outer loop
      vertex 581 382 0
      vertex 581.195 381.981 -11
      vertex 581 382 -11
    endloop
  endfacet
  facet normal -0.0969274 0.995291 0
    outer loop
      vertex 19 382 -11
      vertex 18.8049 381.981 0
      vertex 19 382 0
    endloop
  endfacet
  facet normal -0.0969274 0.995291 0
    outer loop
      vertex 18.8049 381.981 0
      vertex 19 382 -11
      vertex 18.8049 381.981 -11
    endloop
  endfacet
  facet normal -0.097938 -0.995193 0
    outer loop
      vertex 18.8049 18.0192 -11
      vertex 19 18 0
      vertex 18.8049 18.0192 0
    endloop
  endfacet
  facet normal -0.097938 -0.995193 -0
    outer loop
      vertex 19 18 0
      vertex 18.8049 18.0192 -11
      vertex 19 18 -11
    endloop
  endfacet
  facet normal 0.880684 -0.473705 0
    outer loop
      vertex 581.831 18.4444 0
      vertex 581.924 18.6173 -11
      vertex 581.924 18.6173 0
    endloop
  endfacet
  facet normal 0.880684 -0.473705 0
    outer loop
      vertex 581.924 18.6173 -11
      vertex 581.831 18.4444 0
      vertex 581.831 18.4444 -11
    endloop
  endfacet
  facet normal -0.290248 -0.956951 0
    outer loop
      vertex 18.6173 18.0761 -11
      vertex 18.8049 18.0192 0
      vertex 18.6173 18.0761 0
    endloop
  endfacet
  facet normal -0.290248 -0.956951 -0
    outer loop
      vertex 18.8049 18.0192 0
      vertex 18.6173 18.0761 -11
      vertex 18.8049 18.0192 -11
    endloop
  endfacet
  facet normal 0.995291 -0.0969274 0
    outer loop
      vertex 581.981 18.8049 0
      vertex 582 19 -11
      vertex 582 19 0
    endloop
  endfacet
  facet normal 0.995291 -0.0969274 0
    outer loop
      vertex 582 19 -11
      vertex 581.981 18.8049 0
      vertex 581.981 18.8049 -11
    endloop
  endfacet
  facet normal -0.881957 -0.471329 0
    outer loop
      vertex 18.1685 18.4444 -11
      vertex 18.0761 18.6173 0
      vertex 18.0761 18.6173 -11
    endloop
  endfacet
  facet normal -0.881957 -0.471329 0
    outer loop
      vertex 18.0761 18.6173 0
      vertex 18.1685 18.4444 -11
      vertex 18.1685 18.4444 0
    endloop
  endfacet
  facet normal 0 0 -1
    outer loop
      vertex 594 25 0
      vertex 600 18 0
      vertex 599.654 14.4884 0
    endloop
  endfacet
  facet normal 0 0 -1
    outer loop
      vertex 581.924 18.6173 0
      vertex 599.654 14.4884 0
      vertex 598.63 11.1117 0
    endloop
  endfacet
  facet normal 0 0 -1
    outer loop
      vertex 581.924 18.6173 0
      vertex 598.63 11.1117 0
      vertex 596.966 7.99973 0
    endloop
  endfacet
  facet normal 0 0 -1
    outer loop
      vertex 581.924 18.6173 0
      vertex 596.966 7.99973 0
      vertex 594.728 5.27208 0
    endloop
  endfacet
  facet normal 0 0 -1
    outer loop
      vertex 600 18 0
      vertex 594 25 0
      vertex 600 25 0
    endloop
  endfacet
  facet normal 0 0 -1
    outer loop
      vertex 599.654 14.4884 0
      vertex 581.924 18.6173 0
      vertex 581.981 18.8049 0
    endloop
  endfacet
  facet normal 0 0 -1
    outer loop
      vertex 581.924 18.6173 0
      vertex 594.728 5.27208 0
      vertex 592 3.03355 0
    endloop
  endfacet
  facet normal 0 0 -1
    outer loop
      vertex 594 75 0
      vertex 600 374 0
      vertex 600 75 0
    endloop
  endfacet
  facet normal 0 0 -1
    outer loop
      vertex 582 381 0
      vertex 600 374 0
      vertex 594 75 0
    endloop
  endfacet
  facet normal 0 0 -1
    outer loop
      vertex 600 374 0
      vertex 582 381 0
      vertex 599.654 377.512 0
    endloop
  endfacet
  facet normal 0 0 -1
    outer loop
      vertex 598.63 380.888 0
      vertex 582 381 0
      vertex 596.966 384 0
    endloop
  endfacet
  facet normal 0 0 -1
    outer loop
      vertex 599.654 377.512 0
      vertex 582 381 0
      vertex 598.63 380.888 0
    endloop
  endfacet
  facet normal -0 0 -1
    outer loop
      vertex 594 25 0
      vertex 582 19 0
      vertex 594 75 0
    endloop
  endfacet
  facet normal 0 0 -1
    outer loop
      vertex 582 381 0
      vertex 594 75 0
      vertex 582 19 0
    endloop
  endfacet
  facet normal 0 0 -1
    outer loop
      vertex 581.556 18.1685 0
      vertex 592 3.03355 0
      vertex 588.888 1.37017 0
    endloop
  endfacet
  facet normal -0 0 -1
    outer loop
      vertex 596.966 384 0
      vertex 582 381 0
      vertex 594.728 386.728 0
    endloop
  endfacet
  facet normal 0 0 -1
    outer loop
      vertex 581.383 18.0761 0
      vertex 588.888 1.37017 0
      vertex 585.512 0.345864 0
    endloop
  endfacet
  facet normal 0 0 -1
    outer loop
      vertex 581.981 381.195 0
      vertex 594.728 386.728 0
      vertex 582 381 0
    endloop
  endfacet
  facet normal 0 0 -1
    outer loop
      vertex 581.195 18.0192 0
      vertex 585.512 0.345864 0
      vertex 582 0 0
    endloop
  endfacet
  facet normal -0 0 -1
    outer loop
      vertex 594.728 386.728 0
      vertex 581.981 381.195 0
      vertex 592 388.966 0
    endloop
  endfacet
  facet normal 0 0 -1
    outer loop
      vertex 581.924 381.383 0
      vertex 592 388.966 0
      vertex 581.981 381.195 0
    endloop
  endfacet
  facet normal -0 0 -1
    outer loop
      vertex 592 388.966 0
      vertex 581.924 381.383 0
      vertex 588.888 390.63 0
    endloop
  endfacet
  facet normal 0 0 -1
    outer loop
      vertex 581.831 381.556 0
      vertex 588.888 390.63 0
      vertex 581.924 381.383 0
    endloop
  endfacet
  facet normal 0 0 -1
    outer loop
      vertex 581.707 381.707 0
      vertex 588.888 390.63 0
      vertex 581.831 381.556 0
    endloop
  endfacet
  facet normal -0 0 -1
    outer loop
      vertex 588.888 390.63 0
      vertex 581.707 381.707 0
      vertex 585.512 391.654 0
    endloop
  endfacet
  facet normal 0 0 -1
    outer loop
      vertex 581.556 381.831 0
      vertex 585.512 391.654 0
      vertex 581.707 381.707 0
    endloop
  endfacet
  facet normal 0 0 -1
    outer loop
      vertex 581.383 381.924 0
      vertex 585.512 391.654 0
      vertex 581.556 381.831 0
    endloop
  endfacet
  facet normal -0 0 -1
    outer loop
      vertex 585.512 391.654 0
      vertex 581.383 381.924 0
      vertex 582 392 0
    endloop
  endfacet
  facet normal 0 0 -1
    outer loop
      vertex 581.195 381.981 0
      vertex 582 392 0
      vertex 581.383 381.924 0
    endloop
  endfacet
  facet normal 0 0 -1
    outer loop
      vertex 581 382 0
      vertex 582 392 0
      vertex 581.195 381.981 0
    endloop
  endfacet
  facet normal 0 0 -1
    outer loop
      vertex 560.5 389.59 0
      vertex 582 392 0
      vertex 581 382 0
    endloop
  endfacet
  facet normal -0 0 -1
    outer loop
      vertex 582 392 0
      vertex 560.5 389.59 0
      vertex 560.5 392 0
    endloop
  endfacet
  facet normal 0 0 -1
    outer loop
      vertex 581 382 0
      vertex 539.5 389.59 0
      vertex 560.5 389.59 0
    endloop
  endfacet
  facet normal 0 0 -1
    outer loop
      vertex 539.5 389.59 0
      vertex 60.5 389.59 0
      vertex 539.5 392 0
    endloop
  endfacet
  facet normal 0 0 -1
    outer loop
      vertex 581 382 0
      vertex 60.5 389.59 0
      vertex 539.5 389.59 0
    endloop
  endfacet
  facet normal 0 0 -1
    outer loop
      vertex 19 382 0
      vertex 60.5 389.59 0
      vertex 581 382 0
    endloop
  endfacet
  facet normal -0 0 -1
    outer loop
      vertex 60.5 389.59 0
      vertex 19 382 0
      vertex 39.5 389.59 0
    endloop
  endfacet
  facet normal 0 0 -1
    outer loop
      vertex 18 392 0
      vertex 39.5 389.59 0
      vertex 19 382 0
    endloop
  endfacet
  facet normal 0 0 -1
    outer loop
      vertex 18 392 0
      vertex 19 382 0
      vertex 18.8049 381.981 0
    endloop
  endfacet
  facet normal 0 0 -1
    outer loop
      vertex 18 392 0
      vertex 18.8049 381.981 0
      vertex 18.6173 381.924 0
    endloop
  endfacet
  facet normal 0 0 -1
    outer loop
      vertex 39.5 389.59 0
      vertex 18 392 0
      vertex 39.5 392 0
    endloop
  endfacet
  facet normal 0 0 -1
    outer loop
      vertex 14.4884 391.654 0
      vertex 18.6173 381.924 0
      vertex 18.4444 381.831 0
    endloop
  endfacet
  facet normal 0 0 -1
    outer loop
      vertex 14.4884 391.654 0
      vertex 18.4444 381.831 0
      vertex 18.2929 381.707 0
    endloop
  endfacet
  facet normal 0 0 -1
    outer loop
      vertex 11.1117 390.63 0
      vertex 18.2929 381.707 0
      vertex 18.1685 381.556 0
    endloop
  endfacet
  facet normal 0 0 -1
    outer loop
      vertex 11.1117 390.63 0
      vertex 18.1685 381.556 0
      vertex 18.0761 381.383 0
    endloop
  endfacet
  facet normal 0 0 -1
    outer loop
      vertex 7.99973 388.966 0
      vertex 18.0761 381.383 0
      vertex 18.0192 381.195 0
    endloop
  endfacet
  facet normal 0 0 -1
    outer loop
      vertex 5.27208 386.728 0
      vertex 18.0192 381.195 0
      vertex 18 381 0
    endloop
  endfacet
  facet normal 0 0 -1
    outer loop
      vertex 594 25 0
      vertex 581.981 18.8049 0
      vertex 582 19 0
    endloop
  endfacet
  facet normal 0 0 -1
    outer loop
      vertex 599.654 14.4884 0
      vertex 581.981 18.8049 0
      vertex 594 25 0
    endloop
  endfacet
  facet normal 0 0 -1
    outer loop
      vertex 592 3.03355 0
      vertex 581.831 18.4444 0
      vertex 581.924 18.6173 0
    endloop
  endfacet
  facet normal 0 0 -1
    outer loop
      vertex 592 3.03355 0
      vertex 581.707 18.2929 0
      vertex 581.831 18.4444 0
    endloop
  endfacet
  facet normal 0 0 -1
    outer loop
      vertex 592 3.03355 0
      vertex 581.556 18.1685 0
      vertex 581.707 18.2929 0
    endloop
  endfacet
  facet normal 0 0 -1
    outer loop
      vertex 588.888 1.37017 0
      vertex 581.383 18.0761 0
      vertex 581.556 18.1685 0
    endloop
  endfacet
  facet normal 0 0 -1
    outer loop
      vertex 585.512 0.345864 0
      vertex 581.195 18.0192 0
      vertex 581.383 18.0761 0
    endloop
  endfacet
  facet normal 0 0 -1
    outer loop
      vertex 582 0 0
      vertex 581 18 0
      vertex 581.195 18.0192 0
    endloop
  endfacet
  facet normal 0 0 -1
    outer loop
      vertex 561 12 0
      vertex 582 0 0
      vertex 561 4 0
    endloop
  endfacet
  facet normal 0 0 -1
    outer loop
      vertex 582 0 0
      vertex 539 4 0
      vertex 561 4 0
    endloop
  endfacet
  facet normal 0 0 -1
    outer loop
      vertex 539 4 0
      vertex 61 4 0
      vertex 539 12 0
    endloop
  endfacet
  facet normal 0 0 -1
    outer loop
      vertex 582 0 0
      vertex 61 4 0
      vertex 539 4 0
    endloop
  endfacet
  facet normal 0 0 -1
    outer loop
      vertex 18 0 0
      vertex 61 4 0
      vertex 582 0 0
    endloop
  endfacet
  facet normal 0 0 -1
    outer loop
      vertex 18 0 0
      vertex 39 12 0
      vertex 39 4 0
    endloop
  endfacet
  facet normal -0 0 -1
    outer loop
      vertex 39 12 0
      vertex 18 0 0
      vertex 19 18 0
    endloop
  endfacet
  facet normal -0 0 -1
    outer loop
      vertex 19 18 0
      vertex 18 0 0
      vertex 18.8049 18.0192 0
    endloop
  endfacet
  facet normal 0 0 -1
    outer loop
      vertex 14.4884 0.345864 0
      vertex 18.8049 18.0192 0
      vertex 18 0 0
    endloop
  endfacet
  facet normal -0 0 -1
    outer loop
      vertex 61 4 0
      vertex 18 0 0
      vertex 39 4 0
    endloop
  endfacet
  facet normal -0 0 -1
    outer loop
      vertex 18.8049 18.0192 0
      vertex 14.4884 0.345864 0
      vertex 18.6173 18.0761 0
    endloop
  endfacet
  facet normal 0 0 -1
    outer loop
      vertex 11.1117 1.37017 0
      vertex 18.6173 18.0761 0
      vertex 14.4884 0.345864 0
    endloop
  endfacet
  facet normal -0 0 -1
    outer loop
      vertex 18.6173 18.0761 0
      vertex 11.1117 1.37017 0
      vertex 18.4444 18.1685 0
    endloop
  endfacet
  facet normal 0 0 -1
    outer loop
      vertex 7.99973 3.03355 0
      vertex 18.4444 18.1685 0
      vertex 11.1117 1.37017 0
    endloop
  endfacet
  facet normal -0 0 -1
    outer loop
      vertex 18.4444 18.1685 0
      vertex 7.99973 3.03355 0
      vertex 18.2929 18.2929 0
    endloop
  endfacet
  facet normal 0 0 -1
    outer loop
      vertex 5.27208 5.27208 0
      vertex 18.2929 18.2929 0
      vertex 7.99973 3.03355 0
    endloop
  endfacet
  facet normal 0 0 -1
    outer loop
      vertex 3.03355 7.99973 0
      vertex 18.2929 18.2929 0
      vertex 5.27208 5.27208 0
    endloop
  endfacet
  facet normal 0 0 -1
    outer loop
      vertex 18 19 0
      vertex 6 75 0
      vertex 18 381 0
    endloop
  endfacet
  facet normal -0 0 -1
    outer loop
      vertex 18.2929 18.2929 0
      vertex 3.03355 7.99973 0
      vertex 18.1685 18.4444 0
    endloop
  endfacet
  facet normal 0 0 -1
    outer loop
      vertex 0 374 0
      vertex 18 381 0
      vertex 6 75 0
    endloop
  endfacet
  facet normal 0 0 -1
    outer loop
      vertex 1.37017 11.1117 0
      vertex 18.1685 18.4444 0
      vertex 3.03355 7.99973 0
    endloop
  endfacet
  facet normal 0 -0 -1
    outer loop
      vertex 0.345864 377.512 0
      vertex 18 381 0
      vertex 0 374 0
    endloop
  endfacet
  facet normal -0 0 -1
    outer loop
      vertex 18.1685 18.4444 0
      vertex 1.37017 11.1117 0
      vertex 18.0761 18.6173 0
    endloop
  endfacet
  facet normal 0 0 -1
    outer loop
      vertex 18.6173 381.924 0
      vertex 14.4884 391.654 0
      vertex 18 392 0
    endloop
  endfacet
  facet normal 0 0 -1
    outer loop
      vertex 18 19 0
      vertex 6 25 0
      vertex 6 75 0
    endloop
  endfacet
  facet normal 0 0 -1
    outer loop
      vertex 0.345864 14.4884 0
      vertex 18.0761 18.6173 0
      vertex 1.37017 11.1117 0
    endloop
  endfacet
  facet normal -0 0 -1
    outer loop
      vertex 18.0761 18.6173 0
      vertex 0.345864 14.4884 0
      vertex 18.0192 18.8049 0
    endloop
  endfacet
  facet normal 0 -0 -1
    outer loop
      vertex 6 25 0
      vertex 18.0192 18.8049 0
      vertex 0.345864 14.4884 0
    endloop
  endfacet
  facet normal 0 0 -1
    outer loop
      vertex 18.0192 18.8049 0
      vertex 6 25 0
      vertex 18 19 0
    endloop
  endfacet
  facet normal 0 0 -1
    outer loop
      vertex 0 18 0
      vertex 6 25 0
      vertex 0.345864 14.4884 0
    endloop
  endfacet
  facet normal -0 0 -1
    outer loop
      vertex 6 25 0
      vertex 0 18 0
      vertex 0 25 0
    endloop
  endfacet
  facet normal 0 0 -1
    outer loop
      vertex 582 0 0
      vertex 561 12 0
      vertex 581 18 0
    endloop
  endfacet
  facet normal 0 0 -1
    outer loop
      vertex 539 12 0
      vertex 581 18 0
      vertex 561 12 0
    endloop
  endfacet
  facet normal 0 0 -1
    outer loop
      vertex 61 12 0
      vertex 539 12 0
      vertex 61 4 0
    endloop
  endfacet
  facet normal 0 0 -1
    outer loop
      vertex 539 12 0
      vertex 61 12 0
      vertex 581 18 0
    endloop
  endfacet
  facet normal 0 0 -1
    outer loop
      vertex 19 18 0
      vertex 61 12 0
      vertex 39 12 0
    endloop
  endfacet
  facet normal 0 0 -1
    outer loop
      vertex 61 12 0
      vertex 19 18 0
      vertex 581 18 0
    endloop
  endfacet
  facet normal -0 0 -1
    outer loop
      vertex 539.5 392 0
      vertex 60.5 389.59 0
      vertex 60.5 392 0
    endloop
  endfacet
  facet normal 0 0 -1
    outer loop
      vertex 18.2929 381.707 0
      vertex 11.1117 390.63 0
      vertex 14.4884 391.654 0
    endloop
  endfacet
  facet normal 0 0 -1
    outer loop
      vertex 18.0761 381.383 0
      vertex 7.99973 388.966 0
      vertex 11.1117 390.63 0
    endloop
  endfacet
  facet normal 0 0 -1
    outer loop
      vertex 18.0192 381.195 0
      vertex 5.27208 386.728 0
      vertex 7.99973 388.966 0
    endloop
  endfacet
  facet normal 0 0 -1
    outer loop
      vertex 18 381 0
      vertex 3.03355 384 0
      vertex 5.27208 386.728 0
    endloop
  endfacet
  facet normal -0 0 -1
    outer loop
      vertex 18 381 0
      vertex 1.37017 380.888 0
      vertex 3.03355 384 0
    endloop
  endfacet
  facet normal 0 0 -1
    outer loop
      vertex 0 374 0
      vertex 6 75 0
      vertex 0 75 0
    endloop
  endfacet
  facet normal 0 0 -1
    outer loop
      vertex 18 381 0
      vertex 0.345864 377.512 0
      vertex 1.37017 380.888 0
    endloop
  endfacet
  facet normal 0 0 -1
    outer loop
      vertex 577 22 0
      vertex 578 23 0
      vertex 577.981 22.8049 0
    endloop
  endfacet
  facet normal -0 0 -1
    outer loop
      vertex 578 23 0
      vertex 577 22 0
      vertex 578 377 0
    endloop
  endfacet
  facet normal 0 0 -1
    outer loop
      vertex 577 22 0
      vertex 577.981 22.8049 0
      vertex 577.924 22.6173 0
    endloop
  endfacet
  facet normal 0 0 -1
    outer loop
      vertex 577 378 0
      vertex 578 377 0
      vertex 577 22 0
    endloop
  endfacet
  facet normal 0 0 -1
    outer loop
      vertex 577 22 0
      vertex 577.924 22.6173 0
      vertex 577.831 22.4444 0
    endloop
  endfacet
  facet normal 0 0 -1
    outer loop
      vertex 578 377 0
      vertex 577 378 0
      vertex 577.981 377.195 0
    endloop
  endfacet
  facet normal 0 0 -1
    outer loop
      vertex 577 22 0
      vertex 577.831 22.4444 0
      vertex 577.707 22.2929 0
    endloop
  endfacet
  facet normal 0 0 -1
    outer loop
      vertex 577.981 377.195 0
      vertex 577 378 0
      vertex 577.924 377.383 0
    endloop
  endfacet
  facet normal 0 0 -1
    outer loop
      vertex 577 22 0
      vertex 577.707 22.2929 0
      vertex 577.556 22.1685 0
    endloop
  endfacet
  facet normal 0 0 -1
    outer loop
      vertex 577.924 377.383 0
      vertex 577 378 0
      vertex 577.831 377.556 0
    endloop
  endfacet
  facet normal 0 0 -1
    outer loop
      vertex 577 22 0
      vertex 577.556 22.1685 0
      vertex 577.383 22.0761 0
    endloop
  endfacet
  facet normal 0 0 -1
    outer loop
      vertex 577.831 377.556 0
      vertex 577 378 0
      vertex 577.707 377.707 0
    endloop
  endfacet
  facet normal 0 0 -1
    outer loop
      vertex 577 22 0
      vertex 577.383 22.0761 0
      vertex 577.195 22.0192 0
    endloop
  endfacet
  facet normal 0 0 -1
    outer loop
      vertex 577.707 377.707 0
      vertex 577 378 0
      vertex 577.556 377.831 0
    endloop
  endfacet
  facet normal 0 0 -1
    outer loop
      vertex 577.556 377.831 0
      vertex 577 378 0
      vertex 577.383 377.924 0
    endloop
  endfacet
  facet normal 0 0 -1
    outer loop
      vertex 577.383 377.924 0
      vertex 577 378 0
      vertex 577.195 377.981 0
    endloop
  endfacet
  facet normal 0 0 -1
    outer loop
      vertex 23 22 0
      vertex 577 378 0
      vertex 577 22 0
    endloop
  endfacet
  facet normal 0 0 -1
    outer loop
      vertex 23 22 0
      vertex 23 378 0
      vertex 577 378 0
    endloop
  endfacet
  facet normal 0 0 -1
    outer loop
      vertex 22 23 0
      vertex 23 22 0
      vertex 22.8049 22.0192 0
    endloop
  endfacet
  facet normal 0 0 -1
    outer loop
      vertex 23 22 0
      vertex 22 23 0
      vertex 23 378 0
    endloop
  endfacet
  facet normal 0 0 -1
    outer loop
      vertex 22 23 0
      vertex 22.8049 22.0192 0
      vertex 22.6173 22.0761 0
    endloop
  endfacet
  facet normal 0 0 -1
    outer loop
      vertex 22 377 0
      vertex 23 378 0
      vertex 22 23 0
    endloop
  endfacet
  facet normal 0 0 -1
    outer loop
      vertex 22 23 0
      vertex 22.6173 22.0761 0
      vertex 22.4444 22.1685 0
    endloop
  endfacet
  facet normal 0 0 -1
    outer loop
      vertex 23 378 0
      vertex 22 377 0
      vertex 22.8049 377.981 0
    endloop
  endfacet
  facet normal 0 0 -1
    outer loop
      vertex 22 23 0
      vertex 22.4444 22.1685 0
      vertex 22.2929 22.2929 0
    endloop
  endfacet
  facet normal 0 0 -1
    outer loop
      vertex 22.8049 377.981 0
      vertex 22 377 0
      vertex 22.6173 377.924 0
    endloop
  endfacet
  facet normal 0 0 -1
    outer loop
      vertex 22 23 0
      vertex 22.2929 22.2929 0
      vertex 22.1685 22.4444 0
    endloop
  endfacet
  facet normal 0 0 -1
    outer loop
      vertex 22.6173 377.924 0
      vertex 22 377 0
      vertex 22.4444 377.831 0
    endloop
  endfacet
  facet normal 0 0 -1
    outer loop
      vertex 22 23 0
      vertex 22.1685 22.4444 0
      vertex 22.0761 22.6173 0
    endloop
  endfacet
  facet normal 0 0 -1
    outer loop
      vertex 22.4444 377.831 0
      vertex 22 377 0
      vertex 22.2929 377.707 0
    endloop
  endfacet
  facet normal 0 0 -1
    outer loop
      vertex 22 23 0
      vertex 22.0761 22.6173 0
      vertex 22.0192 22.8049 0
    endloop
  endfacet
  facet normal 0 0 -1
    outer loop
      vertex 22.2929 377.707 0
      vertex 22 377 0
      vertex 22.1685 377.556 0
    endloop
  endfacet
  facet normal 0 0 -1
    outer loop
      vertex 22.1685 377.556 0
      vertex 22 377 0
      vertex 22.0761 377.383 0
    endloop
  endfacet
  facet normal 0 0 -1
    outer loop
      vertex 22.0761 377.383 0
      vertex 22 377 0
      vertex 22.0192 377.195 0
    endloop
  endfacet
  facet normal 0.956951 0.290248 0
    outer loop
      vertex 22.0761 22.6173 0
      vertex 22.0192 22.8049 -11
      vertex 22.0192 22.8049 0
    endloop
  endfacet
  facet normal 0.956951 0.290248 0
    outer loop
      vertex 22.0192 22.8049 -11
      vertex 22.0761 22.6173 0
      vertex 22.0761 22.6173 -11
    endloop
  endfacet
  facet normal 0.995193 0.097938 0
    outer loop
      vertex 22.0192 22.8049 0
      vertex 22 23 -11
      vertex 22 23 0
    endloop
  endfacet
  facet normal 0.995193 0.097938 0
    outer loop
      vertex 22 23 -11
      vertex 22.0192 22.8049 0
      vertex 22.0192 22.8049 -11
    endloop
  endfacet
  facet normal -1 0 0
    outer loop
      vertex 578 23 -11
      vertex 578 377 0
      vertex 578 377 -11
    endloop
  endfacet
  facet normal -1 -0 0
    outer loop
      vertex 578 377 0
      vertex 578 23 -11
      vertex 578 23 0
    endloop
  endfacet
  facet normal 0 -1 0
    outer loop
      vertex 23 378 -11
      vertex 577 378 0
      vertex 23 378 0
    endloop
  endfacet
  facet normal 0 -1 -0
    outer loop
      vertex 577 378 0
      vertex 23 378 -11
      vertex 577 378 -11
    endloop
  endfacet
  facet normal 0.634598 0.772842 -0
    outer loop
      vertex 22.4444 22.1685 -11
      vertex 22.2929 22.2929 0
      vertex 22.4444 22.1685 0
    endloop
  endfacet
  facet normal 0.634598 0.772842 0
    outer loop
      vertex 22.2929 22.2929 0
      vertex 22.4444 22.1685 -11
      vertex 22.2929 22.2929 -11
    endloop
  endfacet
  facet normal -0.473492 -0.880798 0
    outer loop
      vertex 577.383 377.924 -11
      vertex 577.556 377.831 0
      vertex 577.383 377.924 0
    endloop
  endfacet
  facet normal -0.473492 -0.880798 -0
    outer loop
      vertex 577.556 377.831 0
      vertex 577.383 377.924 -11
      vertex 577.556 377.831 -11
    endloop
  endfacet
  facet normal 0.633377 -0.773843 0
    outer loop
      vertex 22.2929 377.707 -11
      vertex 22.4444 377.831 0
      vertex 22.2929 377.707 0
    endloop
  endfacet
  facet normal 0.633377 -0.773843 0
    outer loop
      vertex 22.4444 377.831 0
      vertex 22.2929 377.707 -11
      vertex 22.4444 377.831 -11
    endloop
  endfacet
  facet normal 1 -0 0
    outer loop
      vertex 22 23 0
      vertex 22 377 -11
      vertex 22 377 0
    endloop
  endfacet
  facet normal 1 0 0
    outer loop
      vertex 22 377 -11
      vertex 22 23 0
      vertex 22 23 -11
    endloop
  endfacet
  facet normal -0.0979877 0.995188 0
    outer loop
      vertex 577.195 22.0192 -11
      vertex 577 22 0
      vertex 577.195 22.0192 0
    endloop
  endfacet
  facet normal -0.0979877 0.995188 0
    outer loop
      vertex 577 22 0
      vertex 577.195 22.0192 -11
      vertex 577 22 -11
    endloop
  endfacet
  facet normal 0.290715 -0.95681 0
    outer loop
      vertex 22.6173 377.924 -11
      vertex 22.8049 377.981 0
      vertex 22.6173 377.924 0
    endloop
  endfacet
  facet normal 0.290715 -0.95681 0
    outer loop
      vertex 22.8049 377.981 0
      vertex 22.6173 377.924 -11
      vertex 22.8049 377.981 -11
    endloop
  endfacet
  facet normal 0 1 -0
    outer loop
      vertex 577 22 -11
      vertex 23 22 0
      vertex 577 22 0
    endloop
  endfacet
  facet normal 0 1 0
    outer loop
      vertex 23 22 0
      vertex 577 22 -11
      vertex 23 22 -11
    endloop
  endfacet
  facet normal -0.635851 0.771812 0
    outer loop
      vertex 577.707 22.2929 -11
      vertex 577.556 22.1685 0
      vertex 577.707 22.2929 0
    endloop
  endfacet
  facet normal -0.635851 0.771812 0
    outer loop
      vertex 577.556 22.1685 0
      vertex 577.707 22.2929 -11
      vertex 577.556 22.1685 -11
    endloop
  endfacet
  facet normal -0.773843 0.633377 0
    outer loop
      vertex 577.707 22.2929 -11
      vertex 577.831 22.4444 0
      vertex 577.831 22.4444 -11
    endloop
  endfacet
  facet normal -0.773843 0.633377 0
    outer loop
      vertex 577.831 22.4444 0
      vertex 577.707 22.2929 -11
      vertex 577.707 22.2929 0
    endloop
  endfacet
  facet normal -0.772816 -0.63463 0
    outer loop
      vertex 577.831 377.556 -11
      vertex 577.707 377.707 0
      vertex 577.707 377.707 -11
    endloop
  endfacet
  facet normal -0.772816 -0.63463 0
    outer loop
      vertex 577.707 377.707 0
      vertex 577.831 377.556 -11
      vertex 577.831 377.556 0
    endloop
  endfacet
  facet normal 0.771812 -0.635851 0
    outer loop
      vertex 22.1685 377.556 0
      vertex 22.2929 377.707 -11
      vertex 22.2929 377.707 0
    endloop
  endfacet
  facet normal 0.771812 -0.635851 0
    outer loop
      vertex 22.2929 377.707 -11
      vertex 22.1685 377.556 0
      vertex 22.1685 377.556 -11
    endloop
  endfacet
  facet normal -0.880798 -0.473492 0
    outer loop
      vertex 577.924 377.383 -11
      vertex 577.831 377.556 0
      vertex 577.831 377.556 -11
    endloop
  endfacet
  facet normal -0.880798 -0.473492 0
    outer loop
      vertex 577.831 377.556 0
      vertex 577.924 377.383 -11
      vertex 577.924 377.383 0
    endloop
  endfacet
  facet normal -0.471117 0.882071 0
    outer loop
      vertex 577.556 22.1685 -11
      vertex 577.383 22.0761 0
      vertex 577.556 22.1685 0
    endloop
  endfacet
  facet normal -0.471117 0.882071 0
    outer loop
      vertex 577.383 22.0761 0
      vertex 577.556 22.1685 -11
      vertex 577.383 22.0761 -11
    endloop
  endfacet
  facet normal -0.95681 0.290715 0
    outer loop
      vertex 577.924 22.6173 -11
      vertex 577.981 22.8049 0
      vertex 577.981 22.8049 -11
    endloop
  endfacet
  facet normal -0.95681 0.290715 0
    outer loop
      vertex 577.981 22.8049 0
      vertex 577.924 22.6173 -11
      vertex 577.924 22.6173 0
    endloop
  endfacet
  facet normal 0.881957 0.471329 0
    outer loop
      vertex 22.1685 22.4444 0
      vertex 22.0761 22.6173 -11
      vertex 22.0761 22.6173 0
    endloop
  endfacet
  facet normal 0.881957 0.471329 0
    outer loop
      vertex 22.0761 22.6173 -11
      vertex 22.1685 22.4444 0
      vertex 22.1685 22.4444 -11
    endloop
  endfacet
  facet normal 0.473705 -0.880684 0
    outer loop
      vertex 22.4444 377.831 -11
      vertex 22.6173 377.924 0
      vertex 22.4444 377.831 0
    endloop
  endfacet
  facet normal 0.473705 -0.880684 0
    outer loop
      vertex 22.6173 377.924 0
      vertex 22.4444 377.831 -11
      vertex 22.6173 377.924 -11
    endloop
  endfacet
  facet normal -0.995287 -0.0969766 0
    outer loop
      vertex 578 377 -11
      vertex 577.981 377.195 0
      vertex 577.981 377.195 -11
    endloop
  endfacet
  facet normal -0.995287 -0.0969766 0
    outer loop
      vertex 577.981 377.195 0
      vertex 578 377 -11
      vertex 578 377 0
    endloop
  endfacet
  facet normal 0.882071 -0.471117 0
    outer loop
      vertex 22.0761 377.383 0
      vertex 22.1685 377.556 -11
      vertex 22.1685 377.556 0
    endloop
  endfacet
  facet normal 0.882071 -0.471117 0
    outer loop
      vertex 22.1685 377.556 -11
      vertex 22.0761 377.383 0
      vertex 22.0761 377.383 -11
    endloop
  endfacet
  facet normal -0.956982 -0.290149 0
    outer loop
      vertex 577.981 377.195 -11
      vertex 577.924 377.383 0
      vertex 577.924 377.383 -11
    endloop
  endfacet
  facet normal -0.956982 -0.290149 0
    outer loop
      vertex 577.924 377.383 0
      vertex 577.981 377.195 -11
      vertex 577.981 377.195 0
    endloop
  endfacet
  facet normal -0.63463 -0.772816 0
    outer loop
      vertex 577.556 377.831 -11
      vertex 577.707 377.707 0
      vertex 577.556 377.831 0
    endloop
  endfacet
  facet normal -0.63463 -0.772816 -0
    outer loop
      vertex 577.707 377.707 0
      vertex 577.556 377.831 -11
      vertex 577.707 377.707 -11
    endloop
  endfacet
  facet normal 0.957123 -0.289682 0
    outer loop
      vertex 22.0192 377.195 0
      vertex 22.0761 377.383 -11
      vertex 22.0761 377.383 0
    endloop
  endfacet
  facet normal 0.957123 -0.289682 0
    outer loop
      vertex 22.0761 377.383 -11
      vertex 22.0192 377.195 0
      vertex 22.0192 377.195 -11
    endloop
  endfacet
  facet normal 0.995188 -0.0979877 0
    outer loop
      vertex 22 377 0
      vertex 22.0192 377.195 -11
      vertex 22.0192 377.195 0
    endloop
  endfacet
  facet normal 0.995188 -0.0979877 0
    outer loop
      vertex 22.0192 377.195 -11
      vertex 22 377 0
      vertex 22 377 -11
    endloop
  endfacet
  facet normal -0.290149 -0.956982 0
    outer loop
      vertex 577.195 377.981 -11
      vertex 577.383 377.924 0
      vertex 577.195 377.981 0
    endloop
  endfacet
  facet normal -0.290149 -0.956982 -0
    outer loop
      vertex 577.383 377.924 0
      vertex 577.195 377.981 -11
      vertex 577.383 377.924 -11
    endloop
  endfacet
  facet normal -0.289682 0.957123 0
    outer loop
      vertex 577.383 22.0761 -11
      vertex 577.195 22.0192 0
      vertex 577.383 22.0761 0
    endloop
  endfacet
  facet normal -0.289682 0.957123 0
    outer loop
      vertex 577.195 22.0192 0
      vertex 577.383 22.0761 -11
      vertex 577.195 22.0192 -11
    endloop
  endfacet
  facet normal 0.772842 0.634598 0
    outer loop
      vertex 22.2929 22.2929 0
      vertex 22.1685 22.4444 -11
      vertex 22.1685 22.4444 0
    endloop
  endfacet
  facet normal 0.772842 0.634598 0
    outer loop
      vertex 22.1685 22.4444 -11
      vertex 22.2929 22.2929 0
      vertex 22.2929 22.2929 -11
    endloop
  endfacet
  facet normal 0.471329 0.881957 -0
    outer loop
      vertex 22.6173 22.0761 -11
      vertex 22.4444 22.1685 0
      vertex 22.6173 22.0761 0
    endloop
  endfacet
  facet normal 0.471329 0.881957 0
    outer loop
      vertex 22.4444 22.1685 0
      vertex 22.6173 22.0761 -11
      vertex 22.4444 22.1685 -11
    endloop
  endfacet
  facet normal -0.0969766 -0.995287 0
    outer loop
      vertex 577 378 -11
      vertex 577.195 377.981 0
      vertex 577 378 0
    endloop
  endfacet
  facet normal -0.0969766 -0.995287 -0
    outer loop
      vertex 577.195 377.981 0
      vertex 577 378 -11
      vertex 577.195 377.981 -11
    endloop
  endfacet
  facet normal 0.0969274 -0.995291 0
    outer loop
      vertex 22.8049 377.981 -11
      vertex 23 378 0
      vertex 22.8049 377.981 0
    endloop
  endfacet
  facet normal 0.0969274 -0.995291 0
    outer loop
      vertex 23 378 0
      vertex 22.8049 377.981 -11
      vertex 23 378 -11
    endloop
  endfacet
  facet normal 0.097938 0.995193 -0
    outer loop
      vertex 23 22 -11
      vertex 22.8049 22.0192 0
      vertex 23 22 0
    endloop
  endfacet
  facet normal 0.097938 0.995193 0
    outer loop
      vertex 22.8049 22.0192 0
      vertex 23 22 -11
      vertex 22.8049 22.0192 -11
    endloop
  endfacet
  facet normal -0.880684 0.473705 0
    outer loop
      vertex 577.831 22.4444 -11
      vertex 577.924 22.6173 0
      vertex 577.924 22.6173 -11
    endloop
  endfacet
  facet normal -0.880684 0.473705 0
    outer loop
      vertex 577.924 22.6173 0
      vertex 577.831 22.4444 -11
      vertex 577.831 22.4444 0
    endloop
  endfacet
  facet normal 0.290248 0.956951 -0
    outer loop
      vertex 22.8049 22.0192 -11
      vertex 22.6173 22.0761 0
      vertex 22.8049 22.0192 0
    endloop
  endfacet
  facet normal 0.290248 0.956951 0
    outer loop
      vertex 22.6173 22.0761 0
      vertex 22.8049 22.0192 -11
      vertex 22.6173 22.0761 -11
    endloop
  endfacet
  facet normal -0.995291 0.0969274 0
    outer loop
      vertex 577.981 22.8049 -11
      vertex 578 23 0
      vertex 578 23 -11
    endloop
  endfacet
  facet normal -0.995291 0.0969274 0
    outer loop
      vertex 578 23 0
      vertex 577.981 22.8049 -11
      vertex 577.981 22.8049 0
    endloop
  endfacet
  facet normal -0.956941 -0.290283 0
    outer loop
      vertex 1.37017 11.1117 0
      vertex 0.345864 14.4884 2
      vertex 0.345864 14.4884 0
    endloop
  endfacet
  facet normal -0.956941 -0.290283 0
    outer loop
      vertex 0.345864 14.4884 2
      vertex 1.37017 11.1117 0
      vertex 1.37017 11.1117 2
    endloop
  endfacet
  facet normal -0.290204 0.956965 0
    outer loop
      vertex 14.4884 391.654 0
      vertex 11.1117 390.63 2
      vertex 14.4884 391.654 2
    endloop
  endfacet
  facet normal -0.290204 0.956965 0
    outer loop
      vertex 11.1117 390.63 2
      vertex 14.4884 391.654 0
      vertex 11.1117 390.63 0
    endloop
  endfacet
  facet normal -0.881923 0.471393 0
    outer loop
      vertex 1.37017 380.888 0
      vertex 3.03355 384 2
      vertex 3.03355 384 0
    endloop
  endfacet
  facet normal -0.881923 0.471393 0
    outer loop
      vertex 3.03355 384 2
      vertex 1.37017 380.888 0
      vertex 1.37017 380.888 2
    endloop
  endfacet
  facet normal -0.995185 -0.0980176 0
    outer loop
      vertex 0.345864 14.4884 0
      vertex 0 18 2
      vertex 0 18 0
    endloop
  endfacet
  facet normal -0.995185 -0.0980176 0
    outer loop
      vertex 0 18 2
      vertex 0.345864 14.4884 0
      vertex 0.345864 14.4884 2
    endloop
  endfacet
  facet normal 0.290259 0.956948 -0
    outer loop
      vertex 588.888 390.63 0
      vertex 585.512 391.654 2
      vertex 588.888 390.63 2
    endloop
  endfacet
  facet normal 0.290259 0.956948 0
    outer loop
      vertex 585.512 391.654 2
      vertex 588.888 390.63 0
      vertex 585.512 391.654 0
    endloop
  endfacet
  facet normal 1 0 0
    outer loop
      vertex 600 374 2
      vertex 600 75 0.0499992
      vertex 600 374 0
    endloop
  endfacet
  facet normal 1 0 -0
    outer loop
      vertex 600 75 0.0499992
      vertex 600 374 2
      vertex 600 73.05 2
    endloop
  endfacet
  facet normal 1 0 0
    outer loop
      vertex 600 374 0
      vertex 600 75 0.0499992
      vertex 600 75 0
    endloop
  endfacet
  facet normal 1 -0 0
    outer loop
      vertex 600 18 2
      vertex 600 25 0.0499992
      vertex 600 26.95 2
    endloop
  endfacet
  facet normal 1 0 0
    outer loop
      vertex 600 18 0
      vertex 600 25 0.0499992
      vertex 600 18 2
    endloop
  endfacet
  facet normal 1 0 0
    outer loop
      vertex 600 25 0.0499992
      vertex 600 18 0
      vertex 600 25 0
    endloop
  endfacet
  facet normal 0 1 -0
    outer loop
      vertex 39.5 392 0
      vertex 18 392 2
      vertex 39.5 392 2
    endloop
  endfacet
  facet normal 0 1 0
    outer loop
      vertex 18 392 2
      vertex 39.5 392 0
      vertex 18 392 0
    endloop
  endfacet
  facet normal 0 1 -0
    outer loop
      vertex 582 392 0
      vertex 560.5 392 2
      vertex 582 392 2
    endloop
  endfacet
  facet normal 0 1 0
    outer loop
      vertex 560.5 392 2
      vertex 582 392 0
      vertex 560.5 392 0
    endloop
  endfacet
  facet normal 0 1 -0
    outer loop
      vertex 539.5 392 0
      vertex 60.5 392 2
      vertex 539.5 392 2
    endloop
  endfacet
  facet normal 0 1 0
    outer loop
      vertex 60.5 392 2
      vertex 539.5 392 0
      vertex 60.5 392 0
    endloop
  endfacet
  facet normal -0.634394 -0.77301 0
    outer loop
      vertex 5.27208 5.27208 0
      vertex 7.99973 3.03355 2
      vertex 5.27208 5.27208 2
    endloop
  endfacet
  facet normal -0.634394 -0.77301 -0
    outer loop
      vertex 7.99973 3.03355 2
      vertex 5.27208 5.27208 0
      vertex 7.99973 3.03355 0
    endloop
  endfacet
  facet normal -0.634304 0.773083 0
    outer loop
      vertex 7.99973 388.966 0
      vertex 5.27208 386.728 2
      vertex 7.99973 388.966 2
    endloop
  endfacet
  facet normal -0.634304 0.773083 0
    outer loop
      vertex 5.27208 386.728 2
      vertex 7.99973 388.966 0
      vertex 5.27208 386.728 0
    endloop
  endfacet
  facet normal -1 0 0
    outer loop
      vertex 0 25 0
      vertex 0 18 0
      vertex 0 25 0.0499992
    endloop
  endfacet
  facet normal -1 0 0
    outer loop
      vertex 0 18 2
      vertex 0 25 0.0499992
      vertex 0 18 0
    endloop
  endfacet
  facet normal -1 0 0
    outer loop
      vertex 0 25 0.0499992
      vertex 0 18 2
      vertex 0 26.95 2
    endloop
  endfacet
  facet normal -1 0 0
    outer loop
      vertex 0 75 0
      vertex 0 374 2
      vertex 0 374 0
    endloop
  endfacet
  facet normal -1 0 0
    outer loop
      vertex 0 75 0.0499992
      vertex 0 374 2
      vertex 0 75 0
    endloop
  endfacet
  facet normal -1 -0 0
    outer loop
      vertex 0 374 2
      vertex 0 75 0.0499992
      vertex 0 73.05 2
    endloop
  endfacet
  facet normal 0.0980065 -0.995186 0
    outer loop
      vertex 582 0 0
      vertex 585.512 0.345864 2
      vertex 582 0 2
    endloop
  endfacet
  facet normal 0.0980065 -0.995186 0
    outer loop
      vertex 585.512 0.345864 2
      vertex 582 0 0
      vertex 585.512 0.345864 0
    endloop
  endfacet
  facet normal 0 -1 0
    outer loop
      vertex 18 0 0
      vertex 582 0 2
      vertex 18 0 2
    endloop
  endfacet
  facet normal 0 -1 -0
    outer loop
      vertex 582 0 2
      vertex 18 0 0
      vertex 582 0 0
    endloop
  endfacet
  facet normal -0.77305 0.634346 0
    outer loop
      vertex 3.03355 384 0
      vertex 5.27208 386.728 2
      vertex 5.27208 386.728 0
    endloop
  endfacet
  facet normal -0.77305 0.634346 0
    outer loop
      vertex 5.27208 386.728 2
      vertex 3.03355 384 0
      vertex 3.03355 384 2
    endloop
  endfacet
  facet normal 0.88185 0.471529 0
    outer loop
      vertex 598.63 380.888 2
      vertex 596.966 384 0
      vertex 596.966 384 2
    endloop
  endfacet
  facet normal 0.88185 0.471529 0
    outer loop
      vertex 596.966 384 0
      vertex 598.63 380.888 2
      vertex 598.63 380.888 0
    endloop
  endfacet
  facet normal 0.471393 -0.881923 0
    outer loop
      vertex 588.888 1.37017 0
      vertex 592 3.03355 2
      vertex 588.888 1.37017 2
    endloop
  endfacet
  facet normal 0.471393 -0.881923 0
    outer loop
      vertex 592 3.03355 2
      vertex 588.888 1.37017 0
      vertex 592 3.03355 0
    endloop
  endfacet
  facet normal 0.956965 -0.290204 0
    outer loop
      vertex 598.63 11.1117 2
      vertex 599.654 14.4884 0
      vertex 599.654 14.4884 2
    endloop
  endfacet
  facet normal 0.956965 -0.290204 0
    outer loop
      vertex 599.654 14.4884 0
      vertex 598.63 11.1117 2
      vertex 598.63 11.1117 0
    endloop
  endfacet
  facet normal 0.773083 -0.634304 0
    outer loop
      vertex 594.728 5.27208 2
      vertex 596.966 7.99973 0
      vertex 596.966 7.99973 2
    endloop
  endfacet
  facet normal 0.773083 -0.634304 0
    outer loop
      vertex 596.966 7.99973 0
      vertex 594.728 5.27208 2
      vertex 594.728 5.27208 0
    endloop
  endfacet
  facet normal 0.634346 -0.77305 0
    outer loop
      vertex 592 3.03355 0
      vertex 594.728 5.27208 2
      vertex 592 3.03355 2
    endloop
  endfacet
  facet normal 0.634346 -0.77305 0
    outer loop
      vertex 594.728 5.27208 2
      vertex 592 3.03355 0
      vertex 594.728 5.27208 0
    endloop
  endfacet
  facet normal 0.471529 0.88185 -0
    outer loop
      vertex 592 388.966 0
      vertex 588.888 390.63 2
      vertex 592 388.966 2
    endloop
  endfacet
  facet normal 0.471529 0.88185 0
    outer loop
      vertex 588.888 390.63 2
      vertex 592 388.966 0
      vertex 588.888 390.63 0
    endloop
  endfacet
  facet normal 0.634256 0.773123 -0
    outer loop
      vertex 594.728 386.728 0
      vertex 592 388.966 2
      vertex 594.728 386.728 2
    endloop
  endfacet
  facet normal 0.634256 0.773123 0
    outer loop
      vertex 592 388.966 2
      vertex 594.728 386.728 0
      vertex 592 388.966 0
    endloop
  endfacet
  facet normal -0.471533 0.881849 0
    outer loop
      vertex 11.1117 390.63 0
      vertex 7.99973 388.966 2
      vertex 11.1117 390.63 2
    endloop
  endfacet
  facet normal -0.471533 0.881849 0
    outer loop
      vertex 7.99973 388.966 2
      vertex 11.1117 390.63 0
      vertex 7.99973 388.966 0
    endloop
  endfacet
  facet normal -0.956924 0.290339 0
    outer loop
      vertex 0.345864 377.512 0
      vertex 1.37017 380.888 2
      vertex 1.37017 380.888 0
    endloop
  endfacet
  facet normal -0.956924 0.290339 0
    outer loop
      vertex 1.37017 380.888 2
      vertex 0.345864 377.512 0
      vertex 0.345864 377.512 2
    endloop
  endfacet
  facet normal 0.995182 0.0980447 0
    outer loop
      vertex 600 374 2
      vertex 599.654 377.512 0
      vertex 599.654 377.512 2
    endloop
  endfacet
  facet normal 0.995182 0.0980447 0
    outer loop
      vertex 599.654 377.512 0
      vertex 600 374 2
      vertex 600 374 0
    endloop
  endfacet
  facet normal 0.956948 0.290259 0
    outer loop
      vertex 599.654 377.512 2
      vertex 598.63 380.888 0
      vertex 598.63 380.888 2
    endloop
  endfacet
  facet normal 0.956948 0.290259 0
    outer loop
      vertex 598.63 380.888 0
      vertex 599.654 377.512 2
      vertex 599.654 377.512 0
    endloop
  endfacet
  facet normal -0.77301 -0.634394 0
    outer loop
      vertex 5.27208 5.27208 0
      vertex 3.03355 7.99973 2
      vertex 3.03355 7.99973 0
    endloop
  endfacet
  facet normal -0.77301 -0.634394 0
    outer loop
      vertex 3.03355 7.99973 2
      vertex 5.27208 5.27208 0
      vertex 5.27208 5.27208 2
    endloop
  endfacet
  facet normal -0.995186 0.0980065 0
    outer loop
      vertex 0 374 0
      vertex 0.345864 377.512 2
      vertex 0.345864 377.512 0
    endloop
  endfacet
  facet normal -0.995186 0.0980065 0
    outer loop
      vertex 0.345864 377.512 2
      vertex 0 374 0
      vertex 0 374 2
    endloop
  endfacet
  facet normal 0.773123 0.634256 0
    outer loop
      vertex 596.966 384 2
      vertex 594.728 386.728 0
      vertex 594.728 386.728 2
    endloop
  endfacet
  facet normal 0.773123 0.634256 0
    outer loop
      vertex 594.728 386.728 0
      vertex 596.966 384 2
      vertex 596.966 384 0
    endloop
  endfacet
  facet normal 0.290339 -0.956924 0
    outer loop
      vertex 585.512 0.345864 0
      vertex 588.888 1.37017 2
      vertex 585.512 0.345864 2
    endloop
  endfacet
  facet normal 0.290339 -0.956924 0
    outer loop
      vertex 588.888 1.37017 2
      vertex 585.512 0.345864 0
      vertex 588.888 1.37017 0
    endloop
  endfacet
  facet normal -0.471396 -0.881922 0
    outer loop
      vertex 7.99973 3.03355 0
      vertex 11.1117 1.37017 2
      vertex 7.99973 3.03355 2
    endloop
  endfacet
  facet normal -0.471396 -0.881922 -0
    outer loop
      vertex 11.1117 1.37017 2
      vertex 7.99973 3.03355 0
      vertex 11.1117 1.37017 0
    endloop
  endfacet
  facet normal 0.0980447 0.995182 -0
    outer loop
      vertex 585.512 391.654 0
      vertex 582 392 2
      vertex 585.512 391.654 2
    endloop
  endfacet
  facet normal 0.0980447 0.995182 0
    outer loop
      vertex 582 392 2
      vertex 585.512 391.654 0
      vertex 582 392 0
    endloop
  endfacet
  facet normal -0.0980558 0.995181 0
    outer loop
      vertex 18 392 0
      vertex 14.4884 391.654 2
      vertex 18 392 2
    endloop
  endfacet
  facet normal -0.0980558 0.995181 0
    outer loop
      vertex 14.4884 391.654 2
      vertex 18 392 0
      vertex 14.4884 391.654 0
    endloop
  endfacet
  facet normal -0.0980176 -0.995185 0
    outer loop
      vertex 14.4884 0.345864 0
      vertex 18 0 2
      vertex 14.4884 0.345864 2
    endloop
  endfacet
  facet normal -0.0980176 -0.995185 -0
    outer loop
      vertex 18 0 2
      vertex 14.4884 0.345864 0
      vertex 18 0 0
    endloop
  endfacet
  facet normal 0.881849 -0.471533 0
    outer loop
      vertex 596.966 7.99973 2
      vertex 598.63 11.1117 0
      vertex 598.63 11.1117 2
    endloop
  endfacet
  facet normal 0.881849 -0.471533 0
    outer loop
      vertex 598.63 11.1117 0
      vertex 596.966 7.99973 2
      vertex 596.966 7.99973 0
    endloop
  endfacet
  facet normal -0.290283 -0.956941 0
    outer loop
      vertex 11.1117 1.37017 0
      vertex 14.4884 0.345864 2
      vertex 11.1117 1.37017 2
    endloop
  endfacet
  facet normal -0.290283 -0.956941 -0
    outer loop
      vertex 14.4884 0.345864 2
      vertex 11.1117 1.37017 0
      vertex 14.4884 0.345864 0
    endloop
  endfacet
  facet normal 0.995181 -0.0980558 0
    outer loop
      vertex 599.654 14.4884 2
      vertex 600 18 0
      vertex 600 18 2
    endloop
  endfacet
  facet normal 0.995181 -0.0980558 0
    outer loop
      vertex 600 18 0
      vertex 599.654 14.4884 2
      vertex 599.654 14.4884 0
    endloop
  endfacet
  facet normal -0.881922 -0.471396 0
    outer loop
      vertex 3.03355 7.99973 0
      vertex 1.37017 11.1117 2
      vertex 1.37017 11.1117 0
    endloop
  endfacet
  facet normal -0.881922 -0.471396 0
    outer loop
      vertex 1.37017 11.1117 2
      vertex 3.03355 7.99973 0
      vertex 3.03355 7.99973 2
    endloop
  endfacet
  facet normal -1 0 0
    outer loop
      vertex 61 4 0
      vertex 61 12 2
      vertex 61 12 0
    endloop
  endfacet
  facet normal -1 -0 0
    outer loop
      vertex 61 12 2
      vertex 61 4 0
      vertex 61 4 2
    endloop
  endfacet
  facet normal 1 -0 0
    outer loop
      vertex 39 4 2
      vertex 39 12 0
      vertex 39 12 2
    endloop
  endfacet
  facet normal 1 0 0
    outer loop
      vertex 39 12 0
      vertex 39 4 2
      vertex 39 4 0
    endloop
  endfacet
  facet normal 0 -1 0
    outer loop
      vertex 39 12 0
      vertex 61 12 2
      vertex 39 12 2
    endloop
  endfacet
  facet normal 0 -1 -0
    outer loop
      vertex 61 12 2
      vertex 39 12 0
      vertex 61 12 0
    endloop
  endfacet
  facet normal 0 1 -0
    outer loop
      vertex 61 4 0
      vertex 39 4 2
      vertex 61 4 2
    endloop
  endfacet
  facet normal 0 1 0
    outer loop
      vertex 39 4 2
      vertex 61 4 0
      vertex 39 4 0
    endloop
  endfacet
  facet normal -1 0 0
    outer loop
      vertex 561 4 0
      vertex 561 12 2
      vertex 561 12 0
    endloop
  endfacet
  facet normal -1 -0 0
    outer loop
      vertex 561 12 2
      vertex 561 4 0
      vertex 561 4 2
    endloop
  endfacet
  facet normal 1 -0 0
    outer loop
      vertex 539 4 2
      vertex 539 12 0
      vertex 539 12 2
    endloop
  endfacet
  facet normal 1 0 0
    outer loop
      vertex 539 12 0
      vertex 539 4 2
      vertex 539 4 0
    endloop
  endfacet
  facet normal 0 -1 0
    outer loop
      vertex 539 12 0
      vertex 561 12 2
      vertex 539 12 2
    endloop
  endfacet
  facet normal 0 -1 -0
    outer loop
      vertex 561 12 2
      vertex 539 12 0
      vertex 561 12 0
    endloop
  endfacet
  facet normal 0 1 -0
    outer loop
      vertex 561 4 0
      vertex 539 4 2
      vertex 561 4 2
    endloop
  endfacet
  facet normal 0 1 0
    outer loop
      vertex 539 4 2
      vertex 561 4 0
      vertex 539 4 0
    endloop
  endfacet
  facet normal 0 1 -0
    outer loop
      vertex 6 25 0
      vertex 0 25 0.0499992
      vertex 6 25 0.0499992
    endloop
  endfacet
  facet normal 0 1 0
    outer loop
      vertex 0 25 0.0499992
      vertex 6 25 0
      vertex 0 25 0
    endloop
  endfacet
  facet normal 0 -1 0
    outer loop
      vertex 0 75 0
      vertex 6 75 0.0499992
      vertex 0 75 0.0499992
    endloop
  endfacet
  facet normal 0 -1 -0
    outer loop
      vertex 6 75 0.0499992
      vertex 0 75 0
      vertex 6 75 0
    endloop
  endfacet
  facet normal 0 0.707107 -0.707107
    outer loop
      vertex 0 25 0.0499992
      vertex 4.06625 26.95 2
      vertex 6 25 0.0499992
    endloop
  endfacet
  facet normal 0 0.707107 -0.707107
    outer loop
      vertex 4.06625 26.95 2
      vertex 0 25 0.0499992
      vertex 0 26.95 2
    endloop
  endfacet
  facet normal -1 0 0
    outer loop
      vertex 6 25 0
      vertex 6 75 0.0499992
      vertex 6 75 0
    endloop
  endfacet
  facet normal -1 -0 0
    outer loop
      vertex 6 75 0.0499992
      vertex 6 25 0
      vertex 6 25 0.0499992
    endloop
  endfacet
  facet normal 0 -0.707107 -0.707107
    outer loop
      vertex 0 75 0.0499992
      vertex 4.06625 73.05 2
      vertex 0 73.05 2
    endloop
  endfacet
  facet normal 0 -0.707107 -0.707107
    outer loop
      vertex 4.06625 73.05 2
      vertex 0 75 0.0499992
      vertex 6 75 0.0499992
    endloop
  endfacet
  facet normal -0.710059 0 -0.704142
    outer loop
      vertex 6 75 0.0499992
      vertex 4.06625 26.95 2
      vertex 4.06625 73.05 2
    endloop
  endfacet
  facet normal -0.710059 0 -0.704142
    outer loop
      vertex 4.06625 26.95 2
      vertex 6 75 0.0499992
      vertex 6 25 0.0499992
    endloop
  endfacet
  facet normal 0.710014 0 -0.704188
    outer loop
      vertex 595.934 26.95 2
      vertex 594 75 0.0499992
      vertex 595.934 73.05 2
    endloop
  endfacet
  facet normal 0.710014 0 -0.704188
    outer loop
      vertex 594 75 0.0499992
      vertex 595.934 26.95 2
      vertex 594 25 0.0499992
    endloop
  endfacet
  facet normal 0 1 -0
    outer loop
      vertex 600 25 0
      vertex 594 25 0.0499992
      vertex 600 25 0.0499992
    endloop
  endfacet
  facet normal 0 1 0
    outer loop
      vertex 594 25 0.0499992
      vertex 600 25 0
      vertex 594 25 0
    endloop
  endfacet
  facet normal -0 -0.707107 -0.707107
    outer loop
      vertex 600 75 0.0499992
      vertex 595.934 73.05 2
      vertex 594 75 0.0499992
    endloop
  endfacet
  facet normal 0 -0.707107 -0.707107
    outer loop
      vertex 595.934 73.05 2
      vertex 600 75 0.0499992
      vertex 600 73.05 2
    endloop
  endfacet
  facet normal 0 -1 0
    outer loop
      vertex 594 75 0
      vertex 600 75 0.0499992
      vertex 594 75 0.0499992
    endloop
  endfacet
  facet normal 0 -1 -0
    outer loop
      vertex 600 75 0.0499992
      vertex 594 75 0
      vertex 600 75 0
    endloop
  endfacet
  facet normal 0 0.707107 -0.707107
    outer loop
      vertex 600 25 0.0499992
      vertex 595.934 26.95 2
      vertex 600 26.95 2
    endloop
  endfacet
  facet normal 0 0.707107 -0.707107
    outer loop
      vertex 595.934 26.95 2
      vertex 600 25 0.0499992
      vertex 594 25 0.0499992
    endloop
  endfacet
  facet normal 1 -0 0
    outer loop
      vertex 594 25 0.0499992
      vertex 594 75 0
      vertex 594 75 0.0499992
    endloop
  endfacet
  facet normal 1 0 0
    outer loop
      vertex 594 75 0
      vertex 594 25 0.0499992
      vertex 594 25 0
    endloop
  endfacet
  facet normal -1 0 0
    outer loop
      vertex 39.5 393.235 -10.0439
      vertex 39.5 395.469 -6.69552
      vertex 39.5 393.699 -10.2856
    endloop
  endfacet
  facet normal -1 -0 0
    outer loop
      vertex 39.5 395.469 -6.69552
      vertex 39.5 393.235 -10.0439
      vertex 39.5 394.778 -6.32588
    endloop
  endfacet
  facet normal -1 0 0
    outer loop
      vertex 39.5 392.793 -9.76266
      vertex 39.5 394.778 -6.32588
      vertex 39.5 393.235 -10.0439
    endloop
  endfacet
  facet normal -1 0 0
    outer loop
      vertex 39.5 392.144 -9.32912
      vertex 39.5 394.778 -6.32588
      vertex 39.5 392.793 -9.76266
    endloop
  endfacet
  facet normal -1 -0 0
    outer loop
      vertex 39.5 394.778 -6.32588
      vertex 39.5 392.144 -9.32912
      vertex 39.5 394.354 -5.99604
    endloop
  endfacet
  facet normal -1 0 0
    outer loop
      vertex 39.5 391.729 -9.01047
      vertex 39.5 394.354 -5.99604
      vertex 39.5 392.144 -9.32912
    endloop
  endfacet
  facet normal -1 0 -0
    outer loop
      vertex 39.5 394.172 -5.82843
      vertex 39.5 394.354 -5.99604
      vertex 39.5 391.729 -9.01047
    endloop
  endfacet
  facet normal 1 0 0
    outer loop
      vertex 39.5 394.354 -5.99604
      vertex 39.5 394.172 -5.82843
      vertex 39.5 394.172 -5.82861
    endloop
  endfacet
  facet normal -1 0 0
    outer loop
      vertex 39.5 391.343 -8.65685
      vertex 39.5 394.172 -5.82843
      vertex 39.5 391.729 -9.01047
    endloop
  endfacet
  facet normal -1 0 0
    outer loop
      vertex 39.5 390.99 -8.27094
      vertex 39.5 394.172 -5.82843
      vertex 39.5 391.343 -8.65685
    endloop
  endfacet
  facet normal -1 -0 0
    outer loop
      vertex 39.5 394.172 -5.82843
      vertex 39.5 390.99 -8.27094
      vertex 39.5 394.171 -5.8282
    endloop
  endfacet
  facet normal -1 -0 0
    outer loop
      vertex 39.5 394.171 -5.8282
      vertex 39.5 390.99 -8.27094
      vertex 39.5 393.818 -5.4425
    endloop
  endfacet
  facet normal -1 0 0
    outer loop
      vertex 39.5 390.671 -7.85567
      vertex 39.5 393.818 -5.4425
      vertex 39.5 390.99 -8.27094
    endloop
  endfacet
  facet normal -1 -0 0
    outer loop
      vertex 39.5 393.818 -5.4425
      vertex 39.5 390.671 -7.85567
      vertex 39.5 393.637 -5.20695
    endloop
  endfacet
  facet normal -1 0 0
    outer loop
      vertex 39.5 390.237 -7.20682
      vertex 39.5 393.637 -5.20695
      vertex 39.5 390.671 -7.85567
    endloop
  endfacet
  facet normal -1 -0 0
    outer loop
      vertex 39.5 393.637 -5.20695
      vertex 39.5 390.237 -7.20682
      vertex 39.5 393.41 -4.77034
    endloop
  endfacet
  facet normal -1 0 0
    outer loop
      vertex 39.5 389.956 -6.76537
      vertex 39.5 393.41 -4.77034
      vertex 39.5 390.237 -7.20682
    endloop
  endfacet
  facet normal -1 0 0
    outer loop
      vertex 39.5 389.714 -6.30107
      vertex 39.5 393.41 -4.77034
      vertex 39.5 389.956 -6.76537
    endloop
  endfacet
  facet normal -1 0 0
    outer loop
      vertex 39.5 396.975 -11
      vertex 39.5 397.025 -10.9989
      vertex 39.5 397.025 -11
    endloop
  endfacet
  facet normal -1 0 0
    outer loop
      vertex 39.5 397.025 -10.9989
      vertex 39.5 397 -7
      vertex 39.5 397.025 -6.99891
    endloop
  endfacet
  facet normal -1 -0 0
    outer loop
      vertex 39.5 397.025 -6.99891
      vertex 39.5 397 -7
      vertex 39.5 397.025 -6.99754
    endloop
  endfacet
  facet normal -1 -0 0
    outer loop
      vertex 39.5 397.025 -10.9989
      vertex 39.5 396.975 -11
      vertex 39.5 396.974 -10.9989
    endloop
  endfacet
  facet normal -1 0 0
    outer loop
      vertex 39.5 397.025 -10.9989
      vertex 39.5 396.974 -10.9989
      vertex 39.5 397 -7
    endloop
  endfacet
  facet normal -1 0 0
    outer loop
      vertex 39.5 396.477 -10.9772
      vertex 39.5 397 -7
      vertex 39.5 396.974 -10.9989
    endloop
  endfacet
  facet normal -1 0 0
    outer loop
      vertex 39.5 395.958 -10.9088
      vertex 39.5 397 -7
      vertex 39.5 396.477 -10.9772
    endloop
  endfacet
  facet normal -1 -0 0
    outer loop
      vertex 39.5 397 -7
      vertex 39.5 395.958 -10.9088
      vertex 39.5 396.22 -6.92314
    endloop
  endfacet
  facet normal -1 0 0
    outer loop
      vertex 39.5 395.193 -10.7566
      vertex 39.5 396.22 -6.92314
      vertex 39.5 395.958 -10.9088
    endloop
  endfacet
  facet normal -1 0 0
    outer loop
      vertex 39.5 394.682 -10.6433
      vertex 39.5 396.22 -6.92314
      vertex 39.5 395.193 -10.7566
    endloop
  endfacet
  facet normal -1 -0 0
    outer loop
      vertex 39.5 396.22 -6.92314
      vertex 39.5 394.682 -10.6433
      vertex 39.5 395.469 -6.69552
    endloop
  endfacet
  facet normal -1 0 0
    outer loop
      vertex 39.5 394.183 -10.4859
      vertex 39.5 395.469 -6.69552
      vertex 39.5 394.682 -10.6433
    endloop
  endfacet
  facet normal -1 0 0
    outer loop
      vertex 39.5 393.699 -10.2856
      vertex 39.5 395.469 -6.69552
      vertex 39.5 394.183 -10.4859
    endloop
  endfacet
  facet normal -1 0 0
    outer loop
      vertex 39.5 394.778 -6.32588
      vertex 39.5 394.354 -5.99604
      vertex 39.5 394.338 -5.96538
    endloop
  endfacet
  facet normal -1 0 0
    outer loop
      vertex 39.5 402.704 -8.36163
      vertex 39.5 402.704 -6.83089
      vertex 39.5 402.857 -7.59625
    endloop
  endfacet
  facet normal -1 0 0
    outer loop
      vertex 39.5 402.271 -9.01047
      vertex 39.5 402.704 -6.83089
      vertex 39.5 402.704 -8.36163
    endloop
  endfacet
  facet normal -1 0 0
    outer loop
      vertex 39.5 402.271 -9.01047
      vertex 39.5 402.271 -6.18205
      vertex 39.5 402.704 -6.83089
    endloop
  endfacet
  facet normal -1 0 0
    outer loop
      vertex 39.5 401.856 -9.32912
      vertex 39.5 402.271 -6.18205
      vertex 39.5 402.271 -9.01047
    endloop
  endfacet
  facet normal -1 0 0
    outer loop
      vertex 39.5 401.856 -9.32912
      vertex 39.5 401.622 -5.7485
      vertex 39.5 402.271 -6.18205
    endloop
  endfacet
  facet normal -1 0 0
    outer loop
      vertex 39.5 399.207 -6.36279
      vertex 39.5 401.856 -9.32912
      vertex 39.5 401.207 -9.76266
    endloop
  endfacet
  facet normal -1 0 0
    outer loop
      vertex 39.5 401.856 -9.32912
      vertex 39.5 399.443 -6.18205
      vertex 39.5 401.622 -5.7485
    endloop
  endfacet
  facet normal -1 0 0
    outer loop
      vertex 39.5 399.207 -6.36279
      vertex 39.5 401.207 -9.76266
      vertex 39.5 400.765 -10.0439
    endloop
  endfacet
  facet normal -1 0 0
    outer loop
      vertex 39.5 398.77 -6.59007
      vertex 39.5 400.765 -10.0439
      vertex 39.5 400.301 -10.2856
    endloop
  endfacet
  facet normal -1 -0 0
    outer loop
      vertex 39.5 401.622 -5.7485
      vertex 39.5 399.443 -6.18205
      vertex 39.5 400.857 -5.59625
    endloop
  endfacet
  facet normal -1 0 0
    outer loop
      vertex 39.5 398.531 -6.69552
      vertex 39.5 400.301 -10.2856
      vertex 39.5 399.817 -10.4859
    endloop
  endfacet
  facet normal -1 0 0
    outer loop
      vertex 39.5 400.857 -5.59625
      vertex 39.5 399.443 -6.18205
      vertex 39.5 400.091 -5.7485
    endloop
  endfacet
  facet normal -1 0 0
    outer loop
      vertex 39.5 398.287 -6.79039
      vertex 39.5 399.817 -10.4859
      vertex 39.5 399.318 -10.6433
    endloop
  endfacet
  facet normal -1 0 0
    outer loop
      vertex 39.5 401.856 -9.32912
      vertex 39.5 399.207 -6.36279
      vertex 39.5 399.443 -6.18205
    endloop
  endfacet
  facet normal -1 0 0
    outer loop
      vertex 39.5 398.287 -6.79039
      vertex 39.5 399.318 -10.6433
      vertex 39.5 398.807 -10.7566
    endloop
  endfacet
  facet normal -1 0 0
    outer loop
      vertex 39.5 400.765 -10.0439
      vertex 39.5 398.77 -6.59007
      vertex 39.5 399.207 -6.36279
    endloop
  endfacet
  facet normal -1 0 0
    outer loop
      vertex 39.5 400.301 -10.2856
      vertex 39.5 398.531 -6.69552
      vertex 39.5 398.77 -6.59007
    endloop
  endfacet
  facet normal -1 0 0
    outer loop
      vertex 39.5 398.77 -6.59007
      vertex 39.5 398.531 -6.69552
      vertex 39.5 398.582 -6.66799
    endloop
  endfacet
  facet normal -1 0 0
    outer loop
      vertex 39.5 399.817 -10.4859
      vertex 39.5 398.287 -6.79039
      vertex 39.5 398.531 -6.69552
    endloop
  endfacet
  facet normal -1 0 0
    outer loop
      vertex 39.5 398.531 -6.69552
      vertex 39.5 398.287 -6.79039
      vertex 39.5 398.475 -6.71246
    endloop
  endfacet
  facet normal -1 0 0
    outer loop
      vertex 39.5 397.817 -6.93842
      vertex 39.5 398.807 -10.7566
      vertex 39.5 398.042 -10.9088
    endloop
  endfacet
  facet normal -1 0 0
    outer loop
      vertex 39.5 398.807 -10.7566
      vertex 39.5 397.817 -6.93842
      vertex 39.5 398.287 -6.79039
    endloop
  endfacet
  facet normal -1 0 0
    outer loop
      vertex 39.5 397.523 -6.97716
      vertex 39.5 398.042 -10.9088
      vertex 39.5 397.523 -10.9772
    endloop
  endfacet
  facet normal -1 0 0
    outer loop
      vertex 39.5 398.042 -10.9088
      vertex 39.5 397.523 -6.97716
      vertex 39.5 397.817 -6.93842
    endloop
  endfacet
  facet normal -1 0 0
    outer loop
      vertex 39.5 397.025 -6.99891
      vertex 39.5 397.523 -10.9772
      vertex 39.5 397.025 -10.9989
    endloop
  endfacet
  facet normal -1 0 0
    outer loop
      vertex 39.5 397.523 -10.9772
      vertex 39.5 397.025 -6.99891
      vertex 39.5 397.523 -6.97716
    endloop
  endfacet
  facet normal -1 0 0
    outer loop
      vertex 39.5 393.05 -3.50442
      vertex 39.5 393.02 -3.44682
      vertex 39.5 393 -3
    endloop
  endfacet
  facet normal -1 0 0
    outer loop
      vertex 39.5 397.025 0.997538
      vertex 39.5 397 1
      vertex 39.5 397.025 0.998908
    endloop
  endfacet
  facet normal -1 0 0
    outer loop
      vertex 39.5 404.486 -1.71326
      vertex 39.5 404.486 -0.182526
      vertex 39.5 404.638 -0.947891
    endloop
  endfacet
  facet normal -1 0 0
    outer loop
      vertex 39.5 400.79 -1.71326
      vertex 39.5 404.486 -0.182526
      vertex 39.5 404.486 -1.71326
    endloop
  endfacet
  facet normal -1 0 0
    outer loop
      vertex 39.5 400.79 -1.71326
      vertex 39.5 404.486 -1.71326
      vertex 39.5 404.052 -2.36211
    endloop
  endfacet
  facet normal -1 0 0
    outer loop
      vertex 39.5 400.696 -1.46927
      vertex 39.5 404.486 -0.182526
      vertex 39.5 400.79 -1.71326
    endloop
  endfacet
  facet normal -1 0 0
    outer loop
      vertex 39.5 400.59 -1.22966
      vertex 39.5 404.286 0.301071
      vertex 39.5 400.696 -1.46927
    endloop
  endfacet
  facet normal -1 0 0
    outer loop
      vertex 39.5 400.79 -1.71326
      vertex 39.5 404.052 -2.36211
      vertex 39.5 403.404 -2.79564
    endloop
  endfacet
  facet normal -1 -0 0
    outer loop
      vertex 39.5 404.286 0.301071
      vertex 39.5 400.59 -1.22966
      vertex 39.5 404.044 0.765366
    endloop
  endfacet
  facet normal -1 -0 0
    outer loop
      vertex 39.5 404.044 0.765366
      vertex 39.5 400.59 -1.22966
      vertex 39.5 403.763 1.20682
    endloop
  endfacet
  facet normal -1 0 0
    outer loop
      vertex 39.5 400.79 -1.71326
      vertex 39.5 403.404 -2.79564
      vertex 39.5 402.638 -2.94789
    endloop
  endfacet
  facet normal -1 0 0
    outer loop
      vertex 39.5 400.79 -1.71326
      vertex 39.5 402.638 -2.94789
      vertex 39.5 401.873 -2.79564
    endloop
  endfacet
  facet normal -1 0 0
    outer loop
      vertex 39.5 400.79 -1.71326
      vertex 39.5 401.873 -2.79564
      vertex 39.5 401.224 -2.36211
    endloop
  endfacet
  facet normal -1 -0 0
    outer loop
      vertex 39.5 404.486 -0.182526
      vertex 39.5 400.696 -1.46927
      vertex 39.5 404.286 0.301071
    endloop
  endfacet
  facet normal -1 0 0
    outer loop
      vertex 39.5 400.696 -1.46927
      vertex 39.5 400.79 -1.71326
      vertex 39.5 400.712 -1.52513
    endloop
  endfacet
  facet normal -1 0 0
    outer loop
      vertex 39.5 400.363 -0.793045
      vertex 39.5 403.763 1.20682
      vertex 39.5 400.59 -1.22966
    endloop
  endfacet
  facet normal -1 0 0
    outer loop
      vertex 39.5 400.59 -1.22966
      vertex 39.5 400.696 -1.46927
      vertex 39.5 400.668 -1.41777
    endloop
  endfacet
  facet normal -1 -0 0
    outer loop
      vertex 39.5 403.763 1.20682
      vertex 39.5 400.363 -0.793045
      vertex 39.5 403.329 1.85567
    endloop
  endfacet
  facet normal -1 0 0
    outer loop
      vertex 39.5 400.182 -0.557495
      vertex 39.5 403.329 1.85567
      vertex 39.5 400.363 -0.793045
    endloop
  endfacet
  facet normal -1 -0 0
    outer loop
      vertex 39.5 403.329 1.85567
      vertex 39.5 400.182 -0.557495
      vertex 39.5 403.218 2
    endloop
  endfacet
  facet normal -1 0 0
    outer loop
      vertex 39.5 399.829 -0.171821
      vertex 39.5 403.218 2
      vertex 39.5 400.182 -0.557495
    endloop
  endfacet
  facet normal -1 0 0
    outer loop
      vertex 39.5 399.828 -0.171573
      vertex 39.5 403.218 2
      vertex 39.5 399.829 -0.171821
    endloop
  endfacet
  facet normal -1 0 0
    outer loop
      vertex 39.5 399.828 -0.171369
      vertex 39.5 403.218 2
      vertex 39.5 399.828 -0.171573
    endloop
  endfacet
  facet normal -1 0 0
    outer loop
      vertex 39.5 399.443 0.182053
      vertex 39.5 403.218 2
      vertex 39.5 399.828 -0.171369
    endloop
  endfacet
  facet normal -1 0 0
    outer loop
      vertex 39.5 399.207 0.362793
      vertex 39.5 403.218 2
      vertex 39.5 399.443 0.182053
    endloop
  endfacet
  facet normal -1 0 0
    outer loop
      vertex 39.5 398.77 0.590073
      vertex 39.5 403.218 2
      vertex 39.5 399.207 0.362793
    endloop
  endfacet
  facet normal -1 0 0
    outer loop
      vertex 39.5 398.531 0.695518
      vertex 39.5 398.77 0.590073
      vertex 39.5 398.582 0.667992
    endloop
  endfacet
  facet normal -1 0 0
    outer loop
      vertex 39.5 398.77 0.590073
      vertex 39.5 398.531 0.695518
      vertex 39.5 403.218 2
    endloop
  endfacet
  facet normal -1 0 0
    outer loop
      vertex 39.5 398.287 0.79039
      vertex 39.5 398.531 0.695518
      vertex 39.5 398.475 0.712465
    endloop
  endfacet
  facet normal -1 0 0
    outer loop
      vertex 39.5 398.531 0.695518
      vertex 39.5 398.287 0.79039
      vertex 39.5 403.218 2
    endloop
  endfacet
  facet normal -1 0 0
    outer loop
      vertex 39.5 397.817 0.938416
      vertex 39.5 403.218 2
      vertex 39.5 398.287 0.79039
    endloop
  endfacet
  facet normal -1 0 0
    outer loop
      vertex 39.5 397.523 0.977158
      vertex 39.5 403.218 2
      vertex 39.5 397.817 0.938416
    endloop
  endfacet
  facet normal -1 0 0
    outer loop
      vertex 39.5 397.025 0.998908
      vertex 39.5 403.218 2
      vertex 39.5 397.523 0.977158
    endloop
  endfacet
  facet normal -1 0 0
    outer loop
      vertex 39.5 397 1
      vertex 39.5 403.218 2
      vertex 39.5 397.025 0.998908
    endloop
  endfacet
  facet normal -1 0 0
    outer loop
      vertex 39.5 392 2
      vertex 39.5 397 1
      vertex 39.5 396.22 0.923141
    endloop
  endfacet
  facet normal -1 0 -0
    outer loop
      vertex 39.5 393.304 -4.53073
      vertex 39.5 393.41 -4.77034
      vertex 39.5 389.714 -6.30107
    endloop
  endfacet
  facet normal -1 0 0
    outer loop
      vertex 39.5 393.41 -4.77034
      vertex 39.5 393.304 -4.53073
      vertex 39.5 393.332 -4.58223
    endloop
  endfacet
  facet normal -1 0 0
    outer loop
      vertex 39.5 389.514 -5.81747
      vertex 39.5 393.304 -4.53073
      vertex 39.5 389.714 -6.30107
    endloop
  endfacet
  facet normal -1 0 0
    outer loop
      vertex 39.5 392 0
      vertex 39.5 393.304 -1.46927
      vertex 39.5 393.077 -2.21964
    endloop
  endfacet
  facet normal -1 0 0
    outer loop
      vertex 39.5 392 0
      vertex 39.5 393.674 -0.777719
      vertex 39.5 393.304 -1.46927
    endloop
  endfacet
  facet normal -1 0 0
    outer loop
      vertex 39.5 392 0
      vertex 39.5 394.172 -0.171573
      vertex 39.5 393.674 -0.777719
    endloop
  endfacet
  facet normal -1 0 0
    outer loop
      vertex 39.5 392 2
      vertex 39.5 394.172 -0.171573
      vertex 39.5 392 0
    endloop
  endfacet
  facet normal -1 0 0
    outer loop
      vertex 39.5 394.172 -0.171573
      vertex 39.5 392 2
      vertex 39.5 394.778 0.325878
    endloop
  endfacet
  facet normal -1 0 0
    outer loop
      vertex 39.5 394.778 0.325878
      vertex 39.5 392 2
      vertex 39.5 395.469 0.695518
    endloop
  endfacet
  facet normal -1 0 0
    outer loop
      vertex 39.5 397 1
      vertex 39.5 392 2
      vertex 39.5 403.218 2
    endloop
  endfacet
  facet normal -1 0 0
    outer loop
      vertex 39.5 395.469 0.695518
      vertex 39.5 392 2
      vertex 39.5 396.22 0.923141
    endloop
  endfacet
  facet normal -1 0 -0
    outer loop
      vertex 39.5 393.21 -4.28674
      vertex 39.5 393.304 -4.53073
      vertex 39.5 389.514 -5.81747
    endloop
  endfacet
  facet normal -1 0 0
    outer loop
      vertex 39.5 393.304 -4.53073
      vertex 39.5 393.21 -4.28674
      vertex 39.5 393.288 -4.47487
    endloop
  endfacet
  facet normal -1 0 0
    outer loop
      vertex 39.5 389.357 -5.31827
      vertex 39.5 393.21 -4.28674
      vertex 39.5 389.514 -5.81747
    endloop
  endfacet
  facet normal -1 -0 0
    outer loop
      vertex 39.5 393.21 -4.28674
      vertex 39.5 389.357 -5.31827
      vertex 39.5 393.062 -3.81726
    endloop
  endfacet
  facet normal -1 0 0
    outer loop
      vertex 39.5 389.243 -4.80725
      vertex 39.5 393.062 -3.81726
      vertex 39.5 389.357 -5.31827
    endloop
  endfacet
  facet normal -1 0 0
    outer loop
      vertex 39.5 389.091 -4.04189
      vertex 39.5 393.062 -3.81726
      vertex 39.5 389.243 -4.80725
    endloop
  endfacet
  facet normal -1 -0 0
    outer loop
      vertex 39.5 393.062 -3.81726
      vertex 39.5 389.091 -4.04189
      vertex 39.5 393.023 -3.52293
    endloop
  endfacet
  facet normal -1 -0 0
    outer loop
      vertex 39.5 393.023 -3.52293
      vertex 39.5 389.091 -4.04189
      vertex 39.5 393.02 -3.44682
    endloop
  endfacet
  facet normal -1 0 0
    outer loop
      vertex 39.5 389.023 -3.52293
      vertex 39.5 393.02 -3.44682
      vertex 39.5 389.091 -4.04189
    endloop
  endfacet
  facet normal -1 0 0
    outer loop
      vertex 39.5 389 -3
      vertex 39.5 393 -3
      vertex 39.5 389.023 -3.52293
    endloop
  endfacet
  facet normal -1 -0 0
    outer loop
      vertex 39.5 393.02 -3.44682
      vertex 39.5 389.023 -3.52293
      vertex 39.5 393 -3
    endloop
  endfacet
  facet normal -1 0 -0
    outer loop
      vertex 39.5 389.357 -0.681732
      vertex 39.5 392 0
      vertex 39.5 389.243 -1.19275
    endloop
  endfacet
  facet normal -1 0 -0
    outer loop
      vertex 39.5 389.514 -0.182526
      vertex 39.5 392 0
      vertex 39.5 389.357 -0.681732
    endloop
  endfacet
  facet normal -1 -0 0
    outer loop
      vertex 39.5 392 0
      vertex 39.5 389.514 -0.182526
      vertex 39.5 389.59 0
    endloop
  endfacet
  facet normal -1 0 -0
    outer loop
      vertex 39.5 389.023 -2.47707
      vertex 39.5 393 -3
      vertex 39.5 389 -3
    endloop
  endfacet
  facet normal -1 0 0
    outer loop
      vertex 39.5 393.077 -2.21964
      vertex 39.5 389.243 -1.19275
      vertex 39.5 392 0
    endloop
  endfacet
  facet normal -1 0 -0
    outer loop
      vertex 39.5 389.091 -1.95811
      vertex 39.5 393 -3
      vertex 39.5 389.023 -2.47707
    endloop
  endfacet
  facet normal -1 0 -0
    outer loop
      vertex 39.5 389.243 -1.19275
      vertex 39.5 393.077 -2.21964
      vertex 39.5 389.091 -1.95811
    endloop
  endfacet
  facet normal -1 0 0
    outer loop
      vertex 39.5 393 -3
      vertex 39.5 389.091 -1.95811
      vertex 39.5 393.077 -2.21964
    endloop
  endfacet
  facet normal 1 0 0
    outer loop
      vertex 60.5 393.05 -3.50442
      vertex 60.5 393 -3
      vertex 60.5 393.02 -3.44682
    endloop
  endfacet
  facet normal 1 0 0
    outer loop
      vertex 60.5 397 -7
      vertex 60.5 397.025 -6.99891
      vertex 60.5 397.025 -6.99754
    endloop
  endfacet
  facet normal 1 0 0
    outer loop
      vertex 60.5 397.025 -6.99891
      vertex 60.5 397 -7
      vertex 60.5 397.025 -10.9989
    endloop
  endfacet
  facet normal 1 0 0
    outer loop
      vertex 60.5 396.974 -10.9989
      vertex 60.5 397.025 -10.9989
      vertex 60.5 397 -7
    endloop
  endfacet
  facet normal 1 0 -0
    outer loop
      vertex 60.5 396.975 -11
      vertex 60.5 397.025 -10.9989
      vertex 60.5 396.974 -10.9989
    endloop
  endfacet
  facet normal 1 0 0
    outer loop
      vertex 60.5 397.025 -10.9989
      vertex 60.5 396.975 -11
      vertex 60.5 397.025 -11
    endloop
  endfacet
  facet normal 1 0 0
    outer loop
      vertex 60.5 397 -7
      vertex 60.5 396.477 -10.9772
      vertex 60.5 396.974 -10.9989
    endloop
  endfacet
  facet normal 1 0 0
    outer loop
      vertex 60.5 395.958 -10.9088
      vertex 60.5 397 -7
      vertex 60.5 396.22 -6.92314
    endloop
  endfacet
  facet normal 1 0 0
    outer loop
      vertex 60.5 397 -7
      vertex 60.5 395.958 -10.9088
      vertex 60.5 396.477 -10.9772
    endloop
  endfacet
  facet normal 1 0 0
    outer loop
      vertex 60.5 394.682 -10.6433
      vertex 60.5 396.22 -6.92314
      vertex 60.5 395.469 -6.69552
    endloop
  endfacet
  facet normal 1 0 0
    outer loop
      vertex 60.5 396.22 -6.92314
      vertex 60.5 395.193 -10.7566
      vertex 60.5 395.958 -10.9088
    endloop
  endfacet
  facet normal 1 0 0
    outer loop
      vertex 60.5 393.235 -10.0439
      vertex 60.5 395.469 -6.69552
      vertex 60.5 394.778 -6.32588
    endloop
  endfacet
  facet normal 1 0 0
    outer loop
      vertex 60.5 396.22 -6.92314
      vertex 60.5 394.682 -10.6433
      vertex 60.5 395.193 -10.7566
    endloop
  endfacet
  facet normal 1 0 0
    outer loop
      vertex 60.5 392.144 -9.32912
      vertex 60.5 394.778 -6.32588
      vertex 60.5 394.354 -5.99604
    endloop
  endfacet
  facet normal 1 -0 -0
    outer loop
      vertex 60.5 394.354 -5.99604
      vertex 60.5 394.778 -6.32588
      vertex 60.5 394.338 -5.96538
    endloop
  endfacet
  facet normal 1 0 0
    outer loop
      vertex 60.5 402.704 -6.83089
      vertex 60.5 402.704 -8.36163
      vertex 60.5 402.857 -7.59625
    endloop
  endfacet
  facet normal 1 0 0
    outer loop
      vertex 60.5 402.271 -6.18205
      vertex 60.5 402.704 -8.36163
      vertex 60.5 402.704 -6.83089
    endloop
  endfacet
  facet normal 1 0 0
    outer loop
      vertex 60.5 402.271 -6.18205
      vertex 60.5 402.271 -9.01047
      vertex 60.5 402.704 -8.36163
    endloop
  endfacet
  facet normal 1 0 0
    outer loop
      vertex 60.5 402.271 -6.18205
      vertex 60.5 401.856 -9.32912
      vertex 60.5 402.271 -9.01047
    endloop
  endfacet
  facet normal 1 0 0
    outer loop
      vertex 60.5 401.622 -5.7485
      vertex 60.5 401.856 -9.32912
      vertex 60.5 402.271 -6.18205
    endloop
  endfacet
  facet normal 1 -0 0
    outer loop
      vertex 60.5 399.443 -6.18205
      vertex 60.5 401.856 -9.32912
      vertex 60.5 401.622 -5.7485
    endloop
  endfacet
  facet normal 1 0 0
    outer loop
      vertex 60.5 399.443 -6.18205
      vertex 60.5 401.622 -5.7485
      vertex 60.5 400.857 -5.59625
    endloop
  endfacet
  facet normal 1 -0 0
    outer loop
      vertex 60.5 399.207 -6.36279
      vertex 60.5 401.856 -9.32912
      vertex 60.5 399.443 -6.18205
    endloop
  endfacet
  facet normal 1 0 0
    outer loop
      vertex 60.5 401.856 -9.32912
      vertex 60.5 399.207 -6.36279
      vertex 60.5 401.207 -9.76266
    endloop
  endfacet
  facet normal 1 0 0
    outer loop
      vertex 60.5 399.443 -6.18205
      vertex 60.5 400.857 -5.59625
      vertex 60.5 400.091 -5.7485
    endloop
  endfacet
  facet normal 1 0 0
    outer loop
      vertex 60.5 401.207 -9.76266
      vertex 60.5 399.207 -6.36279
      vertex 60.5 400.765 -10.0439
    endloop
  endfacet
  facet normal 1 -0 0
    outer loop
      vertex 60.5 398.77 -6.59007
      vertex 60.5 400.765 -10.0439
      vertex 60.5 399.207 -6.36279
    endloop
  endfacet
  facet normal 1 0 0
    outer loop
      vertex 60.5 400.765 -10.0439
      vertex 60.5 398.77 -6.59007
      vertex 60.5 400.301 -10.2856
    endloop
  endfacet
  facet normal 1 -0 0
    outer loop
      vertex 60.5 398.531 -6.69552
      vertex 60.5 400.301 -10.2856
      vertex 60.5 398.77 -6.59007
    endloop
  endfacet
  facet normal 1 0 0
    outer loop
      vertex 60.5 400.301 -10.2856
      vertex 60.5 398.531 -6.69552
      vertex 60.5 399.817 -10.4859
    endloop
  endfacet
  facet normal 1 -0 0
    outer loop
      vertex 60.5 398.287 -6.79039
      vertex 60.5 399.817 -10.4859
      vertex 60.5 398.531 -6.69552
    endloop
  endfacet
  facet normal 1 0 0
    outer loop
      vertex 60.5 398.531 -6.69552
      vertex 60.5 398.77 -6.59007
      vertex 60.5 398.582 -6.66799
    endloop
  endfacet
  facet normal 1 0 0
    outer loop
      vertex 60.5 399.817 -10.4859
      vertex 60.5 398.287 -6.79039
      vertex 60.5 399.318 -10.6433
    endloop
  endfacet
  facet normal 1 0 0
    outer loop
      vertex 60.5 398.287 -6.79039
      vertex 60.5 398.531 -6.69552
      vertex 60.5 398.475 -6.71246
    endloop
  endfacet
  facet normal 1 0 0
    outer loop
      vertex 60.5 399.318 -10.6433
      vertex 60.5 398.287 -6.79039
      vertex 60.5 398.807 -10.7566
    endloop
  endfacet
  facet normal 1 -0 0
    outer loop
      vertex 60.5 397.817 -6.93842
      vertex 60.5 398.807 -10.7566
      vertex 60.5 398.287 -6.79039
    endloop
  endfacet
  facet normal 1 0 0
    outer loop
      vertex 60.5 398.807 -10.7566
      vertex 60.5 397.817 -6.93842
      vertex 60.5 398.042 -10.9088
    endloop
  endfacet
  facet normal 1 -0 0
    outer loop
      vertex 60.5 397.523 -6.97716
      vertex 60.5 398.042 -10.9088
      vertex 60.5 397.817 -6.93842
    endloop
  endfacet
  facet normal 1 0 0
    outer loop
      vertex 60.5 397.523 -6.97716
      vertex 60.5 397.523 -10.9772
      vertex 60.5 398.042 -10.9088
    endloop
  endfacet
  facet normal 1 -0 0
    outer loop
      vertex 60.5 397.025 -6.99891
      vertex 60.5 397.523 -10.9772
      vertex 60.5 397.523 -6.97716
    endloop
  endfacet
  facet normal 1 0 0
    outer loop
      vertex 60.5 397.523 -10.9772
      vertex 60.5 397.025 -6.99891
      vertex 60.5 397.025 -10.9989
    endloop
  endfacet
  facet normal 1 0 0
    outer loop
      vertex 60.5 395.469 -6.69552
      vertex 60.5 394.183 -10.4859
      vertex 60.5 394.682 -10.6433
    endloop
  endfacet
  facet normal -1 0 0
    outer loop
      vertex 60.5 394.172 -5.82843
      vertex 60.5 394.354 -5.99604
      vertex 60.5 394.172 -5.82861
    endloop
  endfacet
  facet normal 1 0 0
    outer loop
      vertex 60.5 394.354 -5.99604
      vertex 60.5 394.172 -5.82843
      vertex 60.5 391.729 -9.01047
    endloop
  endfacet
  facet normal 1 0 0
    outer loop
      vertex 60.5 390.99 -8.27094
      vertex 60.5 394.172 -5.82843
      vertex 60.5 394.171 -5.8282
    endloop
  endfacet
  facet normal 1 0 0
    outer loop
      vertex 60.5 390.99 -8.27094
      vertex 60.5 394.171 -5.8282
      vertex 60.5 393.818 -5.4425
    endloop
  endfacet
  facet normal 1 0 0
    outer loop
      vertex 60.5 395.469 -6.69552
      vertex 60.5 393.699 -10.2856
      vertex 60.5 394.183 -10.4859
    endloop
  endfacet
  facet normal 1 0 0
    outer loop
      vertex 60.5 390.671 -7.85567
      vertex 60.5 393.818 -5.4425
      vertex 60.5 393.637 -5.20695
    endloop
  endfacet
  facet normal 1 0 0
    outer loop
      vertex 60.5 390.237 -7.20682
      vertex 60.5 393.637 -5.20695
      vertex 60.5 393.41 -4.77034
    endloop
  endfacet
  facet normal 1 0 0
    outer loop
      vertex 60.5 393.304 -4.53073
      vertex 60.5 393.41 -4.77034
      vertex 60.5 393.332 -4.58223
    endloop
  endfacet
  facet normal 1 0 0
    outer loop
      vertex 60.5 393.41 -4.77034
      vertex 60.5 393.304 -4.53073
      vertex 60.5 389.714 -6.30107
    endloop
  endfacet
  facet normal 1 0 0
    outer loop
      vertex 60.5 393.21 -4.28674
      vertex 60.5 393.304 -4.53073
      vertex 60.5 393.288 -4.47487
    endloop
  endfacet
  facet normal 1 0 0
    outer loop
      vertex 60.5 395.469 -6.69552
      vertex 60.5 393.235 -10.0439
      vertex 60.5 393.699 -10.2856
    endloop
  endfacet
  facet normal 1 0 0
    outer loop
      vertex 60.5 393.304 -4.53073
      vertex 60.5 393.21 -4.28674
      vertex 60.5 389.514 -5.81747
    endloop
  endfacet
  facet normal 1 0 0
    outer loop
      vertex 60.5 389.357 -5.31827
      vertex 60.5 393.21 -4.28674
      vertex 60.5 393.062 -3.81726
    endloop
  endfacet
  facet normal 1 0 0
    outer loop
      vertex 60.5 389.091 -4.04189
      vertex 60.5 393.062 -3.81726
      vertex 60.5 393.023 -3.52293
    endloop
  endfacet
  facet normal 1 0 0
    outer loop
      vertex 60.5 389.091 -4.04189
      vertex 60.5 393.023 -3.52293
      vertex 60.5 393.02 -3.44682
    endloop
  endfacet
  facet normal 1 0 0
    outer loop
      vertex 60.5 389.023 -3.52293
      vertex 60.5 393.02 -3.44682
      vertex 60.5 393 -3
    endloop
  endfacet
  facet normal 1 0 0
    outer loop
      vertex 60.5 394.778 -6.32588
      vertex 60.5 392.793 -9.76266
      vertex 60.5 393.235 -10.0439
    endloop
  endfacet
  facet normal 1 0 0
    outer loop
      vertex 60.5 404.486 -0.182526
      vertex 60.5 404.486 -1.71326
      vertex 60.5 404.638 -0.947891
    endloop
  endfacet
  facet normal 1 0 0
    outer loop
      vertex 60.5 400.696 -1.46927
      vertex 60.5 404.486 -0.182526
      vertex 60.5 404.286 0.301071
    endloop
  endfacet
  facet normal 1 0 0
    outer loop
      vertex 60.5 404.486 -0.182526
      vertex 60.5 400.79 -1.71326
      vertex 60.5 404.486 -1.71326
    endloop
  endfacet
  facet normal 1 0 0
    outer loop
      vertex 60.5 400.59 -1.22966
      vertex 60.5 404.286 0.301071
      vertex 60.5 404.044 0.765366
    endloop
  endfacet
  facet normal 1 0 0
    outer loop
      vertex 60.5 400.59 -1.22966
      vertex 60.5 404.044 0.765366
      vertex 60.5 403.763 1.20682
    endloop
  endfacet
  facet normal 1 0 0
    outer loop
      vertex 60.5 404.486 -0.182526
      vertex 60.5 400.696 -1.46927
      vertex 60.5 400.79 -1.71326
    endloop
  endfacet
  facet normal 1 0 0
    outer loop
      vertex 60.5 400.363 -0.793045
      vertex 60.5 403.763 1.20682
      vertex 60.5 403.329 1.85567
    endloop
  endfacet
  facet normal 1 0 0
    outer loop
      vertex 60.5 400.182 -0.557495
      vertex 60.5 403.329 1.85567
      vertex 60.5 403.218 2
    endloop
  endfacet
  facet normal 1 0 0
    outer loop
      vertex 60.5 404.486 -1.71326
      vertex 60.5 400.79 -1.71326
      vertex 60.5 404.052 -2.36211
    endloop
  endfacet
  facet normal 1 0 0
    outer loop
      vertex 60.5 404.052 -2.36211
      vertex 60.5 400.79 -1.71326
      vertex 60.5 403.404 -2.79564
    endloop
  endfacet
  facet normal 1 0 0
    outer loop
      vertex 60.5 403.404 -2.79564
      vertex 60.5 400.79 -1.71326
      vertex 60.5 402.638 -2.94789
    endloop
  endfacet
  facet normal 1 0 0
    outer loop
      vertex 60.5 402.638 -2.94789
      vertex 60.5 400.79 -1.71326
      vertex 60.5 401.873 -2.79564
    endloop
  endfacet
  facet normal 1 0 0
    outer loop
      vertex 60.5 401.873 -2.79564
      vertex 60.5 400.79 -1.71326
      vertex 60.5 401.224 -2.36211
    endloop
  endfacet
  facet normal 1 0 0
    outer loop
      vertex 60.5 400.79 -1.71326
      vertex 60.5 400.696 -1.46927
      vertex 60.5 400.712 -1.52513
    endloop
  endfacet
  facet normal 1 0 0
    outer loop
      vertex 60.5 404.286 0.301071
      vertex 60.5 400.59 -1.22966
      vertex 60.5 400.696 -1.46927
    endloop
  endfacet
  facet normal 1 0 0
    outer loop
      vertex 60.5 400.696 -1.46927
      vertex 60.5 400.59 -1.22966
      vertex 60.5 400.668 -1.41777
    endloop
  endfacet
  facet normal 1 0 0
    outer loop
      vertex 60.5 403.763 1.20682
      vertex 60.5 400.363 -0.793045
      vertex 60.5 400.59 -1.22966
    endloop
  endfacet
  facet normal 1 0 0
    outer loop
      vertex 60.5 403.329 1.85567
      vertex 60.5 400.182 -0.557495
      vertex 60.5 400.363 -0.793045
    endloop
  endfacet
  facet normal 1 0 0
    outer loop
      vertex 60.5 403.218 2
      vertex 60.5 399.829 -0.171821
      vertex 60.5 400.182 -0.557495
    endloop
  endfacet
  facet normal 1 0 0
    outer loop
      vertex 60.5 403.218 2
      vertex 60.5 399.828 -0.171573
      vertex 60.5 399.829 -0.171821
    endloop
  endfacet
  facet normal 1 0 0
    outer loop
      vertex 60.5 403.218 2
      vertex 60.5 399.828 -0.171369
      vertex 60.5 399.828 -0.171573
    endloop
  endfacet
  facet normal 1 0 0
    outer loop
      vertex 60.5 403.218 2
      vertex 60.5 399.443 0.182053
      vertex 60.5 399.828 -0.171369
    endloop
  endfacet
  facet normal 1 0 0
    outer loop
      vertex 60.5 403.218 2
      vertex 60.5 399.207 0.362793
      vertex 60.5 399.443 0.182053
    endloop
  endfacet
  facet normal 1 0 0
    outer loop
      vertex 60.5 403.218 2
      vertex 60.5 398.77 0.590073
      vertex 60.5 399.207 0.362793
    endloop
  endfacet
  facet normal 1 -0 0
    outer loop
      vertex 60.5 398.531 0.695518
      vertex 60.5 398.77 0.590073
      vertex 60.5 403.218 2
    endloop
  endfacet
  facet normal 1 0 0
    outer loop
      vertex 60.5 398.77 0.590073
      vertex 60.5 398.531 0.695518
      vertex 60.5 398.582 0.667992
    endloop
  endfacet
  facet normal 1 -0 0
    outer loop
      vertex 60.5 398.287 0.79039
      vertex 60.5 398.531 0.695518
      vertex 60.5 403.218 2
    endloop
  endfacet
  facet normal 1 0 0
    outer loop
      vertex 60.5 398.531 0.695518
      vertex 60.5 398.287 0.79039
      vertex 60.5 398.475 0.712465
    endloop
  endfacet
  facet normal 1 0 0
    outer loop
      vertex 60.5 403.218 2
      vertex 60.5 397.817 0.938416
      vertex 60.5 398.287 0.79039
    endloop
  endfacet
  facet normal 1 0 0
    outer loop
      vertex 60.5 403.218 2
      vertex 60.5 397.523 0.977158
      vertex 60.5 397.817 0.938416
    endloop
  endfacet
  facet normal 1 0 0
    outer loop
      vertex 60.5 403.218 2
      vertex 60.5 397.025 0.998908
      vertex 60.5 397.523 0.977158
    endloop
  endfacet
  facet normal 1 0 0
    outer loop
      vertex 60.5 397.025 0.998908
      vertex 60.5 397 1
      vertex 60.5 397.025 0.997538
    endloop
  endfacet
  facet normal 1 0 0
    outer loop
      vertex 60.5 403.218 2
      vertex 60.5 397 1
      vertex 60.5 397.025 0.998908
    endloop
  endfacet
  facet normal 1 -0 0
    outer loop
      vertex 60.5 392 2
      vertex 60.5 397 1
      vertex 60.5 403.218 2
    endloop
  endfacet
  facet normal 1 0 0
    outer loop
      vertex 60.5 394.778 -6.32588
      vertex 60.5 392.144 -9.32912
      vertex 60.5 392.793 -9.76266
    endloop
  endfacet
  facet normal 1 0 0
    outer loop
      vertex 60.5 389.091 -1.95811
      vertex 60.5 393 -3
      vertex 60.5 393.077 -2.21964
    endloop
  endfacet
  facet normal 1 0 0
    outer loop
      vertex 60.5 397 1
      vertex 60.5 392 2
      vertex 60.5 396.22 0.923141
    endloop
  endfacet
  facet normal 1 0 0
    outer loop
      vertex 60.5 392 2
      vertex 60.5 395.469 0.695518
      vertex 60.5 396.22 0.923141
    endloop
  endfacet
  facet normal 1 0 0
    outer loop
      vertex 60.5 392 2
      vertex 60.5 394.778 0.325878
      vertex 60.5 395.469 0.695518
    endloop
  endfacet
  facet normal 1 0 0
    outer loop
      vertex 60.5 392 2
      vertex 60.5 394.172 -0.171573
      vertex 60.5 394.778 0.325878
    endloop
  endfacet
  facet normal 1 -0 0
    outer loop
      vertex 60.5 392 0
      vertex 60.5 394.172 -0.171573
      vertex 60.5 392 2
    endloop
  endfacet
  facet normal 1 0 0
    outer loop
      vertex 60.5 394.172 -0.171573
      vertex 60.5 392 0
      vertex 60.5 393.674 -0.777719
    endloop
  endfacet
  facet normal 1 0 0
    outer loop
      vertex 60.5 393.674 -0.777719
      vertex 60.5 392 0
      vertex 60.5 393.304 -1.46927
    endloop
  endfacet
  facet normal 1 0 0
    outer loop
      vertex 60.5 393.304 -1.46927
      vertex 60.5 392 0
      vertex 60.5 393.077 -2.21964
    endloop
  endfacet
  facet normal 1 -0 0
    outer loop
      vertex 60.5 389.243 -1.19275
      vertex 60.5 393.077 -2.21964
      vertex 60.5 392 0
    endloop
  endfacet
  facet normal 1 0 0
    outer loop
      vertex 60.5 394.354 -5.99604
      vertex 60.5 391.729 -9.01047
      vertex 60.5 392.144 -9.32912
    endloop
  endfacet
  facet normal 1 0 0
    outer loop
      vertex 60.5 394.172 -5.82843
      vertex 60.5 391.343 -8.65685
      vertex 60.5 391.729 -9.01047
    endloop
  endfacet
  facet normal 1 0 0
    outer loop
      vertex 60.5 394.172 -5.82843
      vertex 60.5 390.99 -8.27094
      vertex 60.5 391.343 -8.65685
    endloop
  endfacet
  facet normal 1 0 0
    outer loop
      vertex 60.5 393.818 -5.4425
      vertex 60.5 390.671 -7.85567
      vertex 60.5 390.99 -8.27094
    endloop
  endfacet
  facet normal 1 0 0
    outer loop
      vertex 60.5 393.637 -5.20695
      vertex 60.5 390.237 -7.20682
      vertex 60.5 390.671 -7.85567
    endloop
  endfacet
  facet normal 1 0 0
    outer loop
      vertex 60.5 393.41 -4.77034
      vertex 60.5 389.956 -6.76537
      vertex 60.5 390.237 -7.20682
    endloop
  endfacet
  facet normal 1 0 0
    outer loop
      vertex 60.5 393.41 -4.77034
      vertex 60.5 389.714 -6.30107
      vertex 60.5 389.956 -6.76537
    endloop
  endfacet
  facet normal 1 0 0
    outer loop
      vertex 60.5 389.514 -0.182526
      vertex 60.5 392 0
      vertex 60.5 389.59 0
    endloop
  endfacet
  facet normal 1 0 0
    outer loop
      vertex 60.5 392 0
      vertex 60.5 389.514 -0.182526
      vertex 60.5 389.357 -0.681732
    endloop
  endfacet
  facet normal 1 0 0
    outer loop
      vertex 60.5 393.077 -2.21964
      vertex 60.5 389.243 -1.19275
      vertex 60.5 389.091 -1.95811
    endloop
  endfacet
  facet normal 1 0 0
    outer loop
      vertex 60.5 392 0
      vertex 60.5 389.357 -0.681732
      vertex 60.5 389.243 -1.19275
    endloop
  endfacet
  facet normal 1 0 0
    outer loop
      vertex 60.5 393.062 -3.81726
      vertex 60.5 389.243 -4.80725
      vertex 60.5 389.357 -5.31827
    endloop
  endfacet
  facet normal 1 0 0
    outer loop
      vertex 60.5 393.304 -4.53073
      vertex 60.5 389.514 -5.81747
      vertex 60.5 389.714 -6.30107
    endloop
  endfacet
  facet normal 1 0 0
    outer loop
      vertex 60.5 393.21 -4.28674
      vertex 60.5 389.357 -5.31827
      vertex 60.5 389.514 -5.81747
    endloop
  endfacet
  facet normal 1 0 0
    outer loop
      vertex 60.5 393 -3
      vertex 60.5 389.091 -1.95811
      vertex 60.5 389.023 -2.47707
    endloop
  endfacet
  facet normal 1 0 0
    outer loop
      vertex 60.5 393.062 -3.81726
      vertex 60.5 389.091 -4.04189
      vertex 60.5 389.243 -4.80725
    endloop
  endfacet
  facet normal 1 0 0
    outer loop
      vertex 60.5 393 -3
      vertex 60.5 389.023 -2.47707
      vertex 60.5 389 -3
    endloop
  endfacet
  facet normal 1 0 0
    outer loop
      vertex 60.5 393.02 -3.44682
      vertex 60.5 389.023 -3.52293
      vertex 60.5 389.091 -4.04189
    endloop
  endfacet
  facet normal 1 0 0
    outer loop
      vertex 60.5 393 -3
      vertex 60.5 389 -3
      vertex 60.5 389.023 -3.52293
    endloop
  endfacet
  facet normal 0 -0.0436331 -0.999048
    outer loop
      vertex 39.5 397.025 0.998908
      vertex 60.5 397.523 0.977158
      vertex 60.5 397.025 0.998908
    endloop
  endfacet
  facet normal -0 -0.0436331 -0.999048
    outer loop
      vertex 60.5 397.523 0.977158
      vertex 39.5 397.025 0.998908
      vertex 39.5 397.523 0.977158
    endloop
  endfacet
  facet normal 0 -0.130646 -0.991429
    outer loop
      vertex 39.5 397.523 0.977158
      vertex 60.5 397.817 0.938416
      vertex 60.5 397.523 0.977158
    endloop
  endfacet
  facet normal -0 -0.130646 -0.991429
    outer loop
      vertex 60.5 397.817 0.938416
      vertex 39.5 397.523 0.977158
      vertex 39.5 397.817 0.938416
    endloop
  endfacet
  facet normal 0 -0.300402 -0.953813
    outer loop
      vertex 39.5 397.817 0.938416
      vertex 60.5 398.287 0.79039
      vertex 60.5 397.817 0.938416
    endloop
  endfacet
  facet normal -0 -0.300402 -0.953813
    outer loop
      vertex 60.5 398.287 0.79039
      vertex 39.5 397.817 0.938416
      vertex 39.5 398.287 0.79039
    endloop
  endfacet
  facet normal 0 -0.382905 -0.923788
    outer loop
      vertex 39.5 398.287 0.79039
      vertex 60.5 398.475 0.712465
      vertex 60.5 398.287 0.79039
    endloop
  endfacet
  facet normal -0 -0.382905 -0.923788
    outer loop
      vertex 60.5 398.475 0.712465
      vertex 39.5 398.287 0.79039
      vertex 39.5 398.475 0.712465
    endloop
  endfacet
  facet normal 0 -0.38288 -0.923798
    outer loop
      vertex 39.5 398.582 0.667992
      vertex 60.5 398.77 0.590073
      vertex 60.5 398.582 0.667992
    endloop
  endfacet
  facet normal -0 -0.38288 -0.923798
    outer loop
      vertex 60.5 398.77 0.590073
      vertex 39.5 398.582 0.667992
      vertex 39.5 398.77 0.590073
    endloop
  endfacet
  facet normal 0 -0.461417 -0.887184
    outer loop
      vertex 39.5 398.77 0.590073
      vertex 60.5 399.207 0.362793
      vertex 60.5 398.77 0.590073
    endloop
  endfacet
  facet normal -0 -0.461417 -0.887184
    outer loop
      vertex 60.5 399.207 0.362793
      vertex 39.5 398.77 0.590073
      vertex 39.5 399.207 0.362793
    endloop
  endfacet
  facet normal 0 -0.608022 -0.79392
    outer loop
      vertex 39.5 399.207 0.362793
      vertex 60.5 399.443 0.182053
      vertex 60.5 399.207 0.362793
    endloop
  endfacet
  facet normal -0 -0.608022 -0.79392
    outer loop
      vertex 60.5 399.443 0.182053
      vertex 39.5 399.207 0.362793
      vertex 39.5 399.443 0.182053
    endloop
  endfacet
  facet normal 0 -0.67625 -0.736672
    outer loop
      vertex 39.5 399.443 0.182053
      vertex 60.5 399.828 -0.171369
      vertex 60.5 399.443 0.182053
    endloop
  endfacet
  facet normal -0 -0.67625 -0.736672
    outer loop
      vertex 60.5 399.828 -0.171369
      vertex 39.5 399.443 0.182053
      vertex 39.5 399.828 -0.171369
    endloop
  endfacet
  facet normal 0 -0.737663 -0.675169
    outer loop
      vertex 39.5 400.182 -0.557495
      vertex 60.5 399.829 -0.171821
      vertex 39.5 399.829 -0.171821
    endloop
  endfacet
  facet normal 0 -0.737663 -0.675169
    outer loop
      vertex 60.5 399.829 -0.171821
      vertex 39.5 400.182 -0.557495
      vertex 60.5 400.182 -0.557495
    endloop
  endfacet
  facet normal 0 -0.792937 -0.609304
    outer loop
      vertex 39.5 400.363 -0.793045
      vertex 60.5 400.182 -0.557495
      vertex 39.5 400.182 -0.557495
    endloop
  endfacet
  facet normal 0 -0.792937 -0.609304
    outer loop
      vertex 60.5 400.182 -0.557495
      vertex 39.5 400.363 -0.793045
      vertex 60.5 400.363 -0.793045
    endloop
  endfacet
  facet normal 0 -0.88725 -0.461289
    outer loop
      vertex 39.5 400.59 -1.22966
      vertex 60.5 400.363 -0.793045
      vertex 39.5 400.363 -0.793045
    endloop
  endfacet
  facet normal 0 -0.88725 -0.461289
    outer loop
      vertex 60.5 400.363 -0.793045
      vertex 39.5 400.59 -1.22966
      vertex 60.5 400.59 -1.22966
    endloop
  endfacet
  facet normal 0 -0.923737 -0.383028
    outer loop
      vertex 39.5 400.668 -1.41777
      vertex 60.5 400.59 -1.22966
      vertex 39.5 400.59 -1.22966
    endloop
  endfacet
  facet normal 0 -0.923737 -0.383028
    outer loop
      vertex 60.5 400.59 -1.22966
      vertex 39.5 400.668 -1.41777
      vertex 60.5 400.668 -1.41777
    endloop
  endfacet
  facet normal 0 -0.923751 -0.382994
    outer loop
      vertex 39.5 400.79 -1.71326
      vertex 60.5 400.712 -1.52513
      vertex 39.5 400.712 -1.52513
    endloop
  endfacet
  facet normal 0 -0.923751 -0.382994
    outer loop
      vertex 60.5 400.712 -1.52513
      vertex 39.5 400.79 -1.71326
      vertex 60.5 400.79 -1.71326
    endloop
  endfacet
  facet normal 0 -0.831202 -0.555971
    outer loop
      vertex 39.5 401.224 -2.36211
      vertex 60.5 400.79 -1.71326
      vertex 39.5 400.79 -1.71326
    endloop
  endfacet
  facet normal 0 -0.831202 -0.555971
    outer loop
      vertex 60.5 400.79 -1.71326
      vertex 39.5 401.224 -2.36211
      vertex 60.5 401.224 -2.36211
    endloop
  endfacet
  facet normal 0 -0.555466 -0.831539
    outer loop
      vertex 39.5 401.224 -2.36211
      vertex 60.5 401.873 -2.79564
      vertex 60.5 401.224 -2.36211
    endloop
  endfacet
  facet normal -0 -0.555466 -0.831539
    outer loop
      vertex 60.5 401.873 -2.79564
      vertex 39.5 401.224 -2.36211
      vertex 39.5 401.873 -2.79564
    endloop
  endfacet
  facet normal 0 -0.195191 -0.980765
    outer loop
      vertex 39.5 401.873 -2.79564
      vertex 60.5 402.638 -2.94789
      vertex 60.5 401.873 -2.79564
    endloop
  endfacet
  facet normal -0 -0.195191 -0.980765
    outer loop
      vertex 60.5 402.638 -2.94789
      vertex 39.5 401.873 -2.79564
      vertex 39.5 402.638 -2.94789
    endloop
  endfacet
  facet normal 0 0.194946 -0.980814
    outer loop
      vertex 39.5 402.638 -2.94789
      vertex 60.5 403.404 -2.79564
      vertex 60.5 402.638 -2.94789
    endloop
  endfacet
  facet normal 0 0.194946 -0.980814
    outer loop
      vertex 60.5 403.404 -2.79564
      vertex 39.5 402.638 -2.94789
      vertex 39.5 403.404 -2.79564
    endloop
  endfacet
  facet normal 0 0.556058 -0.831143
    outer loop
      vertex 39.5 403.404 -2.79564
      vertex 60.5 404.052 -2.36211
      vertex 60.5 403.404 -2.79564
    endloop
  endfacet
  facet normal 0 0.556058 -0.831143
    outer loop
      vertex 60.5 404.052 -2.36211
      vertex 39.5 403.404 -2.79564
      vertex 39.5 404.052 -2.36211
    endloop
  endfacet
  facet normal 0 0.831202 -0.555971
    outer loop
      vertex 60.5 404.052 -2.36211
      vertex 39.5 404.486 -1.71326
      vertex 60.5 404.486 -1.71326
    endloop
  endfacet
  facet normal 0 0.831202 -0.555971
    outer loop
      vertex 39.5 404.486 -1.71326
      vertex 60.5 404.052 -2.36211
      vertex 39.5 404.052 -2.36211
    endloop
  endfacet
  facet normal 0 0.980844 -0.194793
    outer loop
      vertex 60.5 404.486 -1.71326
      vertex 39.5 404.638 -0.947891
      vertex 60.5 404.638 -0.947891
    endloop
  endfacet
  facet normal 0 0.980844 -0.194793
    outer loop
      vertex 39.5 404.638 -0.947891
      vertex 60.5 404.486 -1.71326
      vertex 39.5 404.486 -1.71326
    endloop
  endfacet
  facet normal 0 0.980844 0.194794
    outer loop
      vertex 60.5 404.638 -0.947891
      vertex 39.5 404.486 -0.182526
      vertex 60.5 404.486 -0.182526
    endloop
  endfacet
  facet normal 0 0.980844 0.194794
    outer loop
      vertex 39.5 404.486 -0.182526
      vertex 60.5 404.638 -0.947891
      vertex 39.5 404.638 -0.947891
    endloop
  endfacet
  facet normal 0 0.92409 0.382174
    outer loop
      vertex 60.5 404.486 -0.182526
      vertex 39.5 404.286 0.301071
      vertex 60.5 404.286 0.301071
    endloop
  endfacet
  facet normal 0 0.92409 0.382174
    outer loop
      vertex 39.5 404.286 0.301071
      vertex 60.5 404.486 -0.182526
      vertex 39.5 404.486 -0.182526
    endloop
  endfacet
  facet normal 0 0.886773 0.462204
    outer loop
      vertex 60.5 404.286 0.301071
      vertex 39.5 404.044 0.765366
      vertex 60.5 404.044 0.765366
    endloop
  endfacet
  facet normal 0 0.886773 0.462204
    outer loop
      vertex 39.5 404.044 0.765366
      vertex 60.5 404.286 0.301071
      vertex 39.5 404.286 0.301071
    endloop
  endfacet
  facet normal 0 0.843597 0.536977
    outer loop
      vertex 60.5 404.044 0.765366
      vertex 39.5 403.763 1.20682
      vertex 60.5 403.763 1.20682
    endloop
  endfacet
  facet normal 0 0.843597 0.536977
    outer loop
      vertex 39.5 403.763 1.20682
      vertex 60.5 404.044 0.765366
      vertex 39.5 404.044 0.765366
    endloop
  endfacet
  facet normal 0 0.831202 0.555971
    outer loop
      vertex 60.5 403.763 1.20682
      vertex 39.5 403.329 1.85567
      vertex 60.5 403.329 1.85567
    endloop
  endfacet
  facet normal 0 0.831202 0.555971
    outer loop
      vertex 39.5 403.329 1.85567
      vertex 60.5 403.763 1.20682
      vertex 39.5 403.763 1.20682
    endloop
  endfacet
  facet normal 0 0.792685 0.609631
    outer loop
      vertex 60.5 403.329 1.85567
      vertex 39.5 403.218 2
      vertex 60.5 403.218 2
    endloop
  endfacet
  facet normal 0 0.792685 0.609631
    outer loop
      vertex 39.5 403.218 2
      vertex 60.5 403.329 1.85567
      vertex 39.5 403.329 1.85567
    endloop
  endfacet
  facet normal 0 -0.923171 0.384389
    outer loop
      vertex 39.5 389.514 -0.182526
      vertex 60.5 389.59 0
      vertex 39.5 389.59 0
    endloop
  endfacet
  facet normal 0 -0.923171 0.384389
    outer loop
      vertex 60.5 389.59 0
      vertex 39.5 389.514 -0.182526
      vertex 60.5 389.514 -0.182526
    endloop
  endfacet
  facet normal 0 -0.953935 0.300012
    outer loop
      vertex 39.5 389.357 -0.681732
      vertex 60.5 389.514 -0.182526
      vertex 39.5 389.514 -0.182526
    endloop
  endfacet
  facet normal 0 -0.953935 0.300012
    outer loop
      vertex 60.5 389.514 -0.182526
      vertex 39.5 389.357 -0.681732
      vertex 60.5 389.357 -0.681732
    endloop
  endfacet
  facet normal 0 -0.976009 0.217732
    outer loop
      vertex 39.5 389.243 -1.19275
      vertex 60.5 389.357 -0.681732
      vertex 39.5 389.357 -0.681732
    endloop
  endfacet
  facet normal 0 -0.976009 0.217732
    outer loop
      vertex 60.5 389.357 -0.681732
      vertex 39.5 389.243 -1.19275
      vertex 60.5 389.243 -1.19275
    endloop
  endfacet
  facet normal 0 -0.980844 0.194795
    outer loop
      vertex 39.5 389.091 -1.95811
      vertex 60.5 389.243 -1.19275
      vertex 39.5 389.243 -1.19275
    endloop
  endfacet
  facet normal 0 -0.980844 0.194795
    outer loop
      vertex 60.5 389.243 -1.19275
      vertex 39.5 389.091 -1.95811
      vertex 60.5 389.091 -1.95811
    endloop
  endfacet
  facet normal 0 -0.991524 0.129921
    outer loop
      vertex 39.5 389.023 -2.47707
      vertex 60.5 389.091 -1.95811
      vertex 39.5 389.091 -1.95811
    endloop
  endfacet
  facet normal 0 -0.991524 0.129921
    outer loop
      vertex 60.5 389.091 -1.95811
      vertex 39.5 389.023 -2.47707
      vertex 60.5 389.023 -2.47707
    endloop
  endfacet
  facet normal 0 -0.999034 0.0439405
    outer loop
      vertex 39.5 389 -3
      vertex 60.5 389.023 -2.47707
      vertex 39.5 389.023 -2.47707
    endloop
  endfacet
  facet normal 0 -0.999034 0.0439405
    outer loop
      vertex 60.5 389.023 -2.47707
      vertex 39.5 389 -3
      vertex 60.5 389 -3
    endloop
  endfacet
  facet normal 0 -0.999034 -0.0439405
    outer loop
      vertex 39.5 389.023 -3.52293
      vertex 60.5 389 -3
      vertex 39.5 389 -3
    endloop
  endfacet
  facet normal 0 -0.999034 -0.0439405
    outer loop
      vertex 60.5 389 -3
      vertex 39.5 389.023 -3.52293
      vertex 60.5 389.023 -3.52293
    endloop
  endfacet
  facet normal 0 -0.991524 -0.129921
    outer loop
      vertex 39.5 389.091 -4.04189
      vertex 60.5 389.023 -3.52293
      vertex 39.5 389.023 -3.52293
    endloop
  endfacet
  facet normal 0 -0.991524 -0.129921
    outer loop
      vertex 60.5 389.023 -3.52293
      vertex 39.5 389.091 -4.04189
      vertex 60.5 389.091 -4.04189
    endloop
  endfacet
  facet normal 0 -0.980844 -0.194795
    outer loop
      vertex 39.5 389.243 -4.80725
      vertex 60.5 389.091 -4.04189
      vertex 39.5 389.091 -4.04189
    endloop
  endfacet
  facet normal 0 -0.980844 -0.194795
    outer loop
      vertex 60.5 389.091 -4.04189
      vertex 39.5 389.243 -4.80725
      vertex 60.5 389.243 -4.80725
    endloop
  endfacet
  facet normal 0 -0.976009 -0.217731
    outer loop
      vertex 39.5 389.357 -5.31827
      vertex 60.5 389.243 -4.80725
      vertex 39.5 389.243 -4.80725
    endloop
  endfacet
  facet normal 0 -0.976009 -0.217731
    outer loop
      vertex 60.5 389.243 -4.80725
      vertex 39.5 389.357 -5.31827
      vertex 60.5 389.357 -5.31827
    endloop
  endfacet
  facet normal 0 -0.953934 -0.300015
    outer loop
      vertex 39.5 389.514 -5.81747
      vertex 60.5 389.357 -5.31827
      vertex 39.5 389.357 -5.31827
    endloop
  endfacet
  facet normal 0 -0.953934 -0.300015
    outer loop
      vertex 60.5 389.357 -5.31827
      vertex 39.5 389.514 -5.81747
      vertex 60.5 389.514 -5.81747
    endloop
  endfacet
  facet normal 0 -0.924091 -0.382172
    outer loop
      vertex 39.5 389.714 -6.30107
      vertex 60.5 389.514 -5.81747
      vertex 39.5 389.514 -5.81747
    endloop
  endfacet
  facet normal 0 -0.924091 -0.382172
    outer loop
      vertex 60.5 389.514 -5.81747
      vertex 39.5 389.714 -6.30107
      vertex 60.5 389.714 -6.30107
    endloop
  endfacet
  facet normal 0 -0.886775 -0.4622
    outer loop
      vertex 39.5 389.956 -6.76537
      vertex 60.5 389.714 -6.30107
      vertex 39.5 389.714 -6.30107
    endloop
  endfacet
  facet normal 0 -0.886775 -0.4622
    outer loop
      vertex 60.5 389.714 -6.30107
      vertex 39.5 389.956 -6.76537
      vertex 60.5 389.956 -6.76537
    endloop
  endfacet
  facet normal 0 -0.843595 -0.536981
    outer loop
      vertex 39.5 390.237 -7.20682
      vertex 60.5 389.956 -6.76537
      vertex 39.5 389.956 -6.76537
    endloop
  endfacet
  facet normal 0 -0.843595 -0.536981
    outer loop
      vertex 60.5 389.956 -6.76537
      vertex 39.5 390.237 -7.20682
      vertex 60.5 390.237 -7.20682
    endloop
  endfacet
  facet normal 0 -0.831202 -0.555971
    outer loop
      vertex 39.5 390.671 -7.85567
      vertex 60.5 390.237 -7.20682
      vertex 39.5 390.237 -7.20682
    endloop
  endfacet
  facet normal 0 -0.831202 -0.555971
    outer loop
      vertex 60.5 390.237 -7.20682
      vertex 39.5 390.671 -7.85567
      vertex 60.5 390.671 -7.85567
    endloop
  endfacet
  facet normal 0 -0.793028 -0.609185
    outer loop
      vertex 39.5 390.99 -8.27094
      vertex 60.5 390.671 -7.85567
      vertex 39.5 390.671 -7.85567
    endloop
  endfacet
  facet normal 0 -0.793028 -0.609185
    outer loop
      vertex 60.5 390.671 -7.85567
      vertex 39.5 390.99 -8.27094
      vertex 60.5 390.99 -8.27094
    endloop
  endfacet
  facet normal 0 -0.737869 -0.674944
    outer loop
      vertex 39.5 391.343 -8.65685
      vertex 60.5 390.99 -8.27094
      vertex 39.5 390.99 -8.27094
    endloop
  endfacet
  facet normal 0 -0.737869 -0.674944
    outer loop
      vertex 60.5 390.99 -8.27094
      vertex 39.5 391.343 -8.65685
      vertex 60.5 391.343 -8.65685
    endloop
  endfacet
  facet normal 0 -0.675503 -0.737357
    outer loop
      vertex 39.5 391.343 -8.65685
      vertex 60.5 391.729 -9.01047
      vertex 60.5 391.343 -8.65685
    endloop
  endfacet
  facet normal -0 -0.675503 -0.737357
    outer loop
      vertex 60.5 391.729 -9.01047
      vertex 39.5 391.343 -8.65685
      vertex 39.5 391.729 -9.01047
    endloop
  endfacet
  facet normal 0 -0.609013 -0.79316
    outer loop
      vertex 39.5 391.729 -9.01047
      vertex 60.5 392.144 -9.32912
      vertex 60.5 391.729 -9.01047
    endloop
  endfacet
  facet normal -0 -0.609013 -0.79316
    outer loop
      vertex 60.5 392.144 -9.32912
      vertex 39.5 391.729 -9.01047
      vertex 39.5 392.144 -9.32912
    endloop
  endfacet
  facet normal 0 -0.555475 -0.831533
    outer loop
      vertex 39.5 392.144 -9.32912
      vertex 60.5 392.793 -9.76266
      vertex 60.5 392.144 -9.32912
    endloop
  endfacet
  facet normal -0 -0.555475 -0.831533
    outer loop
      vertex 60.5 392.793 -9.76266
      vertex 39.5 392.144 -9.32912
      vertex 39.5 392.793 -9.76266
    endloop
  endfacet
  facet normal 0 -0.536831 -0.84369
    outer loop
      vertex 39.5 392.793 -9.76266
      vertex 60.5 393.235 -10.0439
      vertex 60.5 392.793 -9.76266
    endloop
  endfacet
  facet normal -0 -0.536831 -0.84369
    outer loop
      vertex 60.5 393.235 -10.0439
      vertex 39.5 392.793 -9.76266
      vertex 39.5 393.235 -10.0439
    endloop
  endfacet
  facet normal 0 -0.461985 -0.886888
    outer loop
      vertex 39.5 393.235 -10.0439
      vertex 60.5 393.699 -10.2856
      vertex 60.5 393.235 -10.0439
    endloop
  endfacet
  facet normal -0 -0.461985 -0.886888
    outer loop
      vertex 60.5 393.699 -10.2856
      vertex 39.5 393.235 -10.0439
      vertex 39.5 393.699 -10.2856
    endloop
  endfacet
  facet normal 0 -0.382391 -0.924001
    outer loop
      vertex 39.5 393.699 -10.2856
      vertex 60.5 394.183 -10.4859
      vertex 60.5 393.699 -10.2856
    endloop
  endfacet
  facet normal -0 -0.382391 -0.924001
    outer loop
      vertex 60.5 394.183 -10.4859
      vertex 39.5 393.699 -10.2856
      vertex 39.5 394.183 -10.4859
    endloop
  endfacet
  facet normal 0 -0.30082 -0.953681
    outer loop
      vertex 39.5 394.183 -10.4859
      vertex 60.5 394.682 -10.6433
      vertex 60.5 394.183 -10.4859
    endloop
  endfacet
  facet normal -0 -0.30082 -0.953681
    outer loop
      vertex 60.5 394.682 -10.6433
      vertex 39.5 394.183 -10.4859
      vertex 39.5 394.682 -10.6433
    endloop
  endfacet
  facet normal 0 -0.216465 -0.97629
    outer loop
      vertex 39.5 394.682 -10.6433
      vertex 60.5 395.193 -10.7566
      vertex 60.5 394.682 -10.6433
    endloop
  endfacet
  facet normal -0 -0.216465 -0.97629
    outer loop
      vertex 60.5 395.193 -10.7566
      vertex 39.5 394.682 -10.6433
      vertex 39.5 395.193 -10.7566
    endloop
  endfacet
  facet normal 0 -0.19513 -0.980777
    outer loop
      vertex 39.5 395.193 -10.7566
      vertex 60.5 395.958 -10.9088
      vertex 60.5 395.193 -10.7566
    endloop
  endfacet
  facet normal -0 -0.19513 -0.980777
    outer loop
      vertex 60.5 395.958 -10.9088
      vertex 39.5 395.193 -10.7566
      vertex 39.5 395.958 -10.9088
    endloop
  endfacet
  facet normal 0 -0.130662 -0.991427
    outer loop
      vertex 39.5 395.958 -10.9088
      vertex 60.5 396.477 -10.9772
      vertex 60.5 395.958 -10.9088
    endloop
  endfacet
  facet normal -0 -0.130662 -0.991427
    outer loop
      vertex 60.5 396.477 -10.9772
      vertex 39.5 395.958 -10.9088
      vertex 39.5 396.477 -10.9772
    endloop
  endfacet
  facet normal 0 -0.0436204 -0.999048
    outer loop
      vertex 39.5 396.477 -10.9772
      vertex 60.5 396.974 -10.9989
      vertex 60.5 396.477 -10.9772
    endloop
  endfacet
  facet normal -0 -0.0436204 -0.999048
    outer loop
      vertex 60.5 396.974 -10.9989
      vertex 39.5 396.477 -10.9772
      vertex 39.5 396.974 -10.9989
    endloop
  endfacet
  facet normal 0 0.043533 -0.999052
    outer loop
      vertex 39.5 397.025 -10.9989
      vertex 60.5 397.523 -10.9772
      vertex 60.5 397.025 -10.9989
    endloop
  endfacet
  facet normal 0 0.043533 -0.999052
    outer loop
      vertex 60.5 397.523 -10.9772
      vertex 39.5 397.025 -10.9989
      vertex 39.5 397.523 -10.9772
    endloop
  endfacet
  facet normal 0 0.130662 -0.991427
    outer loop
      vertex 39.5 397.523 -10.9772
      vertex 60.5 398.042 -10.9088
      vertex 60.5 397.523 -10.9772
    endloop
  endfacet
  facet normal 0 0.130662 -0.991427
    outer loop
      vertex 60.5 398.042 -10.9088
      vertex 39.5 397.523 -10.9772
      vertex 39.5 398.042 -10.9088
    endloop
  endfacet
  facet normal 0 0.19513 -0.980777
    outer loop
      vertex 39.5 398.042 -10.9088
      vertex 60.5 398.807 -10.7566
      vertex 60.5 398.042 -10.9088
    endloop
  endfacet
  facet normal 0 0.19513 -0.980777
    outer loop
      vertex 60.5 398.807 -10.7566
      vertex 39.5 398.042 -10.9088
      vertex 39.5 398.807 -10.7566
    endloop
  endfacet
  facet normal 0 0.216465 -0.97629
    outer loop
      vertex 39.5 398.807 -10.7566
      vertex 60.5 399.318 -10.6433
      vertex 60.5 398.807 -10.7566
    endloop
  endfacet
  facet normal 0 0.216465 -0.97629
    outer loop
      vertex 60.5 399.318 -10.6433
      vertex 39.5 398.807 -10.7566
      vertex 39.5 399.318 -10.6433
    endloop
  endfacet
  facet normal 0 0.30082 -0.953681
    outer loop
      vertex 39.5 399.318 -10.6433
      vertex 60.5 399.817 -10.4859
      vertex 60.5 399.318 -10.6433
    endloop
  endfacet
  facet normal 0 0.30082 -0.953681
    outer loop
      vertex 60.5 399.817 -10.4859
      vertex 39.5 399.318 -10.6433
      vertex 39.5 399.817 -10.4859
    endloop
  endfacet
  facet normal 0 0.382391 -0.924001
    outer loop
      vertex 39.5 399.817 -10.4859
      vertex 60.5 400.301 -10.2856
      vertex 60.5 399.817 -10.4859
    endloop
  endfacet
  facet normal 0 0.382391 -0.924001
    outer loop
      vertex 60.5 400.301 -10.2856
      vertex 39.5 399.817 -10.4859
      vertex 39.5 400.301 -10.2856
    endloop
  endfacet
  facet normal 0 0.461985 -0.886888
    outer loop
      vertex 39.5 400.301 -10.2856
      vertex 60.5 400.765 -10.0439
      vertex 60.5 400.301 -10.2856
    endloop
  endfacet
  facet normal 0 0.461985 -0.886888
    outer loop
      vertex 60.5 400.765 -10.0439
      vertex 39.5 400.301 -10.2856
      vertex 39.5 400.765 -10.0439
    endloop
  endfacet
  facet normal 0 0.536831 -0.84369
    outer loop
      vertex 39.5 400.765 -10.0439
      vertex 60.5 401.207 -9.76266
      vertex 60.5 400.765 -10.0439
    endloop
  endfacet
  facet normal 0 0.536831 -0.84369
    outer loop
      vertex 60.5 401.207 -9.76266
      vertex 39.5 400.765 -10.0439
      vertex 39.5 401.207 -9.76266
    endloop
  endfacet
  facet normal 0 0.555475 -0.831533
    outer loop
      vertex 39.5 401.207 -9.76266
      vertex 60.5 401.856 -9.32912
      vertex 60.5 401.207 -9.76266
    endloop
  endfacet
  facet normal 0 0.555475 -0.831533
    outer loop
      vertex 60.5 401.856 -9.32912
      vertex 39.5 401.207 -9.76266
      vertex 39.5 401.856 -9.32912
    endloop
  endfacet
  facet normal 0 0.609013 -0.79316
    outer loop
      vertex 39.5 401.856 -9.32912
      vertex 60.5 402.271 -9.01047
      vertex 60.5 401.856 -9.32912
    endloop
  endfacet
  facet normal 0 0.609013 -0.79316
    outer loop
      vertex 60.5 402.271 -9.01047
      vertex 39.5 401.856 -9.32912
      vertex 39.5 402.271 -9.01047
    endloop
  endfacet
  facet normal 0 0.83179 -0.555091
    outer loop
      vertex 60.5 402.271 -9.01047
      vertex 39.5 402.704 -8.36163
      vertex 60.5 402.704 -8.36163
    endloop
  endfacet
  facet normal 0 0.83179 -0.555091
    outer loop
      vertex 39.5 402.704 -8.36163
      vertex 60.5 402.271 -9.01047
      vertex 39.5 402.271 -9.01047
    endloop
  endfacet
  facet normal 0 0.980599 -0.196023
    outer loop
      vertex 60.5 402.704 -8.36163
      vertex 39.5 402.857 -7.59625
      vertex 60.5 402.857 -7.59625
    endloop
  endfacet
  facet normal 0 0.980599 -0.196023
    outer loop
      vertex 39.5 402.857 -7.59625
      vertex 60.5 402.704 -8.36163
      vertex 39.5 402.704 -8.36163
    endloop
  endfacet
  facet normal 0 0.980598 0.196027
    outer loop
      vertex 60.5 402.857 -7.59625
      vertex 39.5 402.704 -6.83089
      vertex 60.5 402.704 -6.83089
    endloop
  endfacet
  facet normal 0 0.980598 0.196027
    outer loop
      vertex 39.5 402.704 -6.83089
      vertex 60.5 402.857 -7.59625
      vertex 39.5 402.857 -7.59625
    endloop
  endfacet
  facet normal 0 0.83179 0.555091
    outer loop
      vertex 60.5 402.704 -6.83089
      vertex 39.5 402.271 -6.18205
      vertex 60.5 402.271 -6.18205
    endloop
  endfacet
  facet normal 0 0.83179 0.555091
    outer loop
      vertex 39.5 402.271 -6.18205
      vertex 60.5 402.704 -6.83089
      vertex 39.5 402.704 -6.83089
    endloop
  endfacet
  facet normal -0 0.555483 0.831528
    outer loop
      vertex 39.5 402.271 -6.18205
      vertex 60.5 401.622 -5.7485
      vertex 60.5 402.271 -6.18205
    endloop
  endfacet
  facet normal 0 0.555483 0.831528
    outer loop
      vertex 60.5 401.622 -5.7485
      vertex 39.5 402.271 -6.18205
      vertex 39.5 401.622 -5.7485
    endloop
  endfacet
  facet normal -0 0.195191 0.980765
    outer loop
      vertex 39.5 401.622 -5.7485
      vertex 60.5 400.857 -5.59625
      vertex 60.5 401.622 -5.7485
    endloop
  endfacet
  facet normal 0 0.195191 0.980765
    outer loop
      vertex 60.5 400.857 -5.59625
      vertex 39.5 401.622 -5.7485
      vertex 39.5 400.857 -5.59625
    endloop
  endfacet
  facet normal 0 -0.194946 0.980814
    outer loop
      vertex 39.5 400.857 -5.59625
      vertex 60.5 400.091 -5.7485
      vertex 60.5 400.857 -5.59625
    endloop
  endfacet
  facet normal 0 -0.194946 0.980814
    outer loop
      vertex 60.5 400.091 -5.7485
      vertex 39.5 400.857 -5.59625
      vertex 39.5 400.091 -5.7485
    endloop
  endfacet
  facet normal 0 -0.556076 0.831132
    outer loop
      vertex 39.5 400.091 -5.7485
      vertex 60.5 399.443 -6.18205
      vertex 60.5 400.091 -5.7485
    endloop
  endfacet
  facet normal 0 -0.556076 0.831132
    outer loop
      vertex 60.5 399.443 -6.18205
      vertex 39.5 400.091 -5.7485
      vertex 39.5 399.443 -6.18205
    endloop
  endfacet
  facet normal 0 -0.608022 0.79392
    outer loop
      vertex 39.5 399.443 -6.18205
      vertex 60.5 399.207 -6.36279
      vertex 60.5 399.443 -6.18205
    endloop
  endfacet
  facet normal 0 -0.608022 0.79392
    outer loop
      vertex 60.5 399.207 -6.36279
      vertex 39.5 399.443 -6.18205
      vertex 39.5 399.207 -6.36279
    endloop
  endfacet
  facet normal 0 -0.461417 0.887184
    outer loop
      vertex 39.5 399.207 -6.36279
      vertex 60.5 398.77 -6.59007
      vertex 60.5 399.207 -6.36279
    endloop
  endfacet
  facet normal 0 -0.461417 0.887184
    outer loop
      vertex 60.5 398.77 -6.59007
      vertex 39.5 399.207 -6.36279
      vertex 39.5 398.77 -6.59007
    endloop
  endfacet
  facet normal 0 -0.382926 0.923779
    outer loop
      vertex 39.5 398.475 -6.71246
      vertex 60.5 398.287 -6.79039
      vertex 60.5 398.475 -6.71246
    endloop
  endfacet
  facet normal 0 -0.382926 0.923779
    outer loop
      vertex 60.5 398.287 -6.79039
      vertex 39.5 398.475 -6.71246
      vertex 39.5 398.287 -6.79039
    endloop
  endfacet
  facet normal 0 -0.382884 0.923796
    outer loop
      vertex 39.5 398.77 -6.59007
      vertex 60.5 398.582 -6.66799
      vertex 60.5 398.77 -6.59007
    endloop
  endfacet
  facet normal 0 -0.382884 0.923796
    outer loop
      vertex 60.5 398.582 -6.66799
      vertex 39.5 398.77 -6.59007
      vertex 39.5 398.582 -6.66799
    endloop
  endfacet
  facet normal 0 -0.30041 0.95381
    outer loop
      vertex 39.5 398.287 -6.79039
      vertex 60.5 397.817 -6.93842
      vertex 60.5 398.287 -6.79039
    endloop
  endfacet
  facet normal 0 -0.30041 0.95381
    outer loop
      vertex 60.5 397.817 -6.93842
      vertex 39.5 398.287 -6.79039
      vertex 39.5 397.817 -6.93842
    endloop
  endfacet
  facet normal 0 -0.130639 0.99143
    outer loop
      vertex 39.5 397.817 -6.93842
      vertex 60.5 397.523 -6.97716
      vertex 60.5 397.817 -6.93842
    endloop
  endfacet
  facet normal 0 -0.130639 0.99143
    outer loop
      vertex 60.5 397.523 -6.97716
      vertex 39.5 397.817 -6.93842
      vertex 39.5 397.523 -6.97716
    endloop
  endfacet
  facet normal 0 -0.0436331 0.999048
    outer loop
      vertex 39.5 397.523 -6.97716
      vertex 60.5 397.025 -6.99891
      vertex 60.5 397.523 -6.97716
    endloop
  endfacet
  facet normal 0 -0.0436331 0.999048
    outer loop
      vertex 60.5 397.025 -6.99891
      vertex 39.5 397.523 -6.97716
      vertex 39.5 397.025 -6.99891
    endloop
  endfacet
  facet normal -0 0.677035 0.735951
    outer loop
      vertex 39.5 394.354 -5.99604
      vertex 60.5 394.172 -5.82861
      vertex 60.5 394.354 -5.99604
    endloop
  endfacet
  facet normal 0 0.677035 0.735951
    outer loop
      vertex 60.5 394.172 -5.82861
      vertex 39.5 394.354 -5.99604
      vertex 39.5 394.172 -5.82861
    endloop
  endfacet
  facet normal 0 0.737686 0.675144
    outer loop
      vertex 60.5 394.171 -5.8282
      vertex 39.5 393.818 -5.4425
      vertex 60.5 393.818 -5.4425
    endloop
  endfacet
  facet normal 0 0.737686 0.675144
    outer loop
      vertex 39.5 393.818 -5.4425
      vertex 60.5 394.171 -5.8282
      vertex 39.5 394.171 -5.8282
    endloop
  endfacet
  facet normal 0 0.792937 0.609304
    outer loop
      vertex 60.5 393.818 -5.4425
      vertex 39.5 393.637 -5.20695
      vertex 60.5 393.637 -5.20695
    endloop
  endfacet
  facet normal 0 0.792937 0.609304
    outer loop
      vertex 39.5 393.637 -5.20695
      vertex 60.5 393.818 -5.4425
      vertex 39.5 393.818 -5.4425
    endloop
  endfacet
  facet normal 0 0.887248 0.461293
    outer loop
      vertex 60.5 393.637 -5.20695
      vertex 39.5 393.41 -4.77034
      vertex 60.5 393.41 -4.77034
    endloop
  endfacet
  facet normal 0 0.887248 0.461293
    outer loop
      vertex 39.5 393.41 -4.77034
      vertex 60.5 393.637 -5.20695
      vertex 39.5 393.637 -5.20695
    endloop
  endfacet
  facet normal 0 0.923751 0.382994
    outer loop
      vertex 60.5 393.288 -4.47487
      vertex 39.5 393.21 -4.28674
      vertex 60.5 393.21 -4.28674
    endloop
  endfacet
  facet normal 0 0.923751 0.382994
    outer loop
      vertex 39.5 393.21 -4.28674
      vertex 60.5 393.288 -4.47487
      vertex 39.5 393.288 -4.47487
    endloop
  endfacet
  facet normal 0 0.923737 0.383028
    outer loop
      vertex 60.5 393.41 -4.77034
      vertex 39.5 393.332 -4.58223
      vertex 60.5 393.332 -4.58223
    endloop
  endfacet
  facet normal 0 0.923737 0.383028
    outer loop
      vertex 39.5 393.332 -4.58223
      vertex 60.5 393.41 -4.77034
      vertex 39.5 393.41 -4.77034
    endloop
  endfacet
  facet normal 0 0.953732 0.300657
    outer loop
      vertex 60.5 393.21 -4.28674
      vertex 39.5 393.062 -3.81726
      vertex 60.5 393.062 -3.81726
    endloop
  endfacet
  facet normal 0 0.953732 0.300657
    outer loop
      vertex 39.5 393.062 -3.81726
      vertex 60.5 393.21 -4.28674
      vertex 39.5 393.21 -4.28674
    endloop
  endfacet
  facet normal 0 0.991335 0.131356
    outer loop
      vertex 60.5 393.062 -3.81726
      vertex 39.5 393.023 -3.52293
      vertex 60.5 393.023 -3.52293
    endloop
  endfacet
  facet normal 0 0.991335 0.131356
    outer loop
      vertex 39.5 393.023 -3.52293
      vertex 60.5 393.062 -3.81726
      vertex 39.5 393.062 -3.81726
    endloop
  endfacet
  facet normal 0 0.999224 0.039386
    outer loop
      vertex 60.5 393.023 -3.52293
      vertex 39.5 393.02 -3.44682
      vertex 60.5 393.02 -3.44682
    endloop
  endfacet
  facet normal 0 0.999224 0.039386
    outer loop
      vertex 39.5 393.02 -3.44682
      vertex 60.5 393.023 -3.52293
      vertex 39.5 393.023 -3.52293
    endloop
  endfacet
  facet normal 0 -0.73994 -0.672673
    outer loop
      vertex 39.5 396.975 -11
      vertex 60.5 396.974 -10.9989
      vertex 39.5 396.974 -10.9989
    endloop
  endfacet
  facet normal 0 -0.73994 -0.672673
    outer loop
      vertex 60.5 396.974 -10.9989
      vertex 39.5 396.975 -11
      vertex 60.5 396.975 -11
    endloop
  endfacet
  facet normal 0 -0.886544 -0.462645
    outer loop
      vertex 39.5 394.354 -5.99604
      vertex 60.5 394.338 -5.96538
      vertex 39.5 394.338 -5.96538
    endloop
  endfacet
  facet normal 0 -0.886544 -0.462645
    outer loop
      vertex 60.5 394.338 -5.96538
      vertex 39.5 394.354 -5.99604
      vertex 60.5 394.354 -5.99604
    endloop
  endfacet
  facet normal 0 -0.886914 -0.461934
    outer loop
      vertex 39.5 393.05 -3.50442
      vertex 60.5 393.02 -3.44682
      vertex 39.5 393.02 -3.44682
    endloop
  endfacet
  facet normal 0 -0.886914 -0.461934
    outer loop
      vertex 60.5 393.02 -3.44682
      vertex 39.5 393.05 -3.50442
      vertex 60.5 393.05 -3.50442
    endloop
  endfacet
  facet normal 0 1 -0
    outer loop
      vertex 60.5 397.025 -11
      vertex 39.5 397.025 -10.9989
      vertex 60.5 397.025 -10.9989
    endloop
  endfacet
  facet normal 0 1 0
    outer loop
      vertex 39.5 397.025 -10.9989
      vertex 60.5 397.025 -11
      vertex 39.5 397.025 -11
    endloop
  endfacet
  facet normal 0 1 -0
    outer loop
      vertex 60.5 397.025 -6.99891
      vertex 39.5 397.025 -6.99754
      vertex 60.5 397.025 -6.99754
    endloop
  endfacet
  facet normal 0 1 0
    outer loop
      vertex 39.5 397.025 -6.99754
      vertex 60.5 397.025 -6.99891
      vertex 39.5 397.025 -6.99891
    endloop
  endfacet
  facet normal 0 1 -0
    outer loop
      vertex 60.5 397.025 0.997538
      vertex 39.5 397.025 0.998908
      vertex 60.5 397.025 0.998908
    endloop
  endfacet
  facet normal 0 1 0
    outer loop
      vertex 39.5 397.025 0.998908
      vertex 60.5 397.025 0.997538
      vertex 39.5 397.025 0.997538
    endloop
  endfacet
  facet normal 0 0 -1
    outer loop
      vertex 39.5 396.975 -11
      vertex 60.5 397.025 -11
      vertex 60.5 396.975 -11
    endloop
  endfacet
  facet normal -0 0 -1
    outer loop
      vertex 60.5 397.025 -11
      vertex 39.5 396.975 -11
      vertex 39.5 397.025 -11
    endloop
  endfacet
  facet normal 0 -0.240708 -0.970598
    outer loop
      vertex 39.5 399.829 -0.171821
      vertex 60.5 399.828 -0.171573
      vertex 39.5 399.828 -0.171573
    endloop
  endfacet
  facet normal 0 -0.240708 -0.970598
    outer loop
      vertex 60.5 399.828 -0.171573
      vertex 39.5 399.829 -0.171821
      vertex 60.5 399.829 -0.171821
    endloop
  endfacet
  facet normal 0 1 0
    outer loop
      vertex 39.5 394.172 -5.82861
      vertex 60.5 394.172 -5.82843
      vertex 60.5 394.172 -5.82861
    endloop
  endfacet
  facet normal 0 1 0
    outer loop
      vertex 60.5 394.172 -5.82843
      vertex 39.5 394.172 -5.82861
      vertex 39.5 394.172 -5.82843
    endloop
  endfacet
  facet normal -0 0.633764 0.773526
    outer loop
      vertex 39.5 394.778 -6.32588
      vertex 60.5 394.338 -5.96538
      vertex 60.5 394.778 -6.32588
    endloop
  endfacet
  facet normal 0 0.633764 0.773526
    outer loop
      vertex 60.5 394.338 -5.96538
      vertex 39.5 394.778 -6.32588
      vertex 39.5 394.338 -5.96538
    endloop
  endfacet
  facet normal 0 -0.475015 0.879978
    outer loop
      vertex 39.5 398.582 -6.66799
      vertex 60.5 398.531 -6.69552
      vertex 60.5 398.582 -6.66799
    endloop
  endfacet
  facet normal 0 -0.475015 0.879978
    outer loop
      vertex 60.5 398.531 -6.69552
      vertex 39.5 398.582 -6.66799
      vertex 39.5 398.531 -6.69552
    endloop
  endfacet
  facet normal 0 0.772667 -0.634811
    outer loop
      vertex 60.5 393.674 -0.777719
      vertex 39.5 394.172 -0.171573
      vertex 60.5 394.172 -0.171573
    endloop
  endfacet
  facet normal 0 0.772667 -0.634811
    outer loop
      vertex 39.5 394.172 -0.171573
      vertex 60.5 393.674 -0.777719
      vertex 39.5 393.674 -0.777719
    endloop
  endfacet
  facet normal 0 -0.097927 0.995194
    outer loop
      vertex 39.5 397.025 -6.99754
      vertex 60.5 397 -7
      vertex 60.5 397.025 -6.99754
    endloop
  endfacet
  facet normal 0 -0.097927 0.995194
    outer loop
      vertex 60.5 397 -7
      vertex 39.5 397.025 -6.99754
      vertex 39.5 397 -7
    endloop
  endfacet
  facet normal 0 0.290063 -0.957008
    outer loop
      vertex 39.5 395.469 0.695518
      vertex 60.5 396.22 0.923141
      vertex 60.5 395.469 0.695518
    endloop
  endfacet
  facet normal 0 0.290063 -0.957008
    outer loop
      vertex 60.5 396.22 0.923141
      vertex 39.5 395.469 0.695518
      vertex 39.5 396.22 0.923141
    endloop
  endfacet
  facet normal 0 0.634484 -0.772936
    outer loop
      vertex 39.5 394.172 -0.171573
      vertex 60.5 394.778 0.325878
      vertex 60.5 394.172 -0.171573
    endloop
  endfacet
  facet normal 0 0.634484 -0.772936
    outer loop
      vertex 60.5 394.778 0.325878
      vertex 39.5 394.172 -0.171573
      vertex 39.5 394.778 0.325878
    endloop
  endfacet
  facet normal 0 0.471687 -0.881766
    outer loop
      vertex 39.5 394.778 0.325878
      vertex 60.5 395.469 0.695518
      vertex 60.5 394.778 0.325878
    endloop
  endfacet
  facet normal 0 0.471687 -0.881766
    outer loop
      vertex 60.5 395.469 0.695518
      vertex 39.5 394.778 0.325878
      vertex 39.5 395.469 0.695518
    endloop
  endfacet
  facet normal 0 0.878547 0.477656
    outer loop
      vertex 60.5 393.332 -4.58223
      vertex 39.5 393.304 -4.53073
      vertex 60.5 393.304 -4.53073
    endloop
  endfacet
  facet normal 0 0.878547 0.477656
    outer loop
      vertex 39.5 393.304 -4.53073
      vertex 60.5 393.332 -4.58223
      vertex 39.5 393.332 -4.58223
    endloop
  endfacet
  facet normal -0 0.0980635 0.99518
    outer loop
      vertex 39.5 397 -7
      vertex 60.5 396.22 -6.92314
      vertex 60.5 397 -7
    endloop
  endfacet
  facet normal 0 0.0980635 0.99518
    outer loop
      vertex 60.5 396.22 -6.92314
      vertex 39.5 397 -7
      vertex 39.5 396.22 -6.92314
    endloop
  endfacet
  facet normal 0 -0.289542 0.957165
    outer loop
      vertex 39.5 398.531 -6.69552
      vertex 60.5 398.475 -6.71246
      vertex 60.5 398.531 -6.69552
    endloop
  endfacet
  facet normal 0 -0.289542 0.957165
    outer loop
      vertex 60.5 398.475 -6.71246
      vertex 39.5 398.531 -6.69552
      vertex 39.5 398.475 -6.71246
    endloop
  endfacet
  facet normal 0 0.995123 0.0986403
    outer loop
      vertex 60.5 393.05 -3.50442
      vertex 39.5 393 -3
      vertex 60.5 393 -3
    endloop
  endfacet
  facet normal 0 0.995123 0.0986403
    outer loop
      vertex 39.5 393 -3
      vertex 60.5 393.05 -3.50442
      vertex 39.5 393.05 -3.50442
    endloop
  endfacet
  facet normal 0 0.961342 0.275358
    outer loop
      vertex 60.5 393.304 -4.53073
      vertex 39.5 393.288 -4.47487
      vertex 60.5 393.288 -4.47487
    endloop
  endfacet
  facet normal 0 0.961342 0.275358
    outer loop
      vertex 39.5 393.288 -4.47487
      vertex 60.5 393.304 -4.53073
      vertex 39.5 393.304 -4.53073
    endloop
  endfacet
  facet normal -0 0.471687 0.881766
    outer loop
      vertex 39.5 395.469 -6.69552
      vertex 60.5 394.778 -6.32588
      vertex 60.5 395.469 -6.69552
    endloop
  endfacet
  facet normal 0 0.471687 0.881766
    outer loop
      vertex 60.5 394.778 -6.32588
      vertex 39.5 395.469 -6.69552
      vertex 39.5 394.778 -6.32588
    endloop
  endfacet
  facet normal 0 0.881731 -0.471752
    outer loop
      vertex 60.5 393.304 -1.46927
      vertex 39.5 393.674 -0.777719
      vertex 60.5 393.674 -0.777719
    endloop
  endfacet
  facet normal 0 0.881731 -0.471752
    outer loop
      vertex 39.5 393.674 -0.777719
      vertex 60.5 393.304 -1.46927
      vertex 39.5 393.304 -1.46927
    endloop
  endfacet
  facet normal 0 -0.474962 -0.880006
    outer loop
      vertex 39.5 398.531 0.695518
      vertex 60.5 398.582 0.667992
      vertex 60.5 398.531 0.695518
    endloop
  endfacet
  facet normal -0 -0.474962 -0.880006
    outer loop
      vertex 60.5 398.582 0.667992
      vertex 39.5 398.531 0.695518
      vertex 39.5 398.582 0.667992
    endloop
  endfacet
  facet normal 0 -0.878547 -0.477656
    outer loop
      vertex 39.5 400.696 -1.46927
      vertex 60.5 400.668 -1.41777
      vertex 39.5 400.668 -1.41777
    endloop
  endfacet
  facet normal 0 -0.878547 -0.477656
    outer loop
      vertex 60.5 400.668 -1.41777
      vertex 39.5 400.696 -1.46927
      vertex 60.5 400.696 -1.46927
    endloop
  endfacet
  facet normal -0 0.290059 0.957009
    outer loop
      vertex 39.5 396.22 -6.92314
      vertex 60.5 395.469 -6.69552
      vertex 60.5 396.22 -6.92314
    endloop
  endfacet
  facet normal 0 0.290059 0.957009
    outer loop
      vertex 60.5 395.469 -6.69552
      vertex 39.5 396.22 -6.92314
      vertex 39.5 395.469 -6.69552
    endloop
  endfacet
  facet normal 0 -0.961342 -0.275358
    outer loop
      vertex 39.5 400.712 -1.52513
      vertex 60.5 400.696 -1.46927
      vertex 39.5 400.696 -1.46927
    endloop
  endfacet
  facet normal 0 -0.961342 -0.275358
    outer loop
      vertex 60.5 400.696 -1.46927
      vertex 39.5 400.712 -1.52513
      vertex 60.5 400.712 -1.52513
    endloop
  endfacet
  facet normal 0 -0.0980059 -0.995186
    outer loop
      vertex 39.5 397 1
      vertex 60.5 397.025 0.997538
      vertex 60.5 397 1
    endloop
  endfacet
  facet normal -0 -0.0980059 -0.995186
    outer loop
      vertex 60.5 397.025 0.997538
      vertex 39.5 397 1
      vertex 39.5 397.025 0.997538
    endloop
  endfacet
  facet normal 0 0.224148 0.974555
    outer loop
      vertex 60.5 394.172 -5.82843
      vertex 39.5 394.171 -5.8282
      vertex 60.5 394.171 -5.8282
    endloop
  endfacet
  facet normal 0 0.224148 0.974555
    outer loop
      vertex 39.5 394.171 -5.8282
      vertex 60.5 394.172 -5.82843
      vertex 39.5 394.172 -5.82843
    endloop
  endfacet
  facet normal 0 0.0980623 -0.99518
    outer loop
      vertex 39.5 396.22 0.923141
      vertex 60.5 397 1
      vertex 60.5 396.22 0.923141
    endloop
  endfacet
  facet normal 0 0.0980623 -0.99518
    outer loop
      vertex 60.5 397 1
      vertex 39.5 396.22 0.923141
      vertex 39.5 397 1
    endloop
  endfacet
  facet normal 0 0.957161 -0.289558
    outer loop
      vertex 60.5 393.077 -2.21964
      vertex 39.5 393.304 -1.46927
      vertex 60.5 393.304 -1.46927
    endloop
  endfacet
  facet normal 0 0.957161 -0.289558
    outer loop
      vertex 39.5 393.304 -1.46927
      vertex 60.5 393.077 -2.21964
      vertex 39.5 393.077 -2.21964
    endloop
  endfacet
  facet normal 0 -1 0
    outer loop
      vertex 39.5 399.828 -0.171369
      vertex 60.5 399.828 -0.171573
      vertex 60.5 399.828 -0.171369
    endloop
  endfacet
  facet normal 0 -1 0
    outer loop
      vertex 60.5 399.828 -0.171573
      vertex 39.5 399.828 -0.171369
      vertex 39.5 399.828 -0.171573
    endloop
  endfacet
  facet normal 0 -0.289652 -0.957132
    outer loop
      vertex 39.5 398.475 0.712465
      vertex 60.5 398.531 0.695518
      vertex 60.5 398.475 0.712465
    endloop
  endfacet
  facet normal -0 -0.289652 -0.957132
    outer loop
      vertex 60.5 398.531 0.695518
      vertex 39.5 398.475 0.712465
      vertex 39.5 398.531 0.695518
    endloop
  endfacet
  facet normal 0 0.995167 -0.0981955
    outer loop
      vertex 60.5 393 -3
      vertex 39.5 393.077 -2.21964
      vertex 60.5 393.077 -2.21964
    endloop
  endfacet
  facet normal 0 0.995167 -0.0981955
    outer loop
      vertex 39.5 393.077 -2.21964
      vertex 60.5 393 -3
      vertex 39.5 393 -3
    endloop
  endfacet
  facet normal -1 0 0
    outer loop
      vertex 539.5 393.235 -10.0439
      vertex 539.5 395.469 -6.69552
      vertex 539.5 393.699 -10.2856
    endloop
  endfacet
  facet normal -1 -0 0
    outer loop
      vertex 539.5 395.469 -6.69552
      vertex 539.5 393.235 -10.0439
      vertex 539.5 394.778 -6.32588
    endloop
  endfacet
  facet normal -1 0 0
    outer loop
      vertex 539.5 392.793 -9.76266
      vertex 539.5 394.778 -6.32588
      vertex 539.5 393.235 -10.0439
    endloop
  endfacet
  facet normal -1 0 0
    outer loop
      vertex 539.5 392.144 -9.32912
      vertex 539.5 394.778 -6.32588
      vertex 539.5 392.793 -9.76266
    endloop
  endfacet
  facet normal -1 -0 0
    outer loop
      vertex 539.5 394.778 -6.32588
      vertex 539.5 392.144 -9.32912
      vertex 539.5 394.354 -5.99604
    endloop
  endfacet
  facet normal -1 0 0
    outer loop
      vertex 539.5 391.729 -9.01047
      vertex 539.5 394.354 -5.99604
      vertex 539.5 392.144 -9.32912
    endloop
  endfacet
  facet normal -1 0 -0
    outer loop
      vertex 539.5 394.172 -5.82843
      vertex 539.5 394.354 -5.99604
      vertex 539.5 391.729 -9.01047
    endloop
  endfacet
  facet normal 1 0 0
    outer loop
      vertex 539.5 394.354 -5.99604
      vertex 539.5 394.172 -5.82843
      vertex 539.5 394.172 -5.82861
    endloop
  endfacet
  facet normal -1 0 0
    outer loop
      vertex 539.5 391.343 -8.65685
      vertex 539.5 394.172 -5.82843
      vertex 539.5 391.729 -9.01047
    endloop
  endfacet
  facet normal -1 0 0
    outer loop
      vertex 539.5 390.99 -8.27094
      vertex 539.5 394.172 -5.82843
      vertex 539.5 391.343 -8.65685
    endloop
  endfacet
  facet normal -1 -0 0
    outer loop
      vertex 539.5 394.172 -5.82843
      vertex 539.5 390.99 -8.27094
      vertex 539.5 394.171 -5.8282
    endloop
  endfacet
  facet normal -1 -0 0
    outer loop
      vertex 539.5 394.171 -5.8282
      vertex 539.5 390.99 -8.27094
      vertex 539.5 393.818 -5.4425
    endloop
  endfacet
  facet normal -1 0 0
    outer loop
      vertex 539.5 390.671 -7.85567
      vertex 539.5 393.818 -5.4425
      vertex 539.5 390.99 -8.27094
    endloop
  endfacet
  facet normal -1 -0 0
    outer loop
      vertex 539.5 393.818 -5.4425
      vertex 539.5 390.671 -7.85567
      vertex 539.5 393.637 -5.20695
    endloop
  endfacet
  facet normal -1 0 0
    outer loop
      vertex 539.5 390.237 -7.20682
      vertex 539.5 393.637 -5.20695
      vertex 539.5 390.671 -7.85567
    endloop
  endfacet
  facet normal -1 -0 0
    outer loop
      vertex 539.5 393.637 -5.20695
      vertex 539.5 390.237 -7.20682
      vertex 539.5 393.41 -4.77034
    endloop
  endfacet
  facet normal -1 0 0
    outer loop
      vertex 539.5 389.956 -6.76537
      vertex 539.5 393.41 -4.77034
      vertex 539.5 390.237 -7.20682
    endloop
  endfacet
  facet normal -1 0 0
    outer loop
      vertex 539.5 389.714 -6.30107
      vertex 539.5 393.41 -4.77034
      vertex 539.5 389.956 -6.76537
    endloop
  endfacet
  facet normal -1 0 0
    outer loop
      vertex 539.5 396.975 -11
      vertex 539.5 397.025 -10.9989
      vertex 539.5 397.025 -11
    endloop
  endfacet
  facet normal -1 0 0
    outer loop
      vertex 539.5 397.025 -10.9989
      vertex 539.5 397 -7
      vertex 539.5 397.025 -6.99891
    endloop
  endfacet
  facet normal -1 -0 0
    outer loop
      vertex 539.5 397.025 -6.99891
      vertex 539.5 397 -7
      vertex 539.5 397.025 -6.99754
    endloop
  endfacet
  facet normal -1 -0 0
    outer loop
      vertex 539.5 397.025 -10.9989
      vertex 539.5 396.975 -11
      vertex 539.5 396.974 -10.9989
    endloop
  endfacet
  facet normal -1 0 0
    outer loop
      vertex 539.5 397.025 -10.9989
      vertex 539.5 396.974 -10.9989
      vertex 539.5 397 -7
    endloop
  endfacet
  facet normal -1 0 0
    outer loop
      vertex 539.5 396.477 -10.9772
      vertex 539.5 397 -7
      vertex 539.5 396.974 -10.9989
    endloop
  endfacet
  facet normal -1 0 0
    outer loop
      vertex 539.5 395.958 -10.9088
      vertex 539.5 397 -7
      vertex 539.5 396.477 -10.9772
    endloop
  endfacet
  facet normal -1 -0 0
    outer loop
      vertex 539.5 397 -7
      vertex 539.5 395.958 -10.9088
      vertex 539.5 396.22 -6.92314
    endloop
  endfacet
  facet normal -1 0 0
    outer loop
      vertex 539.5 395.193 -10.7566
      vertex 539.5 396.22 -6.92314
      vertex 539.5 395.958 -10.9088
    endloop
  endfacet
  facet normal -1 0 0
    outer loop
      vertex 539.5 394.682 -10.6433
      vertex 539.5 396.22 -6.92314
      vertex 539.5 395.193 -10.7566
    endloop
  endfacet
  facet normal -1 -0 0
    outer loop
      vertex 539.5 396.22 -6.92314
      vertex 539.5 394.682 -10.6433
      vertex 539.5 395.469 -6.69552
    endloop
  endfacet
  facet normal -1 0 0
    outer loop
      vertex 539.5 394.183 -10.4859
      vertex 539.5 395.469 -6.69552
      vertex 539.5 394.682 -10.6433
    endloop
  endfacet
  facet normal -1 0 0
    outer loop
      vertex 539.5 393.699 -10.2856
      vertex 539.5 395.469 -6.69552
      vertex 539.5 394.183 -10.4859
    endloop
  endfacet
  facet normal -1 0 0
    outer loop
      vertex 539.5 394.778 -6.32588
      vertex 539.5 394.354 -5.99604
      vertex 539.5 394.338 -5.96538
    endloop
  endfacet
  facet normal -1 0 0
    outer loop
      vertex 539.5 402.704 -8.36163
      vertex 539.5 402.704 -6.83089
      vertex 539.5 402.857 -7.59625
    endloop
  endfacet
  facet normal -1 0 0
    outer loop
      vertex 539.5 402.271 -9.01047
      vertex 539.5 402.704 -6.83089
      vertex 539.5 402.704 -8.36163
    endloop
  endfacet
  facet normal -1 0 0
    outer loop
      vertex 539.5 402.271 -9.01047
      vertex 539.5 402.271 -6.18205
      vertex 539.5 402.704 -6.83089
    endloop
  endfacet
  facet normal -1 0 0
    outer loop
      vertex 539.5 401.856 -9.32912
      vertex 539.5 402.271 -6.18205
      vertex 539.5 402.271 -9.01047
    endloop
  endfacet
  facet normal -1 0 0
    outer loop
      vertex 539.5 401.856 -9.32912
      vertex 539.5 401.622 -5.7485
      vertex 539.5 402.271 -6.18205
    endloop
  endfacet
  facet normal -1 0 0
    outer loop
      vertex 539.5 399.207 -6.36279
      vertex 539.5 401.856 -9.32912
      vertex 539.5 401.207 -9.76266
    endloop
  endfacet
  facet normal -1 0 0
    outer loop
      vertex 539.5 401.856 -9.32912
      vertex 539.5 399.443 -6.18205
      vertex 539.5 401.622 -5.7485
    endloop
  endfacet
  facet normal -1 0 0
    outer loop
      vertex 539.5 399.207 -6.36279
      vertex 539.5 401.207 -9.76266
      vertex 539.5 400.765 -10.0439
    endloop
  endfacet
  facet normal -1 0 0
    outer loop
      vertex 539.5 398.77 -6.59007
      vertex 539.5 400.765 -10.0439
      vertex 539.5 400.301 -10.2856
    endloop
  endfacet
  facet normal -1 -0 0
    outer loop
      vertex 539.5 401.622 -5.7485
      vertex 539.5 399.443 -6.18205
      vertex 539.5 400.857 -5.59625
    endloop
  endfacet
  facet normal -1 0 0
    outer loop
      vertex 539.5 398.531 -6.69552
      vertex 539.5 400.301 -10.2856
      vertex 539.5 399.817 -10.4859
    endloop
  endfacet
  facet normal -1 0 0
    outer loop
      vertex 539.5 400.857 -5.59625
      vertex 539.5 399.443 -6.18205
      vertex 539.5 400.091 -5.7485
    endloop
  endfacet
  facet normal -1 0 0
    outer loop
      vertex 539.5 398.287 -6.79039
      vertex 539.5 399.817 -10.4859
      vertex 539.5 399.318 -10.6433
    endloop
  endfacet
  facet normal -1 0 0
    outer loop
      vertex 539.5 401.856 -9.32912
      vertex 539.5 399.207 -6.36279
      vertex 539.5 399.443 -6.18205
    endloop
  endfacet
  facet normal -1 0 0
    outer loop
      vertex 539.5 398.287 -6.79039
      vertex 539.5 399.318 -10.6433
      vertex 539.5 398.807 -10.7566
    endloop
  endfacet
  facet normal -1 0 0
    outer loop
      vertex 539.5 400.765 -10.0439
      vertex 539.5 398.77 -6.59007
      vertex 539.5 399.207 -6.36279
    endloop
  endfacet
  facet normal -1 0 0
    outer loop
      vertex 539.5 400.301 -10.2856
      vertex 539.5 398.531 -6.69552
      vertex 539.5 398.77 -6.59007
    endloop
  endfacet
  facet normal -1 0 0
    outer loop
      vertex 539.5 398.77 -6.59007
      vertex 539.5 398.531 -6.69552
      vertex 539.5 398.582 -6.66799
    endloop
  endfacet
  facet normal -1 0 0
    outer loop
      vertex 539.5 399.817 -10.4859
      vertex 539.5 398.287 -6.79039
      vertex 539.5 398.531 -6.69552
    endloop
  endfacet
  facet normal -1 0 0
    outer loop
      vertex 539.5 398.531 -6.69552
      vertex 539.5 398.287 -6.79039
      vertex 539.5 398.475 -6.71246
    endloop
  endfacet
  facet normal -1 0 0
    outer loop
      vertex 539.5 397.817 -6.93842
      vertex 539.5 398.807 -10.7566
      vertex 539.5 398.042 -10.9088
    endloop
  endfacet
  facet normal -1 0 0
    outer loop
      vertex 539.5 398.807 -10.7566
      vertex 539.5 397.817 -6.93842
      vertex 539.5 398.287 -6.79039
    endloop
  endfacet
  facet normal -1 0 0
    outer loop
      vertex 539.5 397.523 -6.97716
      vertex 539.5 398.042 -10.9088
      vertex 539.5 397.523 -10.9772
    endloop
  endfacet
  facet normal -1 0 0
    outer loop
      vertex 539.5 398.042 -10.9088
      vertex 539.5 397.523 -6.97716
      vertex 539.5 397.817 -6.93842
    endloop
  endfacet
  facet normal -1 0 0
    outer loop
      vertex 539.5 397.025 -6.99891
      vertex 539.5 397.523 -10.9772
      vertex 539.5 397.025 -10.9989
    endloop
  endfacet
  facet normal -1 0 0
    outer loop
      vertex 539.5 397.523 -10.9772
      vertex 539.5 397.025 -6.99891
      vertex 539.5 397.523 -6.97716
    endloop
  endfacet
  facet normal -1 0 0
    outer loop
      vertex 539.5 393.05 -3.50442
      vertex 539.5 393.02 -3.44682
      vertex 539.5 393 -3
    endloop
  endfacet
  facet normal -1 0 0
    outer loop
      vertex 539.5 397.025 0.997538
      vertex 539.5 397 1
      vertex 539.5 397.025 0.998908
    endloop
  endfacet
  facet normal -1 0 0
    outer loop
      vertex 539.5 404.486 -1.71326
      vertex 539.5 404.486 -0.182526
      vertex 539.5 404.638 -0.947891
    endloop
  endfacet
  facet normal -1 0 0
    outer loop
      vertex 539.5 400.79 -1.71326
      vertex 539.5 404.486 -0.182526
      vertex 539.5 404.486 -1.71326
    endloop
  endfacet
  facet normal -1 0 0
    outer loop
      vertex 539.5 400.79 -1.71326
      vertex 539.5 404.486 -1.71326
      vertex 539.5 404.052 -2.36211
    endloop
  endfacet
  facet normal -1 0 0
    outer loop
      vertex 539.5 400.696 -1.46927
      vertex 539.5 404.486 -0.182526
      vertex 539.5 400.79 -1.71326
    endloop
  endfacet
  facet normal -1 0 0
    outer loop
      vertex 539.5 400.59 -1.22966
      vertex 539.5 404.286 0.301071
      vertex 539.5 400.696 -1.46927
    endloop
  endfacet
  facet normal -1 0 0
    outer loop
      vertex 539.5 400.79 -1.71326
      vertex 539.5 404.052 -2.36211
      vertex 539.5 403.404 -2.79564
    endloop
  endfacet
  facet normal -1 -0 0
    outer loop
      vertex 539.5 404.286 0.301071
      vertex 539.5 400.59 -1.22966
      vertex 539.5 404.044 0.765366
    endloop
  endfacet
  facet normal -1 -0 0
    outer loop
      vertex 539.5 404.044 0.765366
      vertex 539.5 400.59 -1.22966
      vertex 539.5 403.763 1.20682
    endloop
  endfacet
  facet normal -1 0 0
    outer loop
      vertex 539.5 400.79 -1.71326
      vertex 539.5 403.404 -2.79564
      vertex 539.5 402.638 -2.94789
    endloop
  endfacet
  facet normal -1 0 0
    outer loop
      vertex 539.5 400.79 -1.71326
      vertex 539.5 402.638 -2.94789
      vertex 539.5 401.873 -2.79564
    endloop
  endfacet
  facet normal -1 0 0
    outer loop
      vertex 539.5 400.79 -1.71326
      vertex 539.5 401.873 -2.79564
      vertex 539.5 401.224 -2.36211
    endloop
  endfacet
  facet normal -1 -0 0
    outer loop
      vertex 539.5 404.486 -0.182526
      vertex 539.5 400.696 -1.46927
      vertex 539.5 404.286 0.301071
    endloop
  endfacet
  facet normal -1 0 0
    outer loop
      vertex 539.5 400.696 -1.46927
      vertex 539.5 400.79 -1.71326
      vertex 539.5 400.712 -1.52513
    endloop
  endfacet
  facet normal -1 0 0
    outer loop
      vertex 539.5 400.363 -0.793045
      vertex 539.5 403.763 1.20682
      vertex 539.5 400.59 -1.22966
    endloop
  endfacet
  facet normal -1 0 0
    outer loop
      vertex 539.5 400.59 -1.22966
      vertex 539.5 400.696 -1.46927
      vertex 539.5 400.668 -1.41777
    endloop
  endfacet
  facet normal -1 -0 0
    outer loop
      vertex 539.5 403.763 1.20682
      vertex 539.5 400.363 -0.793045
      vertex 539.5 403.329 1.85567
    endloop
  endfacet
  facet normal -1 0 0
    outer loop
      vertex 539.5 400.182 -0.557495
      vertex 539.5 403.329 1.85567
      vertex 539.5 400.363 -0.793045
    endloop
  endfacet
  facet normal -1 -0 0
    outer loop
      vertex 539.5 403.329 1.85567
      vertex 539.5 400.182 -0.557495
      vertex 539.5 403.218 2
    endloop
  endfacet
  facet normal -1 0 0
    outer loop
      vertex 539.5 399.829 -0.171821
      vertex 539.5 403.218 2
      vertex 539.5 400.182 -0.557495
    endloop
  endfacet
  facet normal -1 0 0
    outer loop
      vertex 539.5 399.828 -0.171573
      vertex 539.5 403.218 2
      vertex 539.5 399.829 -0.171821
    endloop
  endfacet
  facet normal -1 0 0
    outer loop
      vertex 539.5 399.828 -0.171369
      vertex 539.5 403.218 2
      vertex 539.5 399.828 -0.171573
    endloop
  endfacet
  facet normal -1 0 0
    outer loop
      vertex 539.5 399.443 0.182053
      vertex 539.5 403.218 2
      vertex 539.5 399.828 -0.171369
    endloop
  endfacet
  facet normal -1 0 0
    outer loop
      vertex 539.5 399.207 0.362793
      vertex 539.5 403.218 2
      vertex 539.5 399.443 0.182053
    endloop
  endfacet
  facet normal -1 0 0
    outer loop
      vertex 539.5 398.77 0.590073
      vertex 539.5 403.218 2
      vertex 539.5 399.207 0.362793
    endloop
  endfacet
  facet normal -1 0 0
    outer loop
      vertex 539.5 398.531 0.695518
      vertex 539.5 398.77 0.590073
      vertex 539.5 398.582 0.667992
    endloop
  endfacet
  facet normal -1 0 0
    outer loop
      vertex 539.5 398.77 0.590073
      vertex 539.5 398.531 0.695518
      vertex 539.5 403.218 2
    endloop
  endfacet
  facet normal -1 0 0
    outer loop
      vertex 539.5 398.287 0.79039
      vertex 539.5 398.531 0.695518
      vertex 539.5 398.475 0.712465
    endloop
  endfacet
  facet normal -1 0 0
    outer loop
      vertex 539.5 398.531 0.695518
      vertex 539.5 398.287 0.79039
      vertex 539.5 403.218 2
    endloop
  endfacet
  facet normal -1 0 0
    outer loop
      vertex 539.5 397.817 0.938416
      vertex 539.5 403.218 2
      vertex 539.5 398.287 0.79039
    endloop
  endfacet
  facet normal -1 0 0
    outer loop
      vertex 539.5 397.523 0.977158
      vertex 539.5 403.218 2
      vertex 539.5 397.817 0.938416
    endloop
  endfacet
  facet normal -1 0 0
    outer loop
      vertex 539.5 397.025 0.998908
      vertex 539.5 403.218 2
      vertex 539.5 397.523 0.977158
    endloop
  endfacet
  facet normal -1 0 0
    outer loop
      vertex 539.5 397 1
      vertex 539.5 403.218 2
      vertex 539.5 397.025 0.998908
    endloop
  endfacet
  facet normal -1 0 0
    outer loop
      vertex 539.5 392 2
      vertex 539.5 397 1
      vertex 539.5 396.22 0.923141
    endloop
  endfacet
  facet normal -1 0 -0
    outer loop
      vertex 539.5 393.304 -4.53073
      vertex 539.5 393.41 -4.77034
      vertex 539.5 389.714 -6.30107
    endloop
  endfacet
  facet normal -1 0 0
    outer loop
      vertex 539.5 393.41 -4.77034
      vertex 539.5 393.304 -4.53073
      vertex 539.5 393.332 -4.58223
    endloop
  endfacet
  facet normal -1 0 0
    outer loop
      vertex 539.5 389.514 -5.81747
      vertex 539.5 393.304 -4.53073
      vertex 539.5 389.714 -6.30107
    endloop
  endfacet
  facet normal -1 0 0
    outer loop
      vertex 539.5 392 0
      vertex 539.5 393.304 -1.46927
      vertex 539.5 393.077 -2.21964
    endloop
  endfacet
  facet normal -1 0 0
    outer loop
      vertex 539.5 392 0
      vertex 539.5 393.674 -0.777719
      vertex 539.5 393.304 -1.46927
    endloop
  endfacet
  facet normal -1 0 0
    outer loop
      vertex 539.5 392 0
      vertex 539.5 394.172 -0.171573
      vertex 539.5 393.674 -0.777719
    endloop
  endfacet
  facet normal -1 0 0
    outer loop
      vertex 539.5 392 2
      vertex 539.5 394.172 -0.171573
      vertex 539.5 392 0
    endloop
  endfacet
  facet normal -1 0 0
    outer loop
      vertex 539.5 394.172 -0.171573
      vertex 539.5 392 2
      vertex 539.5 394.778 0.325878
    endloop
  endfacet
  facet normal -1 0 0
    outer loop
      vertex 539.5 394.778 0.325878
      vertex 539.5 392 2
      vertex 539.5 395.469 0.695518
    endloop
  endfacet
  facet normal -1 0 0
    outer loop
      vertex 539.5 397 1
      vertex 539.5 392 2
      vertex 539.5 403.218 2
    endloop
  endfacet
  facet normal -1 0 0
    outer loop
      vertex 539.5 395.469 0.695518
      vertex 539.5 392 2
      vertex 539.5 396.22 0.923141
    endloop
  endfacet
  facet normal -1 0 -0
    outer loop
      vertex 539.5 393.21 -4.28674
      vertex 539.5 393.304 -4.53073
      vertex 539.5 389.514 -5.81747
    endloop
  endfacet
  facet normal -1 0 0
    outer loop
      vertex 539.5 393.304 -4.53073
      vertex 539.5 393.21 -4.28674
      vertex 539.5 393.288 -4.47487
    endloop
  endfacet
  facet normal -1 0 0
    outer loop
      vertex 539.5 389.357 -5.31827
      vertex 539.5 393.21 -4.28674
      vertex 539.5 389.514 -5.81747
    endloop
  endfacet
  facet normal -1 -0 0
    outer loop
      vertex 539.5 393.21 -4.28674
      vertex 539.5 389.357 -5.31827
      vertex 539.5 393.062 -3.81726
    endloop
  endfacet
  facet normal -1 0 0
    outer loop
      vertex 539.5 389.243 -4.80725
      vertex 539.5 393.062 -3.81726
      vertex 539.5 389.357 -5.31827
    endloop
  endfacet
  facet normal -1 0 0
    outer loop
      vertex 539.5 389.091 -4.04189
      vertex 539.5 393.062 -3.81726
      vertex 539.5 389.243 -4.80725
    endloop
  endfacet
  facet normal -1 -0 0
    outer loop
      vertex 539.5 393.062 -3.81726
      vertex 539.5 389.091 -4.04189
      vertex 539.5 393.023 -3.52293
    endloop
  endfacet
  facet normal -1 -0 0
    outer loop
      vertex 539.5 393.023 -3.52293
      vertex 539.5 389.091 -4.04189
      vertex 539.5 393.02 -3.44682
    endloop
  endfacet
  facet normal -1 0 0
    outer loop
      vertex 539.5 389.023 -3.52293
      vertex 539.5 393.02 -3.44682
      vertex 539.5 389.091 -4.04189
    endloop
  endfacet
  facet normal -1 0 0
    outer loop
      vertex 539.5 389 -3
      vertex 539.5 393 -3
      vertex 539.5 389.023 -3.52293
    endloop
  endfacet
  facet normal -1 -0 0
    outer loop
      vertex 539.5 393.02 -3.44682
      vertex 539.5 389.023 -3.52293
      vertex 539.5 393 -3
    endloop
  endfacet
  facet normal -1 0 -0
    outer loop
      vertex 539.5 389.357 -0.681732
      vertex 539.5 392 0
      vertex 539.5 389.243 -1.19275
    endloop
  endfacet
  facet normal -1 0 -0
    outer loop
      vertex 539.5 389.514 -0.182526
      vertex 539.5 392 0
      vertex 539.5 389.357 -0.681732
    endloop
  endfacet
  facet normal -1 -0 0
    outer loop
      vertex 539.5 392 0
      vertex 539.5 389.514 -0.182526
      vertex 539.5 389.59 0
    endloop
  endfacet
  facet normal -1 0 -0
    outer loop
      vertex 539.5 389.023 -2.47707
      vertex 539.5 393 -3
      vertex 539.5 389 -3
    endloop
  endfacet
  facet normal -1 0 0
    outer loop
      vertex 539.5 393.077 -2.21964
      vertex 539.5 389.243 -1.19275
      vertex 539.5 392 0
    endloop
  endfacet
  facet normal -1 0 -0
    outer loop
      vertex 539.5 389.091 -1.95811
      vertex 539.5 393 -3
      vertex 539.5 389.023 -2.47707
    endloop
  endfacet
  facet normal -1 0 -0
    outer loop
      vertex 539.5 389.243 -1.19275
      vertex 539.5 393.077 -2.21964
      vertex 539.5 389.091 -1.95811
    endloop
  endfacet
  facet normal -1 0 0
    outer loop
      vertex 539.5 393 -3
      vertex 539.5 389.091 -1.95811
      vertex 539.5 393.077 -2.21964
    endloop
  endfacet
  facet normal 1 0 0
    outer loop
      vertex 560.5 393.05 -3.50442
      vertex 560.5 393 -3
      vertex 560.5 393.02 -3.44682
    endloop
  endfacet
  facet normal 1 0 0
    outer loop
      vertex 560.5 397 -7
      vertex 560.5 397.025 -6.99891
      vertex 560.5 397.025 -6.99754
    endloop
  endfacet
  facet normal 1 0 0
    outer loop
      vertex 560.5 397.025 -6.99891
      vertex 560.5 397 -7
      vertex 560.5 397.025 -10.9989
    endloop
  endfacet
  facet normal 1 0 0
    outer loop
      vertex 560.5 396.974 -10.9989
      vertex 560.5 397.025 -10.9989
      vertex 560.5 397 -7
    endloop
  endfacet
  facet normal 1 0 -0
    outer loop
      vertex 560.5 396.975 -11
      vertex 560.5 397.025 -10.9989
      vertex 560.5 396.974 -10.9989
    endloop
  endfacet
  facet normal 1 0 0
    outer loop
      vertex 560.5 397.025 -10.9989
      vertex 560.5 396.975 -11
      vertex 560.5 397.025 -11
    endloop
  endfacet
  facet normal 1 0 0
    outer loop
      vertex 560.5 397 -7
      vertex 560.5 396.477 -10.9772
      vertex 560.5 396.974 -10.9989
    endloop
  endfacet
  facet normal 1 0 0
    outer loop
      vertex 560.5 395.958 -10.9088
      vertex 560.5 397 -7
      vertex 560.5 396.22 -6.92314
    endloop
  endfacet
  facet normal 1 0 0
    outer loop
      vertex 560.5 397 -7
      vertex 560.5 395.958 -10.9088
      vertex 560.5 396.477 -10.9772
    endloop
  endfacet
  facet normal 1 0 0
    outer loop
      vertex 560.5 394.682 -10.6433
      vertex 560.5 396.22 -6.92314
      vertex 560.5 395.469 -6.69552
    endloop
  endfacet
  facet normal 1 0 0
    outer loop
      vertex 560.5 396.22 -6.92314
      vertex 560.5 395.193 -10.7566
      vertex 560.5 395.958 -10.9088
    endloop
  endfacet
  facet normal 1 0 0
    outer loop
      vertex 560.5 393.235 -10.0439
      vertex 560.5 395.469 -6.69552
      vertex 560.5 394.778 -6.32588
    endloop
  endfacet
  facet normal 1 0 0
    outer loop
      vertex 560.5 396.22 -6.92314
      vertex 560.5 394.682 -10.6433
      vertex 560.5 395.193 -10.7566
    endloop
  endfacet
  facet normal 1 0 0
    outer loop
      vertex 560.5 392.144 -9.32912
      vertex 560.5 394.778 -6.32588
      vertex 560.5 394.354 -5.99604
    endloop
  endfacet
  facet normal 1 -0 -0
    outer loop
      vertex 560.5 394.354 -5.99604
      vertex 560.5 394.778 -6.32588
      vertex 560.5 394.338 -5.96538
    endloop
  endfacet
  facet normal 1 0 0
    outer loop
      vertex 560.5 402.704 -6.83089
      vertex 560.5 402.704 -8.36163
      vertex 560.5 402.857 -7.59625
    endloop
  endfacet
  facet normal 1 0 0
    outer loop
      vertex 560.5 402.271 -6.18205
      vertex 560.5 402.704 -8.36163
      vertex 560.5 402.704 -6.83089
    endloop
  endfacet
  facet normal 1 0 0
    outer loop
      vertex 560.5 402.271 -6.18205
      vertex 560.5 402.271 -9.01047
      vertex 560.5 402.704 -8.36163
    endloop
  endfacet
  facet normal 1 0 0
    outer loop
      vertex 560.5 402.271 -6.18205
      vertex 560.5 401.856 -9.32912
      vertex 560.5 402.271 -9.01047
    endloop
  endfacet
  facet normal 1 0 0
    outer loop
      vertex 560.5 401.622 -5.7485
      vertex 560.5 401.856 -9.32912
      vertex 560.5 402.271 -6.18205
    endloop
  endfacet
  facet normal 1 -0 0
    outer loop
      vertex 560.5 399.443 -6.18205
      vertex 560.5 401.856 -9.32912
      vertex 560.5 401.622 -5.7485
    endloop
  endfacet
  facet normal 1 0 0
    outer loop
      vertex 560.5 399.443 -6.18205
      vertex 560.5 401.622 -5.7485
      vertex 560.5 400.857 -5.59625
    endloop
  endfacet
  facet normal 1 -0 0
    outer loop
      vertex 560.5 399.207 -6.36279
      vertex 560.5 401.856 -9.32912
      vertex 560.5 399.443 -6.18205
    endloop
  endfacet
  facet normal 1 0 0
    outer loop
      vertex 560.5 401.856 -9.32912
      vertex 560.5 399.207 -6.36279
      vertex 560.5 401.207 -9.76266
    endloop
  endfacet
  facet normal 1 0 0
    outer loop
      vertex 560.5 399.443 -6.18205
      vertex 560.5 400.857 -5.59625
      vertex 560.5 400.091 -5.7485
    endloop
  endfacet
  facet normal 1 0 0
    outer loop
      vertex 560.5 401.207 -9.76266
      vertex 560.5 399.207 -6.36279
      vertex 560.5 400.765 -10.0439
    endloop
  endfacet
  facet normal 1 -0 0
    outer loop
      vertex 560.5 398.77 -6.59007
      vertex 560.5 400.765 -10.0439
      vertex 560.5 399.207 -6.36279
    endloop
  endfacet
  facet normal 1 0 0
    outer loop
      vertex 560.5 400.765 -10.0439
      vertex 560.5 398.77 -6.59007
      vertex 560.5 400.301 -10.2856
    endloop
  endfacet
  facet normal 1 -0 0
    outer loop
      vertex 560.5 398.531 -6.69552
      vertex 560.5 400.301 -10.2856
      vertex 560.5 398.77 -6.59007
    endloop
  endfacet
  facet normal 1 0 0
    outer loop
      vertex 560.5 400.301 -10.2856
      vertex 560.5 398.531 -6.69552
      vertex 560.5 399.817 -10.4859
    endloop
  endfacet
  facet normal 1 -0 0
    outer loop
      vertex 560.5 398.287 -6.79039
      vertex 560.5 399.817 -10.4859
      vertex 560.5 398.531 -6.69552
    endloop
  endfacet
  facet normal 1 0 0
    outer loop
      vertex 560.5 398.531 -6.69552
      vertex 560.5 398.77 -6.59007
      vertex 560.5 398.582 -6.66799
    endloop
  endfacet
  facet normal 1 0 0
    outer loop
      vertex 560.5 399.817 -10.4859
      vertex 560.5 398.287 -6.79039
      vertex 560.5 399.318 -10.6433
    endloop
  endfacet
  facet normal 1 0 0
    outer loop
      vertex 560.5 398.287 -6.79039
      vertex 560.5 398.531 -6.69552
      vertex 560.5 398.475 -6.71246
    endloop
  endfacet
  facet normal 1 0 0
    outer loop
      vertex 560.5 399.318 -10.6433
      vertex 560.5 398.287 -6.79039
      vertex 560.5 398.807 -10.7566
    endloop
  endfacet
  facet normal 1 -0 0
    outer loop
      vertex 560.5 397.817 -6.93842
      vertex 560.5 398.807 -10.7566
      vertex 560.5 398.287 -6.79039
    endloop
  endfacet
  facet normal 1 0 0
    outer loop
      vertex 560.5 398.807 -10.7566
      vertex 560.5 397.817 -6.93842
      vertex 560.5 398.042 -10.9088
    endloop
  endfacet
  facet normal 1 -0 0
    outer loop
      vertex 560.5 397.523 -6.97716
      vertex 560.5 398.042 -10.9088
      vertex 560.5 397.817 -6.93842
    endloop
  endfacet
  facet normal 1 0 0
    outer loop
      vertex 560.5 397.523 -6.97716
      vertex 560.5 397.523 -10.9772
      vertex 560.5 398.042 -10.9088
    endloop
  endfacet
  facet normal 1 -0 0
    outer loop
      vertex 560.5 397.025 -6.99891
      vertex 560.5 397.523 -10.9772
      vertex 560.5 397.523 -6.97716
    endloop
  endfacet
  facet normal 1 0 0
    outer loop
      vertex 560.5 397.523 -10.9772
      vertex 560.5 397.025 -6.99891
      vertex 560.5 397.025 -10.9989
    endloop
  endfacet
  facet normal 1 0 0
    outer loop
      vertex 560.5 395.469 -6.69552
      vertex 560.5 394.183 -10.4859
      vertex 560.5 394.682 -10.6433
    endloop
  endfacet
  facet normal -1 0 0
    outer loop
      vertex 560.5 394.172 -5.82843
      vertex 560.5 394.354 -5.99604
      vertex 560.5 394.172 -5.82861
    endloop
  endfacet
  facet normal 1 0 0
    outer loop
      vertex 560.5 394.354 -5.99604
      vertex 560.5 394.172 -5.82843
      vertex 560.5 391.729 -9.01047
    endloop
  endfacet
  facet normal 1 0 0
    outer loop
      vertex 560.5 390.99 -8.27094
      vertex 560.5 394.172 -5.82843
      vertex 560.5 394.171 -5.8282
    endloop
  endfacet
  facet normal 1 0 0
    outer loop
      vertex 560.5 390.99 -8.27094
      vertex 560.5 394.171 -5.8282
      vertex 560.5 393.818 -5.4425
    endloop
  endfacet
  facet normal 1 0 0
    outer loop
      vertex 560.5 395.469 -6.69552
      vertex 560.5 393.699 -10.2856
      vertex 560.5 394.183 -10.4859
    endloop
  endfacet
  facet normal 1 0 0
    outer loop
      vertex 560.5 390.671 -7.85567
      vertex 560.5 393.818 -5.4425
      vertex 560.5 393.637 -5.20695
    endloop
  endfacet
  facet normal 1 0 0
    outer loop
      vertex 560.5 390.237 -7.20682
      vertex 560.5 393.637 -5.20695
      vertex 560.5 393.41 -4.77034
    endloop
  endfacet
  facet normal 1 0 0
    outer loop
      vertex 560.5 393.304 -4.53073
      vertex 560.5 393.41 -4.77034
      vertex 560.5 393.332 -4.58223
    endloop
  endfacet
  facet normal 1 0 0
    outer loop
      vertex 560.5 393.41 -4.77034
      vertex 560.5 393.304 -4.53073
      vertex 560.5 389.714 -6.30107
    endloop
  endfacet
  facet normal 1 0 0
    outer loop
      vertex 560.5 393.21 -4.28674
      vertex 560.5 393.304 -4.53073
      vertex 560.5 393.288 -4.47487
    endloop
  endfacet
  facet normal 1 0 0
    outer loop
      vertex 560.5 395.469 -6.69552
      vertex 560.5 393.235 -10.0439
      vertex 560.5 393.699 -10.2856
    endloop
  endfacet
  facet normal 1 0 0
    outer loop
      vertex 560.5 393.304 -4.53073
      vertex 560.5 393.21 -4.28674
      vertex 560.5 389.514 -5.81747
    endloop
  endfacet
  facet normal 1 0 0
    outer loop
      vertex 560.5 389.357 -5.31827
      vertex 560.5 393.21 -4.28674
      vertex 560.5 393.062 -3.81726
    endloop
  endfacet
  facet normal 1 0 0
    outer loop
      vertex 560.5 389.091 -4.04189
      vertex 560.5 393.062 -3.81726
      vertex 560.5 393.023 -3.52293
    endloop
  endfacet
  facet normal 1 0 0
    outer loop
      vertex 560.5 389.091 -4.04189
      vertex 560.5 393.023 -3.52293
      vertex 560.5 393.02 -3.44682
    endloop
  endfacet
  facet normal 1 0 0
    outer loop
      vertex 560.5 389.023 -3.52293
      vertex 560.5 393.02 -3.44682
      vertex 560.5 393 -3
    endloop
  endfacet
  facet normal 1 0 0
    outer loop
      vertex 560.5 394.778 -6.32588
      vertex 560.5 392.793 -9.76266
      vertex 560.5 393.235 -10.0439
    endloop
  endfacet
  facet normal 1 0 0
    outer loop
      vertex 560.5 404.486 -0.182526
      vertex 560.5 404.486 -1.71326
      vertex 560.5 404.638 -0.947891
    endloop
  endfacet
  facet normal 1 0 0
    outer loop
      vertex 560.5 400.696 -1.46927
      vertex 560.5 404.486 -0.182526
      vertex 560.5 404.286 0.301071
    endloop
  endfacet
  facet normal 1 0 0
    outer loop
      vertex 560.5 404.486 -0.182526
      vertex 560.5 400.79 -1.71326
      vertex 560.5 404.486 -1.71326
    endloop
  endfacet
  facet normal 1 0 0
    outer loop
      vertex 560.5 400.59 -1.22966
      vertex 560.5 404.286 0.301071
      vertex 560.5 404.044 0.765366
    endloop
  endfacet
  facet normal 1 0 0
    outer loop
      vertex 560.5 400.59 -1.22966
      vertex 560.5 404.044 0.765366
      vertex 560.5 403.763 1.20682
    endloop
  endfacet
  facet normal 1 0 0
    outer loop
      vertex 560.5 404.486 -0.182526
      vertex 560.5 400.696 -1.46927
      vertex 560.5 400.79 -1.71326
    endloop
  endfacet
  facet normal 1 0 0
    outer loop
      vertex 560.5 400.363 -0.793045
      vertex 560.5 403.763 1.20682
      vertex 560.5 403.329 1.85567
    endloop
  endfacet
  facet normal 1 0 0
    outer loop
      vertex 560.5 400.182 -0.557495
      vertex 560.5 403.329 1.85567
      vertex 560.5 403.218 2
    endloop
  endfacet
  facet normal 1 0 0
    outer loop
      vertex 560.5 404.486 -1.71326
      vertex 560.5 400.79 -1.71326
      vertex 560.5 404.052 -2.36211
    endloop
  endfacet
  facet normal 1 0 0
    outer loop
      vertex 560.5 404.052 -2.36211
      vertex 560.5 400.79 -1.71326
      vertex 560.5 403.404 -2.79564
    endloop
  endfacet
  facet normal 1 0 0
    outer loop
      vertex 560.5 403.404 -2.79564
      vertex 560.5 400.79 -1.71326
      vertex 560.5 402.638 -2.94789
    endloop
  endfacet
  facet normal 1 0 0
    outer loop
      vertex 560.5 402.638 -2.94789
      vertex 560.5 400.79 -1.71326
      vertex 560.5 401.873 -2.79564
    endloop
  endfacet
  facet normal 1 0 0
    outer loop
      vertex 560.5 401.873 -2.79564
      vertex 560.5 400.79 -1.71326
      vertex 560.5 401.224 -2.36211
    endloop
  endfacet
  facet normal 1 0 0
    outer loop
      vertex 560.5 400.79 -1.71326
      vertex 560.5 400.696 -1.46927
      vertex 560.5 400.712 -1.52513
    endloop
  endfacet
  facet normal 1 0 0
    outer loop
      vertex 560.5 404.286 0.301071
      vertex 560.5 400.59 -1.22966
      vertex 560.5 400.696 -1.46927
    endloop
  endfacet
  facet normal 1 0 0
    outer loop
      vertex 560.5 400.696 -1.46927
      vertex 560.5 400.59 -1.22966
      vertex 560.5 400.668 -1.41777
    endloop
  endfacet
  facet normal 1 0 0
    outer loop
      vertex 560.5 403.763 1.20682
      vertex 560.5 400.363 -0.793045
      vertex 560.5 400.59 -1.22966
    endloop
  endfacet
  facet normal 1 0 0
    outer loop
      vertex 560.5 403.329 1.85567
      vertex 560.5 400.182 -0.557495
      vertex 560.5 400.363 -0.793045
    endloop
  endfacet
  facet normal 1 0 0
    outer loop
      vertex 560.5 403.218 2
      vertex 560.5 399.829 -0.171821
      vertex 560.5 400.182 -0.557495
    endloop
  endfacet
  facet normal 1 0 0
    outer loop
      vertex 560.5 403.218 2
      vertex 560.5 399.828 -0.171573
      vertex 560.5 399.829 -0.171821
    endloop
  endfacet
  facet normal 1 0 0
    outer loop
      vertex 560.5 403.218 2
      vertex 560.5 399.828 -0.171369
      vertex 560.5 399.828 -0.171573
    endloop
  endfacet
  facet normal 1 0 0
    outer loop
      vertex 560.5 403.218 2
      vertex 560.5 399.443 0.182053
      vertex 560.5 399.828 -0.171369
    endloop
  endfacet
  facet normal 1 0 0
    outer loop
      vertex 560.5 403.218 2
      vertex 560.5 399.207 0.362793
      vertex 560.5 399.443 0.182053
    endloop
  endfacet
  facet normal 1 0 0
    outer loop
      vertex 560.5 403.218 2
      vertex 560.5 398.77 0.590073
      vertex 560.5 399.207 0.362793
    endloop
  endfacet
  facet normal 1 -0 0
    outer loop
      vertex 560.5 398.531 0.695518
      vertex 560.5 398.77 0.590073
      vertex 560.5 403.218 2
    endloop
  endfacet
  facet normal 1 0 0
    outer loop
      vertex 560.5 398.77 0.590073
      vertex 560.5 398.531 0.695518
      vertex 560.5 398.582 0.667992
    endloop
  endfacet
  facet normal 1 -0 0
    outer loop
      vertex 560.5 398.287 0.79039
      vertex 560.5 398.531 0.695518
      vertex 560.5 403.218 2
    endloop
  endfacet
  facet normal 1 0 0
    outer loop
      vertex 560.5 398.531 0.695518
      vertex 560.5 398.287 0.79039
      vertex 560.5 398.475 0.712465
    endloop
  endfacet
  facet normal 1 0 0
    outer loop
      vertex 560.5 403.218 2
      vertex 560.5 397.817 0.938416
      vertex 560.5 398.287 0.79039
    endloop
  endfacet
  facet normal 1 0 0
    outer loop
      vertex 560.5 403.218 2
      vertex 560.5 397.523 0.977158
      vertex 560.5 397.817 0.938416
    endloop
  endfacet
  facet normal 1 0 0
    outer loop
      vertex 560.5 403.218 2
      vertex 560.5 397.025 0.998908
      vertex 560.5 397.523 0.977158
    endloop
  endfacet
  facet normal 1 0 0
    outer loop
      vertex 560.5 397.025 0.998908
      vertex 560.5 397 1
      vertex 560.5 397.025 0.997538
    endloop
  endfacet
  facet normal 1 0 0
    outer loop
      vertex 560.5 403.218 2
      vertex 560.5 397 1
      vertex 560.5 397.025 0.998908
    endloop
  endfacet
  facet normal 1 -0 0
    outer loop
      vertex 560.5 392 2
      vertex 560.5 397 1
      vertex 560.5 403.218 2
    endloop
  endfacet
  facet normal 1 0 0
    outer loop
      vertex 560.5 394.778 -6.32588
      vertex 560.5 392.144 -9.32912
      vertex 560.5 392.793 -9.76266
    endloop
  endfacet
  facet normal 1 0 0
    outer loop
      vertex 560.5 389.091 -1.95811
      vertex 560.5 393 -3
      vertex 560.5 393.077 -2.21964
    endloop
  endfacet
  facet normal 1 0 0
    outer loop
      vertex 560.5 397 1
      vertex 560.5 392 2
      vertex 560.5 396.22 0.923141
    endloop
  endfacet
  facet normal 1 0 0
    outer loop
      vertex 560.5 392 2
      vertex 560.5 395.469 0.695518
      vertex 560.5 396.22 0.923141
    endloop
  endfacet
  facet normal 1 0 0
    outer loop
      vertex 560.5 392 2
      vertex 560.5 394.778 0.325878
      vertex 560.5 395.469 0.695518
    endloop
  endfacet
  facet normal 1 0 0
    outer loop
      vertex 560.5 392 2
      vertex 560.5 394.172 -0.171573
      vertex 560.5 394.778 0.325878
    endloop
  endfacet
  facet normal 1 -0 0
    outer loop
      vertex 560.5 392 0
      vertex 560.5 394.172 -0.171573
      vertex 560.5 392 2
    endloop
  endfacet
  facet normal 1 0 0
    outer loop
      vertex 560.5 394.172 -0.171573
      vertex 560.5 392 0
      vertex 560.5 393.674 -0.777719
    endloop
  endfacet
  facet normal 1 0 0
    outer loop
      vertex 560.5 393.674 -0.777719
      vertex 560.5 392 0
      vertex 560.5 393.304 -1.46927
    endloop
  endfacet
  facet normal 1 0 0
    outer loop
      vertex 560.5 393.304 -1.46927
      vertex 560.5 392 0
      vertex 560.5 393.077 -2.21964
    endloop
  endfacet
  facet normal 1 -0 0
    outer loop
      vertex 560.5 389.243 -1.19275
      vertex 560.5 393.077 -2.21964
      vertex 560.5 392 0
    endloop
  endfacet
  facet normal 1 0 0
    outer loop
      vertex 560.5 394.354 -5.99604
      vertex 560.5 391.729 -9.01047
      vertex 560.5 392.144 -9.32912
    endloop
  endfacet
  facet normal 1 0 0
    outer loop
      vertex 560.5 394.172 -5.82843
      vertex 560.5 391.343 -8.65685
      vertex 560.5 391.729 -9.01047
    endloop
  endfacet
  facet normal 1 0 0
    outer loop
      vertex 560.5 394.172 -5.82843
      vertex 560.5 390.99 -8.27094
      vertex 560.5 391.343 -8.65685
    endloop
  endfacet
  facet normal 1 0 0
    outer loop
      vertex 560.5 393.818 -5.4425
      vertex 560.5 390.671 -7.85567
      vertex 560.5 390.99 -8.27094
    endloop
  endfacet
  facet normal 1 0 0
    outer loop
      vertex 560.5 393.637 -5.20695
      vertex 560.5 390.237 -7.20682
      vertex 560.5 390.671 -7.85567
    endloop
  endfacet
  facet normal 1 0 0
    outer loop
      vertex 560.5 393.41 -4.77034
      vertex 560.5 389.956 -6.76537
      vertex 560.5 390.237 -7.20682
    endloop
  endfacet
  facet normal 1 0 0
    outer loop
      vertex 560.5 393.41 -4.77034
      vertex 560.5 389.714 -6.30107
      vertex 560.5 389.956 -6.76537
    endloop
  endfacet
  facet normal 1 0 0
    outer loop
      vertex 560.5 389.514 -0.182526
      vertex 560.5 392 0
      vertex 560.5 389.59 0
    endloop
  endfacet
  facet normal 1 0 0
    outer loop
      vertex 560.5 392 0
      vertex 560.5 389.514 -0.182526
      vertex 560.5 389.357 -0.681732
    endloop
  endfacet
  facet normal 1 0 0
    outer loop
      vertex 560.5 393.077 -2.21964
      vertex 560.5 389.243 -1.19275
      vertex 560.5 389.091 -1.95811
    endloop
  endfacet
  facet normal 1 0 0
    outer loop
      vertex 560.5 392 0
      vertex 560.5 389.357 -0.681732
      vertex 560.5 389.243 -1.19275
    endloop
  endfacet
  facet normal 1 0 0
    outer loop
      vertex 560.5 393.062 -3.81726
      vertex 560.5 389.243 -4.80725
      vertex 560.5 389.357 -5.31827
    endloop
  endfacet
  facet normal 1 0 0
    outer loop
      vertex 560.5 393.304 -4.53073
      vertex 560.5 389.514 -5.81747
      vertex 560.5 389.714 -6.30107
    endloop
  endfacet
  facet normal 1 0 0
    outer loop
      vertex 560.5 393.21 -4.28674
      vertex 560.5 389.357 -5.31827
      vertex 560.5 389.514 -5.81747
    endloop
  endfacet
  facet normal 1 0 0
    outer loop
      vertex 560.5 393 -3
      vertex 560.5 389.091 -1.95811
      vertex 560.5 389.023 -2.47707
    endloop
  endfacet
  facet normal 1 0 0
    outer loop
      vertex 560.5 393.062 -3.81726
      vertex 560.5 389.091 -4.04189
      vertex 560.5 389.243 -4.80725
    endloop
  endfacet
  facet normal 1 0 0
    outer loop
      vertex 560.5 393 -3
      vertex 560.5 389.023 -2.47707
      vertex 560.5 389 -3
    endloop
  endfacet
  facet normal 1 0 0
    outer loop
      vertex 560.5 393.02 -3.44682
      vertex 560.5 389.023 -3.52293
      vertex 560.5 389.091 -4.04189
    endloop
  endfacet
  facet normal 1 0 0
    outer loop
      vertex 560.5 393 -3
      vertex 560.5 389 -3
      vertex 560.5 389.023 -3.52293
    endloop
  endfacet
  facet normal 0 -0.0436331 -0.999048
    outer loop
      vertex 539.5 397.025 0.998908
      vertex 560.5 397.523 0.977158
      vertex 560.5 397.025 0.998908
    endloop
  endfacet
  facet normal -0 -0.0436331 -0.999048
    outer loop
      vertex 560.5 397.523 0.977158
      vertex 539.5 397.025 0.998908
      vertex 539.5 397.523 0.977158
    endloop
  endfacet
  facet normal 0 -0.130646 -0.991429
    outer loop
      vertex 539.5 397.523 0.977158
      vertex 560.5 397.817 0.938416
      vertex 560.5 397.523 0.977158
    endloop
  endfacet
  facet normal -0 -0.130646 -0.991429
    outer loop
      vertex 560.5 397.817 0.938416
      vertex 539.5 397.523 0.977158
      vertex 539.5 397.817 0.938416
    endloop
  endfacet
  facet normal 0 -0.300402 -0.953813
    outer loop
      vertex 539.5 397.817 0.938416
      vertex 560.5 398.287 0.79039
      vertex 560.5 397.817 0.938416
    endloop
  endfacet
  facet normal -0 -0.300402 -0.953813
    outer loop
      vertex 560.5 398.287 0.79039
      vertex 539.5 397.817 0.938416
      vertex 539.5 398.287 0.79039
    endloop
  endfacet
  facet normal 0 -0.382905 -0.923788
    outer loop
      vertex 539.5 398.287 0.79039
      vertex 560.5 398.475 0.712465
      vertex 560.5 398.287 0.79039
    endloop
  endfacet
  facet normal -0 -0.382905 -0.923788
    outer loop
      vertex 560.5 398.475 0.712465
      vertex 539.5 398.287 0.79039
      vertex 539.5 398.475 0.712465
    endloop
  endfacet
  facet normal 0 -0.38288 -0.923798
    outer loop
      vertex 539.5 398.582 0.667992
      vertex 560.5 398.77 0.590073
      vertex 560.5 398.582 0.667992
    endloop
  endfacet
  facet normal -0 -0.38288 -0.923798
    outer loop
      vertex 560.5 398.77 0.590073
      vertex 539.5 398.582 0.667992
      vertex 539.5 398.77 0.590073
    endloop
  endfacet
  facet normal 0 -0.461417 -0.887184
    outer loop
      vertex 539.5 398.77 0.590073
      vertex 560.5 399.207 0.362793
      vertex 560.5 398.77 0.590073
    endloop
  endfacet
  facet normal -0 -0.461417 -0.887184
    outer loop
      vertex 560.5 399.207 0.362793
      vertex 539.5 398.77 0.590073
      vertex 539.5 399.207 0.362793
    endloop
  endfacet
  facet normal 0 -0.608022 -0.79392
    outer loop
      vertex 539.5 399.207 0.362793
      vertex 560.5 399.443 0.182053
      vertex 560.5 399.207 0.362793
    endloop
  endfacet
  facet normal -0 -0.608022 -0.79392
    outer loop
      vertex 560.5 399.443 0.182053
      vertex 539.5 399.207 0.362793
      vertex 539.5 399.443 0.182053
    endloop
  endfacet
  facet normal 0 -0.67625 -0.736672
    outer loop
      vertex 539.5 399.443 0.182053
      vertex 560.5 399.828 -0.171369
      vertex 560.5 399.443 0.182053
    endloop
  endfacet
  facet normal -0 -0.67625 -0.736672
    outer loop
      vertex 560.5 399.828 -0.171369
      vertex 539.5 399.443 0.182053
      vertex 539.5 399.828 -0.171369
    endloop
  endfacet
  facet normal 0 -0.737663 -0.675169
    outer loop
      vertex 539.5 400.182 -0.557495
      vertex 560.5 399.829 -0.171821
      vertex 539.5 399.829 -0.171821
    endloop
  endfacet
  facet normal 0 -0.737663 -0.675169
    outer loop
      vertex 560.5 399.829 -0.171821
      vertex 539.5 400.182 -0.557495
      vertex 560.5 400.182 -0.557495
    endloop
  endfacet
  facet normal 0 -0.792937 -0.609304
    outer loop
      vertex 539.5 400.363 -0.793045
      vertex 560.5 400.182 -0.557495
      vertex 539.5 400.182 -0.557495
    endloop
  endfacet
  facet normal 0 -0.792937 -0.609304
    outer loop
      vertex 560.5 400.182 -0.557495
      vertex 539.5 400.363 -0.793045
      vertex 560.5 400.363 -0.793045
    endloop
  endfacet
  facet normal 0 -0.88725 -0.461289
    outer loop
      vertex 539.5 400.59 -1.22966
      vertex 560.5 400.363 -0.793045
      vertex 539.5 400.363 -0.793045
    endloop
  endfacet
  facet normal 0 -0.88725 -0.461289
    outer loop
      vertex 560.5 400.363 -0.793045
      vertex 539.5 400.59 -1.22966
      vertex 560.5 400.59 -1.22966
    endloop
  endfacet
  facet normal 0 -0.923737 -0.383028
    outer loop
      vertex 539.5 400.668 -1.41777
      vertex 560.5 400.59 -1.22966
      vertex 539.5 400.59 -1.22966
    endloop
  endfacet
  facet normal 0 -0.923737 -0.383028
    outer loop
      vertex 560.5 400.59 -1.22966
      vertex 539.5 400.668 -1.41777
      vertex 560.5 400.668 -1.41777
    endloop
  endfacet
  facet normal 0 -0.923751 -0.382994
    outer loop
      vertex 539.5 400.79 -1.71326
      vertex 560.5 400.712 -1.52513
      vertex 539.5 400.712 -1.52513
    endloop
  endfacet
  facet normal 0 -0.923751 -0.382994
    outer loop
      vertex 560.5 400.712 -1.52513
      vertex 539.5 400.79 -1.71326
      vertex 560.5 400.79 -1.71326
    endloop
  endfacet
  facet normal 0 -0.831202 -0.555971
    outer loop
      vertex 539.5 401.224 -2.36211
      vertex 560.5 400.79 -1.71326
      vertex 539.5 400.79 -1.71326
    endloop
  endfacet
  facet normal 0 -0.831202 -0.555971
    outer loop
      vertex 560.5 400.79 -1.71326
      vertex 539.5 401.224 -2.36211
      vertex 560.5 401.224 -2.36211
    endloop
  endfacet
  facet normal 0 -0.555466 -0.831539
    outer loop
      vertex 539.5 401.224 -2.36211
      vertex 560.5 401.873 -2.79564
      vertex 560.5 401.224 -2.36211
    endloop
  endfacet
  facet normal -0 -0.555466 -0.831539
    outer loop
      vertex 560.5 401.873 -2.79564
      vertex 539.5 401.224 -2.36211
      vertex 539.5 401.873 -2.79564
    endloop
  endfacet
  facet normal 0 -0.195191 -0.980765
    outer loop
      vertex 539.5 401.873 -2.79564
      vertex 560.5 402.638 -2.94789
      vertex 560.5 401.873 -2.79564
    endloop
  endfacet
  facet normal -0 -0.195191 -0.980765
    outer loop
      vertex 560.5 402.638 -2.94789
      vertex 539.5 401.873 -2.79564
      vertex 539.5 402.638 -2.94789
    endloop
  endfacet
  facet normal 0 0.194946 -0.980814
    outer loop
      vertex 539.5 402.638 -2.94789
      vertex 560.5 403.404 -2.79564
      vertex 560.5 402.638 -2.94789
    endloop
  endfacet
  facet normal 0 0.194946 -0.980814
    outer loop
      vertex 560.5 403.404 -2.79564
      vertex 539.5 402.638 -2.94789
      vertex 539.5 403.404 -2.79564
    endloop
  endfacet
  facet normal 0 0.556058 -0.831143
    outer loop
      vertex 539.5 403.404 -2.79564
      vertex 560.5 404.052 -2.36211
      vertex 560.5 403.404 -2.79564
    endloop
  endfacet
  facet normal 0 0.556058 -0.831143
    outer loop
      vertex 560.5 404.052 -2.36211
      vertex 539.5 403.404 -2.79564
      vertex 539.5 404.052 -2.36211
    endloop
  endfacet
  facet normal 0 0.831202 -0.555971
    outer loop
      vertex 560.5 404.052 -2.36211
      vertex 539.5 404.486 -1.71326
      vertex 560.5 404.486 -1.71326
    endloop
  endfacet
  facet normal 0 0.831202 -0.555971
    outer loop
      vertex 539.5 404.486 -1.71326
      vertex 560.5 404.052 -2.36211
      vertex 539.5 404.052 -2.36211
    endloop
  endfacet
  facet normal 0 0.980844 -0.194793
    outer loop
      vertex 560.5 404.486 -1.71326
      vertex 539.5 404.638 -0.947891
      vertex 560.5 404.638 -0.947891
    endloop
  endfacet
  facet normal 0 0.980844 -0.194793
    outer loop
      vertex 539.5 404.638 -0.947891
      vertex 560.5 404.486 -1.71326
      vertex 539.5 404.486 -1.71326
    endloop
  endfacet
  facet normal 0 0.980844 0.194794
    outer loop
      vertex 560.5 404.638 -0.947891
      vertex 539.5 404.486 -0.182526
      vertex 560.5 404.486 -0.182526
    endloop
  endfacet
  facet normal 0 0.980844 0.194794
    outer loop
      vertex 539.5 404.486 -0.182526
      vertex 560.5 404.638 -0.947891
      vertex 539.5 404.638 -0.947891
    endloop
  endfacet
  facet normal 0 0.92409 0.382174
    outer loop
      vertex 560.5 404.486 -0.182526
      vertex 539.5 404.286 0.301071
      vertex 560.5 404.286 0.301071
    endloop
  endfacet
  facet normal 0 0.92409 0.382174
    outer loop
      vertex 539.5 404.286 0.301071
      vertex 560.5 404.486 -0.182526
      vertex 539.5 404.486 -0.182526
    endloop
  endfacet
  facet normal 0 0.886773 0.462204
    outer loop
      vertex 560.5 404.286 0.301071
      vertex 539.5 404.044 0.765366
      vertex 560.5 404.044 0.765366
    endloop
  endfacet
  facet normal 0 0.886773 0.462204
    outer loop
      vertex 539.5 404.044 0.765366
      vertex 560.5 404.286 0.301071
      vertex 539.5 404.286 0.301071
    endloop
  endfacet
  facet normal 0 0.843597 0.536977
    outer loop
      vertex 560.5 404.044 0.765366
      vertex 539.5 403.763 1.20682
      vertex 560.5 403.763 1.20682
    endloop
  endfacet
  facet normal 0 0.843597 0.536977
    outer loop
      vertex 539.5 403.763 1.20682
      vertex 560.5 404.044 0.765366
      vertex 539.5 404.044 0.765366
    endloop
  endfacet
  facet normal 0 0.831202 0.555971
    outer loop
      vertex 560.5 403.763 1.20682
      vertex 539.5 403.329 1.85567
      vertex 560.5 403.329 1.85567
    endloop
  endfacet
  facet normal 0 0.831202 0.555971
    outer loop
      vertex 539.5 403.329 1.85567
      vertex 560.5 403.763 1.20682
      vertex 539.5 403.763 1.20682
    endloop
  endfacet
  facet normal 0 0.792685 0.609631
    outer loop
      vertex 560.5 403.329 1.85567
      vertex 539.5 403.218 2
      vertex 560.5 403.218 2
    endloop
  endfacet
  facet normal 0 0.792685 0.609631
    outer loop
      vertex 539.5 403.218 2
      vertex 560.5 403.329 1.85567
      vertex 539.5 403.329 1.85567
    endloop
  endfacet
  facet normal 0 -0.923171 0.384389
    outer loop
      vertex 539.5 389.514 -0.182526
      vertex 560.5 389.59 0
      vertex 539.5 389.59 0
    endloop
  endfacet
  facet normal 0 -0.923171 0.384389
    outer loop
      vertex 560.5 389.59 0
      vertex 539.5 389.514 -0.182526
      vertex 560.5 389.514 -0.182526
    endloop
  endfacet
  facet normal 0 -0.953935 0.300012
    outer loop
      vertex 539.5 389.357 -0.681732
      vertex 560.5 389.514 -0.182526
      vertex 539.5 389.514 -0.182526
    endloop
  endfacet
  facet normal 0 -0.953935 0.300012
    outer loop
      vertex 560.5 389.514 -0.182526
      vertex 539.5 389.357 -0.681732
      vertex 560.5 389.357 -0.681732
    endloop
  endfacet
  facet normal 0 -0.976009 0.217732
    outer loop
      vertex 539.5 389.243 -1.19275
      vertex 560.5 389.357 -0.681732
      vertex 539.5 389.357 -0.681732
    endloop
  endfacet
  facet normal 0 -0.976009 0.217732
    outer loop
      vertex 560.5 389.357 -0.681732
      vertex 539.5 389.243 -1.19275
      vertex 560.5 389.243 -1.19275
    endloop
  endfacet
  facet normal 0 -0.980844 0.194795
    outer loop
      vertex 539.5 389.091 -1.95811
      vertex 560.5 389.243 -1.19275
      vertex 539.5 389.243 -1.19275
    endloop
  endfacet
  facet normal 0 -0.980844 0.194795
    outer loop
      vertex 560.5 389.243 -1.19275
      vertex 539.5 389.091 -1.95811
      vertex 560.5 389.091 -1.95811
    endloop
  endfacet
  facet normal 0 -0.991524 0.129921
    outer loop
      vertex 539.5 389.023 -2.47707
      vertex 560.5 389.091 -1.95811
      vertex 539.5 389.091 -1.95811
    endloop
  endfacet
  facet normal 0 -0.991524 0.129921
    outer loop
      vertex 560.5 389.091 -1.95811
      vertex 539.5 389.023 -2.47707
      vertex 560.5 389.023 -2.47707
    endloop
  endfacet
  facet normal 0 -0.999034 0.0439405
    outer loop
      vertex 539.5 389 -3
      vertex 560.5 389.023 -2.47707
      vertex 539.5 389.023 -2.47707
    endloop
  endfacet
  facet normal 0 -0.999034 0.0439405
    outer loop
      vertex 560.5 389.023 -2.47707
      vertex 539.5 389 -3
      vertex 560.5 389 -3
    endloop
  endfacet
  facet normal 0 -0.999034 -0.0439405
    outer loop
      vertex 539.5 389.023 -3.52293
      vertex 560.5 389 -3
      vertex 539.5 389 -3
    endloop
  endfacet
  facet normal 0 -0.999034 -0.0439405
    outer loop
      vertex 560.5 389 -3
      vertex 539.5 389.023 -3.52293
      vertex 560.5 389.023 -3.52293
    endloop
  endfacet
  facet normal 0 -0.991524 -0.129921
    outer loop
      vertex 539.5 389.091 -4.04189
      vertex 560.5 389.023 -3.52293
      vertex 539.5 389.023 -3.52293
    endloop
  endfacet
  facet normal 0 -0.991524 -0.129921
    outer loop
      vertex 560.5 389.023 -3.52293
      vertex 539.5 389.091 -4.04189
      vertex 560.5 389.091 -4.04189
    endloop
  endfacet
  facet normal 0 -0.980844 -0.194795
    outer loop
      vertex 539.5 389.243 -4.80725
      vertex 560.5 389.091 -4.04189
      vertex 539.5 389.091 -4.04189
    endloop
  endfacet
  facet normal 0 -0.980844 -0.194795
    outer loop
      vertex 560.5 389.091 -4.04189
      vertex 539.5 389.243 -4.80725
      vertex 560.5 389.243 -4.80725
    endloop
  endfacet
  facet normal 0 -0.976009 -0.217731
    outer loop
      vertex 539.5 389.357 -5.31827
      vertex 560.5 389.243 -4.80725
      vertex 539.5 389.243 -4.80725
    endloop
  endfacet
  facet normal 0 -0.976009 -0.217731
    outer loop
      vertex 560.5 389.243 -4.80725
      vertex 539.5 389.357 -5.31827
      vertex 560.5 389.357 -5.31827
    endloop
  endfacet
  facet normal 0 -0.953934 -0.300015
    outer loop
      vertex 539.5 389.514 -5.81747
      vertex 560.5 389.357 -5.31827
      vertex 539.5 389.357 -5.31827
    endloop
  endfacet
  facet normal 0 -0.953934 -0.300015
    outer loop
      vertex 560.5 389.357 -5.31827
      vertex 539.5 389.514 -5.81747
      vertex 560.5 389.514 -5.81747
    endloop
  endfacet
  facet normal 0 -0.924091 -0.382172
    outer loop
      vertex 539.5 389.714 -6.30107
      vertex 560.5 389.514 -5.81747
      vertex 539.5 389.514 -5.81747
    endloop
  endfacet
  facet normal 0 -0.924091 -0.382172
    outer loop
      vertex 560.5 389.514 -5.81747
      vertex 539.5 389.714 -6.30107
      vertex 560.5 389.714 -6.30107
    endloop
  endfacet
  facet normal 0 -0.886775 -0.4622
    outer loop
      vertex 539.5 389.956 -6.76537
      vertex 560.5 389.714 -6.30107
      vertex 539.5 389.714 -6.30107
    endloop
  endfacet
  facet normal 0 -0.886775 -0.4622
    outer loop
      vertex 560.5 389.714 -6.30107
      vertex 539.5 389.956 -6.76537
      vertex 560.5 389.956 -6.76537
    endloop
  endfacet
  facet normal 0 -0.843595 -0.536981
    outer loop
      vertex 539.5 390.237 -7.20682
      vertex 560.5 389.956 -6.76537
      vertex 539.5 389.956 -6.76537
    endloop
  endfacet
  facet normal 0 -0.843595 -0.536981
    outer loop
      vertex 560.5 389.956 -6.76537
      vertex 539.5 390.237 -7.20682
      vertex 560.5 390.237 -7.20682
    endloop
  endfacet
  facet normal 0 -0.831202 -0.555971
    outer loop
      vertex 539.5 390.671 -7.85567
      vertex 560.5 390.237 -7.20682
      vertex 539.5 390.237 -7.20682
    endloop
  endfacet
  facet normal 0 -0.831202 -0.555971
    outer loop
      vertex 560.5 390.237 -7.20682
      vertex 539.5 390.671 -7.85567
      vertex 560.5 390.671 -7.85567
    endloop
  endfacet
  facet normal 0 -0.793028 -0.609185
    outer loop
      vertex 539.5 390.99 -8.27094
      vertex 560.5 390.671 -7.85567
      vertex 539.5 390.671 -7.85567
    endloop
  endfacet
  facet normal 0 -0.793028 -0.609185
    outer loop
      vertex 560.5 390.671 -7.85567
      vertex 539.5 390.99 -8.27094
      vertex 560.5 390.99 -8.27094
    endloop
  endfacet
  facet normal 0 -0.737869 -0.674944
    outer loop
      vertex 539.5 391.343 -8.65685
      vertex 560.5 390.99 -8.27094
      vertex 539.5 390.99 -8.27094
    endloop
  endfacet
  facet normal 0 -0.737869 -0.674944
    outer loop
      vertex 560.5 390.99 -8.27094
      vertex 539.5 391.343 -8.65685
      vertex 560.5 391.343 -8.65685
    endloop
  endfacet
  facet normal 0 -0.675503 -0.737357
    outer loop
      vertex 539.5 391.343 -8.65685
      vertex 560.5 391.729 -9.01047
      vertex 560.5 391.343 -8.65685
    endloop
  endfacet
  facet normal -0 -0.675503 -0.737357
    outer loop
      vertex 560.5 391.729 -9.01047
      vertex 539.5 391.343 -8.65685
      vertex 539.5 391.729 -9.01047
    endloop
  endfacet
  facet normal 0 -0.609013 -0.79316
    outer loop
      vertex 539.5 391.729 -9.01047
      vertex 560.5 392.144 -9.32912
      vertex 560.5 391.729 -9.01047
    endloop
  endfacet
  facet normal -0 -0.609013 -0.79316
    outer loop
      vertex 560.5 392.144 -9.32912
      vertex 539.5 391.729 -9.01047
      vertex 539.5 392.144 -9.32912
    endloop
  endfacet
  facet normal 0 -0.555475 -0.831533
    outer loop
      vertex 539.5 392.144 -9.32912
      vertex 560.5 392.793 -9.76266
      vertex 560.5 392.144 -9.32912
    endloop
  endfacet
  facet normal -0 -0.555475 -0.831533
    outer loop
      vertex 560.5 392.793 -9.76266
      vertex 539.5 392.144 -9.32912
      vertex 539.5 392.793 -9.76266
    endloop
  endfacet
  facet normal 0 -0.536831 -0.84369
    outer loop
      vertex 539.5 392.793 -9.76266
      vertex 560.5 393.235 -10.0439
      vertex 560.5 392.793 -9.76266
    endloop
  endfacet
  facet normal -0 -0.536831 -0.84369
    outer loop
      vertex 560.5 393.235 -10.0439
      vertex 539.5 392.793 -9.76266
      vertex 539.5 393.235 -10.0439
    endloop
  endfacet
  facet normal 0 -0.461985 -0.886888
    outer loop
      vertex 539.5 393.235 -10.0439
      vertex 560.5 393.699 -10.2856
      vertex 560.5 393.235 -10.0439
    endloop
  endfacet
  facet normal -0 -0.461985 -0.886888
    outer loop
      vertex 560.5 393.699 -10.2856
      vertex 539.5 393.235 -10.0439
      vertex 539.5 393.699 -10.2856
    endloop
  endfacet
  facet normal 0 -0.382391 -0.924001
    outer loop
      vertex 539.5 393.699 -10.2856
      vertex 560.5 394.183 -10.4859
      vertex 560.5 393.699 -10.2856
    endloop
  endfacet
  facet normal -0 -0.382391 -0.924001
    outer loop
      vertex 560.5 394.183 -10.4859
      vertex 539.5 393.699 -10.2856
      vertex 539.5 394.183 -10.4859
    endloop
  endfacet
  facet normal 0 -0.30082 -0.953681
    outer loop
      vertex 539.5 394.183 -10.4859
      vertex 560.5 394.682 -10.6433
      vertex 560.5 394.183 -10.4859
    endloop
  endfacet
  facet normal -0 -0.30082 -0.953681
    outer loop
      vertex 560.5 394.682 -10.6433
      vertex 539.5 394.183 -10.4859
      vertex 539.5 394.682 -10.6433
    endloop
  endfacet
  facet normal 0 -0.216465 -0.97629
    outer loop
      vertex 539.5 394.682 -10.6433
      vertex 560.5 395.193 -10.7566
      vertex 560.5 394.682 -10.6433
    endloop
  endfacet
  facet normal -0 -0.216465 -0.97629
    outer loop
      vertex 560.5 395.193 -10.7566
      vertex 539.5 394.682 -10.6433
      vertex 539.5 395.193 -10.7566
    endloop
  endfacet
  facet normal 0 -0.19513 -0.980777
    outer loop
      vertex 539.5 395.193 -10.7566
      vertex 560.5 395.958 -10.9088
      vertex 560.5 395.193 -10.7566
    endloop
  endfacet
  facet normal -0 -0.19513 -0.980777
    outer loop
      vertex 560.5 395.958 -10.9088
      vertex 539.5 395.193 -10.7566
      vertex 539.5 395.958 -10.9088
    endloop
  endfacet
  facet normal 0 -0.130662 -0.991427
    outer loop
      vertex 539.5 395.958 -10.9088
      vertex 560.5 396.477 -10.9772
      vertex 560.5 395.958 -10.9088
    endloop
  endfacet
  facet normal -0 -0.130662 -0.991427
    outer loop
      vertex 560.5 396.477 -10.9772
      vertex 539.5 395.958 -10.9088
      vertex 539.5 396.477 -10.9772
    endloop
  endfacet
  facet normal 0 -0.0436204 -0.999048
    outer loop
      vertex 539.5 396.477 -10.9772
      vertex 560.5 396.974 -10.9989
      vertex 560.5 396.477 -10.9772
    endloop
  endfacet
  facet normal -0 -0.0436204 -0.999048
    outer loop
      vertex 560.5 396.974 -10.9989
      vertex 539.5 396.477 -10.9772
      vertex 539.5 396.974 -10.9989
    endloop
  endfacet
  facet normal 0 0.043533 -0.999052
    outer loop
      vertex 539.5 397.025 -10.9989
      vertex 560.5 397.523 -10.9772
      vertex 560.5 397.025 -10.9989
    endloop
  endfacet
  facet normal 0 0.043533 -0.999052
    outer loop
      vertex 560.5 397.523 -10.9772
      vertex 539.5 397.025 -10.9989
      vertex 539.5 397.523 -10.9772
    endloop
  endfacet
  facet normal 0 0.130662 -0.991427
    outer loop
      vertex 539.5 397.523 -10.9772
      vertex 560.5 398.042 -10.9088
      vertex 560.5 397.523 -10.9772
    endloop
  endfacet
  facet normal 0 0.130662 -0.991427
    outer loop
      vertex 560.5 398.042 -10.9088
      vertex 539.5 397.523 -10.9772
      vertex 539.5 398.042 -10.9088
    endloop
  endfacet
  facet normal 0 0.19513 -0.980777
    outer loop
      vertex 539.5 398.042 -10.9088
      vertex 560.5 398.807 -10.7566
      vertex 560.5 398.042 -10.9088
    endloop
  endfacet
  facet normal 0 0.19513 -0.980777
    outer loop
      vertex 560.5 398.807 -10.7566
      vertex 539.5 398.042 -10.9088
      vertex 539.5 398.807 -10.7566
    endloop
  endfacet
  facet normal 0 0.216465 -0.97629
    outer loop
      vertex 539.5 398.807 -10.7566
      vertex 560.5 399.318 -10.6433
      vertex 560.5 398.807 -10.7566
    endloop
  endfacet
  facet normal 0 0.216465 -0.97629
    outer loop
      vertex 560.5 399.318 -10.6433
      vertex 539.5 398.807 -10.7566
      vertex 539.5 399.318 -10.6433
    endloop
  endfacet
  facet normal 0 0.30082 -0.953681
    outer loop
      vertex 539.5 399.318 -10.6433
      vertex 560.5 399.817 -10.4859
      vertex 560.5 399.318 -10.6433
    endloop
  endfacet
  facet normal 0 0.30082 -0.953681
    outer loop
      vertex 560.5 399.817 -10.4859
      vertex 539.5 399.318 -10.6433
      vertex 539.5 399.817 -10.4859
    endloop
  endfacet
  facet normal 0 0.382391 -0.924001
    outer loop
      vertex 539.5 399.817 -10.4859
      vertex 560.5 400.301 -10.2856
      vertex 560.5 399.817 -10.4859
    endloop
  endfacet
  facet normal 0 0.382391 -0.924001
    outer loop
      vertex 560.5 400.301 -10.2856
      vertex 539.5 399.817 -10.4859
      vertex 539.5 400.301 -10.2856
    endloop
  endfacet
  facet normal 0 0.461985 -0.886888
    outer loop
      vertex 539.5 400.301 -10.2856
      vertex 560.5 400.765 -10.0439
      vertex 560.5 400.301 -10.2856
    endloop
  endfacet
  facet normal 0 0.461985 -0.886888
    outer loop
      vertex 560.5 400.765 -10.0439
      vertex 539.5 400.301 -10.2856
      vertex 539.5 400.765 -10.0439
    endloop
  endfacet
  facet normal 0 0.536831 -0.84369
    outer loop
      vertex 539.5 400.765 -10.0439
      vertex 560.5 401.207 -9.76266
      vertex 560.5 400.765 -10.0439
    endloop
  endfacet
  facet normal 0 0.536831 -0.84369
    outer loop
      vertex 560.5 401.207 -9.76266
      vertex 539.5 400.765 -10.0439
      vertex 539.5 401.207 -9.76266
    endloop
  endfacet
  facet normal 0 0.555475 -0.831533
    outer loop
      vertex 539.5 401.207 -9.76266
      vertex 560.5 401.856 -9.32912
      vertex 560.5 401.207 -9.76266
    endloop
  endfacet
  facet normal 0 0.555475 -0.831533
    outer loop
      vertex 560.5 401.856 -9.32912
      vertex 539.5 401.207 -9.76266
      vertex 539.5 401.856 -9.32912
    endloop
  endfacet
  facet normal 0 0.609013 -0.79316
    outer loop
      vertex 539.5 401.856 -9.32912
      vertex 560.5 402.271 -9.01047
      vertex 560.5 401.856 -9.32912
    endloop
  endfacet
  facet normal 0 0.609013 -0.79316
    outer loop
      vertex 560.5 402.271 -9.01047
      vertex 539.5 401.856 -9.32912
      vertex 539.5 402.271 -9.01047
    endloop
  endfacet
  facet normal 0 0.83179 -0.555091
    outer loop
      vertex 560.5 402.271 -9.01047
      vertex 539.5 402.704 -8.36163
      vertex 560.5 402.704 -8.36163
    endloop
  endfacet
  facet normal 0 0.83179 -0.555091
    outer loop
      vertex 539.5 402.704 -8.36163
      vertex 560.5 402.271 -9.01047
      vertex 539.5 402.271 -9.01047
    endloop
  endfacet
  facet normal 0 0.980599 -0.196023
    outer loop
      vertex 560.5 402.704 -8.36163
      vertex 539.5 402.857 -7.59625
      vertex 560.5 402.857 -7.59625
    endloop
  endfacet
  facet normal 0 0.980599 -0.196023
    outer loop
      vertex 539.5 402.857 -7.59625
      vertex 560.5 402.704 -8.36163
      vertex 539.5 402.704 -8.36163
    endloop
  endfacet
  facet normal 0 0.980598 0.196027
    outer loop
      vertex 560.5 402.857 -7.59625
      vertex 539.5 402.704 -6.83089
      vertex 560.5 402.704 -6.83089
    endloop
  endfacet
  facet normal 0 0.980598 0.196027
    outer loop
      vertex 539.5 402.704 -6.83089
      vertex 560.5 402.857 -7.59625
      vertex 539.5 402.857 -7.59625
    endloop
  endfacet
  facet normal 0 0.83179 0.555091
    outer loop
      vertex 560.5 402.704 -6.83089
      vertex 539.5 402.271 -6.18205
      vertex 560.5 402.271 -6.18205
    endloop
  endfacet
  facet normal 0 0.83179 0.555091
    outer loop
      vertex 539.5 402.271 -6.18205
      vertex 560.5 402.704 -6.83089
      vertex 539.5 402.704 -6.83089
    endloop
  endfacet
  facet normal -0 0.555483 0.831528
    outer loop
      vertex 539.5 402.271 -6.18205
      vertex 560.5 401.622 -5.7485
      vertex 560.5 402.271 -6.18205
    endloop
  endfacet
  facet normal 0 0.555483 0.831528
    outer loop
      vertex 560.5 401.622 -5.7485
      vertex 539.5 402.271 -6.18205
      vertex 539.5 401.622 -5.7485
    endloop
  endfacet
  facet normal -0 0.195191 0.980765
    outer loop
      vertex 539.5 401.622 -5.7485
      vertex 560.5 400.857 -5.59625
      vertex 560.5 401.622 -5.7485
    endloop
  endfacet
  facet normal 0 0.195191 0.980765
    outer loop
      vertex 560.5 400.857 -5.59625
      vertex 539.5 401.622 -5.7485
      vertex 539.5 400.857 -5.59625
    endloop
  endfacet
  facet normal 0 -0.194946 0.980814
    outer loop
      vertex 539.5 400.857 -5.59625
      vertex 560.5 400.091 -5.7485
      vertex 560.5 400.857 -5.59625
    endloop
  endfacet
  facet normal 0 -0.194946 0.980814
    outer loop
      vertex 560.5 400.091 -5.7485
      vertex 539.5 400.857 -5.59625
      vertex 539.5 400.091 -5.7485
    endloop
  endfacet
  facet normal 0 -0.556076 0.831132
    outer loop
      vertex 539.5 400.091 -5.7485
      vertex 560.5 399.443 -6.18205
      vertex 560.5 400.091 -5.7485
    endloop
  endfacet
  facet normal 0 -0.556076 0.831132
    outer loop
      vertex 560.5 399.443 -6.18205
      vertex 539.5 400.091 -5.7485
      vertex 539.5 399.443 -6.18205
    endloop
  endfacet
  facet normal 0 -0.608022 0.79392
    outer loop
      vertex 539.5 399.443 -6.18205
      vertex 560.5 399.207 -6.36279
      vertex 560.5 399.443 -6.18205
    endloop
  endfacet
  facet normal 0 -0.608022 0.79392
    outer loop
      vertex 560.5 399.207 -6.36279
      vertex 539.5 399.443 -6.18205
      vertex 539.5 399.207 -6.36279
    endloop
  endfacet
  facet normal 0 -0.461417 0.887184
    outer loop
      vertex 539.5 399.207 -6.36279
      vertex 560.5 398.77 -6.59007
      vertex 560.5 399.207 -6.36279
    endloop
  endfacet
  facet normal 0 -0.461417 0.887184
    outer loop
      vertex 560.5 398.77 -6.59007
      vertex 539.5 399.207 -6.36279
      vertex 539.5 398.77 -6.59007
    endloop
  endfacet
  facet normal 0 -0.382926 0.923779
    outer loop
      vertex 539.5 398.475 -6.71246
      vertex 560.5 398.287 -6.79039
      vertex 560.5 398.475 -6.71246
    endloop
  endfacet
  facet normal 0 -0.382926 0.923779
    outer loop
      vertex 560.5 398.287 -6.79039
      vertex 539.5 398.475 -6.71246
      vertex 539.5 398.287 -6.79039
    endloop
  endfacet
  facet normal 0 -0.382884 0.923796
    outer loop
      vertex 539.5 398.77 -6.59007
      vertex 560.5 398.582 -6.66799
      vertex 560.5 398.77 -6.59007
    endloop
  endfacet
  facet normal 0 -0.382884 0.923796
    outer loop
      vertex 560.5 398.582 -6.66799
      vertex 539.5 398.77 -6.59007
      vertex 539.5 398.582 -6.66799
    endloop
  endfacet
  facet normal 0 -0.30041 0.95381
    outer loop
      vertex 539.5 398.287 -6.79039
      vertex 560.5 397.817 -6.93842
      vertex 560.5 398.287 -6.79039
    endloop
  endfacet
  facet normal 0 -0.30041 0.95381
    outer loop
      vertex 560.5 397.817 -6.93842
      vertex 539.5 398.287 -6.79039
      vertex 539.5 397.817 -6.93842
    endloop
  endfacet
  facet normal 0 -0.130639 0.99143
    outer loop
      vertex 539.5 397.817 -6.93842
      vertex 560.5 397.523 -6.97716
      vertex 560.5 397.817 -6.93842
    endloop
  endfacet
  facet normal 0 -0.130639 0.99143
    outer loop
      vertex 560.5 397.523 -6.97716
      vertex 539.5 397.817 -6.93842
      vertex 539.5 397.523 -6.97716
    endloop
  endfacet
  facet normal 0 -0.0436331 0.999048
    outer loop
      vertex 539.5 397.523 -6.97716
      vertex 560.5 397.025 -6.99891
      vertex 560.5 397.523 -6.97716
    endloop
  endfacet
  facet normal 0 -0.0436331 0.999048
    outer loop
      vertex 560.5 397.025 -6.99891
      vertex 539.5 397.523 -6.97716
      vertex 539.5 397.025 -6.99891
    endloop
  endfacet
  facet normal -0 0.677035 0.735951
    outer loop
      vertex 539.5 394.354 -5.99604
      vertex 560.5 394.172 -5.82861
      vertex 560.5 394.354 -5.99604
    endloop
  endfacet
  facet normal 0 0.677035 0.735951
    outer loop
      vertex 560.5 394.172 -5.82861
      vertex 539.5 394.354 -5.99604
      vertex 539.5 394.172 -5.82861
    endloop
  endfacet
  facet normal 0 0.737686 0.675144
    outer loop
      vertex 560.5 394.171 -5.8282
      vertex 539.5 393.818 -5.4425
      vertex 560.5 393.818 -5.4425
    endloop
  endfacet
  facet normal 0 0.737686 0.675144
    outer loop
      vertex 539.5 393.818 -5.4425
      vertex 560.5 394.171 -5.8282
      vertex 539.5 394.171 -5.8282
    endloop
  endfacet
  facet normal 0 0.792937 0.609304
    outer loop
      vertex 560.5 393.818 -5.4425
      vertex 539.5 393.637 -5.20695
      vertex 560.5 393.637 -5.20695
    endloop
  endfacet
  facet normal 0 0.792937 0.609304
    outer loop
      vertex 539.5 393.637 -5.20695
      vertex 560.5 393.818 -5.4425
      vertex 539.5 393.818 -5.4425
    endloop
  endfacet
  facet normal 0 0.887248 0.461293
    outer loop
      vertex 560.5 393.637 -5.20695
      vertex 539.5 393.41 -4.77034
      vertex 560.5 393.41 -4.77034
    endloop
  endfacet
  facet normal 0 0.887248 0.461293
    outer loop
      vertex 539.5 393.41 -4.77034
      vertex 560.5 393.637 -5.20695
      vertex 539.5 393.637 -5.20695
    endloop
  endfacet
  facet normal 0 0.923751 0.382994
    outer loop
      vertex 560.5 393.288 -4.47487
      vertex 539.5 393.21 -4.28674
      vertex 560.5 393.21 -4.28674
    endloop
  endfacet
  facet normal 0 0.923751 0.382994
    outer loop
      vertex 539.5 393.21 -4.28674
      vertex 560.5 393.288 -4.47487
      vertex 539.5 393.288 -4.47487
    endloop
  endfacet
  facet normal 0 0.923737 0.383028
    outer loop
      vertex 560.5 393.41 -4.77034
      vertex 539.5 393.332 -4.58223
      vertex 560.5 393.332 -4.58223
    endloop
  endfacet
  facet normal 0 0.923737 0.383028
    outer loop
      vertex 539.5 393.332 -4.58223
      vertex 560.5 393.41 -4.77034
      vertex 539.5 393.41 -4.77034
    endloop
  endfacet
  facet normal 0 0.953732 0.300657
    outer loop
      vertex 560.5 393.21 -4.28674
      vertex 539.5 393.062 -3.81726
      vertex 560.5 393.062 -3.81726
    endloop
  endfacet
  facet normal 0 0.953732 0.300657
    outer loop
      vertex 539.5 393.062 -3.81726
      vertex 560.5 393.21 -4.28674
      vertex 539.5 393.21 -4.28674
    endloop
  endfacet
  facet normal 0 0.991335 0.131356
    outer loop
      vertex 560.5 393.062 -3.81726
      vertex 539.5 393.023 -3.52293
      vertex 560.5 393.023 -3.52293
    endloop
  endfacet
  facet normal 0 0.991335 0.131356
    outer loop
      vertex 539.5 393.023 -3.52293
      vertex 560.5 393.062 -3.81726
      vertex 539.5 393.062 -3.81726
    endloop
  endfacet
  facet normal 0 0.999224 0.039386
    outer loop
      vertex 560.5 393.023 -3.52293
      vertex 539.5 393.02 -3.44682
      vertex 560.5 393.02 -3.44682
    endloop
  endfacet
  facet normal 0 0.999224 0.039386
    outer loop
      vertex 539.5 393.02 -3.44682
      vertex 560.5 393.023 -3.52293
      vertex 539.5 393.023 -3.52293
    endloop
  endfacet
  facet normal 0 -0.73994 -0.672673
    outer loop
      vertex 539.5 396.975 -11
      vertex 560.5 396.974 -10.9989
      vertex 539.5 396.974 -10.9989
    endloop
  endfacet
  facet normal 0 -0.73994 -0.672673
    outer loop
      vertex 560.5 396.974 -10.9989
      vertex 539.5 396.975 -11
      vertex 560.5 396.975 -11
    endloop
  endfacet
  facet normal 0 -0.886544 -0.462645
    outer loop
      vertex 539.5 394.354 -5.99604
      vertex 560.5 394.338 -5.96538
      vertex 539.5 394.338 -5.96538
    endloop
  endfacet
  facet normal 0 -0.886544 -0.462645
    outer loop
      vertex 560.5 394.338 -5.96538
      vertex 539.5 394.354 -5.99604
      vertex 560.5 394.354 -5.99604
    endloop
  endfacet
  facet normal 0 -0.886914 -0.461934
    outer loop
      vertex 539.5 393.05 -3.50442
      vertex 560.5 393.02 -3.44682
      vertex 539.5 393.02 -3.44682
    endloop
  endfacet
  facet normal 0 -0.886914 -0.461934
    outer loop
      vertex 560.5 393.02 -3.44682
      vertex 539.5 393.05 -3.50442
      vertex 560.5 393.05 -3.50442
    endloop
  endfacet
  facet normal 0 1 -0
    outer loop
      vertex 560.5 397.025 -11
      vertex 539.5 397.025 -10.9989
      vertex 560.5 397.025 -10.9989
    endloop
  endfacet
  facet normal 0 1 0
    outer loop
      vertex 539.5 397.025 -10.9989
      vertex 560.5 397.025 -11
      vertex 539.5 397.025 -11
    endloop
  endfacet
  facet normal 0 1 -0
    outer loop
      vertex 560.5 397.025 -6.99891
      vertex 539.5 397.025 -6.99754
      vertex 560.5 397.025 -6.99754
    endloop
  endfacet
  facet normal 0 1 0
    outer loop
      vertex 539.5 397.025 -6.99754
      vertex 560.5 397.025 -6.99891
      vertex 539.5 397.025 -6.99891
    endloop
  endfacet
  facet normal 0 1 -0
    outer loop
      vertex 560.5 397.025 0.997538
      vertex 539.5 397.025 0.998908
      vertex 560.5 397.025 0.998908
    endloop
  endfacet
  facet normal 0 1 0
    outer loop
      vertex 539.5 397.025 0.998908
      vertex 560.5 397.025 0.997538
      vertex 539.5 397.025 0.997538
    endloop
  endfacet
  facet normal 0 0 -1
    outer loop
      vertex 539.5 396.975 -11
      vertex 560.5 397.025 -11
      vertex 560.5 396.975 -11
    endloop
  endfacet
  facet normal -0 0 -1
    outer loop
      vertex 560.5 397.025 -11
      vertex 539.5 396.975 -11
      vertex 539.5 397.025 -11
    endloop
  endfacet
  facet normal 0 -0.240708 -0.970598
    outer loop
      vertex 539.5 399.829 -0.171821
      vertex 560.5 399.828 -0.171573
      vertex 539.5 399.828 -0.171573
    endloop
  endfacet
  facet normal 0 -0.240708 -0.970598
    outer loop
      vertex 560.5 399.828 -0.171573
      vertex 539.5 399.829 -0.171821
      vertex 560.5 399.829 -0.171821
    endloop
  endfacet
  facet normal 0 1 0
    outer loop
      vertex 539.5 394.172 -5.82861
      vertex 560.5 394.172 -5.82843
      vertex 560.5 394.172 -5.82861
    endloop
  endfacet
  facet normal 0 1 0
    outer loop
      vertex 560.5 394.172 -5.82843
      vertex 539.5 394.172 -5.82861
      vertex 539.5 394.172 -5.82843
    endloop
  endfacet
  facet normal -0 0.633764 0.773526
    outer loop
      vertex 539.5 394.778 -6.32588
      vertex 560.5 394.338 -5.96538
      vertex 560.5 394.778 -6.32588
    endloop
  endfacet
  facet normal 0 0.633764 0.773526
    outer loop
      vertex 560.5 394.338 -5.96538
      vertex 539.5 394.778 -6.32588
      vertex 539.5 394.338 -5.96538
    endloop
  endfacet
  facet normal 0 -0.475015 0.879978
    outer loop
      vertex 539.5 398.582 -6.66799
      vertex 560.5 398.531 -6.69552
      vertex 560.5 398.582 -6.66799
    endloop
  endfacet
  facet normal 0 -0.475015 0.879978
    outer loop
      vertex 560.5 398.531 -6.69552
      vertex 539.5 398.582 -6.66799
      vertex 539.5 398.531 -6.69552
    endloop
  endfacet
  facet normal 0 0.772667 -0.634811
    outer loop
      vertex 560.5 393.674 -0.777719
      vertex 539.5 394.172 -0.171573
      vertex 560.5 394.172 -0.171573
    endloop
  endfacet
  facet normal 0 0.772667 -0.634811
    outer loop
      vertex 539.5 394.172 -0.171573
      vertex 560.5 393.674 -0.777719
      vertex 539.5 393.674 -0.777719
    endloop
  endfacet
  facet normal 0 -0.097927 0.995194
    outer loop
      vertex 539.5 397.025 -6.99754
      vertex 560.5 397 -7
      vertex 560.5 397.025 -6.99754
    endloop
  endfacet
  facet normal 0 -0.097927 0.995194
    outer loop
      vertex 560.5 397 -7
      vertex 539.5 397.025 -6.99754
      vertex 539.5 397 -7
    endloop
  endfacet
  facet normal 0 0.290063 -0.957008
    outer loop
      vertex 539.5 395.469 0.695518
      vertex 560.5 396.22 0.923141
      vertex 560.5 395.469 0.695518
    endloop
  endfacet
  facet normal 0 0.290063 -0.957008
    outer loop
      vertex 560.5 396.22 0.923141
      vertex 539.5 395.469 0.695518
      vertex 539.5 396.22 0.923141
    endloop
  endfacet
  facet normal 0 0.634484 -0.772936
    outer loop
      vertex 539.5 394.172 -0.171573
      vertex 560.5 394.778 0.325878
      vertex 560.5 394.172 -0.171573
    endloop
  endfacet
  facet normal 0 0.634484 -0.772936
    outer loop
      vertex 560.5 394.778 0.325878
      vertex 539.5 394.172 -0.171573
      vertex 539.5 394.778 0.325878
    endloop
  endfacet
  facet normal 0 0.471687 -0.881766
    outer loop
      vertex 539.5 394.778 0.325878
      vertex 560.5 395.469 0.695518
      vertex 560.5 394.778 0.325878
    endloop
  endfacet
  facet normal 0 0.471687 -0.881766
    outer loop
      vertex 560.5 395.469 0.695518
      vertex 539.5 394.778 0.325878
      vertex 539.5 395.469 0.695518
    endloop
  endfacet
  facet normal 0 0.878547 0.477656
    outer loop
      vertex 560.5 393.332 -4.58223
      vertex 539.5 393.304 -4.53073
      vertex 560.5 393.304 -4.53073
    endloop
  endfacet
  facet normal 0 0.878547 0.477656
    outer loop
      vertex 539.5 393.304 -4.53073
      vertex 560.5 393.332 -4.58223
      vertex 539.5 393.332 -4.58223
    endloop
  endfacet
  facet normal -0 0.0980635 0.99518
    outer loop
      vertex 539.5 397 -7
      vertex 560.5 396.22 -6.92314
      vertex 560.5 397 -7
    endloop
  endfacet
  facet normal 0 0.0980635 0.99518
    outer loop
      vertex 560.5 396.22 -6.92314
      vertex 539.5 397 -7
      vertex 539.5 396.22 -6.92314
    endloop
  endfacet
  facet normal 0 -0.289542 0.957165
    outer loop
      vertex 539.5 398.531 -6.69552
      vertex 560.5 398.475 -6.71246
      vertex 560.5 398.531 -6.69552
    endloop
  endfacet
  facet normal 0 -0.289542 0.957165
    outer loop
      vertex 560.5 398.475 -6.71246
      vertex 539.5 398.531 -6.69552
      vertex 539.5 398.475 -6.71246
    endloop
  endfacet
  facet normal 0 0.995123 0.0986403
    outer loop
      vertex 560.5 393.05 -3.50442
      vertex 539.5 393 -3
      vertex 560.5 393 -3
    endloop
  endfacet
  facet normal 0 0.995123 0.0986403
    outer loop
      vertex 539.5 393 -3
      vertex 560.5 393.05 -3.50442
      vertex 539.5 393.05 -3.50442
    endloop
  endfacet
  facet normal 0 0.961342 0.275358
    outer loop
      vertex 560.5 393.304 -4.53073
      vertex 539.5 393.288 -4.47487
      vertex 560.5 393.288 -4.47487
    endloop
  endfacet
  facet normal 0 0.961342 0.275358
    outer loop
      vertex 539.5 393.288 -4.47487
      vertex 560.5 393.304 -4.53073
      vertex 539.5 393.304 -4.53073
    endloop
  endfacet
  facet normal -0 0.471687 0.881766
    outer loop
      vertex 539.5 395.469 -6.69552
      vertex 560.5 394.778 -6.32588
      vertex 560.5 395.469 -6.69552
    endloop
  endfacet
  facet normal 0 0.471687 0.881766
    outer loop
      vertex 560.5 394.778 -6.32588
      vertex 539.5 395.469 -6.69552
      vertex 539.5 394.778 -6.32588
    endloop
  endfacet
  facet normal 0 0.881731 -0.471752
    outer loop
      vertex 560.5 393.304 -1.46927
      vertex 539.5 393.674 -0.777719
      vertex 560.5 393.674 -0.777719
    endloop
  endfacet
  facet normal 0 0.881731 -0.471752
    outer loop
      vertex 539.5 393.674 -0.777719
      vertex 560.5 393.304 -1.46927
      vertex 539.5 393.304 -1.46927
    endloop
  endfacet
  facet normal 0 -0.474962 -0.880006
    outer loop
      vertex 539.5 398.531 0.695518
      vertex 560.5 398.582 0.667992
      vertex 560.5 398.531 0.695518
    endloop
  endfacet
  facet normal -0 -0.474962 -0.880006
    outer loop
      vertex 560.5 398.582 0.667992
      vertex 539.5 398.531 0.695518
      vertex 539.5 398.582 0.667992
    endloop
  endfacet
  facet normal 0 -0.878547 -0.477656
    outer loop
      vertex 539.5 400.696 -1.46927
      vertex 560.5 400.668 -1.41777
      vertex 539.5 400.668 -1.41777
    endloop
  endfacet
  facet normal 0 -0.878547 -0.477656
    outer loop
      vertex 560.5 400.668 -1.41777
      vertex 539.5 400.696 -1.46927
      vertex 560.5 400.696 -1.46927
    endloop
  endfacet
  facet normal -0 0.290059 0.957009
    outer loop
      vertex 539.5 396.22 -6.92314
      vertex 560.5 395.469 -6.69552
      vertex 560.5 396.22 -6.92314
    endloop
  endfacet
  facet normal 0 0.290059 0.957009
    outer loop
      vertex 560.5 395.469 -6.69552
      vertex 539.5 396.22 -6.92314
      vertex 539.5 395.469 -6.69552
    endloop
  endfacet
  facet normal 0 -0.961342 -0.275358
    outer loop
      vertex 539.5 400.712 -1.52513
      vertex 560.5 400.696 -1.46927
      vertex 539.5 400.696 -1.46927
    endloop
  endfacet
  facet normal 0 -0.961342 -0.275358
    outer loop
      vertex 560.5 400.696 -1.46927
      vertex 539.5 400.712 -1.52513
      vertex 560.5 400.712 -1.52513
    endloop
  endfacet
  facet normal 0 -0.0980059 -0.995186
    outer loop
      vertex 539.5 397 1
      vertex 560.5 397.025 0.997538
      vertex 560.5 397 1
    endloop
  endfacet
  facet normal -0 -0.0980059 -0.995186
    outer loop
      vertex 560.5 397.025 0.997538
      vertex 539.5 397 1
      vertex 539.5 397.025 0.997538
    endloop
  endfacet
  facet normal 0 0.224148 0.974555
    outer loop
      vertex 560.5 394.172 -5.82843
      vertex 539.5 394.171 -5.8282
      vertex 560.5 394.171 -5.8282
    endloop
  endfacet
  facet normal 0 0.224148 0.974555
    outer loop
      vertex 539.5 394.171 -5.8282
      vertex 560.5 394.172 -5.82843
      vertex 539.5 394.172 -5.82843
    endloop
  endfacet
  facet normal 0 0.0980623 -0.99518
    outer loop
      vertex 539.5 396.22 0.923141
      vertex 560.5 397 1
      vertex 560.5 396.22 0.923141
    endloop
  endfacet
  facet normal 0 0.0980623 -0.99518
    outer loop
      vertex 560.5 397 1
      vertex 539.5 396.22 0.923141
      vertex 539.5 397 1
    endloop
  endfacet
  facet normal 0 0.957161 -0.289558
    outer loop
      vertex 560.5 393.077 -2.21964
      vertex 539.5 393.304 -1.46927
      vertex 560.5 393.304 -1.46927
    endloop
  endfacet
  facet normal 0 0.957161 -0.289558
    outer loop
      vertex 539.5 393.304 -1.46927
      vertex 560.5 393.077 -2.21964
      vertex 539.5 393.077 -2.21964
    endloop
  endfacet
  facet normal 0 -1 0
    outer loop
      vertex 539.5 399.828 -0.171369
      vertex 560.5 399.828 -0.171573
      vertex 560.5 399.828 -0.171369
    endloop
  endfacet
  facet normal 0 -1 0
    outer loop
      vertex 560.5 399.828 -0.171573
      vertex 539.5 399.828 -0.171369
      vertex 539.5 399.828 -0.171573
    endloop
  endfacet
  facet normal 0 -0.289652 -0.957132
    outer loop
      vertex 539.5 398.475 0.712465
      vertex 560.5 398.531 0.695518
      vertex 560.5 398.475 0.712465
    endloop
  endfacet
  facet normal -0 -0.289652 -0.957132
    outer loop
      vertex 560.5 398.531 0.695518
      vertex 539.5 398.475 0.712465
      vertex 539.5 398.531 0.695518
    endloop
  endfacet
  facet normal 0 0.995167 -0.0981955
    outer loop
      vertex 560.5 393 -3
      vertex 539.5 393.077 -2.21964
      vertex 560.5 393.077 -2.21964
    endloop
  endfacet
  facet normal 0 0.995167 -0.0981955
    outer loop
      vertex 539.5 393.077 -2.21964
      vertex 560.5 393 -3
      vertex 539.5 393 -3
    endloop
  endfacet
  facet normal 0 0 1
    outer loop
      vertex 60.5 403.218 2
      vertex 39.5 403.218 2
      vertex 60.5 392 2
    endloop
  endfacet
  facet normal 0 0 1
    outer loop
      vertex 560.5 403.218 2
      vertex 539.5 403.218 2
      vertex 560.5 392 2
    endloop
  endfacet
  facet normal 0 0 1
    outer loop
      vertex 582 392 2
      vertex 600 374 2
      vertex 599.654 377.512 2
    endloop
  endfacet
  facet normal 0 0 1
    outer loop
      vertex 582 392 2
      vertex 599.654 377.512 2
      vertex 598.63 380.888 2
    endloop
  endfacet
  facet normal 0 0 1
    outer loop
      vertex 594.728 386.728 2
      vertex 598.63 380.888 2
      vertex 596.966 384 2
    endloop
  endfacet
  facet normal 0 0 1
    outer loop
      vertex 600 374 2
      vertex 595.934 73.05 2
      vertex 600 73.05 2
    endloop
  endfacet
  facet normal 0 0 1
    outer loop
      vertex 600 374 2
      vertex 560.5 392 2
      vertex 539.5 392 2
    endloop
  endfacet
  facet normal 0 0 1
    outer loop
      vertex 582 392 2
      vertex 598.63 380.888 2
      vertex 594.728 386.728 2
    endloop
  endfacet
  facet normal -0 0 1
    outer loop
      vertex 595.934 26.95 2
      vertex 600 18 2
      vertex 600 26.95 2
    endloop
  endfacet
  facet normal 0 0 1
    outer loop
      vertex 600 18 2
      vertex 595.934 26.95 2
      vertex 599.654 14.4884 2
    endloop
  endfacet
  facet normal 0 0 1
    outer loop
      vertex 599.654 14.4884 2
      vertex 595.934 26.95 2
      vertex 598.63 11.1117 2
    endloop
  endfacet
  facet normal 0 0 1
    outer loop
      vertex 598.63 11.1117 2
      vertex 595.934 26.95 2
      vertex 596.966 7.99973 2
    endloop
  endfacet
  facet normal 0 0 1
    outer loop
      vertex 595.934 26.95 2
      vertex 594.728 5.27208 2
      vertex 596.966 7.99973 2
    endloop
  endfacet
  facet normal 0 0 1
    outer loop
      vertex 600 374 2
      vertex 539.5 392 2
      vertex 595.934 73.05 2
    endloop
  endfacet
  facet normal 0 0 1
    outer loop
      vertex 582 392 2
      vertex 594.728 386.728 2
      vertex 592 388.966 2
    endloop
  endfacet
  facet normal 0 -0 1
    outer loop
      vertex 582 0 2
      vertex 595.934 26.95 2
      vertex 561 12 2
    endloop
  endfacet
  facet normal 0 0 1
    outer loop
      vertex 582 392 2
      vertex 592 388.966 2
      vertex 588.888 390.63 2
    endloop
  endfacet
  facet normal 0 -0 1
    outer loop
      vertex 585.512 0.345864 2
      vertex 595.934 26.95 2
      vertex 582 0 2
    endloop
  endfacet
  facet normal 0 0 1
    outer loop
      vertex 582 392 2
      vertex 588.888 390.63 2
      vertex 585.512 391.654 2
    endloop
  endfacet
  facet normal 0 0 1
    outer loop
      vertex 595.934 26.95 2
      vertex 592 3.03355 2
      vertex 594.728 5.27208 2
    endloop
  endfacet
  facet normal 0 0 1
    outer loop
      vertex 600 374 2
      vertex 582 392 2
      vertex 560.5 392 2
    endloop
  endfacet
  facet normal 0 0 1
    outer loop
      vertex 595.934 26.95 2
      vertex 588.888 1.37017 2
      vertex 592 3.03355 2
    endloop
  endfacet
  facet normal 0 0 1
    outer loop
      vertex 595.934 26.95 2
      vertex 585.512 0.345864 2
      vertex 588.888 1.37017 2
    endloop
  endfacet
  facet normal 0 0 1
    outer loop
      vertex 539 12 2
      vertex 595.934 73.05 2
      vertex 539.5 392 2
    endloop
  endfacet
  facet normal 0 0 1
    outer loop
      vertex 539.5 392 2
      vertex 560.5 392 2
      vertex 539.5 403.218 2
    endloop
  endfacet
  facet normal 0 -0 1
    outer loop
      vertex 561 12 2
      vertex 595.934 73.05 2
      vertex 539 12 2
    endloop
  endfacet
  facet normal 0 0 1
    outer loop
      vertex 595.934 73.05 2
      vertex 561 12 2
      vertex 595.934 26.95 2
    endloop
  endfacet
  facet normal 0 0 1
    outer loop
      vertex 539 12 2
      vertex 61 12 2
      vertex 539 4 2
    endloop
  endfacet
  facet normal 0 0 1
    outer loop
      vertex 539.5 392 2
      vertex 61 12 2
      vertex 539 12 2
    endloop
  endfacet
  facet normal -0 0 1
    outer loop
      vertex 60.5 392 2
      vertex 61 12 2
      vertex 539.5 392 2
    endloop
  endfacet
  facet normal 0 0 1
    outer loop
      vertex 39.5 392 2
      vertex 60.5 392 2
      vertex 39.5 403.218 2
    endloop
  endfacet
  facet normal 0 0 1
    outer loop
      vertex 4.06625 73.05 2
      vertex 60.5 392 2
      vertex 39.5 392 2
    endloop
  endfacet
  facet normal 0 0 1
    outer loop
      vertex 60.5 392 2
      vertex 4.06625 73.05 2
      vertex 61 12 2
    endloop
  endfacet
  facet normal 0 0 1
    outer loop
      vertex 61 12 2
      vertex 4.06625 73.05 2
      vertex 39 12 2
    endloop
  endfacet
  facet normal 0 0 1
    outer loop
      vertex 4.06625 73.05 2
      vertex 39.5 392 2
      vertex 18 392 2
    endloop
  endfacet
  facet normal -0 0 1
    outer loop
      vertex 561 4 2
      vertex 582 0 2
      vertex 561 12 2
    endloop
  endfacet
  facet normal -0 0 1
    outer loop
      vertex 539 4 2
      vertex 582 0 2
      vertex 561 4 2
    endloop
  endfacet
  facet normal 0 0 1
    outer loop
      vertex 61 4 2
      vertex 539 4 2
      vertex 61 12 2
    endloop
  endfacet
  facet normal 0 0 1
    outer loop
      vertex 539 4 2
      vertex 61 4 2
      vertex 582 0 2
    endloop
  endfacet
  facet normal 0 0 1
    outer loop
      vertex 18 0 2
      vertex 61 4 2
      vertex 39 4 2
    endloop
  endfacet
  facet normal 0 0 1
    outer loop
      vertex 61 4 2
      vertex 18 0 2
      vertex 582 0 2
    endloop
  endfacet
  facet normal -0 0 1
    outer loop
      vertex 4.06625 26.95 2
      vertex 39 12 2
      vertex 4.06625 73.05 2
    endloop
  endfacet
  facet normal 0 0 1
    outer loop
      vertex 0 374 2
      vertex 18 392 2
      vertex 14.4884 391.654 2
    endloop
  endfacet
  facet normal 0 -0 1
    outer loop
      vertex 18 0 2
      vertex 39 12 2
      vertex 4.06625 26.95 2
    endloop
  endfacet
  facet normal 0 0 1
    outer loop
      vertex 0 374 2
      vertex 14.4884 391.654 2
      vertex 11.1117 390.63 2
    endloop
  endfacet
  facet normal 0 0 1
    outer loop
      vertex 39 12 2
      vertex 18 0 2
      vertex 39 4 2
    endloop
  endfacet
  facet normal 0 0 1
    outer loop
      vertex 0 374 2
      vertex 11.1117 390.63 2
      vertex 7.99973 388.966 2
    endloop
  endfacet
  facet normal 0 0 1
    outer loop
      vertex 18 0 2
      vertex 4.06625 26.95 2
      vertex 14.4884 0.345864 2
    endloop
  endfacet
  facet normal 0 0 1
    outer loop
      vertex 0 374 2
      vertex 7.99973 388.966 2
      vertex 5.27208 386.728 2
    endloop
  endfacet
  facet normal 0 0 1
    outer loop
      vertex 14.4884 0.345864 2
      vertex 4.06625 26.95 2
      vertex 11.1117 1.37017 2
    endloop
  endfacet
  facet normal 0 0 1
    outer loop
      vertex 11.1117 1.37017 2
      vertex 4.06625 26.95 2
      vertex 7.99973 3.03355 2
    endloop
  endfacet
  facet normal 0 0 1
    outer loop
      vertex 0 374 2
      vertex 5.27208 386.728 2
      vertex 3.03355 384 2
    endloop
  endfacet
  facet normal 0 0 1
    outer loop
      vertex 0 374 2
      vertex 3.03355 384 2
      vertex 1.37017 380.888 2
    endloop
  endfacet
  facet normal 0 0 1
    outer loop
      vertex 0 374 2
      vertex 1.37017 380.888 2
      vertex 0.345864 377.512 2
    endloop
  endfacet
  facet normal 0 0 1
    outer loop
      vertex 18 392 2
      vertex 0 374 2
      vertex 4.06625 73.05 2
    endloop
  endfacet
  facet normal 0 0 1
    outer loop
      vertex 4.06625 73.05 2
      vertex 0 374 2
      vertex 0 73.05 2
    endloop
  endfacet
  facet normal 0 0 1
    outer loop
      vertex 7.99973 3.03355 2
      vertex 4.06625 26.95 2
      vertex 5.27208 5.27208 2
    endloop
  endfacet
  facet normal 0 0 1
    outer loop
      vertex 4.06625 26.95 2
      vertex 3.03355 7.99973 2
      vertex 5.27208 5.27208 2
    endloop
  endfacet
  facet normal 0 0 1
    outer loop
      vertex 4.06625 26.95 2
      vertex 1.37017 11.1117 2
      vertex 3.03355 7.99973 2
    endloop
  endfacet
  facet normal 0 0 1
    outer loop
      vertex 4.06625 26.95 2
      vertex 0.345864 14.4884 2
      vertex 1.37017 11.1117 2
    endloop
  endfacet
  facet normal 0 0 1
    outer loop
      vertex 0 18 2
      vertex 4.06625 26.95 2
      vertex 0 26.95 2
    endloop
  endfacet
  facet normal 0 0 1
    outer loop
      vertex 4.06625 26.95 2
      vertex 0 18 2
      vertex 0.345864 14.4884 2
    endloop
  endfacet
endsolid OpenSCAD_Model
