solid OpenSCAD_Model
  facet normal -0.956951 -0.290248 0
    outer loop
      vertex 17.0761 17.6173 -11
      vertex 17.0192 17.8049 0
      vertex 17.0192 17.8049 -11
    endloop
  endfacet
  facet normal -0.956951 -0.290248 0
    outer loop
      vertex 17.0192 17.8049 0
      vertex 17.0761 17.6173 -11
      vertex 17.0761 17.6173 0
    endloop
  endfacet
  facet normal -0.995193 -0.097938 0
    outer loop
      vertex 17.0192 17.8049 -11
      vertex 17 18 0
      vertex 17 18 -11
    endloop
  endfacet
  facet normal -0.995193 -0.097938 0
    outer loop
      vertex 17 18 0
      vertex 17.0192 17.8049 -11
      vertex 17.0192 17.8049 0
    endloop
  endfacet
  facet normal 1 -0 0
    outer loop
      vertex 383 18 0
      vertex 383 282 -11
      vertex 383 282 0
    endloop
  endfacet
  facet normal 1 0 0
    outer loop
      vertex 383 282 -11
      vertex 383 18 0
      vertex 383 18 -11
    endloop
  endfacet
  facet normal 0 1 -0
    outer loop
      vertex 382 283 -11
      vertex 18 283 0
      vertex 382 283 0
    endloop
  endfacet
  facet normal 0 1 0
    outer loop
      vertex 18 283 0
      vertex 382 283 -11
      vertex 18 283 -11
    endloop
  endfacet
  facet normal -0.634598 -0.772842 0
    outer loop
      vertex 17.2929 17.2929 -11
      vertex 17.4444 17.1685 0
      vertex 17.2929 17.2929 0
    endloop
  endfacet
  facet normal -0.634598 -0.772842 -0
    outer loop
      vertex 17.4444 17.1685 0
      vertex 17.2929 17.2929 -11
      vertex 17.4444 17.1685 -11
    endloop
  endfacet
  facet normal 0.473492 0.880798 -0
    outer loop
      vertex 382.556 282.831 -11
      vertex 382.383 282.924 0
      vertex 382.556 282.831 0
    endloop
  endfacet
  facet normal 0.473492 0.880798 0
    outer loop
      vertex 382.383 282.924 0
      vertex 382.556 282.831 -11
      vertex 382.383 282.924 -11
    endloop
  endfacet
  facet normal -0.633377 0.773843 0
    outer loop
      vertex 17.4444 282.831 -11
      vertex 17.2929 282.707 0
      vertex 17.4444 282.831 0
    endloop
  endfacet
  facet normal -0.633377 0.773843 0
    outer loop
      vertex 17.2929 282.707 0
      vertex 17.4444 282.831 -11
      vertex 17.2929 282.707 -11
    endloop
  endfacet
  facet normal 0 0 -1
    outer loop
      vertex 382 17 -11
      vertex 383 18 -11
      vertex 382.981 17.8049 -11
    endloop
  endfacet
  facet normal 0 0 -1
    outer loop
      vertex 383 18 -11
      vertex 379 22 -11
      vertex 383 282 -11
    endloop
  endfacet
  facet normal 0 0 -1
    outer loop
      vertex 382 17 -11
      vertex 382.981 17.8049 -11
      vertex 382.924 17.6173 -11
    endloop
  endfacet
  facet normal 0 0 -1
    outer loop
      vertex 379 278 -11
      vertex 383 282 -11
      vertex 379 22 -11
    endloop
  endfacet
  facet normal 0 0 -1
    outer loop
      vertex 382 17 -11
      vertex 382.924 17.6173 -11
      vertex 382.831 17.4444 -11
    endloop
  endfacet
  facet normal 0 0 -1
    outer loop
      vertex 378.981 278.195 -11
      vertex 383 282 -11
      vertex 379 278 -11
    endloop
  endfacet
  facet normal 0 0 -1
    outer loop
      vertex 382 17 -11
      vertex 382.831 17.4444 -11
      vertex 382.707 17.2929 -11
    endloop
  endfacet
  facet normal 0 0 -1
    outer loop
      vertex 378.924 278.383 -11
      vertex 383 282 -11
      vertex 378.981 278.195 -11
    endloop
  endfacet
  facet normal 0 0 -1
    outer loop
      vertex 382 17 -11
      vertex 382.707 17.2929 -11
      vertex 382.556 17.1685 -11
    endloop
  endfacet
  facet normal 0 0 -1
    outer loop
      vertex 378.831 278.556 -11
      vertex 383 282 -11
      vertex 378.924 278.383 -11
    endloop
  endfacet
  facet normal 0 0 -1
    outer loop
      vertex 382 17 -11
      vertex 382.556 17.1685 -11
      vertex 382.383 17.0761 -11
    endloop
  endfacet
  facet normal 0 0 -1
    outer loop
      vertex 378.707 278.707 -11
      vertex 383 282 -11
      vertex 378.831 278.556 -11
    endloop
  endfacet
  facet normal 0 0 -1
    outer loop
      vertex 382 17 -11
      vertex 382.383 17.0761 -11
      vertex 382.195 17.0192 -11
    endloop
  endfacet
  facet normal 0 -0 -1
    outer loop
      vertex 382 283 -11
      vertex 383 282 -11
      vertex 378.707 278.707 -11
    endloop
  endfacet
  facet normal -0 0 -1
    outer loop
      vertex 383 18 -11
      vertex 382 17 -11
      vertex 378.707 21.2929 -11
    endloop
  endfacet
  facet normal 0 0 -1
    outer loop
      vertex 382.981 282.195 -11
      vertex 382 283 -11
      vertex 382.924 282.383 -11
    endloop
  endfacet
  facet normal 0 0 -1
    outer loop
      vertex 382.924 282.383 -11
      vertex 382 283 -11
      vertex 382.831 282.556 -11
    endloop
  endfacet
  facet normal 0 0 -1
    outer loop
      vertex 383 18 -11
      vertex 378.981 21.8049 -11
      vertex 379 22 -11
    endloop
  endfacet
  facet normal 0 0 -1
    outer loop
      vertex 383 18 -11
      vertex 378.924 21.6173 -11
      vertex 378.981 21.8049 -11
    endloop
  endfacet
  facet normal 0 0 -1
    outer loop
      vertex 383 18 -11
      vertex 378.831 21.4444 -11
      vertex 378.924 21.6173 -11
    endloop
  endfacet
  facet normal 0 0 -1
    outer loop
      vertex 383 18 -11
      vertex 378.707 21.2929 -11
      vertex 378.831 21.4444 -11
    endloop
  endfacet
  facet normal 0 0 -1
    outer loop
      vertex 382 17 -11
      vertex 378.556 21.1685 -11
      vertex 378.707 21.2929 -11
    endloop
  endfacet
  facet normal 0 0 -1
    outer loop
      vertex 382 17 -11
      vertex 378.383 21.0761 -11
      vertex 378.556 21.1685 -11
    endloop
  endfacet
  facet normal 0 0 -1
    outer loop
      vertex 382 17 -11
      vertex 378.195 21.0192 -11
      vertex 378.383 21.0761 -11
    endloop
  endfacet
  facet normal 0 0 -1
    outer loop
      vertex 382 17 -11
      vertex 378 21 -11
      vertex 378.195 21.0192 -11
    endloop
  endfacet
  facet normal 0 0 -1
    outer loop
      vertex 382 17 -11
      vertex 22 21 -11
      vertex 378 21 -11
    endloop
  endfacet
  facet normal -0 0 -1
    outer loop
      vertex 21.0192 21.8049 -11
      vertex 17 18 -11
      vertex 21 22 -11
    endloop
  endfacet
  facet normal -0 0 -1
    outer loop
      vertex 21.0761 21.6173 -11
      vertex 17 18 -11
      vertex 21.0192 21.8049 -11
    endloop
  endfacet
  facet normal -0 0 -1
    outer loop
      vertex 21.1685 21.4444 -11
      vertex 17 18 -11
      vertex 21.0761 21.6173 -11
    endloop
  endfacet
  facet normal -0 0 -1
    outer loop
      vertex 21.2929 21.2929 -11
      vertex 17 18 -11
      vertex 21.1685 21.4444 -11
    endloop
  endfacet
  facet normal 0 0 -1
    outer loop
      vertex 17 18 -11
      vertex 21.2929 21.2929 -11
      vertex 18 17 -11
    endloop
  endfacet
  facet normal -0 0 -1
    outer loop
      vertex 21.4444 21.1685 -11
      vertex 18 17 -11
      vertex 21.2929 21.2929 -11
    endloop
  endfacet
  facet normal -0 0 -1
    outer loop
      vertex 21.6173 21.0761 -11
      vertex 18 17 -11
      vertex 21.4444 21.1685 -11
    endloop
  endfacet
  facet normal -0 0 -1
    outer loop
      vertex 21.8049 21.0192 -11
      vertex 18 17 -11
      vertex 21.6173 21.0761 -11
    endloop
  endfacet
  facet normal -0 0 -1
    outer loop
      vertex 22 21 -11
      vertex 18 17 -11
      vertex 21.8049 21.0192 -11
    endloop
  endfacet
  facet normal 0 0 -1
    outer loop
      vertex 18 17 -11
      vertex 22 21 -11
      vertex 382 17 -11
    endloop
  endfacet
  facet normal 0 0 -1
    outer loop
      vertex 382.831 282.556 -11
      vertex 382 283 -11
      vertex 382.707 282.707 -11
    endloop
  endfacet
  facet normal 0 0 -1
    outer loop
      vertex 382.556 282.831 -11
      vertex 382 283 -11
      vertex 382.383 282.924 -11
    endloop
  endfacet
  facet normal 0 0 -1
    outer loop
      vertex 382.383 282.924 -11
      vertex 382 283 -11
      vertex 382.195 282.981 -11
    endloop
  endfacet
  facet normal 0 0 -1
    outer loop
      vertex 382.707 282.707 -11
      vertex 382 283 -11
      vertex 382.556 282.831 -11
    endloop
  endfacet
  facet normal 0 0 -1
    outer loop
      vertex 383 282 -11
      vertex 382 283 -11
      vertex 382.981 282.195 -11
    endloop
  endfacet
  facet normal 0 0 -1
    outer loop
      vertex 378.556 278.831 -11
      vertex 382 283 -11
      vertex 378.707 278.707 -11
    endloop
  endfacet
  facet normal 0 0 -1
    outer loop
      vertex 378.383 278.924 -11
      vertex 382 283 -11
      vertex 378.556 278.831 -11
    endloop
  endfacet
  facet normal 0 0 -1
    outer loop
      vertex 378.195 278.981 -11
      vertex 382 283 -11
      vertex 378.383 278.924 -11
    endloop
  endfacet
  facet normal 0 0 -1
    outer loop
      vertex 378 279 -11
      vertex 382 283 -11
      vertex 378.195 278.981 -11
    endloop
  endfacet
  facet normal 0 0 -1
    outer loop
      vertex 22 279 -11
      vertex 382 283 -11
      vertex 378 279 -11
    endloop
  endfacet
  facet normal 0 0 -1
    outer loop
      vertex 22 279 -11
      vertex 18 283 -11
      vertex 382 283 -11
    endloop
  endfacet
  facet normal 0 0 -1
    outer loop
      vertex 21.8049 278.981 -11
      vertex 18 283 -11
      vertex 22 279 -11
    endloop
  endfacet
  facet normal 0 0 -1
    outer loop
      vertex 21.6173 278.924 -11
      vertex 18 283 -11
      vertex 21.8049 278.981 -11
    endloop
  endfacet
  facet normal 0 0 -1
    outer loop
      vertex 21.4444 278.831 -11
      vertex 18 283 -11
      vertex 21.6173 278.924 -11
    endloop
  endfacet
  facet normal 0 0 -1
    outer loop
      vertex 21.2929 278.707 -11
      vertex 18 283 -11
      vertex 21.4444 278.831 -11
    endloop
  endfacet
  facet normal 0 0 -1
    outer loop
      vertex 17 282 -11
      vertex 21.2929 278.707 -11
      vertex 21.1685 278.556 -11
    endloop
  endfacet
  facet normal 0 0 -1
    outer loop
      vertex 17 282 -11
      vertex 21.1685 278.556 -11
      vertex 21.0761 278.383 -11
    endloop
  endfacet
  facet normal 0 0 -1
    outer loop
      vertex 17 282 -11
      vertex 21.0761 278.383 -11
      vertex 21.0192 278.195 -11
    endloop
  endfacet
  facet normal 0 0 -1
    outer loop
      vertex 17 282 -11
      vertex 21.0192 278.195 -11
      vertex 21 278 -11
    endloop
  endfacet
  facet normal -0 0 -1
    outer loop
      vertex 21 22 -11
      vertex 17 18 -11
      vertex 21 278 -11
    endloop
  endfacet
  facet normal 0 0 -1
    outer loop
      vertex 17 18 -11
      vertex 18 17 -11
      vertex 17.8049 17.0192 -11
    endloop
  endfacet
  facet normal 0 0 -1
    outer loop
      vertex 17 282 -11
      vertex 21 278 -11
      vertex 17 18 -11
    endloop
  endfacet
  facet normal 0 0 -1
    outer loop
      vertex 17 18 -11
      vertex 17.8049 17.0192 -11
      vertex 17.6173 17.0761 -11
    endloop
  endfacet
  facet normal 0 0 -1
    outer loop
      vertex 21.2929 278.707 -11
      vertex 17 282 -11
      vertex 18 283 -11
    endloop
  endfacet
  facet normal 0 0 -1
    outer loop
      vertex 17 18 -11
      vertex 17.6173 17.0761 -11
      vertex 17.4444 17.1685 -11
    endloop
  endfacet
  facet normal 0 0 -1
    outer loop
      vertex 18 283 -11
      vertex 17 282 -11
      vertex 17.8049 282.981 -11
    endloop
  endfacet
  facet normal 0 0 -1
    outer loop
      vertex 17 18 -11
      vertex 17.4444 17.1685 -11
      vertex 17.2929 17.2929 -11
    endloop
  endfacet
  facet normal 0 0 -1
    outer loop
      vertex 17.8049 282.981 -11
      vertex 17 282 -11
      vertex 17.6173 282.924 -11
    endloop
  endfacet
  facet normal 0 0 -1
    outer loop
      vertex 17 18 -11
      vertex 17.2929 17.2929 -11
      vertex 17.1685 17.4444 -11
    endloop
  endfacet
  facet normal 0 0 -1
    outer loop
      vertex 17.6173 282.924 -11
      vertex 17 282 -11
      vertex 17.4444 282.831 -11
    endloop
  endfacet
  facet normal 0 0 -1
    outer loop
      vertex 17 18 -11
      vertex 17.1685 17.4444 -11
      vertex 17.0761 17.6173 -11
    endloop
  endfacet
  facet normal 0 0 -1
    outer loop
      vertex 17.4444 282.831 -11
      vertex 17 282 -11
      vertex 17.2929 282.707 -11
    endloop
  endfacet
  facet normal 0 0 -1
    outer loop
      vertex 17 18 -11
      vertex 17.0761 17.6173 -11
      vertex 17.0192 17.8049 -11
    endloop
  endfacet
  facet normal 0 0 -1
    outer loop
      vertex 17.2929 282.707 -11
      vertex 17 282 -11
      vertex 17.1685 282.556 -11
    endloop
  endfacet
  facet normal 0 0 -1
    outer loop
      vertex 17.1685 282.556 -11
      vertex 17 282 -11
      vertex 17.0761 282.383 -11
    endloop
  endfacet
  facet normal 0 0 -1
    outer loop
      vertex 17.0761 282.383 -11
      vertex 17 282 -11
      vertex 17.0192 282.195 -11
    endloop
  endfacet
  facet normal -1 0 0
    outer loop
      vertex 17 18 -11
      vertex 17 282 0
      vertex 17 282 -11
    endloop
  endfacet
  facet normal -1 -0 0
    outer loop
      vertex 17 282 0
      vertex 17 18 -11
      vertex 17 18 0
    endloop
  endfacet
  facet normal 0.0979877 -0.995188 0
    outer loop
      vertex 382 17 -11
      vertex 382.195 17.0192 0
      vertex 382 17 0
    endloop
  endfacet
  facet normal 0.0979877 -0.995188 0
    outer loop
      vertex 382.195 17.0192 0
      vertex 382 17 -11
      vertex 382.195 17.0192 -11
    endloop
  endfacet
  facet normal -0.290715 0.95681 0
    outer loop
      vertex 17.8049 282.981 -11
      vertex 17.6173 282.924 0
      vertex 17.8049 282.981 0
    endloop
  endfacet
  facet normal -0.290715 0.95681 0
    outer loop
      vertex 17.6173 282.924 0
      vertex 17.8049 282.981 -11
      vertex 17.6173 282.924 -11
    endloop
  endfacet
  facet normal 0 -1 0
    outer loop
      vertex 18 17 -11
      vertex 382 17 0
      vertex 18 17 0
    endloop
  endfacet
  facet normal 0 -1 -0
    outer loop
      vertex 382 17 0
      vertex 18 17 -11
      vertex 382 17 -11
    endloop
  endfacet
  facet normal 0.635851 -0.771812 0
    outer loop
      vertex 382.556 17.1685 -11
      vertex 382.707 17.2929 0
      vertex 382.556 17.1685 0
    endloop
  endfacet
  facet normal 0.635851 -0.771812 0
    outer loop
      vertex 382.707 17.2929 0
      vertex 382.556 17.1685 -11
      vertex 382.707 17.2929 -11
    endloop
  endfacet
  facet normal 0.773843 -0.633377 0
    outer loop
      vertex 382.707 17.2929 0
      vertex 382.831 17.4444 -11
      vertex 382.831 17.4444 0
    endloop
  endfacet
  facet normal 0.773843 -0.633377 0
    outer loop
      vertex 382.831 17.4444 -11
      vertex 382.707 17.2929 0
      vertex 382.707 17.2929 -11
    endloop
  endfacet
  facet normal 0.772816 0.63463 0
    outer loop
      vertex 382.831 282.556 0
      vertex 382.707 282.707 -11
      vertex 382.707 282.707 0
    endloop
  endfacet
  facet normal 0.772816 0.63463 0
    outer loop
      vertex 382.707 282.707 -11
      vertex 382.831 282.556 0
      vertex 382.831 282.556 -11
    endloop
  endfacet
  facet normal -0.771812 0.635851 0
    outer loop
      vertex 17.1685 282.556 -11
      vertex 17.2929 282.707 0
      vertex 17.2929 282.707 -11
    endloop
  endfacet
  facet normal -0.771812 0.635851 0
    outer loop
      vertex 17.2929 282.707 0
      vertex 17.1685 282.556 -11
      vertex 17.1685 282.556 0
    endloop
  endfacet
  facet normal 0.880798 0.473492 0
    outer loop
      vertex 382.924 282.383 0
      vertex 382.831 282.556 -11
      vertex 382.831 282.556 0
    endloop
  endfacet
  facet normal 0.880798 0.473492 0
    outer loop
      vertex 382.831 282.556 -11
      vertex 382.924 282.383 0
      vertex 382.924 282.383 -11
    endloop
  endfacet
  facet normal 0.471117 -0.882071 0
    outer loop
      vertex 382.383 17.0761 -11
      vertex 382.556 17.1685 0
      vertex 382.383 17.0761 0
    endloop
  endfacet
  facet normal 0.471117 -0.882071 0
    outer loop
      vertex 382.556 17.1685 0
      vertex 382.383 17.0761 -11
      vertex 382.556 17.1685 -11
    endloop
  endfacet
  facet normal 0.95681 -0.290715 0
    outer loop
      vertex 382.924 17.6173 0
      vertex 382.981 17.8049 -11
      vertex 382.981 17.8049 0
    endloop
  endfacet
  facet normal 0.95681 -0.290715 0
    outer loop
      vertex 382.981 17.8049 -11
      vertex 382.924 17.6173 0
      vertex 382.924 17.6173 -11
    endloop
  endfacet
  facet normal -0.473705 0.880684 0
    outer loop
      vertex 17.6173 282.924 -11
      vertex 17.4444 282.831 0
      vertex 17.6173 282.924 0
    endloop
  endfacet
  facet normal -0.473705 0.880684 0
    outer loop
      vertex 17.4444 282.831 0
      vertex 17.6173 282.924 -11
      vertex 17.4444 282.831 -11
    endloop
  endfacet
  facet normal 0.995287 0.0969766 0
    outer loop
      vertex 383 282 0
      vertex 382.981 282.195 -11
      vertex 382.981 282.195 0
    endloop
  endfacet
  facet normal 0.995287 0.0969766 0
    outer loop
      vertex 382.981 282.195 -11
      vertex 383 282 0
      vertex 383 282 -11
    endloop
  endfacet
  facet normal -0.882071 0.471117 0
    outer loop
      vertex 17.0761 282.383 -11
      vertex 17.1685 282.556 0
      vertex 17.1685 282.556 -11
    endloop
  endfacet
  facet normal -0.882071 0.471117 0
    outer loop
      vertex 17.1685 282.556 0
      vertex 17.0761 282.383 -11
      vertex 17.0761 282.383 0
    endloop
  endfacet
  facet normal 0.956982 0.290149 0
    outer loop
      vertex 382.981 282.195 0
      vertex 382.924 282.383 -11
      vertex 382.924 282.383 0
    endloop
  endfacet
  facet normal 0.956982 0.290149 0
    outer loop
      vertex 382.924 282.383 -11
      vertex 382.981 282.195 0
      vertex 382.981 282.195 -11
    endloop
  endfacet
  facet normal 0.63463 0.772816 -0
    outer loop
      vertex 382.707 282.707 -11
      vertex 382.556 282.831 0
      vertex 382.707 282.707 0
    endloop
  endfacet
  facet normal 0.63463 0.772816 0
    outer loop
      vertex 382.556 282.831 0
      vertex 382.707 282.707 -11
      vertex 382.556 282.831 -11
    endloop
  endfacet
  facet normal -0.957123 0.289682 0
    outer loop
      vertex 17.0192 282.195 -11
      vertex 17.0761 282.383 0
      vertex 17.0761 282.383 -11
    endloop
  endfacet
  facet normal -0.957123 0.289682 0
    outer loop
      vertex 17.0761 282.383 0
      vertex 17.0192 282.195 -11
      vertex 17.0192 282.195 0
    endloop
  endfacet
  facet normal -0.995188 0.0979877 0
    outer loop
      vertex 17 282 -11
      vertex 17.0192 282.195 0
      vertex 17.0192 282.195 -11
    endloop
  endfacet
  facet normal -0.995188 0.0979877 0
    outer loop
      vertex 17.0192 282.195 0
      vertex 17 282 -11
      vertex 17 282 0
    endloop
  endfacet
  facet normal 0.290149 0.956982 -0
    outer loop
      vertex 382.383 282.924 -11
      vertex 382.195 282.981 0
      vertex 382.383 282.924 0
    endloop
  endfacet
  facet normal 0.290149 0.956982 0
    outer loop
      vertex 382.195 282.981 0
      vertex 382.383 282.924 -11
      vertex 382.195 282.981 -11
    endloop
  endfacet
  facet normal 0.289682 -0.957123 0
    outer loop
      vertex 382.195 17.0192 -11
      vertex 382.383 17.0761 0
      vertex 382.195 17.0192 0
    endloop
  endfacet
  facet normal 0.289682 -0.957123 0
    outer loop
      vertex 382.383 17.0761 0
      vertex 382.195 17.0192 -11
      vertex 382.383 17.0761 -11
    endloop
  endfacet
  facet normal -0.772842 -0.634598 0
    outer loop
      vertex 17.2929 17.2929 -11
      vertex 17.1685 17.4444 0
      vertex 17.1685 17.4444 -11
    endloop
  endfacet
  facet normal -0.772842 -0.634598 0
    outer loop
      vertex 17.1685 17.4444 0
      vertex 17.2929 17.2929 -11
      vertex 17.2929 17.2929 0
    endloop
  endfacet
  facet normal -0.471329 -0.881957 0
    outer loop
      vertex 17.4444 17.1685 -11
      vertex 17.6173 17.0761 0
      vertex 17.4444 17.1685 0
    endloop
  endfacet
  facet normal -0.471329 -0.881957 -0
    outer loop
      vertex 17.6173 17.0761 0
      vertex 17.4444 17.1685 -11
      vertex 17.6173 17.0761 -11
    endloop
  endfacet
  facet normal 0.0969766 0.995287 -0
    outer loop
      vertex 382.195 282.981 -11
      vertex 382 283 0
      vertex 382.195 282.981 0
    endloop
  endfacet
  facet normal 0.0969766 0.995287 0
    outer loop
      vertex 382 283 0
      vertex 382.195 282.981 -11
      vertex 382 283 -11
    endloop
  endfacet
  facet normal -0.0969274 0.995291 0
    outer loop
      vertex 18 283 -11
      vertex 17.8049 282.981 0
      vertex 18 283 0
    endloop
  endfacet
  facet normal -0.0969274 0.995291 0
    outer loop
      vertex 17.8049 282.981 0
      vertex 18 283 -11
      vertex 17.8049 282.981 -11
    endloop
  endfacet
  facet normal -0.097938 -0.995193 0
    outer loop
      vertex 17.8049 17.0192 -11
      vertex 18 17 0
      vertex 17.8049 17.0192 0
    endloop
  endfacet
  facet normal -0.097938 -0.995193 -0
    outer loop
      vertex 18 17 0
      vertex 17.8049 17.0192 -11
      vertex 18 17 -11
    endloop
  endfacet
  facet normal 0.880684 -0.473705 0
    outer loop
      vertex 382.831 17.4444 0
      vertex 382.924 17.6173 -11
      vertex 382.924 17.6173 0
    endloop
  endfacet
  facet normal 0.880684 -0.473705 0
    outer loop
      vertex 382.924 17.6173 -11
      vertex 382.831 17.4444 0
      vertex 382.831 17.4444 -11
    endloop
  endfacet
  facet normal -0.290248 -0.956951 0
    outer loop
      vertex 17.6173 17.0761 -11
      vertex 17.8049 17.0192 0
      vertex 17.6173 17.0761 0
    endloop
  endfacet
  facet normal -0.290248 -0.956951 -0
    outer loop
      vertex 17.8049 17.0192 0
      vertex 17.6173 17.0761 -11
      vertex 17.8049 17.0192 -11
    endloop
  endfacet
  facet normal 0.995291 -0.0969274 0
    outer loop
      vertex 382.981 17.8049 0
      vertex 383 18 -11
      vertex 383 18 0
    endloop
  endfacet
  facet normal 0.995291 -0.0969274 0
    outer loop
      vertex 383 18 -11
      vertex 382.981 17.8049 0
      vertex 382.981 17.8049 -11
    endloop
  endfacet
  facet normal -0.881957 -0.471329 0
    outer loop
      vertex 17.1685 17.4444 -11
      vertex 17.0761 17.6173 0
      vertex 17.0761 17.6173 -11
    endloop
  endfacet
  facet normal -0.881957 -0.471329 0
    outer loop
      vertex 17.0761 17.6173 0
      vertex 17.1685 17.4444 -11
      vertex 17.1685 17.4444 0
    endloop
  endfacet
  facet normal 0 0 -1
    outer loop
      vertex 394 25 0
      vertex 400 18 0
      vertex 399.654 14.4884 0
    endloop
  endfacet
  facet normal 0 0 -1
    outer loop
      vertex 382.981 17.8049 0
      vertex 399.654 14.4884 0
      vertex 398.63 11.1117 0
    endloop
  endfacet
  facet normal 0 0 -1
    outer loop
      vertex 382.924 17.6173 0
      vertex 398.63 11.1117 0
      vertex 396.966 7.99973 0
    endloop
  endfacet
  facet normal 0 0 -1
    outer loop
      vertex 382.924 17.6173 0
      vertex 396.966 7.99973 0
      vertex 394.728 5.27208 0
    endloop
  endfacet
  facet normal 0 0 -1
    outer loop
      vertex 400 18 0
      vertex 394 25 0
      vertex 400 25 0
    endloop
  endfacet
  facet normal 0 0 -1
    outer loop
      vertex 398.63 11.1117 0
      vertex 382.924 17.6173 0
      vertex 382.981 17.8049 0
    endloop
  endfacet
  facet normal 0 0 -1
    outer loop
      vertex 382.924 17.6173 0
      vertex 394.728 5.27208 0
      vertex 392 3.03355 0
    endloop
  endfacet
  facet normal 0 0 -1
    outer loop
      vertex 394 75 0
      vertex 400 274 0
      vertex 400 75 0
    endloop
  endfacet
  facet normal 0 0 -1
    outer loop
      vertex 383 282 0
      vertex 400 274 0
      vertex 394 75 0
    endloop
  endfacet
  facet normal 0 0 -1
    outer loop
      vertex 400 274 0
      vertex 383 282 0
      vertex 399.654 277.512 0
    endloop
  endfacet
  facet normal 0 0 -1
    outer loop
      vertex 398.63 280.888 0
      vertex 383 282 0
      vertex 396.966 284 0
    endloop
  endfacet
  facet normal 0 0 -1
    outer loop
      vertex 399.654 277.512 0
      vertex 383 282 0
      vertex 398.63 280.888 0
    endloop
  endfacet
  facet normal -0 0 -1
    outer loop
      vertex 394 25 0
      vertex 383 18 0
      vertex 394 75 0
    endloop
  endfacet
  facet normal 0 0 -1
    outer loop
      vertex 383 282 0
      vertex 394 75 0
      vertex 383 18 0
    endloop
  endfacet
  facet normal 0 0 -1
    outer loop
      vertex 382.556 17.1685 0
      vertex 392 3.03355 0
      vertex 388.888 1.37017 0
    endloop
  endfacet
  facet normal -0 0 -1
    outer loop
      vertex 396.966 284 0
      vertex 383 282 0
      vertex 394.728 286.728 0
    endloop
  endfacet
  facet normal 0 0 -1
    outer loop
      vertex 382.383 17.0761 0
      vertex 388.888 1.37017 0
      vertex 385.512 0.345864 0
    endloop
  endfacet
  facet normal 0 0 -1
    outer loop
      vertex 382.981 282.195 0
      vertex 394.728 286.728 0
      vertex 383 282 0
    endloop
  endfacet
  facet normal -0 0 -1
    outer loop
      vertex 394.728 286.728 0
      vertex 382.981 282.195 0
      vertex 392 288.966 0
    endloop
  endfacet
  facet normal 0 0 -1
    outer loop
      vertex 394 25 0
      vertex 382.981 17.8049 0
      vertex 383 18 0
    endloop
  endfacet
  facet normal 0 0 -1
    outer loop
      vertex 399.654 14.4884 0
      vertex 382.981 17.8049 0
      vertex 394 25 0
    endloop
  endfacet
  facet normal 0 0 -1
    outer loop
      vertex 392 3.03355 0
      vertex 382.831 17.4444 0
      vertex 382.924 17.6173 0
    endloop
  endfacet
  facet normal 0 0 -1
    outer loop
      vertex 392 3.03355 0
      vertex 382.707 17.2929 0
      vertex 382.831 17.4444 0
    endloop
  endfacet
  facet normal 0 0 -1
    outer loop
      vertex 392 3.03355 0
      vertex 382.556 17.1685 0
      vertex 382.707 17.2929 0
    endloop
  endfacet
  facet normal 0 0 -1
    outer loop
      vertex 388.888 1.37017 0
      vertex 382.383 17.0761 0
      vertex 382.556 17.1685 0
    endloop
  endfacet
  facet normal 0 0 -1
    outer loop
      vertex 385.512 0.345864 0
      vertex 382.195 17.0192 0
      vertex 382.383 17.0761 0
    endloop
  endfacet
  facet normal 0 0 -1
    outer loop
      vertex 382 0 0
      vertex 382.195 17.0192 0
      vertex 385.512 0.345864 0
    endloop
  endfacet
  facet normal 0 0 -1
    outer loop
      vertex 382 0 0
      vertex 382 17 0
      vertex 382.195 17.0192 0
    endloop
  endfacet
  facet normal 0 0 -1
    outer loop
      vertex 361 12 0
      vertex 382 0 0
      vertex 361 4 0
    endloop
  endfacet
  facet normal 0 0 -1
    outer loop
      vertex 382 0 0
      vertex 339 4 0
      vertex 361 4 0
    endloop
  endfacet
  facet normal 0 0 -1
    outer loop
      vertex 339 4 0
      vertex 61 4 0
      vertex 339 12 0
    endloop
  endfacet
  facet normal 0 0 -1
    outer loop
      vertex 382 0 0
      vertex 61 4 0
      vertex 339 4 0
    endloop
  endfacet
  facet normal 0 0 -1
    outer loop
      vertex 18 0 0
      vertex 61 4 0
      vertex 382 0 0
    endloop
  endfacet
  facet normal -0 0 -1
    outer loop
      vertex 39 4 0
      vertex 18 0 0
      vertex 39 12 0
    endloop
  endfacet
  facet normal -0 0 -1
    outer loop
      vertex 61 4 0
      vertex 18 0 0
      vertex 39 4 0
    endloop
  endfacet
  facet normal 0 -0 -1
    outer loop
      vertex 11.1117 290.63 0
      vertex 17 282 0
      vertex 7.99973 288.966 0
    endloop
  endfacet
  facet normal 0 -0 -1
    outer loop
      vertex 0.345864 277.512 0
      vertex 17 282 0
      vertex 0 274 0
    endloop
  endfacet
  facet normal 0 0 -1
    outer loop
      vertex 17 282 0
      vertex 5.27208 286.728 0
      vertex 7.99973 288.966 0
    endloop
  endfacet
  facet normal 0 0 -1
    outer loop
      vertex 17 282 0
      vertex 3.03355 284 0
      vertex 5.27208 286.728 0
    endloop
  endfacet
  facet normal -0 0 -1
    outer loop
      vertex 17 282 0
      vertex 1.37017 280.888 0
      vertex 3.03355 284 0
    endloop
  endfacet
  facet normal 0 0 -1
    outer loop
      vertex 0 274 0
      vertex 6 75 0
      vertex 0 75 0
    endloop
  endfacet
  facet normal 0 0 -1
    outer loop
      vertex 17 282 0
      vertex 0.345864 277.512 0
      vertex 1.37017 280.888 0
    endloop
  endfacet
  facet normal 0 0 -1
    outer loop
      vertex 382.924 282.383 0
      vertex 392 288.966 0
      vertex 382.981 282.195 0
    endloop
  endfacet
  facet normal -0 0 -1
    outer loop
      vertex 392 288.966 0
      vertex 382.924 282.383 0
      vertex 388.888 290.63 0
    endloop
  endfacet
  facet normal 0 0 -1
    outer loop
      vertex 382.831 282.556 0
      vertex 388.888 290.63 0
      vertex 382.924 282.383 0
    endloop
  endfacet
  facet normal 0 0 -1
    outer loop
      vertex 382.707 282.707 0
      vertex 388.888 290.63 0
      vertex 382.831 282.556 0
    endloop
  endfacet
  facet normal -0 0 -1
    outer loop
      vertex 388.888 290.63 0
      vertex 382.707 282.707 0
      vertex 385.512 291.654 0
    endloop
  endfacet
  facet normal 0 0 -1
    outer loop
      vertex 382.556 282.831 0
      vertex 385.512 291.654 0
      vertex 382.707 282.707 0
    endloop
  endfacet
  facet normal 0 0 -1
    outer loop
      vertex 382.383 282.924 0
      vertex 385.512 291.654 0
      vertex 382.556 282.831 0
    endloop
  endfacet
  facet normal 0 0 -1
    outer loop
      vertex 382.195 282.981 0
      vertex 385.512 291.654 0
      vertex 382.383 282.924 0
    endloop
  endfacet
  facet normal 0 0 -1
    outer loop
      vertex 382 292 0
      vertex 382.195 282.981 0
      vertex 382 283 0
    endloop
  endfacet
  facet normal 0 0 -1
    outer loop
      vertex 382.195 282.981 0
      vertex 382 292 0
      vertex 385.512 291.654 0
    endloop
  endfacet
  facet normal 0 0 -1
    outer loop
      vertex 382 283 0
      vertex 360.5 289.59 0
      vertex 382 292 0
    endloop
  endfacet
  facet normal 0 0 -1
    outer loop
      vertex 382 283 0
      vertex 339.5 289.59 0
      vertex 360.5 289.59 0
    endloop
  endfacet
  facet normal 0 0 -1
    outer loop
      vertex 339.5 289.59 0
      vertex 60.5 289.59 0
      vertex 339.5 292 0
    endloop
  endfacet
  facet normal 0 0 -1
    outer loop
      vertex 382 283 0
      vertex 60.5 289.59 0
      vertex 339.5 289.59 0
    endloop
  endfacet
  facet normal 0 0 -1
    outer loop
      vertex 18 283 0
      vertex 60.5 289.59 0
      vertex 382 283 0
    endloop
  endfacet
  facet normal -0 0 -1
    outer loop
      vertex 60.5 289.59 0
      vertex 18 283 0
      vertex 39.5 289.59 0
    endloop
  endfacet
  facet normal 0 0 -1
    outer loop
      vertex 18 292 0
      vertex 39.5 289.59 0
      vertex 18 283 0
    endloop
  endfacet
  facet normal 0 0 -1
    outer loop
      vertex 39.5 289.59 0
      vertex 18 292 0
      vertex 39.5 292 0
    endloop
  endfacet
  facet normal 0 0 -1
    outer loop
      vertex 17.8049 282.981 0
      vertex 18 292 0
      vertex 18 283 0
    endloop
  endfacet
  facet normal 0 0 -1
    outer loop
      vertex 14.4884 291.654 0
      vertex 17.8049 282.981 0
      vertex 17.6173 282.924 0
    endloop
  endfacet
  facet normal 0 0 -1
    outer loop
      vertex 14.4884 291.654 0
      vertex 17.6173 282.924 0
      vertex 17.4444 282.831 0
    endloop
  endfacet
  facet normal 0 0 -1
    outer loop
      vertex 14.4884 291.654 0
      vertex 17.4444 282.831 0
      vertex 17.2929 282.707 0
    endloop
  endfacet
  facet normal 0 0 -1
    outer loop
      vertex 14.4884 291.654 0
      vertex 17.2929 282.707 0
      vertex 17.1685 282.556 0
    endloop
  endfacet
  facet normal 0 0 -1
    outer loop
      vertex 14.4884 291.654 0
      vertex 17.1685 282.556 0
      vertex 17.0761 282.383 0
    endloop
  endfacet
  facet normal 0 0 -1
    outer loop
      vertex 14.4884 291.654 0
      vertex 17.0761 282.383 0
      vertex 17.0192 282.195 0
    endloop
  endfacet
  facet normal 0 0 -1
    outer loop
      vertex 17.8049 282.981 0
      vertex 14.4884 291.654 0
      vertex 18 292 0
    endloop
  endfacet
  facet normal 0 0 -1
    outer loop
      vertex 17 282 0
      vertex 14.4884 291.654 0
      vertex 17.0192 282.195 0
    endloop
  endfacet
  facet normal 0 0 -1
    outer loop
      vertex 6 75 0
      vertex 17 282 0
      vertex 17 18 0
    endloop
  endfacet
  facet normal -0 0 -1
    outer loop
      vertex 17.1685 17.4444 0
      vertex 3.03355 7.99973 0
      vertex 17.0761 17.6173 0
    endloop
  endfacet
  facet normal 0 0 -1
    outer loop
      vertex 6 75 0
      vertex 17 18 0
      vertex 6 25 0
    endloop
  endfacet
  facet normal 0 0 -1
    outer loop
      vertex 1.37017 11.1117 0
      vertex 17.0761 17.6173 0
      vertex 3.03355 7.99973 0
    endloop
  endfacet
  facet normal 0 0 -1
    outer loop
      vertex 0 274 0
      vertex 17 282 0
      vertex 6 75 0
    endloop
  endfacet
  facet normal 0 0 -1
    outer loop
      vertex 17 282 0
      vertex 11.1117 290.63 0
      vertex 14.4884 291.654 0
    endloop
  endfacet
  facet normal -0 0 -1
    outer loop
      vertex 17.0761 17.6173 0
      vertex 1.37017 11.1117 0
      vertex 17.0192 17.8049 0
    endloop
  endfacet
  facet normal 0 0 -1
    outer loop
      vertex 0.345864 14.4884 0
      vertex 17.0192 17.8049 0
      vertex 1.37017 11.1117 0
    endloop
  endfacet
  facet normal 0 -0 -1
    outer loop
      vertex 6 25 0
      vertex 17.0192 17.8049 0
      vertex 0.345864 14.4884 0
    endloop
  endfacet
  facet normal 0 0 -1
    outer loop
      vertex 17.0192 17.8049 0
      vertex 6 25 0
      vertex 17 18 0
    endloop
  endfacet
  facet normal 0 0 -1
    outer loop
      vertex 0 18 0
      vertex 6 25 0
      vertex 0.345864 14.4884 0
    endloop
  endfacet
  facet normal -0 0 -1
    outer loop
      vertex 6 25 0
      vertex 0 18 0
      vertex 0 25 0
    endloop
  endfacet
  facet normal 0 0 -1
    outer loop
      vertex 382 0 0
      vertex 361 12 0
      vertex 382 17 0
    endloop
  endfacet
  facet normal 0 0 -1
    outer loop
      vertex 339 12 0
      vertex 382 17 0
      vertex 361 12 0
    endloop
  endfacet
  facet normal 0 0 -1
    outer loop
      vertex 61 12 0
      vertex 339 12 0
      vertex 61 4 0
    endloop
  endfacet
  facet normal 0 0 -1
    outer loop
      vertex 339 12 0
      vertex 61 12 0
      vertex 382 17 0
    endloop
  endfacet
  facet normal 0 0 -1
    outer loop
      vertex 18 17 0
      vertex 61 12 0
      vertex 39 12 0
    endloop
  endfacet
  facet normal 0 0 -1
    outer loop
      vertex 61 12 0
      vertex 18 17 0
      vertex 382 17 0
    endloop
  endfacet
  facet normal 0 0 -1
    outer loop
      vertex 18 0 0
      vertex 18 17 0
      vertex 39 12 0
    endloop
  endfacet
  facet normal 0 0 -1
    outer loop
      vertex 18 0 0
      vertex 17.8049 17.0192 0
      vertex 18 17 0
    endloop
  endfacet
  facet normal 0 0 -1
    outer loop
      vertex 14.4884 0.345864 0
      vertex 17.8049 17.0192 0
      vertex 18 0 0
    endloop
  endfacet
  facet normal -0 0 -1
    outer loop
      vertex 17.8049 17.0192 0
      vertex 14.4884 0.345864 0
      vertex 17.6173 17.0761 0
    endloop
  endfacet
  facet normal 0 0 -1
    outer loop
      vertex 11.1117 1.37017 0
      vertex 17.6173 17.0761 0
      vertex 14.4884 0.345864 0
    endloop
  endfacet
  facet normal -0 0 -1
    outer loop
      vertex 17.6173 17.0761 0
      vertex 11.1117 1.37017 0
      vertex 17.4444 17.1685 0
    endloop
  endfacet
  facet normal 0 0 -1
    outer loop
      vertex 7.99973 3.03355 0
      vertex 17.4444 17.1685 0
      vertex 11.1117 1.37017 0
    endloop
  endfacet
  facet normal -0 0 -1
    outer loop
      vertex 17.4444 17.1685 0
      vertex 7.99973 3.03355 0
      vertex 17.2929 17.2929 0
    endloop
  endfacet
  facet normal 0 0 -1
    outer loop
      vertex 5.27208 5.27208 0
      vertex 17.2929 17.2929 0
      vertex 7.99973 3.03355 0
    endloop
  endfacet
  facet normal 0 0 -1
    outer loop
      vertex 3.03355 7.99973 0
      vertex 17.1685 17.4444 0
      vertex 5.27208 5.27208 0
    endloop
  endfacet
  facet normal -0 0 -1
    outer loop
      vertex 17.2929 17.2929 0
      vertex 5.27208 5.27208 0
      vertex 17.1685 17.4444 0
    endloop
  endfacet
  facet normal -0 0 -1
    outer loop
      vertex 382 292 0
      vertex 360.5 289.59 0
      vertex 360.5 292 0
    endloop
  endfacet
  facet normal -0 0 -1
    outer loop
      vertex 339.5 292 0
      vertex 60.5 289.59 0
      vertex 60.5 292 0
    endloop
  endfacet
  facet normal 0 0 -1
    outer loop
      vertex 378 21 0
      vertex 379 22 0
      vertex 378.981 21.8049 0
    endloop
  endfacet
  facet normal -0 0 -1
    outer loop
      vertex 379 22 0
      vertex 378 21 0
      vertex 379 278 0
    endloop
  endfacet
  facet normal 0 0 -1
    outer loop
      vertex 378 21 0
      vertex 378.981 21.8049 0
      vertex 378.924 21.6173 0
    endloop
  endfacet
  facet normal 0 0 -1
    outer loop
      vertex 378 279 0
      vertex 379 278 0
      vertex 378 21 0
    endloop
  endfacet
  facet normal 0 0 -1
    outer loop
      vertex 378 21 0
      vertex 378.924 21.6173 0
      vertex 378.831 21.4444 0
    endloop
  endfacet
  facet normal 0 0 -1
    outer loop
      vertex 379 278 0
      vertex 378 279 0
      vertex 378.981 278.195 0
    endloop
  endfacet
  facet normal 0 0 -1
    outer loop
      vertex 378 21 0
      vertex 378.831 21.4444 0
      vertex 378.707 21.2929 0
    endloop
  endfacet
  facet normal 0 0 -1
    outer loop
      vertex 378.981 278.195 0
      vertex 378 279 0
      vertex 378.924 278.383 0
    endloop
  endfacet
  facet normal 0 0 -1
    outer loop
      vertex 378 21 0
      vertex 378.707 21.2929 0
      vertex 378.556 21.1685 0
    endloop
  endfacet
  facet normal 0 0 -1
    outer loop
      vertex 378.924 278.383 0
      vertex 378 279 0
      vertex 378.831 278.556 0
    endloop
  endfacet
  facet normal 0 0 -1
    outer loop
      vertex 378 21 0
      vertex 378.556 21.1685 0
      vertex 378.383 21.0761 0
    endloop
  endfacet
  facet normal 0 0 -1
    outer loop
      vertex 378.831 278.556 0
      vertex 378 279 0
      vertex 378.707 278.707 0
    endloop
  endfacet
  facet normal 0 0 -1
    outer loop
      vertex 378 21 0
      vertex 378.383 21.0761 0
      vertex 378.195 21.0192 0
    endloop
  endfacet
  facet normal 0 0 -1
    outer loop
      vertex 378.707 278.707 0
      vertex 378 279 0
      vertex 378.556 278.831 0
    endloop
  endfacet
  facet normal 0 0 -1
    outer loop
      vertex 378.556 278.831 0
      vertex 378 279 0
      vertex 378.383 278.924 0
    endloop
  endfacet
  facet normal 0 0 -1
    outer loop
      vertex 378.383 278.924 0
      vertex 378 279 0
      vertex 378.195 278.981 0
    endloop
  endfacet
  facet normal 0 0 -1
    outer loop
      vertex 22 21 0
      vertex 378 279 0
      vertex 378 21 0
    endloop
  endfacet
  facet normal 0 0 -1
    outer loop
      vertex 22 21 0
      vertex 22 279 0
      vertex 378 279 0
    endloop
  endfacet
  facet normal 0 0 -1
    outer loop
      vertex 21 22 0
      vertex 22 21 0
      vertex 21.8049 21.0192 0
    endloop
  endfacet
  facet normal 0 0 -1
    outer loop
      vertex 22 21 0
      vertex 21 22 0
      vertex 22 279 0
    endloop
  endfacet
  facet normal 0 0 -1
    outer loop
      vertex 21 22 0
      vertex 21.8049 21.0192 0
      vertex 21.6173 21.0761 0
    endloop
  endfacet
  facet normal 0 0 -1
    outer loop
      vertex 21 278 0
      vertex 22 279 0
      vertex 21 22 0
    endloop
  endfacet
  facet normal 0 0 -1
    outer loop
      vertex 21 22 0
      vertex 21.6173 21.0761 0
      vertex 21.4444 21.1685 0
    endloop
  endfacet
  facet normal 0 0 -1
    outer loop
      vertex 22 279 0
      vertex 21 278 0
      vertex 21.8049 278.981 0
    endloop
  endfacet
  facet normal 0 0 -1
    outer loop
      vertex 21 22 0
      vertex 21.4444 21.1685 0
      vertex 21.2929 21.2929 0
    endloop
  endfacet
  facet normal 0 0 -1
    outer loop
      vertex 21.8049 278.981 0
      vertex 21 278 0
      vertex 21.6173 278.924 0
    endloop
  endfacet
  facet normal 0 0 -1
    outer loop
      vertex 21 22 0
      vertex 21.2929 21.2929 0
      vertex 21.1685 21.4444 0
    endloop
  endfacet
  facet normal 0 0 -1
    outer loop
      vertex 21.6173 278.924 0
      vertex 21 278 0
      vertex 21.4444 278.831 0
    endloop
  endfacet
  facet normal 0 0 -1
    outer loop
      vertex 21 22 0
      vertex 21.1685 21.4444 0
      vertex 21.0761 21.6173 0
    endloop
  endfacet
  facet normal 0 0 -1
    outer loop
      vertex 21.4444 278.831 0
      vertex 21 278 0
      vertex 21.2929 278.707 0
    endloop
  endfacet
  facet normal 0 0 -1
    outer loop
      vertex 21 22 0
      vertex 21.0761 21.6173 0
      vertex 21.0192 21.8049 0
    endloop
  endfacet
  facet normal 0 0 -1
    outer loop
      vertex 21.2929 278.707 0
      vertex 21 278 0
      vertex 21.1685 278.556 0
    endloop
  endfacet
  facet normal 0 0 -1
    outer loop
      vertex 21.1685 278.556 0
      vertex 21 278 0
      vertex 21.0761 278.383 0
    endloop
  endfacet
  facet normal 0 0 -1
    outer loop
      vertex 21.0761 278.383 0
      vertex 21 278 0
      vertex 21.0192 278.195 0
    endloop
  endfacet
  facet normal 0.956951 0.290248 0
    outer loop
      vertex 21.0761 21.6173 0
      vertex 21.0192 21.8049 -11
      vertex 21.0192 21.8049 0
    endloop
  endfacet
  facet normal 0.956951 0.290248 0
    outer loop
      vertex 21.0192 21.8049 -11
      vertex 21.0761 21.6173 0
      vertex 21.0761 21.6173 -11
    endloop
  endfacet
  facet normal 0.995193 0.097938 0
    outer loop
      vertex 21.0192 21.8049 0
      vertex 21 22 -11
      vertex 21 22 0
    endloop
  endfacet
  facet normal 0.995193 0.097938 0
    outer loop
      vertex 21 22 -11
      vertex 21.0192 21.8049 0
      vertex 21.0192 21.8049 -11
    endloop
  endfacet
  facet normal -1 0 0
    outer loop
      vertex 379 22 -11
      vertex 379 278 0
      vertex 379 278 -11
    endloop
  endfacet
  facet normal -1 -0 0
    outer loop
      vertex 379 278 0
      vertex 379 22 -11
      vertex 379 22 0
    endloop
  endfacet
  facet normal 0 -1 0
    outer loop
      vertex 22 279 -11
      vertex 378 279 0
      vertex 22 279 0
    endloop
  endfacet
  facet normal 0 -1 -0
    outer loop
      vertex 378 279 0
      vertex 22 279 -11
      vertex 378 279 -11
    endloop
  endfacet
  facet normal 0.634598 0.772842 -0
    outer loop
      vertex 21.4444 21.1685 -11
      vertex 21.2929 21.2929 0
      vertex 21.4444 21.1685 0
    endloop
  endfacet
  facet normal 0.634598 0.772842 0
    outer loop
      vertex 21.2929 21.2929 0
      vertex 21.4444 21.1685 -11
      vertex 21.2929 21.2929 -11
    endloop
  endfacet
  facet normal -0.473492 -0.880798 0
    outer loop
      vertex 378.383 278.924 -11
      vertex 378.556 278.831 0
      vertex 378.383 278.924 0
    endloop
  endfacet
  facet normal -0.473492 -0.880798 -0
    outer loop
      vertex 378.556 278.831 0
      vertex 378.383 278.924 -11
      vertex 378.556 278.831 -11
    endloop
  endfacet
  facet normal 0.633377 -0.773843 0
    outer loop
      vertex 21.2929 278.707 -11
      vertex 21.4444 278.831 0
      vertex 21.2929 278.707 0
    endloop
  endfacet
  facet normal 0.633377 -0.773843 0
    outer loop
      vertex 21.4444 278.831 0
      vertex 21.2929 278.707 -11
      vertex 21.4444 278.831 -11
    endloop
  endfacet
  facet normal 1 -0 0
    outer loop
      vertex 21 22 0
      vertex 21 278 -11
      vertex 21 278 0
    endloop
  endfacet
  facet normal 1 0 0
    outer loop
      vertex 21 278 -11
      vertex 21 22 0
      vertex 21 22 -11
    endloop
  endfacet
  facet normal -0.0979877 0.995188 0
    outer loop
      vertex 378.195 21.0192 -11
      vertex 378 21 0
      vertex 378.195 21.0192 0
    endloop
  endfacet
  facet normal -0.0979877 0.995188 0
    outer loop
      vertex 378 21 0
      vertex 378.195 21.0192 -11
      vertex 378 21 -11
    endloop
  endfacet
  facet normal 0.290715 -0.95681 0
    outer loop
      vertex 21.6173 278.924 -11
      vertex 21.8049 278.981 0
      vertex 21.6173 278.924 0
    endloop
  endfacet
  facet normal 0.290715 -0.95681 0
    outer loop
      vertex 21.8049 278.981 0
      vertex 21.6173 278.924 -11
      vertex 21.8049 278.981 -11
    endloop
  endfacet
  facet normal 0 1 -0
    outer loop
      vertex 378 21 -11
      vertex 22 21 0
      vertex 378 21 0
    endloop
  endfacet
  facet normal 0 1 0
    outer loop
      vertex 22 21 0
      vertex 378 21 -11
      vertex 22 21 -11
    endloop
  endfacet
  facet normal -0.635851 0.771812 0
    outer loop
      vertex 378.707 21.2929 -11
      vertex 378.556 21.1685 0
      vertex 378.707 21.2929 0
    endloop
  endfacet
  facet normal -0.635851 0.771812 0
    outer loop
      vertex 378.556 21.1685 0
      vertex 378.707 21.2929 -11
      vertex 378.556 21.1685 -11
    endloop
  endfacet
  facet normal -0.773843 0.633377 0
    outer loop
      vertex 378.707 21.2929 -11
      vertex 378.831 21.4444 0
      vertex 378.831 21.4444 -11
    endloop
  endfacet
  facet normal -0.773843 0.633377 0
    outer loop
      vertex 378.831 21.4444 0
      vertex 378.707 21.2929 -11
      vertex 378.707 21.2929 0
    endloop
  endfacet
  facet normal -0.772816 -0.63463 0
    outer loop
      vertex 378.831 278.556 -11
      vertex 378.707 278.707 0
      vertex 378.707 278.707 -11
    endloop
  endfacet
  facet normal -0.772816 -0.63463 0
    outer loop
      vertex 378.707 278.707 0
      vertex 378.831 278.556 -11
      vertex 378.831 278.556 0
    endloop
  endfacet
  facet normal 0.771812 -0.635851 0
    outer loop
      vertex 21.1685 278.556 0
      vertex 21.2929 278.707 -11
      vertex 21.2929 278.707 0
    endloop
  endfacet
  facet normal 0.771812 -0.635851 0
    outer loop
      vertex 21.2929 278.707 -11
      vertex 21.1685 278.556 0
      vertex 21.1685 278.556 -11
    endloop
  endfacet
  facet normal -0.880798 -0.473492 0
    outer loop
      vertex 378.924 278.383 -11
      vertex 378.831 278.556 0
      vertex 378.831 278.556 -11
    endloop
  endfacet
  facet normal -0.880798 -0.473492 0
    outer loop
      vertex 378.831 278.556 0
      vertex 378.924 278.383 -11
      vertex 378.924 278.383 0
    endloop
  endfacet
  facet normal -0.471117 0.882071 0
    outer loop
      vertex 378.556 21.1685 -11
      vertex 378.383 21.0761 0
      vertex 378.556 21.1685 0
    endloop
  endfacet
  facet normal -0.471117 0.882071 0
    outer loop
      vertex 378.383 21.0761 0
      vertex 378.556 21.1685 -11
      vertex 378.383 21.0761 -11
    endloop
  endfacet
  facet normal -0.95681 0.290715 0
    outer loop
      vertex 378.924 21.6173 -11
      vertex 378.981 21.8049 0
      vertex 378.981 21.8049 -11
    endloop
  endfacet
  facet normal -0.95681 0.290715 0
    outer loop
      vertex 378.981 21.8049 0
      vertex 378.924 21.6173 -11
      vertex 378.924 21.6173 0
    endloop
  endfacet
  facet normal 0.881957 0.471329 0
    outer loop
      vertex 21.1685 21.4444 0
      vertex 21.0761 21.6173 -11
      vertex 21.0761 21.6173 0
    endloop
  endfacet
  facet normal 0.881957 0.471329 0
    outer loop
      vertex 21.0761 21.6173 -11
      vertex 21.1685 21.4444 0
      vertex 21.1685 21.4444 -11
    endloop
  endfacet
  facet normal 0.473705 -0.880684 0
    outer loop
      vertex 21.4444 278.831 -11
      vertex 21.6173 278.924 0
      vertex 21.4444 278.831 0
    endloop
  endfacet
  facet normal 0.473705 -0.880684 0
    outer loop
      vertex 21.6173 278.924 0
      vertex 21.4444 278.831 -11
      vertex 21.6173 278.924 -11
    endloop
  endfacet
  facet normal -0.995287 -0.0969766 0
    outer loop
      vertex 379 278 -11
      vertex 378.981 278.195 0
      vertex 378.981 278.195 -11
    endloop
  endfacet
  facet normal -0.995287 -0.0969766 0
    outer loop
      vertex 378.981 278.195 0
      vertex 379 278 -11
      vertex 379 278 0
    endloop
  endfacet
  facet normal 0.882071 -0.471117 0
    outer loop
      vertex 21.0761 278.383 0
      vertex 21.1685 278.556 -11
      vertex 21.1685 278.556 0
    endloop
  endfacet
  facet normal 0.882071 -0.471117 0
    outer loop
      vertex 21.1685 278.556 -11
      vertex 21.0761 278.383 0
      vertex 21.0761 278.383 -11
    endloop
  endfacet
  facet normal -0.956982 -0.290149 0
    outer loop
      vertex 378.981 278.195 -11
      vertex 378.924 278.383 0
      vertex 378.924 278.383 -11
    endloop
  endfacet
  facet normal -0.956982 -0.290149 0
    outer loop
      vertex 378.924 278.383 0
      vertex 378.981 278.195 -11
      vertex 378.981 278.195 0
    endloop
  endfacet
  facet normal -0.63463 -0.772816 0
    outer loop
      vertex 378.556 278.831 -11
      vertex 378.707 278.707 0
      vertex 378.556 278.831 0
    endloop
  endfacet
  facet normal -0.63463 -0.772816 -0
    outer loop
      vertex 378.707 278.707 0
      vertex 378.556 278.831 -11
      vertex 378.707 278.707 -11
    endloop
  endfacet
  facet normal 0.957123 -0.289682 0
    outer loop
      vertex 21.0192 278.195 0
      vertex 21.0761 278.383 -11
      vertex 21.0761 278.383 0
    endloop
  endfacet
  facet normal 0.957123 -0.289682 0
    outer loop
      vertex 21.0761 278.383 -11
      vertex 21.0192 278.195 0
      vertex 21.0192 278.195 -11
    endloop
  endfacet
  facet normal 0.995188 -0.0979877 0
    outer loop
      vertex 21 278 0
      vertex 21.0192 278.195 -11
      vertex 21.0192 278.195 0
    endloop
  endfacet
  facet normal 0.995188 -0.0979877 0
    outer loop
      vertex 21.0192 278.195 -11
      vertex 21 278 0
      vertex 21 278 -11
    endloop
  endfacet
  facet normal -0.290149 -0.956982 0
    outer loop
      vertex 378.195 278.981 -11
      vertex 378.383 278.924 0
      vertex 378.195 278.981 0
    endloop
  endfacet
  facet normal -0.290149 -0.956982 -0
    outer loop
      vertex 378.383 278.924 0
      vertex 378.195 278.981 -11
      vertex 378.383 278.924 -11
    endloop
  endfacet
  facet normal -0.289682 0.957123 0
    outer loop
      vertex 378.383 21.0761 -11
      vertex 378.195 21.0192 0
      vertex 378.383 21.0761 0
    endloop
  endfacet
  facet normal -0.289682 0.957123 0
    outer loop
      vertex 378.195 21.0192 0
      vertex 378.383 21.0761 -11
      vertex 378.195 21.0192 -11
    endloop
  endfacet
  facet normal 0.772842 0.634598 0
    outer loop
      vertex 21.2929 21.2929 0
      vertex 21.1685 21.4444 -11
      vertex 21.1685 21.4444 0
    endloop
  endfacet
  facet normal 0.772842 0.634598 0
    outer loop
      vertex 21.1685 21.4444 -11
      vertex 21.2929 21.2929 0
      vertex 21.2929 21.2929 -11
    endloop
  endfacet
  facet normal 0.471329 0.881957 -0
    outer loop
      vertex 21.6173 21.0761 -11
      vertex 21.4444 21.1685 0
      vertex 21.6173 21.0761 0
    endloop
  endfacet
  facet normal 0.471329 0.881957 0
    outer loop
      vertex 21.4444 21.1685 0
      vertex 21.6173 21.0761 -11
      vertex 21.4444 21.1685 -11
    endloop
  endfacet
  facet normal -0.0969766 -0.995287 0
    outer loop
      vertex 378 279 -11
      vertex 378.195 278.981 0
      vertex 378 279 0
    endloop
  endfacet
  facet normal -0.0969766 -0.995287 -0
    outer loop
      vertex 378.195 278.981 0
      vertex 378 279 -11
      vertex 378.195 278.981 -11
    endloop
  endfacet
  facet normal 0.0969274 -0.995291 0
    outer loop
      vertex 21.8049 278.981 -11
      vertex 22 279 0
      vertex 21.8049 278.981 0
    endloop
  endfacet
  facet normal 0.0969274 -0.995291 0
    outer loop
      vertex 22 279 0
      vertex 21.8049 278.981 -11
      vertex 22 279 -11
    endloop
  endfacet
  facet normal 0.097938 0.995193 -0
    outer loop
      vertex 22 21 -11
      vertex 21.8049 21.0192 0
      vertex 22 21 0
    endloop
  endfacet
  facet normal 0.097938 0.995193 0
    outer loop
      vertex 21.8049 21.0192 0
      vertex 22 21 -11
      vertex 21.8049 21.0192 -11
    endloop
  endfacet
  facet normal -0.880684 0.473705 0
    outer loop
      vertex 378.831 21.4444 -11
      vertex 378.924 21.6173 0
      vertex 378.924 21.6173 -11
    endloop
  endfacet
  facet normal -0.880684 0.473705 0
    outer loop
      vertex 378.924 21.6173 0
      vertex 378.831 21.4444 -11
      vertex 378.831 21.4444 0
    endloop
  endfacet
  facet normal 0.290248 0.956951 -0
    outer loop
      vertex 21.8049 21.0192 -11
      vertex 21.6173 21.0761 0
      vertex 21.8049 21.0192 0
    endloop
  endfacet
  facet normal 0.290248 0.956951 0
    outer loop
      vertex 21.6173 21.0761 0
      vertex 21.8049 21.0192 -11
      vertex 21.6173 21.0761 -11
    endloop
  endfacet
  facet normal -0.995291 0.0969274 0
    outer loop
      vertex 378.981 21.8049 -11
      vertex 379 22 0
      vertex 379 22 -11
    endloop
  endfacet
  facet normal -0.995291 0.0969274 0
    outer loop
      vertex 379 22 0
      vertex 378.981 21.8049 -11
      vertex 378.981 21.8049 0
    endloop
  endfacet
  facet normal 0 -1 0
    outer loop
      vertex 339 12 0
      vertex 361 12 2
      vertex 339 12 2
    endloop
  endfacet
  facet normal 0 -1 -0
    outer loop
      vertex 361 12 2
      vertex 339 12 0
      vertex 361 12 0
    endloop
  endfacet
  facet normal 0 -1 0
    outer loop
      vertex 39 12 0
      vertex 61 12 2
      vertex 39 12 2
    endloop
  endfacet
  facet normal 0 -1 -0
    outer loop
      vertex 61 12 2
      vertex 39 12 0
      vertex 61 12 0
    endloop
  endfacet
  facet normal -0.956941 -0.290283 0
    outer loop
      vertex 1.37017 11.1117 0
      vertex 0.345864 14.4884 2
      vertex 0.345864 14.4884 0
    endloop
  endfacet
  facet normal -0.956941 -0.290283 0
    outer loop
      vertex 0.345864 14.4884 2
      vertex 1.37017 11.1117 0
      vertex 1.37017 11.1117 2
    endloop
  endfacet
  facet normal -0.290204 0.956965 0
    outer loop
      vertex 14.4884 291.654 0
      vertex 11.1117 290.63 2
      vertex 14.4884 291.654 2
    endloop
  endfacet
  facet normal -0.290204 0.956965 0
    outer loop
      vertex 11.1117 290.63 2
      vertex 14.4884 291.654 0
      vertex 11.1117 290.63 0
    endloop
  endfacet
  facet normal -0.881923 0.471393 0
    outer loop
      vertex 1.37017 280.888 0
      vertex 3.03355 284 2
      vertex 3.03355 284 0
    endloop
  endfacet
  facet normal -0.881923 0.471393 0
    outer loop
      vertex 3.03355 284 2
      vertex 1.37017 280.888 0
      vertex 1.37017 280.888 2
    endloop
  endfacet
  facet normal -0.995185 -0.0980176 0
    outer loop
      vertex 0.345864 14.4884 0
      vertex 0 18 2
      vertex 0 18 0
    endloop
  endfacet
  facet normal -0.995185 -0.0980176 0
    outer loop
      vertex 0 18 2
      vertex 0.345864 14.4884 0
      vertex 0.345864 14.4884 2
    endloop
  endfacet
  facet normal 0.290259 0.956948 -0
    outer loop
      vertex 388.888 290.63 0
      vertex 385.512 291.654 2
      vertex 388.888 290.63 2
    endloop
  endfacet
  facet normal 0.290259 0.956948 0
    outer loop
      vertex 385.512 291.654 2
      vertex 388.888 290.63 0
      vertex 385.512 291.654 0
    endloop
  endfacet
  facet normal 1 0 0
    outer loop
      vertex 400 274 2
      vertex 400 75 0.0499992
      vertex 400 274 0
    endloop
  endfacet
  facet normal 1 0 -0
    outer loop
      vertex 400 75 0.0499992
      vertex 400 274 2
      vertex 400 73.05 2
    endloop
  endfacet
  facet normal 1 0 0
    outer loop
      vertex 400 274 0
      vertex 400 75 0.0499992
      vertex 400 75 0
    endloop
  endfacet
  facet normal 1 -0 0
    outer loop
      vertex 400 18 2
      vertex 400 25 0.0499992
      vertex 400 26.95 2
    endloop
  endfacet
  facet normal 1 0 0
    outer loop
      vertex 400 18 0
      vertex 400 25 0.0499992
      vertex 400 18 2
    endloop
  endfacet
  facet normal 1 0 0
    outer loop
      vertex 400 25 0.0499992
      vertex 400 18 0
      vertex 400 25 0
    endloop
  endfacet
  facet normal 0 1 -0
    outer loop
      vertex 39.5 292 0
      vertex 18 292 2
      vertex 39.5 292 2
    endloop
  endfacet
  facet normal 0 1 0
    outer loop
      vertex 18 292 2
      vertex 39.5 292 0
      vertex 18 292 0
    endloop
  endfacet
  facet normal 0 1 -0
    outer loop
      vertex 382 292 0
      vertex 360.5 292 2
      vertex 382 292 2
    endloop
  endfacet
  facet normal 0 1 0
    outer loop
      vertex 360.5 292 2
      vertex 382 292 0
      vertex 360.5 292 0
    endloop
  endfacet
  facet normal 0 1 -0
    outer loop
      vertex 339.5 292 0
      vertex 60.5 292 2
      vertex 339.5 292 2
    endloop
  endfacet
  facet normal 0 1 0
    outer loop
      vertex 60.5 292 2
      vertex 339.5 292 0
      vertex 60.5 292 0
    endloop
  endfacet
  facet normal -0.634394 -0.77301 0
    outer loop
      vertex 5.27208 5.27208 0
      vertex 7.99973 3.03355 2
      vertex 5.27208 5.27208 2
    endloop
  endfacet
  facet normal -0.634394 -0.77301 -0
    outer loop
      vertex 7.99973 3.03355 2
      vertex 5.27208 5.27208 0
      vertex 7.99973 3.03355 0
    endloop
  endfacet
  facet normal -0.634304 0.773083 0
    outer loop
      vertex 7.99973 288.966 0
      vertex 5.27208 286.728 2
      vertex 7.99973 288.966 2
    endloop
  endfacet
  facet normal -0.634304 0.773083 0
    outer loop
      vertex 5.27208 286.728 2
      vertex 7.99973 288.966 0
      vertex 5.27208 286.728 0
    endloop
  endfacet
  facet normal -1 0 0
    outer loop
      vertex 0 25 0
      vertex 0 18 0
      vertex 0 25 0.0499992
    endloop
  endfacet
  facet normal -1 0 0
    outer loop
      vertex 0 18 2
      vertex 0 25 0.0499992
      vertex 0 18 0
    endloop
  endfacet
  facet normal -1 0 0
    outer loop
      vertex 0 25 0.0499992
      vertex 0 18 2
      vertex 0 26.95 2
    endloop
  endfacet
  facet normal -1 0 0
    outer loop
      vertex 0 75 0
      vertex 0 274 2
      vertex 0 274 0
    endloop
  endfacet
  facet normal -1 0 0
    outer loop
      vertex 0 75 0.0499992
      vertex 0 274 2
      vertex 0 75 0
    endloop
  endfacet
  facet normal -1 -0 0
    outer loop
      vertex 0 274 2
      vertex 0 75 0.0499992
      vertex 0 73.05 2
    endloop
  endfacet
  facet normal 0.0980065 -0.995186 0
    outer loop
      vertex 382 0 0
      vertex 385.512 0.345864 2
      vertex 382 0 2
    endloop
  endfacet
  facet normal 0.0980065 -0.995186 0
    outer loop
      vertex 385.512 0.345864 2
      vertex 382 0 0
      vertex 385.512 0.345864 0
    endloop
  endfacet
  facet normal 0 -1 0
    outer loop
      vertex 18 0 0
      vertex 382 0 2
      vertex 18 0 2
    endloop
  endfacet
  facet normal 0 -1 -0
    outer loop
      vertex 382 0 2
      vertex 18 0 0
      vertex 382 0 0
    endloop
  endfacet
  facet normal -0.77305 0.634346 0
    outer loop
      vertex 3.03355 284 0
      vertex 5.27208 286.728 2
      vertex 5.27208 286.728 0
    endloop
  endfacet
  facet normal -0.77305 0.634346 0
    outer loop
      vertex 5.27208 286.728 2
      vertex 3.03355 284 0
      vertex 3.03355 284 2
    endloop
  endfacet
  facet normal 0.88185 0.471529 0
    outer loop
      vertex 398.63 280.888 2
      vertex 396.966 284 0
      vertex 396.966 284 2
    endloop
  endfacet
  facet normal 0.88185 0.471529 0
    outer loop
      vertex 396.966 284 0
      vertex 398.63 280.888 2
      vertex 398.63 280.888 0
    endloop
  endfacet
  facet normal 0.471393 -0.881923 0
    outer loop
      vertex 388.888 1.37017 0
      vertex 392 3.03355 2
      vertex 388.888 1.37017 2
    endloop
  endfacet
  facet normal 0.471393 -0.881923 0
    outer loop
      vertex 392 3.03355 2
      vertex 388.888 1.37017 0
      vertex 392 3.03355 0
    endloop
  endfacet
  facet normal 0.956965 -0.290204 0
    outer loop
      vertex 398.63 11.1117 2
      vertex 399.654 14.4884 0
      vertex 399.654 14.4884 2
    endloop
  endfacet
  facet normal 0.956965 -0.290204 0
    outer loop
      vertex 399.654 14.4884 0
      vertex 398.63 11.1117 2
      vertex 398.63 11.1117 0
    endloop
  endfacet
  facet normal 0.773083 -0.634304 0
    outer loop
      vertex 394.728 5.27208 2
      vertex 396.966 7.99973 0
      vertex 396.966 7.99973 2
    endloop
  endfacet
  facet normal 0.773083 -0.634304 0
    outer loop
      vertex 396.966 7.99973 0
      vertex 394.728 5.27208 2
      vertex 394.728 5.27208 0
    endloop
  endfacet
  facet normal 0.634346 -0.77305 0
    outer loop
      vertex 392 3.03355 0
      vertex 394.728 5.27208 2
      vertex 392 3.03355 2
    endloop
  endfacet
  facet normal 0.634346 -0.77305 0
    outer loop
      vertex 394.728 5.27208 2
      vertex 392 3.03355 0
      vertex 394.728 5.27208 0
    endloop
  endfacet
  facet normal 0.471529 0.88185 -0
    outer loop
      vertex 392 288.966 0
      vertex 388.888 290.63 2
      vertex 392 288.966 2
    endloop
  endfacet
  facet normal 0.471529 0.88185 0
    outer loop
      vertex 388.888 290.63 2
      vertex 392 288.966 0
      vertex 388.888 290.63 0
    endloop
  endfacet
  facet normal 0.634256 0.773123 -0
    outer loop
      vertex 394.728 286.728 0
      vertex 392 288.966 2
      vertex 394.728 286.728 2
    endloop
  endfacet
  facet normal 0.634256 0.773123 0
    outer loop
      vertex 392 288.966 2
      vertex 394.728 286.728 0
      vertex 392 288.966 0
    endloop
  endfacet
  facet normal -0.471533 0.881849 0
    outer loop
      vertex 11.1117 290.63 0
      vertex 7.99973 288.966 2
      vertex 11.1117 290.63 2
    endloop
  endfacet
  facet normal -0.471533 0.881849 0
    outer loop
      vertex 7.99973 288.966 2
      vertex 11.1117 290.63 0
      vertex 7.99973 288.966 0
    endloop
  endfacet
  facet normal -0.956924 0.290339 0
    outer loop
      vertex 0.345864 277.512 0
      vertex 1.37017 280.888 2
      vertex 1.37017 280.888 0
    endloop
  endfacet
  facet normal -0.956924 0.290339 0
    outer loop
      vertex 1.37017 280.888 2
      vertex 0.345864 277.512 0
      vertex 0.345864 277.512 2
    endloop
  endfacet
  facet normal 0.995182 0.0980447 0
    outer loop
      vertex 400 274 2
      vertex 399.654 277.512 0
      vertex 399.654 277.512 2
    endloop
  endfacet
  facet normal 0.995182 0.0980447 0
    outer loop
      vertex 399.654 277.512 0
      vertex 400 274 2
      vertex 400 274 0
    endloop
  endfacet
  facet normal 0.956948 0.290259 0
    outer loop
      vertex 399.654 277.512 2
      vertex 398.63 280.888 0
      vertex 398.63 280.888 2
    endloop
  endfacet
  facet normal 0.956948 0.290259 0
    outer loop
      vertex 398.63 280.888 0
      vertex 399.654 277.512 2
      vertex 399.654 277.512 0
    endloop
  endfacet
  facet normal -0.77301 -0.634394 0
    outer loop
      vertex 5.27208 5.27208 0
      vertex 3.03355 7.99973 2
      vertex 3.03355 7.99973 0
    endloop
  endfacet
  facet normal -0.77301 -0.634394 0
    outer loop
      vertex 3.03355 7.99973 2
      vertex 5.27208 5.27208 0
      vertex 5.27208 5.27208 2
    endloop
  endfacet
  facet normal -0.995186 0.0980065 0
    outer loop
      vertex 0 274 0
      vertex 0.345864 277.512 2
      vertex 0.345864 277.512 0
    endloop
  endfacet
  facet normal -0.995186 0.0980065 0
    outer loop
      vertex 0.345864 277.512 2
      vertex 0 274 0
      vertex 0 274 2
    endloop
  endfacet
  facet normal 0.773123 0.634256 0
    outer loop
      vertex 396.966 284 2
      vertex 394.728 286.728 0
      vertex 394.728 286.728 2
    endloop
  endfacet
  facet normal 0.773123 0.634256 0
    outer loop
      vertex 394.728 286.728 0
      vertex 396.966 284 2
      vertex 396.966 284 0
    endloop
  endfacet
  facet normal 0.290339 -0.956924 0
    outer loop
      vertex 385.512 0.345864 0
      vertex 388.888 1.37017 2
      vertex 385.512 0.345864 2
    endloop
  endfacet
  facet normal 0.290339 -0.956924 0
    outer loop
      vertex 388.888 1.37017 2
      vertex 385.512 0.345864 0
      vertex 388.888 1.37017 0
    endloop
  endfacet
  facet normal -0.471396 -0.881922 0
    outer loop
      vertex 7.99973 3.03355 0
      vertex 11.1117 1.37017 2
      vertex 7.99973 3.03355 2
    endloop
  endfacet
  facet normal -0.471396 -0.881922 -0
    outer loop
      vertex 11.1117 1.37017 2
      vertex 7.99973 3.03355 0
      vertex 11.1117 1.37017 0
    endloop
  endfacet
  facet normal 0.0980447 0.995182 -0
    outer loop
      vertex 385.512 291.654 0
      vertex 382 292 2
      vertex 385.512 291.654 2
    endloop
  endfacet
  facet normal 0.0980447 0.995182 0
    outer loop
      vertex 382 292 2
      vertex 385.512 291.654 0
      vertex 382 292 0
    endloop
  endfacet
  facet normal -0.0980558 0.995181 0
    outer loop
      vertex 18 292 0
      vertex 14.4884 291.654 2
      vertex 18 292 2
    endloop
  endfacet
  facet normal -0.0980558 0.995181 0
    outer loop
      vertex 14.4884 291.654 2
      vertex 18 292 0
      vertex 14.4884 291.654 0
    endloop
  endfacet
  facet normal -0.0980176 -0.995185 0
    outer loop
      vertex 14.4884 0.345864 0
      vertex 18 0 2
      vertex 14.4884 0.345864 2
    endloop
  endfacet
  facet normal -0.0980176 -0.995185 -0
    outer loop
      vertex 18 0 2
      vertex 14.4884 0.345864 0
      vertex 18 0 0
    endloop
  endfacet
  facet normal -0.881922 -0.471396 0
    outer loop
      vertex 3.03355 7.99973 0
      vertex 1.37017 11.1117 2
      vertex 1.37017 11.1117 0
    endloop
  endfacet
  facet normal -0.881922 -0.471396 0
    outer loop
      vertex 1.37017 11.1117 2
      vertex 3.03355 7.99973 0
      vertex 3.03355 7.99973 2
    endloop
  endfacet
  facet normal 0.881849 -0.471533 0
    outer loop
      vertex 396.966 7.99973 2
      vertex 398.63 11.1117 0
      vertex 398.63 11.1117 2
    endloop
  endfacet
  facet normal 0.881849 -0.471533 0
    outer loop
      vertex 398.63 11.1117 0
      vertex 396.966 7.99973 2
      vertex 396.966 7.99973 0
    endloop
  endfacet
  facet normal -0.290283 -0.956941 0
    outer loop
      vertex 11.1117 1.37017 0
      vertex 14.4884 0.345864 2
      vertex 11.1117 1.37017 2
    endloop
  endfacet
  facet normal -0.290283 -0.956941 -0
    outer loop
      vertex 14.4884 0.345864 2
      vertex 11.1117 1.37017 0
      vertex 14.4884 0.345864 0
    endloop
  endfacet
  facet normal 0.995181 -0.0980558 0
    outer loop
      vertex 399.654 14.4884 2
      vertex 400 18 0
      vertex 400 18 2
    endloop
  endfacet
  facet normal 0.995181 -0.0980558 0
    outer loop
      vertex 400 18 0
      vertex 399.654 14.4884 2
      vertex 399.654 14.4884 0
    endloop
  endfacet
  facet normal -1 0 0
    outer loop
      vertex 61 4 0
      vertex 61 12 2
      vertex 61 12 0
    endloop
  endfacet
  facet normal -1 -0 0
    outer loop
      vertex 61 12 2
      vertex 61 4 0
      vertex 61 4 2
    endloop
  endfacet
  facet normal 1 -0 0
    outer loop
      vertex 39 4 2
      vertex 39 12 0
      vertex 39 12 2
    endloop
  endfacet
  facet normal 1 0 0
    outer loop
      vertex 39 12 0
      vertex 39 4 2
      vertex 39 4 0
    endloop
  endfacet
  facet normal 0 1 -0
    outer loop
      vertex 61 4 0
      vertex 39 4 2
      vertex 61 4 2
    endloop
  endfacet
  facet normal 0 1 0
    outer loop
      vertex 39 4 2
      vertex 61 4 0
      vertex 39 4 0
    endloop
  endfacet
  facet normal -1 0 0
    outer loop
      vertex 361 4 0
      vertex 361 12 2
      vertex 361 12 0
    endloop
  endfacet
  facet normal -1 -0 0
    outer loop
      vertex 361 12 2
      vertex 361 4 0
      vertex 361 4 2
    endloop
  endfacet
  facet normal 1 -0 0
    outer loop
      vertex 339 4 2
      vertex 339 12 0
      vertex 339 12 2
    endloop
  endfacet
  facet normal 1 0 0
    outer loop
      vertex 339 12 0
      vertex 339 4 2
      vertex 339 4 0
    endloop
  endfacet
  facet normal 0 1 -0
    outer loop
      vertex 361 4 0
      vertex 339 4 2
      vertex 361 4 2
    endloop
  endfacet
  facet normal 0 1 0
    outer loop
      vertex 339 4 2
      vertex 361 4 0
      vertex 339 4 0
    endloop
  endfacet
  facet normal 0 1 -0
    outer loop
      vertex 6 25 0
      vertex 0 25 0.0499992
      vertex 6 25 0.0499992
    endloop
  endfacet
  facet normal 0 1 0
    outer loop
      vertex 0 25 0.0499992
      vertex 6 25 0
      vertex 0 25 0
    endloop
  endfacet
  facet normal 0 -1 0
    outer loop
      vertex 0 75 0
      vertex 6 75 0.0499992
      vertex 0 75 0.0499992
    endloop
  endfacet
  facet normal 0 -1 -0
    outer loop
      vertex 6 75 0.0499992
      vertex 0 75 0
      vertex 6 75 0
    endloop
  endfacet
  facet normal 0 0.707107 -0.707107
    outer loop
      vertex 0 25 0.0499992
      vertex 4.06625 26.95 2
      vertex 6 25 0.0499992
    endloop
  endfacet
  facet normal 0 0.707107 -0.707107
    outer loop
      vertex 4.06625 26.95 2
      vertex 0 25 0.0499992
      vertex 0 26.95 2
    endloop
  endfacet
  facet normal -1 0 0
    outer loop
      vertex 6 25 0
      vertex 6 75 0.0499992
      vertex 6 75 0
    endloop
  endfacet
  facet normal -1 -0 0
    outer loop
      vertex 6 75 0.0499992
      vertex 6 25 0
      vertex 6 25 0.0499992
    endloop
  endfacet
  facet normal 0 -0.707107 -0.707107
    outer loop
      vertex 0 75 0.0499992
      vertex 4.06625 73.05 2
      vertex 0 73.05 2
    endloop
  endfacet
  facet normal 0 -0.707107 -0.707107
    outer loop
      vertex 4.06625 73.05 2
      vertex 0 75 0.0499992
      vertex 6 75 0.0499992
    endloop
  endfacet
  facet normal -0.710059 0 -0.704142
    outer loop
      vertex 6 75 0.0499992
      vertex 4.06625 26.95 2
      vertex 4.06625 73.05 2
    endloop
  endfacet
  facet normal -0.710059 0 -0.704142
    outer loop
      vertex 4.06625 26.95 2
      vertex 6 75 0.0499992
      vertex 6 25 0.0499992
    endloop
  endfacet
  facet normal 0.710014 0 -0.704188
    outer loop
      vertex 395.934 26.95 2
      vertex 394 75 0.0499992
      vertex 395.934 73.05 2
    endloop
  endfacet
  facet normal 0.710014 0 -0.704188
    outer loop
      vertex 394 75 0.0499992
      vertex 395.934 26.95 2
      vertex 394 25 0.0499992
    endloop
  endfacet
  facet normal 0 1 -0
    outer loop
      vertex 400 25 0
      vertex 394 25 0.0499992
      vertex 400 25 0.0499992
    endloop
  endfacet
  facet normal 0 1 0
    outer loop
      vertex 394 25 0.0499992
      vertex 400 25 0
      vertex 394 25 0
    endloop
  endfacet
  facet normal -0 -0.707107 -0.707107
    outer loop
      vertex 400 75 0.0499992
      vertex 395.934 73.05 2
      vertex 394 75 0.0499992
    endloop
  endfacet
  facet normal 0 -0.707107 -0.707107
    outer loop
      vertex 395.934 73.05 2
      vertex 400 75 0.0499992
      vertex 400 73.05 2
    endloop
  endfacet
  facet normal 0 -1 0
    outer loop
      vertex 394 75 0
      vertex 400 75 0.0499992
      vertex 394 75 0.0499992
    endloop
  endfacet
  facet normal 0 -1 -0
    outer loop
      vertex 400 75 0.0499992
      vertex 394 75 0
      vertex 400 75 0
    endloop
  endfacet
  facet normal 0 0.707107 -0.707107
    outer loop
      vertex 400 25 0.0499992
      vertex 395.934 26.95 2
      vertex 400 26.95 2
    endloop
  endfacet
  facet normal 0 0.707107 -0.707107
    outer loop
      vertex 395.934 26.95 2
      vertex 400 25 0.0499992
      vertex 394 25 0.0499992
    endloop
  endfacet
  facet normal 1 -0 0
    outer loop
      vertex 394 25 0.0499992
      vertex 394 75 0
      vertex 394 75 0.0499992
    endloop
  endfacet
  facet normal 1 0 0
    outer loop
      vertex 394 75 0
      vertex 394 25 0.0499992
      vertex 394 25 0
    endloop
  endfacet
  facet normal -1 0 0
    outer loop
      vertex 39.5 296.975 -11
      vertex 39.5 297.025 -10.9989
      vertex 39.5 297.025 -11
    endloop
  endfacet
  facet normal -1 0 0
    outer loop
      vertex 39.5 297.025 -10.9989
      vertex 39.5 297 -7
      vertex 39.5 297.025 -6.99891
    endloop
  endfacet
  facet normal -1 -0 0
    outer loop
      vertex 39.5 297.025 -6.99891
      vertex 39.5 297 -7
      vertex 39.5 297.025 -6.99754
    endloop
  endfacet
  facet normal -1 -0 0
    outer loop
      vertex 39.5 297.025 -10.9989
      vertex 39.5 296.975 -11
      vertex 39.5 296.974 -10.9989
    endloop
  endfacet
  facet normal -1 0 0
    outer loop
      vertex 39.5 297.025 -10.9989
      vertex 39.5 296.974 -10.9989
      vertex 39.5 297 -7
    endloop
  endfacet
  facet normal -1 0 0
    outer loop
      vertex 39.5 296.477 -10.9772
      vertex 39.5 297 -7
      vertex 39.5 296.974 -10.9989
    endloop
  endfacet
  facet normal -1 0 0
    outer loop
      vertex 39.5 295.958 -10.9088
      vertex 39.5 297 -7
      vertex 39.5 296.477 -10.9772
    endloop
  endfacet
  facet normal -1 -0 0
    outer loop
      vertex 39.5 297 -7
      vertex 39.5 295.958 -10.9088
      vertex 39.5 296.22 -6.92314
    endloop
  endfacet
  facet normal -1 0 0
    outer loop
      vertex 39.5 295.193 -10.7566
      vertex 39.5 296.22 -6.92314
      vertex 39.5 295.958 -10.9088
    endloop
  endfacet
  facet normal -1 0 0
    outer loop
      vertex 39.5 294.682 -10.6433
      vertex 39.5 296.22 -6.92314
      vertex 39.5 295.193 -10.7566
    endloop
  endfacet
  facet normal -1 -0 0
    outer loop
      vertex 39.5 296.22 -6.92314
      vertex 39.5 294.682 -10.6433
      vertex 39.5 295.469 -6.69552
    endloop
  endfacet
  facet normal -1 0 0
    outer loop
      vertex 39.5 294.183 -10.4859
      vertex 39.5 295.469 -6.69552
      vertex 39.5 294.682 -10.6433
    endloop
  endfacet
  facet normal -1 0 0
    outer loop
      vertex 39.5 293.699 -10.2856
      vertex 39.5 295.469 -6.69552
      vertex 39.5 294.183 -10.4859
    endloop
  endfacet
  facet normal -1 0 0
    outer loop
      vertex 39.5 293.235 -10.0439
      vertex 39.5 295.469 -6.69552
      vertex 39.5 293.699 -10.2856
    endloop
  endfacet
  facet normal -1 -0 0
    outer loop
      vertex 39.5 295.469 -6.69552
      vertex 39.5 293.235 -10.0439
      vertex 39.5 294.778 -6.32588
    endloop
  endfacet
  facet normal -1 0 0
    outer loop
      vertex 39.5 292.793 -9.76266
      vertex 39.5 294.778 -6.32588
      vertex 39.5 293.235 -10.0439
    endloop
  endfacet
  facet normal -1 0 0
    outer loop
      vertex 39.5 292.144 -9.32912
      vertex 39.5 294.778 -6.32588
      vertex 39.5 292.793 -9.76266
    endloop
  endfacet
  facet normal -1 -0 0
    outer loop
      vertex 39.5 294.778 -6.32588
      vertex 39.5 292.144 -9.32912
      vertex 39.5 294.172 -5.82843
    endloop
  endfacet
  facet normal -1 0 0
    outer loop
      vertex 39.5 291.729 -9.01047
      vertex 39.5 294.172 -5.82843
      vertex 39.5 292.144 -9.32912
    endloop
  endfacet
  facet normal -1 0 0
    outer loop
      vertex 39.5 291.343 -8.65685
      vertex 39.5 294.172 -5.82843
      vertex 39.5 291.729 -9.01047
    endloop
  endfacet
  facet normal -1 -0 0
    outer loop
      vertex 39.5 294.172 -5.82843
      vertex 39.5 291.343 -8.65685
      vertex 39.5 294.032 -5.67626
    endloop
  endfacet
  facet normal -1 0 0
    outer loop
      vertex 39.5 290.99 -8.27094
      vertex 39.5 294.032 -5.67626
      vertex 39.5 291.343 -8.65685
    endloop
  endfacet
  facet normal -1 -0 0
    outer loop
      vertex 39.5 294.032 -5.67626
      vertex 39.5 290.99 -8.27094
      vertex 39.5 293.818 -5.4425
    endloop
  endfacet
  facet normal -1 0 0
    outer loop
      vertex 39.5 290.671 -7.85567
      vertex 39.5 293.818 -5.4425
      vertex 39.5 290.99 -8.27094
    endloop
  endfacet
  facet normal -1 -0 0
    outer loop
      vertex 39.5 293.818 -5.4425
      vertex 39.5 290.671 -7.85567
      vertex 39.5 293.637 -5.20695
    endloop
  endfacet
  facet normal -1 0 0
    outer loop
      vertex 39.5 290.237 -7.20682
      vertex 39.5 293.637 -5.20695
      vertex 39.5 290.671 -7.85567
    endloop
  endfacet
  facet normal -1 -0 0
    outer loop
      vertex 39.5 293.637 -5.20695
      vertex 39.5 290.237 -7.20682
      vertex 39.5 293.41 -4.77034
    endloop
  endfacet
  facet normal -1 0 0
    outer loop
      vertex 39.5 289.956 -6.76537
      vertex 39.5 293.41 -4.77034
      vertex 39.5 290.237 -7.20682
    endloop
  endfacet
  facet normal -1 0 0
    outer loop
      vertex 39.5 302.704 -8.36163
      vertex 39.5 302.704 -6.83089
      vertex 39.5 302.857 -7.59625
    endloop
  endfacet
  facet normal -1 0 0
    outer loop
      vertex 39.5 302.271 -9.01047
      vertex 39.5 302.704 -6.83089
      vertex 39.5 302.704 -8.36163
    endloop
  endfacet
  facet normal -1 0 0
    outer loop
      vertex 39.5 302.271 -9.01047
      vertex 39.5 302.271 -6.18205
      vertex 39.5 302.704 -6.83089
    endloop
  endfacet
  facet normal -1 0 0
    outer loop
      vertex 39.5 301.856 -9.32912
      vertex 39.5 302.271 -6.18205
      vertex 39.5 302.271 -9.01047
    endloop
  endfacet
  facet normal -1 0 0
    outer loop
      vertex 39.5 301.856 -9.32912
      vertex 39.5 301.622 -5.7485
      vertex 39.5 302.271 -6.18205
    endloop
  endfacet
  facet normal -1 0 0
    outer loop
      vertex 39.5 299.207 -6.36279
      vertex 39.5 301.856 -9.32912
      vertex 39.5 301.207 -9.76266
    endloop
  endfacet
  facet normal -1 0 0
    outer loop
      vertex 39.5 301.856 -9.32912
      vertex 39.5 299.443 -6.18205
      vertex 39.5 301.622 -5.7485
    endloop
  endfacet
  facet normal -1 0 0
    outer loop
      vertex 39.5 299.207 -6.36279
      vertex 39.5 301.207 -9.76266
      vertex 39.5 300.765 -10.0439
    endloop
  endfacet
  facet normal -1 0 0
    outer loop
      vertex 39.5 298.77 -6.59007
      vertex 39.5 300.765 -10.0439
      vertex 39.5 300.301 -10.2856
    endloop
  endfacet
  facet normal -1 -0 0
    outer loop
      vertex 39.5 301.622 -5.7485
      vertex 39.5 299.443 -6.18205
      vertex 39.5 300.857 -5.59625
    endloop
  endfacet
  facet normal -1 0 0
    outer loop
      vertex 39.5 298.531 -6.69552
      vertex 39.5 300.301 -10.2856
      vertex 39.5 299.817 -10.4859
    endloop
  endfacet
  facet normal -1 0 0
    outer loop
      vertex 39.5 300.857 -5.59625
      vertex 39.5 299.443 -6.18205
      vertex 39.5 300.091 -5.7485
    endloop
  endfacet
  facet normal -1 0 0
    outer loop
      vertex 39.5 298.287 -6.79039
      vertex 39.5 299.817 -10.4859
      vertex 39.5 299.318 -10.6433
    endloop
  endfacet
  facet normal -1 0 0
    outer loop
      vertex 39.5 301.856 -9.32912
      vertex 39.5 299.207 -6.36279
      vertex 39.5 299.443 -6.18205
    endloop
  endfacet
  facet normal -1 0 0
    outer loop
      vertex 39.5 298.287 -6.79039
      vertex 39.5 299.318 -10.6433
      vertex 39.5 298.807 -10.7566
    endloop
  endfacet
  facet normal -1 0 0
    outer loop
      vertex 39.5 300.765 -10.0439
      vertex 39.5 298.77 -6.59007
      vertex 39.5 299.207 -6.36279
    endloop
  endfacet
  facet normal -1 0 0
    outer loop
      vertex 39.5 300.301 -10.2856
      vertex 39.5 298.531 -6.69552
      vertex 39.5 298.77 -6.59007
    endloop
  endfacet
  facet normal -1 0 0
    outer loop
      vertex 39.5 298.77 -6.59007
      vertex 39.5 298.531 -6.69552
      vertex 39.5 298.582 -6.66799
    endloop
  endfacet
  facet normal -1 0 0
    outer loop
      vertex 39.5 299.817 -10.4859
      vertex 39.5 298.287 -6.79039
      vertex 39.5 298.531 -6.69552
    endloop
  endfacet
  facet normal -1 0 0
    outer loop
      vertex 39.5 298.531 -6.69552
      vertex 39.5 298.287 -6.79039
      vertex 39.5 298.475 -6.71246
    endloop
  endfacet
  facet normal -1 0 0
    outer loop
      vertex 39.5 297.817 -6.93842
      vertex 39.5 298.807 -10.7566
      vertex 39.5 298.042 -10.9088
    endloop
  endfacet
  facet normal -1 0 0
    outer loop
      vertex 39.5 298.807 -10.7566
      vertex 39.5 297.817 -6.93842
      vertex 39.5 298.287 -6.79039
    endloop
  endfacet
  facet normal -1 0 0
    outer loop
      vertex 39.5 297.523 -6.97716
      vertex 39.5 298.042 -10.9088
      vertex 39.5 297.523 -10.9772
    endloop
  endfacet
  facet normal -1 0 0
    outer loop
      vertex 39.5 298.042 -10.9088
      vertex 39.5 297.523 -6.97716
      vertex 39.5 297.817 -6.93842
    endloop
  endfacet
  facet normal -1 0 0
    outer loop
      vertex 39.5 297.025 -6.99891
      vertex 39.5 297.523 -10.9772
      vertex 39.5 297.025 -10.9989
    endloop
  endfacet
  facet normal -1 0 0
    outer loop
      vertex 39.5 297.523 -10.9772
      vertex 39.5 297.025 -6.99891
      vertex 39.5 297.523 -6.97716
    endloop
  endfacet
  facet normal -1 0 0
    outer loop
      vertex 39.5 294.172 -5.82843
      vertex 39.5 294.032 -5.67626
      vertex 39.5 294.002 -5.62199
    endloop
  endfacet
  facet normal -1 0 0
    outer loop
      vertex 39.5 293.19 -4.15207
      vertex 39.5 293.137 -4.05746
      vertex 39.5 293.077 -3.78036
    endloop
  endfacet
  facet normal -1 0 0
    outer loop
      vertex 39.5 297.025 0.997538
      vertex 39.5 297 1
      vertex 39.5 297.025 0.998908
    endloop
  endfacet
  facet normal -1 0 0
    outer loop
      vertex 39.5 304.486 -1.71326
      vertex 39.5 304.486 -0.182526
      vertex 39.5 304.638 -0.947891
    endloop
  endfacet
  facet normal -1 0 0
    outer loop
      vertex 39.5 300.79 -1.71326
      vertex 39.5 304.486 -0.182526
      vertex 39.5 304.486 -1.71326
    endloop
  endfacet
  facet normal -1 0 0
    outer loop
      vertex 39.5 300.79 -1.71326
      vertex 39.5 304.486 -1.71326
      vertex 39.5 304.052 -2.36211
    endloop
  endfacet
  facet normal -1 0 0
    outer loop
      vertex 39.5 300.696 -1.46927
      vertex 39.5 304.486 -0.182526
      vertex 39.5 300.79 -1.71326
    endloop
  endfacet
  facet normal -1 0 0
    outer loop
      vertex 39.5 300.59 -1.22966
      vertex 39.5 304.286 0.301071
      vertex 39.5 300.696 -1.46927
    endloop
  endfacet
  facet normal -1 0 0
    outer loop
      vertex 39.5 300.79 -1.71326
      vertex 39.5 304.052 -2.36211
      vertex 39.5 303.404 -2.79564
    endloop
  endfacet
  facet normal -1 -0 0
    outer loop
      vertex 39.5 304.286 0.301071
      vertex 39.5 300.59 -1.22966
      vertex 39.5 304.044 0.765366
    endloop
  endfacet
  facet normal -1 -0 0
    outer loop
      vertex 39.5 304.044 0.765366
      vertex 39.5 300.59 -1.22966
      vertex 39.5 303.763 1.20682
    endloop
  endfacet
  facet normal -1 0 0
    outer loop
      vertex 39.5 300.79 -1.71326
      vertex 39.5 303.404 -2.79564
      vertex 39.5 302.638 -2.94789
    endloop
  endfacet
  facet normal -1 0 0
    outer loop
      vertex 39.5 300.79 -1.71326
      vertex 39.5 302.638 -2.94789
      vertex 39.5 301.873 -2.79564
    endloop
  endfacet
  facet normal -1 0 0
    outer loop
      vertex 39.5 300.79 -1.71326
      vertex 39.5 301.873 -2.79564
      vertex 39.5 301.224 -2.36211
    endloop
  endfacet
  facet normal -1 -0 0
    outer loop
      vertex 39.5 304.486 -0.182526
      vertex 39.5 300.696 -1.46927
      vertex 39.5 304.286 0.301071
    endloop
  endfacet
  facet normal -1 0 0
    outer loop
      vertex 39.5 300.696 -1.46927
      vertex 39.5 300.79 -1.71326
      vertex 39.5 300.712 -1.52513
    endloop
  endfacet
  facet normal -1 0 0
    outer loop
      vertex 39.5 300.363 -0.793045
      vertex 39.5 303.763 1.20682
      vertex 39.5 300.59 -1.22966
    endloop
  endfacet
  facet normal -1 0 0
    outer loop
      vertex 39.5 300.59 -1.22966
      vertex 39.5 300.696 -1.46927
      vertex 39.5 300.668 -1.41777
    endloop
  endfacet
  facet normal -1 -0 0
    outer loop
      vertex 39.5 303.763 1.20682
      vertex 39.5 300.363 -0.793045
      vertex 39.5 303.329 1.85567
    endloop
  endfacet
  facet normal -1 0 0
    outer loop
      vertex 39.5 300.182 -0.557495
      vertex 39.5 303.329 1.85567
      vertex 39.5 300.363 -0.793045
    endloop
  endfacet
  facet normal -1 -0 0
    outer loop
      vertex 39.5 303.329 1.85567
      vertex 39.5 300.182 -0.557495
      vertex 39.5 303.218 2
    endloop
  endfacet
  facet normal -1 0 0
    outer loop
      vertex 39.5 299.829 -0.171821
      vertex 39.5 303.218 2
      vertex 39.5 300.182 -0.557495
    endloop
  endfacet
  facet normal -1 0 0
    outer loop
      vertex 39.5 299.828 -0.171573
      vertex 39.5 303.218 2
      vertex 39.5 299.829 -0.171821
    endloop
  endfacet
  facet normal -1 0 0
    outer loop
      vertex 39.5 299.828 -0.171369
      vertex 39.5 303.218 2
      vertex 39.5 299.828 -0.171573
    endloop
  endfacet
  facet normal -1 0 0
    outer loop
      vertex 39.5 299.443 0.182053
      vertex 39.5 303.218 2
      vertex 39.5 299.828 -0.171369
    endloop
  endfacet
  facet normal -1 0 0
    outer loop
      vertex 39.5 299.207 0.362793
      vertex 39.5 303.218 2
      vertex 39.5 299.443 0.182053
    endloop
  endfacet
  facet normal -1 0 0
    outer loop
      vertex 39.5 298.77 0.590073
      vertex 39.5 303.218 2
      vertex 39.5 299.207 0.362793
    endloop
  endfacet
  facet normal -1 0 0
    outer loop
      vertex 39.5 298.531 0.695518
      vertex 39.5 298.77 0.590073
      vertex 39.5 298.582 0.667992
    endloop
  endfacet
  facet normal -1 0 0
    outer loop
      vertex 39.5 298.77 0.590073
      vertex 39.5 298.531 0.695518
      vertex 39.5 303.218 2
    endloop
  endfacet
  facet normal -1 0 0
    outer loop
      vertex 39.5 298.287 0.79039
      vertex 39.5 298.531 0.695518
      vertex 39.5 298.475 0.712465
    endloop
  endfacet
  facet normal -1 0 0
    outer loop
      vertex 39.5 298.531 0.695518
      vertex 39.5 298.287 0.79039
      vertex 39.5 303.218 2
    endloop
  endfacet
  facet normal -1 0 0
    outer loop
      vertex 39.5 297.817 0.938416
      vertex 39.5 303.218 2
      vertex 39.5 298.287 0.79039
    endloop
  endfacet
  facet normal -1 0 0
    outer loop
      vertex 39.5 297.523 0.977158
      vertex 39.5 303.218 2
      vertex 39.5 297.817 0.938416
    endloop
  endfacet
  facet normal -1 0 0
    outer loop
      vertex 39.5 297.025 0.998908
      vertex 39.5 303.218 2
      vertex 39.5 297.523 0.977158
    endloop
  endfacet
  facet normal -1 0 0
    outer loop
      vertex 39.5 297 1
      vertex 39.5 303.218 2
      vertex 39.5 297.025 0.998908
    endloop
  endfacet
  facet normal -1 0 0
    outer loop
      vertex 39.5 292 2
      vertex 39.5 297 1
      vertex 39.5 296.22 0.923141
    endloop
  endfacet
  facet normal -1 0 0
    outer loop
      vertex 39.5 289.714 -6.30107
      vertex 39.5 293.41 -4.77034
      vertex 39.5 289.956 -6.76537
    endloop
  endfacet
  facet normal -1 0 -0
    outer loop
      vertex 39.5 293.304 -4.53073
      vertex 39.5 293.41 -4.77034
      vertex 39.5 289.714 -6.30107
    endloop
  endfacet
  facet normal -1 0 0
    outer loop
      vertex 39.5 293.41 -4.77034
      vertex 39.5 293.304 -4.53073
      vertex 39.5 293.332 -4.58223
    endloop
  endfacet
  facet normal -1 0 0
    outer loop
      vertex 39.5 292 0
      vertex 39.5 293.304 -1.46927
      vertex 39.5 293.077 -2.21964
    endloop
  endfacet
  facet normal -1 0 0
    outer loop
      vertex 39.5 292 0
      vertex 39.5 293.674 -0.777719
      vertex 39.5 293.304 -1.46927
    endloop
  endfacet
  facet normal -1 0 0
    outer loop
      vertex 39.5 292 0
      vertex 39.5 294.172 -0.171573
      vertex 39.5 293.674 -0.777719
    endloop
  endfacet
  facet normal -1 0 0
    outer loop
      vertex 39.5 292 2
      vertex 39.5 294.172 -0.171573
      vertex 39.5 292 0
    endloop
  endfacet
  facet normal -1 0 0
    outer loop
      vertex 39.5 294.172 -0.171573
      vertex 39.5 292 2
      vertex 39.5 294.778 0.325878
    endloop
  endfacet
  facet normal -1 0 0
    outer loop
      vertex 39.5 294.778 0.325878
      vertex 39.5 292 2
      vertex 39.5 295.469 0.695518
    endloop
  endfacet
  facet normal -1 0 0
    outer loop
      vertex 39.5 297 1
      vertex 39.5 292 2
      vertex 39.5 303.218 2
    endloop
  endfacet
  facet normal -1 0 0
    outer loop
      vertex 39.5 295.469 0.695518
      vertex 39.5 292 2
      vertex 39.5 296.22 0.923141
    endloop
  endfacet
  facet normal -1 0 0
    outer loop
      vertex 39.5 289.514 -5.81747
      vertex 39.5 293.304 -4.53073
      vertex 39.5 289.714 -6.30107
    endloop
  endfacet
  facet normal -1 0 -0
    outer loop
      vertex 39.5 293.21 -4.28674
      vertex 39.5 293.304 -4.53073
      vertex 39.5 289.514 -5.81747
    endloop
  endfacet
  facet normal -1 0 0
    outer loop
      vertex 39.5 293.304 -4.53073
      vertex 39.5 293.21 -4.28674
      vertex 39.5 293.288 -4.47487
    endloop
  endfacet
  facet normal -1 0 0
    outer loop
      vertex 39.5 289.357 -5.31827
      vertex 39.5 293.21 -4.28674
      vertex 39.5 289.514 -5.81747
    endloop
  endfacet
  facet normal -1 -0 0
    outer loop
      vertex 39.5 293.21 -4.28674
      vertex 39.5 289.357 -5.31827
      vertex 39.5 293.137 -4.05746
    endloop
  endfacet
  facet normal -1 0 0
    outer loop
      vertex 39.5 289.243 -4.80725
      vertex 39.5 293.137 -4.05746
      vertex 39.5 289.357 -5.31827
    endloop
  endfacet
  facet normal -1 -0 0
    outer loop
      vertex 39.5 293.137 -4.05746
      vertex 39.5 289.243 -4.80725
      vertex 39.5 293.077 -3.78036
    endloop
  endfacet
  facet normal -1 0 0
    outer loop
      vertex 39.5 289.091 -4.04189
      vertex 39.5 293.077 -3.78036
      vertex 39.5 289.243 -4.80725
    endloop
  endfacet
  facet normal -1 -0 0
    outer loop
      vertex 39.5 293.077 -3.78036
      vertex 39.5 289.091 -4.04189
      vertex 39.5 293 -3
    endloop
  endfacet
  facet normal -1 0 0
    outer loop
      vertex 39.5 289 -3
      vertex 39.5 293 -3
      vertex 39.5 289.023 -3.52293
    endloop
  endfacet
  facet normal -1 0 0
    outer loop
      vertex 39.5 289.023 -3.52293
      vertex 39.5 293 -3
      vertex 39.5 289.091 -4.04189
    endloop
  endfacet
  facet normal -1 0 -0
    outer loop
      vertex 39.5 289.357 -0.681732
      vertex 39.5 292 0
      vertex 39.5 289.243 -1.19275
    endloop
  endfacet
  facet normal -1 0 -0
    outer loop
      vertex 39.5 289.514 -0.182526
      vertex 39.5 292 0
      vertex 39.5 289.357 -0.681732
    endloop
  endfacet
  facet normal -1 -0 0
    outer loop
      vertex 39.5 292 0
      vertex 39.5 289.514 -0.182526
      vertex 39.5 289.59 0
    endloop
  endfacet
  facet normal -1 0 -0
    outer loop
      vertex 39.5 289.023 -2.47707
      vertex 39.5 293 -3
      vertex 39.5 289 -3
    endloop
  endfacet
  facet normal -1 0 0
    outer loop
      vertex 39.5 293.077 -2.21964
      vertex 39.5 289.243 -1.19275
      vertex 39.5 292 0
    endloop
  endfacet
  facet normal -1 0 -0
    outer loop
      vertex 39.5 289.091 -1.95811
      vertex 39.5 293 -3
      vertex 39.5 289.023 -2.47707
    endloop
  endfacet
  facet normal -1 0 -0
    outer loop
      vertex 39.5 289.243 -1.19275
      vertex 39.5 293.077 -2.21964
      vertex 39.5 289.091 -1.95811
    endloop
  endfacet
  facet normal -1 0 0
    outer loop
      vertex 39.5 293 -3
      vertex 39.5 289.091 -1.95811
      vertex 39.5 293.077 -2.21964
    endloop
  endfacet
  facet normal 1 0 0
    outer loop
      vertex 60.5 293.19 -4.15207
      vertex 60.5 293.077 -3.78036
      vertex 60.5 293.137 -4.05746
    endloop
  endfacet
  facet normal 1 0 0
    outer loop
      vertex 60.5 294.172 -5.82843
      vertex 60.5 294.002 -5.62199
      vertex 60.5 294.032 -5.67626
    endloop
  endfacet
  facet normal 1 0 0
    outer loop
      vertex 60.5 297 -7
      vertex 60.5 297.025 -6.99891
      vertex 60.5 297.025 -6.99754
    endloop
  endfacet
  facet normal 1 0 0
    outer loop
      vertex 60.5 297.025 -6.99891
      vertex 60.5 297 -7
      vertex 60.5 297.025 -10.9989
    endloop
  endfacet
  facet normal 1 0 0
    outer loop
      vertex 60.5 296.974 -10.9989
      vertex 60.5 297.025 -10.9989
      vertex 60.5 297 -7
    endloop
  endfacet
  facet normal 1 0 -0
    outer loop
      vertex 60.5 296.975 -11
      vertex 60.5 297.025 -10.9989
      vertex 60.5 296.974 -10.9989
    endloop
  endfacet
  facet normal 1 0 0
    outer loop
      vertex 60.5 297.025 -10.9989
      vertex 60.5 296.975 -11
      vertex 60.5 297.025 -11
    endloop
  endfacet
  facet normal 1 0 0
    outer loop
      vertex 60.5 297 -7
      vertex 60.5 296.477 -10.9772
      vertex 60.5 296.974 -10.9989
    endloop
  endfacet
  facet normal 1 0 0
    outer loop
      vertex 60.5 295.958 -10.9088
      vertex 60.5 297 -7
      vertex 60.5 296.22 -6.92314
    endloop
  endfacet
  facet normal 1 0 0
    outer loop
      vertex 60.5 297 -7
      vertex 60.5 295.958 -10.9088
      vertex 60.5 296.477 -10.9772
    endloop
  endfacet
  facet normal 1 0 0
    outer loop
      vertex 60.5 294.682 -10.6433
      vertex 60.5 296.22 -6.92314
      vertex 60.5 295.469 -6.69552
    endloop
  endfacet
  facet normal 1 0 0
    outer loop
      vertex 60.5 296.22 -6.92314
      vertex 60.5 295.193 -10.7566
      vertex 60.5 295.958 -10.9088
    endloop
  endfacet
  facet normal 1 0 0
    outer loop
      vertex 60.5 293.235 -10.0439
      vertex 60.5 295.469 -6.69552
      vertex 60.5 294.778 -6.32588
    endloop
  endfacet
  facet normal 1 0 0
    outer loop
      vertex 60.5 296.22 -6.92314
      vertex 60.5 294.682 -10.6433
      vertex 60.5 295.193 -10.7566
    endloop
  endfacet
  facet normal 1 0 0
    outer loop
      vertex 60.5 295.469 -6.69552
      vertex 60.5 294.183 -10.4859
      vertex 60.5 294.682 -10.6433
    endloop
  endfacet
  facet normal 1 0 0
    outer loop
      vertex 60.5 292.144 -9.32912
      vertex 60.5 294.778 -6.32588
      vertex 60.5 294.172 -5.82843
    endloop
  endfacet
  facet normal 1 0 0
    outer loop
      vertex 60.5 291.343 -8.65685
      vertex 60.5 294.172 -5.82843
      vertex 60.5 294.032 -5.67626
    endloop
  endfacet
  facet normal 1 0 0
    outer loop
      vertex 60.5 290.99 -8.27094
      vertex 60.5 294.032 -5.67626
      vertex 60.5 293.818 -5.4425
    endloop
  endfacet
  facet normal 1 0 0
    outer loop
      vertex 60.5 295.469 -6.69552
      vertex 60.5 293.699 -10.2856
      vertex 60.5 294.183 -10.4859
    endloop
  endfacet
  facet normal 1 0 0
    outer loop
      vertex 60.5 290.671 -7.85567
      vertex 60.5 293.818 -5.4425
      vertex 60.5 293.637 -5.20695
    endloop
  endfacet
  facet normal 1 0 0
    outer loop
      vertex 60.5 290.237 -7.20682
      vertex 60.5 293.637 -5.20695
      vertex 60.5 293.41 -4.77034
    endloop
  endfacet
  facet normal 1 0 0
    outer loop
      vertex 60.5 293.304 -4.53073
      vertex 60.5 293.41 -4.77034
      vertex 60.5 293.332 -4.58223
    endloop
  endfacet
  facet normal 1 0 0
    outer loop
      vertex 60.5 293.41 -4.77034
      vertex 60.5 293.304 -4.53073
      vertex 60.5 289.714 -6.30107
    endloop
  endfacet
  facet normal 1 0 0
    outer loop
      vertex 60.5 293.21 -4.28674
      vertex 60.5 293.304 -4.53073
      vertex 60.5 293.288 -4.47487
    endloop
  endfacet
  facet normal 1 0 0
    outer loop
      vertex 60.5 295.469 -6.69552
      vertex 60.5 293.235 -10.0439
      vertex 60.5 293.699 -10.2856
    endloop
  endfacet
  facet normal 1 0 0
    outer loop
      vertex 60.5 293.304 -4.53073
      vertex 60.5 293.21 -4.28674
      vertex 60.5 289.514 -5.81747
    endloop
  endfacet
  facet normal 1 0 0
    outer loop
      vertex 60.5 289.357 -5.31827
      vertex 60.5 293.21 -4.28674
      vertex 60.5 293.137 -4.05746
    endloop
  endfacet
  facet normal 1 0 0
    outer loop
      vertex 60.5 289.243 -4.80725
      vertex 60.5 293.137 -4.05746
      vertex 60.5 293.077 -3.78036
    endloop
  endfacet
  facet normal 1 0 0
    outer loop
      vertex 60.5 289.091 -4.04189
      vertex 60.5 293.077 -3.78036
      vertex 60.5 293 -3
    endloop
  endfacet
  facet normal 1 0 0
    outer loop
      vertex 60.5 294.778 -6.32588
      vertex 60.5 292.793 -9.76266
      vertex 60.5 293.235 -10.0439
    endloop
  endfacet
  facet normal 1 0 0
    outer loop
      vertex 60.5 302.704 -6.83089
      vertex 60.5 302.704 -8.36163
      vertex 60.5 302.857 -7.59625
    endloop
  endfacet
  facet normal 1 0 0
    outer loop
      vertex 60.5 302.271 -6.18205
      vertex 60.5 302.704 -8.36163
      vertex 60.5 302.704 -6.83089
    endloop
  endfacet
  facet normal 1 0 0
    outer loop
      vertex 60.5 302.271 -6.18205
      vertex 60.5 302.271 -9.01047
      vertex 60.5 302.704 -8.36163
    endloop
  endfacet
  facet normal 1 0 0
    outer loop
      vertex 60.5 302.271 -6.18205
      vertex 60.5 301.856 -9.32912
      vertex 60.5 302.271 -9.01047
    endloop
  endfacet
  facet normal 1 0 0
    outer loop
      vertex 60.5 301.622 -5.7485
      vertex 60.5 301.856 -9.32912
      vertex 60.5 302.271 -6.18205
    endloop
  endfacet
  facet normal 1 -0 0
    outer loop
      vertex 60.5 299.443 -6.18205
      vertex 60.5 301.856 -9.32912
      vertex 60.5 301.622 -5.7485
    endloop
  endfacet
  facet normal 1 0 0
    outer loop
      vertex 60.5 299.443 -6.18205
      vertex 60.5 301.622 -5.7485
      vertex 60.5 300.857 -5.59625
    endloop
  endfacet
  facet normal 1 -0 0
    outer loop
      vertex 60.5 299.207 -6.36279
      vertex 60.5 301.856 -9.32912
      vertex 60.5 299.443 -6.18205
    endloop
  endfacet
  facet normal 1 0 0
    outer loop
      vertex 60.5 301.856 -9.32912
      vertex 60.5 299.207 -6.36279
      vertex 60.5 301.207 -9.76266
    endloop
  endfacet
  facet normal 1 0 0
    outer loop
      vertex 60.5 299.443 -6.18205
      vertex 60.5 300.857 -5.59625
      vertex 60.5 300.091 -5.7485
    endloop
  endfacet
  facet normal 1 0 0
    outer loop
      vertex 60.5 301.207 -9.76266
      vertex 60.5 299.207 -6.36279
      vertex 60.5 300.765 -10.0439
    endloop
  endfacet
  facet normal 1 -0 0
    outer loop
      vertex 60.5 298.77 -6.59007
      vertex 60.5 300.765 -10.0439
      vertex 60.5 299.207 -6.36279
    endloop
  endfacet
  facet normal 1 0 0
    outer loop
      vertex 60.5 300.765 -10.0439
      vertex 60.5 298.77 -6.59007
      vertex 60.5 300.301 -10.2856
    endloop
  endfacet
  facet normal 1 -0 0
    outer loop
      vertex 60.5 298.531 -6.69552
      vertex 60.5 300.301 -10.2856
      vertex 60.5 298.77 -6.59007
    endloop
  endfacet
  facet normal 1 0 0
    outer loop
      vertex 60.5 300.301 -10.2856
      vertex 60.5 298.531 -6.69552
      vertex 60.5 299.817 -10.4859
    endloop
  endfacet
  facet normal 1 -0 0
    outer loop
      vertex 60.5 298.287 -6.79039
      vertex 60.5 299.817 -10.4859
      vertex 60.5 298.531 -6.69552
    endloop
  endfacet
  facet normal 1 0 0
    outer loop
      vertex 60.5 298.531 -6.69552
      vertex 60.5 298.77 -6.59007
      vertex 60.5 298.582 -6.66799
    endloop
  endfacet
  facet normal 1 0 0
    outer loop
      vertex 60.5 299.817 -10.4859
      vertex 60.5 298.287 -6.79039
      vertex 60.5 299.318 -10.6433
    endloop
  endfacet
  facet normal 1 0 0
    outer loop
      vertex 60.5 298.287 -6.79039
      vertex 60.5 298.531 -6.69552
      vertex 60.5 298.475 -6.71246
    endloop
  endfacet
  facet normal 1 0 0
    outer loop
      vertex 60.5 299.318 -10.6433
      vertex 60.5 298.287 -6.79039
      vertex 60.5 298.807 -10.7566
    endloop
  endfacet
  facet normal 1 -0 0
    outer loop
      vertex 60.5 297.817 -6.93842
      vertex 60.5 298.807 -10.7566
      vertex 60.5 298.287 -6.79039
    endloop
  endfacet
  facet normal 1 0 0
    outer loop
      vertex 60.5 298.807 -10.7566
      vertex 60.5 297.817 -6.93842
      vertex 60.5 298.042 -10.9088
    endloop
  endfacet
  facet normal 1 -0 0
    outer loop
      vertex 60.5 297.523 -6.97716
      vertex 60.5 298.042 -10.9088
      vertex 60.5 297.817 -6.93842
    endloop
  endfacet
  facet normal 1 0 0
    outer loop
      vertex 60.5 297.523 -6.97716
      vertex 60.5 297.523 -10.9772
      vertex 60.5 298.042 -10.9088
    endloop
  endfacet
  facet normal 1 -0 0
    outer loop
      vertex 60.5 297.025 -6.99891
      vertex 60.5 297.523 -10.9772
      vertex 60.5 297.523 -6.97716
    endloop
  endfacet
  facet normal 1 0 0
    outer loop
      vertex 60.5 297.523 -10.9772
      vertex 60.5 297.025 -6.99891
      vertex 60.5 297.025 -10.9989
    endloop
  endfacet
  facet normal 1 0 0
    outer loop
      vertex 60.5 304.486 -0.182526
      vertex 60.5 304.486 -1.71326
      vertex 60.5 304.638 -0.947891
    endloop
  endfacet
  facet normal 1 0 0
    outer loop
      vertex 60.5 300.696 -1.46927
      vertex 60.5 304.486 -0.182526
      vertex 60.5 304.286 0.301071
    endloop
  endfacet
  facet normal 1 0 0
    outer loop
      vertex 60.5 304.486 -0.182526
      vertex 60.5 300.79 -1.71326
      vertex 60.5 304.486 -1.71326
    endloop
  endfacet
  facet normal 1 0 0
    outer loop
      vertex 60.5 300.59 -1.22966
      vertex 60.5 304.286 0.301071
      vertex 60.5 304.044 0.765366
    endloop
  endfacet
  facet normal 1 0 0
    outer loop
      vertex 60.5 300.59 -1.22966
      vertex 60.5 304.044 0.765366
      vertex 60.5 303.763 1.20682
    endloop
  endfacet
  facet normal 1 0 0
    outer loop
      vertex 60.5 304.486 -0.182526
      vertex 60.5 300.696 -1.46927
      vertex 60.5 300.79 -1.71326
    endloop
  endfacet
  facet normal 1 0 0
    outer loop
      vertex 60.5 300.363 -0.793045
      vertex 60.5 303.763 1.20682
      vertex 60.5 303.329 1.85567
    endloop
  endfacet
  facet normal 1 0 0
    outer loop
      vertex 60.5 300.182 -0.557495
      vertex 60.5 303.329 1.85567
      vertex 60.5 303.218 2
    endloop
  endfacet
  facet normal 1 0 0
    outer loop
      vertex 60.5 304.486 -1.71326
      vertex 60.5 300.79 -1.71326
      vertex 60.5 304.052 -2.36211
    endloop
  endfacet
  facet normal 1 0 0
    outer loop
      vertex 60.5 304.052 -2.36211
      vertex 60.5 300.79 -1.71326
      vertex 60.5 303.404 -2.79564
    endloop
  endfacet
  facet normal 1 0 0
    outer loop
      vertex 60.5 303.404 -2.79564
      vertex 60.5 300.79 -1.71326
      vertex 60.5 302.638 -2.94789
    endloop
  endfacet
  facet normal 1 0 0
    outer loop
      vertex 60.5 302.638 -2.94789
      vertex 60.5 300.79 -1.71326
      vertex 60.5 301.873 -2.79564
    endloop
  endfacet
  facet normal 1 0 0
    outer loop
      vertex 60.5 301.873 -2.79564
      vertex 60.5 300.79 -1.71326
      vertex 60.5 301.224 -2.36211
    endloop
  endfacet
  facet normal 1 0 0
    outer loop
      vertex 60.5 300.79 -1.71326
      vertex 60.5 300.696 -1.46927
      vertex 60.5 300.712 -1.52513
    endloop
  endfacet
  facet normal 1 0 0
    outer loop
      vertex 60.5 304.286 0.301071
      vertex 60.5 300.59 -1.22966
      vertex 60.5 300.696 -1.46927
    endloop
  endfacet
  facet normal 1 0 0
    outer loop
      vertex 60.5 300.696 -1.46927
      vertex 60.5 300.59 -1.22966
      vertex 60.5 300.668 -1.41777
    endloop
  endfacet
  facet normal 1 0 0
    outer loop
      vertex 60.5 303.763 1.20682
      vertex 60.5 300.363 -0.793045
      vertex 60.5 300.59 -1.22966
    endloop
  endfacet
  facet normal 1 0 0
    outer loop
      vertex 60.5 303.329 1.85567
      vertex 60.5 300.182 -0.557495
      vertex 60.5 300.363 -0.793045
    endloop
  endfacet
  facet normal 1 0 0
    outer loop
      vertex 60.5 303.218 2
      vertex 60.5 299.829 -0.171821
      vertex 60.5 300.182 -0.557495
    endloop
  endfacet
  facet normal 1 0 0
    outer loop
      vertex 60.5 303.218 2
      vertex 60.5 299.828 -0.171573
      vertex 60.5 299.829 -0.171821
    endloop
  endfacet
  facet normal 1 0 0
    outer loop
      vertex 60.5 303.218 2
      vertex 60.5 299.828 -0.171369
      vertex 60.5 299.828 -0.171573
    endloop
  endfacet
  facet normal 1 0 0
    outer loop
      vertex 60.5 303.218 2
      vertex 60.5 299.443 0.182053
      vertex 60.5 299.828 -0.171369
    endloop
  endfacet
  facet normal 1 0 0
    outer loop
      vertex 60.5 303.218 2
      vertex 60.5 299.207 0.362793
      vertex 60.5 299.443 0.182053
    endloop
  endfacet
  facet normal 1 0 0
    outer loop
      vertex 60.5 303.218 2
      vertex 60.5 298.77 0.590073
      vertex 60.5 299.207 0.362793
    endloop
  endfacet
  facet normal 1 -0 0
    outer loop
      vertex 60.5 298.531 0.695518
      vertex 60.5 298.77 0.590073
      vertex 60.5 303.218 2
    endloop
  endfacet
  facet normal 1 0 0
    outer loop
      vertex 60.5 298.77 0.590073
      vertex 60.5 298.531 0.695518
      vertex 60.5 298.582 0.667992
    endloop
  endfacet
  facet normal 1 -0 0
    outer loop
      vertex 60.5 298.287 0.79039
      vertex 60.5 298.531 0.695518
      vertex 60.5 303.218 2
    endloop
  endfacet
  facet normal 1 0 0
    outer loop
      vertex 60.5 298.531 0.695518
      vertex 60.5 298.287 0.79039
      vertex 60.5 298.475 0.712465
    endloop
  endfacet
  facet normal 1 0 0
    outer loop
      vertex 60.5 303.218 2
      vertex 60.5 297.817 0.938416
      vertex 60.5 298.287 0.79039
    endloop
  endfacet
  facet normal 1 0 0
    outer loop
      vertex 60.5 303.218 2
      vertex 60.5 297.523 0.977158
      vertex 60.5 297.817 0.938416
    endloop
  endfacet
  facet normal 1 0 0
    outer loop
      vertex 60.5 303.218 2
      vertex 60.5 297.025 0.998908
      vertex 60.5 297.523 0.977158
    endloop
  endfacet
  facet normal 1 0 0
    outer loop
      vertex 60.5 297.025 0.998908
      vertex 60.5 297 1
      vertex 60.5 297.025 0.997538
    endloop
  endfacet
  facet normal 1 0 0
    outer loop
      vertex 60.5 303.218 2
      vertex 60.5 297 1
      vertex 60.5 297.025 0.998908
    endloop
  endfacet
  facet normal 1 -0 0
    outer loop
      vertex 60.5 292 2
      vertex 60.5 297 1
      vertex 60.5 303.218 2
    endloop
  endfacet
  facet normal 1 0 0
    outer loop
      vertex 60.5 294.778 -6.32588
      vertex 60.5 292.144 -9.32912
      vertex 60.5 292.793 -9.76266
    endloop
  endfacet
  facet normal 1 0 0
    outer loop
      vertex 60.5 289.091 -1.95811
      vertex 60.5 293 -3
      vertex 60.5 293.077 -2.21964
    endloop
  endfacet
  facet normal 1 0 0
    outer loop
      vertex 60.5 297 1
      vertex 60.5 292 2
      vertex 60.5 296.22 0.923141
    endloop
  endfacet
  facet normal 1 0 0
    outer loop
      vertex 60.5 292 2
      vertex 60.5 295.469 0.695518
      vertex 60.5 296.22 0.923141
    endloop
  endfacet
  facet normal 1 0 0
    outer loop
      vertex 60.5 292 2
      vertex 60.5 294.778 0.325878
      vertex 60.5 295.469 0.695518
    endloop
  endfacet
  facet normal 1 0 0
    outer loop
      vertex 60.5 292 2
      vertex 60.5 294.172 -0.171573
      vertex 60.5 294.778 0.325878
    endloop
  endfacet
  facet normal 1 -0 0
    outer loop
      vertex 60.5 292 0
      vertex 60.5 294.172 -0.171573
      vertex 60.5 292 2
    endloop
  endfacet
  facet normal 1 0 0
    outer loop
      vertex 60.5 294.172 -0.171573
      vertex 60.5 292 0
      vertex 60.5 293.674 -0.777719
    endloop
  endfacet
  facet normal 1 0 0
    outer loop
      vertex 60.5 293.674 -0.777719
      vertex 60.5 292 0
      vertex 60.5 293.304 -1.46927
    endloop
  endfacet
  facet normal 1 0 0
    outer loop
      vertex 60.5 293.304 -1.46927
      vertex 60.5 292 0
      vertex 60.5 293.077 -2.21964
    endloop
  endfacet
  facet normal 1 -0 0
    outer loop
      vertex 60.5 289.243 -1.19275
      vertex 60.5 293.077 -2.21964
      vertex 60.5 292 0
    endloop
  endfacet
  facet normal 1 0 0
    outer loop
      vertex 60.5 294.172 -5.82843
      vertex 60.5 291.729 -9.01047
      vertex 60.5 292.144 -9.32912
    endloop
  endfacet
  facet normal 1 0 0
    outer loop
      vertex 60.5 294.172 -5.82843
      vertex 60.5 291.343 -8.65685
      vertex 60.5 291.729 -9.01047
    endloop
  endfacet
  facet normal 1 0 0
    outer loop
      vertex 60.5 294.032 -5.67626
      vertex 60.5 290.99 -8.27094
      vertex 60.5 291.343 -8.65685
    endloop
  endfacet
  facet normal 1 0 0
    outer loop
      vertex 60.5 293.818 -5.4425
      vertex 60.5 290.671 -7.85567
      vertex 60.5 290.99 -8.27094
    endloop
  endfacet
  facet normal 1 0 0
    outer loop
      vertex 60.5 293.637 -5.20695
      vertex 60.5 290.237 -7.20682
      vertex 60.5 290.671 -7.85567
    endloop
  endfacet
  facet normal 1 0 0
    outer loop
      vertex 60.5 293.41 -4.77034
      vertex 60.5 289.956 -6.76537
      vertex 60.5 290.237 -7.20682
    endloop
  endfacet
  facet normal 1 0 0
    outer loop
      vertex 60.5 293.41 -4.77034
      vertex 60.5 289.714 -6.30107
      vertex 60.5 289.956 -6.76537
    endloop
  endfacet
  facet normal 1 0 0
    outer loop
      vertex 60.5 289.514 -0.182526
      vertex 60.5 292 0
      vertex 60.5 289.59 0
    endloop
  endfacet
  facet normal 1 0 0
    outer loop
      vertex 60.5 292 0
      vertex 60.5 289.514 -0.182526
      vertex 60.5 289.357 -0.681732
    endloop
  endfacet
  facet normal 1 0 0
    outer loop
      vertex 60.5 293.077 -2.21964
      vertex 60.5 289.243 -1.19275
      vertex 60.5 289.091 -1.95811
    endloop
  endfacet
  facet normal 1 0 0
    outer loop
      vertex 60.5 292 0
      vertex 60.5 289.357 -0.681732
      vertex 60.5 289.243 -1.19275
    endloop
  endfacet
  facet normal 1 0 0
    outer loop
      vertex 60.5 293.137 -4.05746
      vertex 60.5 289.243 -4.80725
      vertex 60.5 289.357 -5.31827
    endloop
  endfacet
  facet normal 1 0 0
    outer loop
      vertex 60.5 293.304 -4.53073
      vertex 60.5 289.514 -5.81747
      vertex 60.5 289.714 -6.30107
    endloop
  endfacet
  facet normal 1 0 0
    outer loop
      vertex 60.5 293.21 -4.28674
      vertex 60.5 289.357 -5.31827
      vertex 60.5 289.514 -5.81747
    endloop
  endfacet
  facet normal 1 0 0
    outer loop
      vertex 60.5 293 -3
      vertex 60.5 289.091 -1.95811
      vertex 60.5 289.023 -2.47707
    endloop
  endfacet
  facet normal 1 0 0
    outer loop
      vertex 60.5 293.077 -3.78036
      vertex 60.5 289.091 -4.04189
      vertex 60.5 289.243 -4.80725
    endloop
  endfacet
  facet normal 1 0 0
    outer loop
      vertex 60.5 293 -3
      vertex 60.5 289.023 -2.47707
      vertex 60.5 289 -3
    endloop
  endfacet
  facet normal 1 0 0
    outer loop
      vertex 60.5 293 -3
      vertex 60.5 289.023 -3.52293
      vertex 60.5 289.091 -4.04189
    endloop
  endfacet
  facet normal 1 0 0
    outer loop
      vertex 60.5 293 -3
      vertex 60.5 289 -3
      vertex 60.5 289.023 -3.52293
    endloop
  endfacet
  facet normal 0 -0.0436331 -0.999048
    outer loop
      vertex 39.5 297.025 0.998908
      vertex 60.5 297.523 0.977158
      vertex 60.5 297.025 0.998908
    endloop
  endfacet
  facet normal -0 -0.0436331 -0.999048
    outer loop
      vertex 60.5 297.523 0.977158
      vertex 39.5 297.025 0.998908
      vertex 39.5 297.523 0.977158
    endloop
  endfacet
  facet normal 0 -0.130646 -0.991429
    outer loop
      vertex 39.5 297.523 0.977158
      vertex 60.5 297.817 0.938416
      vertex 60.5 297.523 0.977158
    endloop
  endfacet
  facet normal -0 -0.130646 -0.991429
    outer loop
      vertex 60.5 297.817 0.938416
      vertex 39.5 297.523 0.977158
      vertex 39.5 297.817 0.938416
    endloop
  endfacet
  facet normal 0 -0.300402 -0.953813
    outer loop
      vertex 39.5 297.817 0.938416
      vertex 60.5 298.287 0.79039
      vertex 60.5 297.817 0.938416
    endloop
  endfacet
  facet normal -0 -0.300402 -0.953813
    outer loop
      vertex 60.5 298.287 0.79039
      vertex 39.5 297.817 0.938416
      vertex 39.5 298.287 0.79039
    endloop
  endfacet
  facet normal 0 -0.382905 -0.923788
    outer loop
      vertex 39.5 298.287 0.79039
      vertex 60.5 298.475 0.712465
      vertex 60.5 298.287 0.79039
    endloop
  endfacet
  facet normal -0 -0.382905 -0.923788
    outer loop
      vertex 60.5 298.475 0.712465
      vertex 39.5 298.287 0.79039
      vertex 39.5 298.475 0.712465
    endloop
  endfacet
  facet normal 0 -0.38288 -0.923798
    outer loop
      vertex 39.5 298.582 0.667992
      vertex 60.5 298.77 0.590073
      vertex 60.5 298.582 0.667992
    endloop
  endfacet
  facet normal -0 -0.38288 -0.923798
    outer loop
      vertex 60.5 298.77 0.590073
      vertex 39.5 298.582 0.667992
      vertex 39.5 298.77 0.590073
    endloop
  endfacet
  facet normal 0 -0.461417 -0.887184
    outer loop
      vertex 39.5 298.77 0.590073
      vertex 60.5 299.207 0.362793
      vertex 60.5 298.77 0.590073
    endloop
  endfacet
  facet normal -0 -0.461417 -0.887184
    outer loop
      vertex 60.5 299.207 0.362793
      vertex 39.5 298.77 0.590073
      vertex 39.5 299.207 0.362793
    endloop
  endfacet
  facet normal 0 -0.608022 -0.79392
    outer loop
      vertex 39.5 299.207 0.362793
      vertex 60.5 299.443 0.182053
      vertex 60.5 299.207 0.362793
    endloop
  endfacet
  facet normal -0 -0.608022 -0.79392
    outer loop
      vertex 60.5 299.443 0.182053
      vertex 39.5 299.207 0.362793
      vertex 39.5 299.443 0.182053
    endloop
  endfacet
  facet normal 0 -0.67625 -0.736672
    outer loop
      vertex 39.5 299.443 0.182053
      vertex 60.5 299.828 -0.171369
      vertex 60.5 299.443 0.182053
    endloop
  endfacet
  facet normal -0 -0.67625 -0.736672
    outer loop
      vertex 60.5 299.828 -0.171369
      vertex 39.5 299.443 0.182053
      vertex 39.5 299.828 -0.171369
    endloop
  endfacet
  facet normal 0 -0.737663 -0.675169
    outer loop
      vertex 39.5 300.182 -0.557495
      vertex 60.5 299.829 -0.171821
      vertex 39.5 299.829 -0.171821
    endloop
  endfacet
  facet normal 0 -0.737663 -0.675169
    outer loop
      vertex 60.5 299.829 -0.171821
      vertex 39.5 300.182 -0.557495
      vertex 60.5 300.182 -0.557495
    endloop
  endfacet
  facet normal 0 -0.792937 -0.609304
    outer loop
      vertex 39.5 300.363 -0.793045
      vertex 60.5 300.182 -0.557495
      vertex 39.5 300.182 -0.557495
    endloop
  endfacet
  facet normal 0 -0.792937 -0.609304
    outer loop
      vertex 60.5 300.182 -0.557495
      vertex 39.5 300.363 -0.793045
      vertex 60.5 300.363 -0.793045
    endloop
  endfacet
  facet normal 0 -0.88725 -0.461289
    outer loop
      vertex 39.5 300.59 -1.22966
      vertex 60.5 300.363 -0.793045
      vertex 39.5 300.363 -0.793045
    endloop
  endfacet
  facet normal 0 -0.88725 -0.461289
    outer loop
      vertex 60.5 300.363 -0.793045
      vertex 39.5 300.59 -1.22966
      vertex 60.5 300.59 -1.22966
    endloop
  endfacet
  facet normal 0 -0.923737 -0.383028
    outer loop
      vertex 39.5 300.668 -1.41777
      vertex 60.5 300.59 -1.22966
      vertex 39.5 300.59 -1.22966
    endloop
  endfacet
  facet normal 0 -0.923737 -0.383028
    outer loop
      vertex 60.5 300.59 -1.22966
      vertex 39.5 300.668 -1.41777
      vertex 60.5 300.668 -1.41777
    endloop
  endfacet
  facet normal 0 -0.923751 -0.382994
    outer loop
      vertex 39.5 300.79 -1.71326
      vertex 60.5 300.712 -1.52513
      vertex 39.5 300.712 -1.52513
    endloop
  endfacet
  facet normal 0 -0.923751 -0.382994
    outer loop
      vertex 60.5 300.712 -1.52513
      vertex 39.5 300.79 -1.71326
      vertex 60.5 300.79 -1.71326
    endloop
  endfacet
  facet normal 0 -0.831202 -0.555971
    outer loop
      vertex 39.5 301.224 -2.36211
      vertex 60.5 300.79 -1.71326
      vertex 39.5 300.79 -1.71326
    endloop
  endfacet
  facet normal 0 -0.831202 -0.555971
    outer loop
      vertex 60.5 300.79 -1.71326
      vertex 39.5 301.224 -2.36211
      vertex 60.5 301.224 -2.36211
    endloop
  endfacet
  facet normal 0 -0.555466 -0.831539
    outer loop
      vertex 39.5 301.224 -2.36211
      vertex 60.5 301.873 -2.79564
      vertex 60.5 301.224 -2.36211
    endloop
  endfacet
  facet normal -0 -0.555466 -0.831539
    outer loop
      vertex 60.5 301.873 -2.79564
      vertex 39.5 301.224 -2.36211
      vertex 39.5 301.873 -2.79564
    endloop
  endfacet
  facet normal 0 -0.195191 -0.980765
    outer loop
      vertex 39.5 301.873 -2.79564
      vertex 60.5 302.638 -2.94789
      vertex 60.5 301.873 -2.79564
    endloop
  endfacet
  facet normal -0 -0.195191 -0.980765
    outer loop
      vertex 60.5 302.638 -2.94789
      vertex 39.5 301.873 -2.79564
      vertex 39.5 302.638 -2.94789
    endloop
  endfacet
  facet normal 0 0.194946 -0.980814
    outer loop
      vertex 39.5 302.638 -2.94789
      vertex 60.5 303.404 -2.79564
      vertex 60.5 302.638 -2.94789
    endloop
  endfacet
  facet normal 0 0.194946 -0.980814
    outer loop
      vertex 60.5 303.404 -2.79564
      vertex 39.5 302.638 -2.94789
      vertex 39.5 303.404 -2.79564
    endloop
  endfacet
  facet normal 0 0.556058 -0.831143
    outer loop
      vertex 39.5 303.404 -2.79564
      vertex 60.5 304.052 -2.36211
      vertex 60.5 303.404 -2.79564
    endloop
  endfacet
  facet normal 0 0.556058 -0.831143
    outer loop
      vertex 60.5 304.052 -2.36211
      vertex 39.5 303.404 -2.79564
      vertex 39.5 304.052 -2.36211
    endloop
  endfacet
  facet normal 0 0.831202 -0.555971
    outer loop
      vertex 60.5 304.052 -2.36211
      vertex 39.5 304.486 -1.71326
      vertex 60.5 304.486 -1.71326
    endloop
  endfacet
  facet normal 0 0.831202 -0.555971
    outer loop
      vertex 39.5 304.486 -1.71326
      vertex 60.5 304.052 -2.36211
      vertex 39.5 304.052 -2.36211
    endloop
  endfacet
  facet normal 0 0.980844 -0.194793
    outer loop
      vertex 60.5 304.486 -1.71326
      vertex 39.5 304.638 -0.947891
      vertex 60.5 304.638 -0.947891
    endloop
  endfacet
  facet normal 0 0.980844 -0.194793
    outer loop
      vertex 39.5 304.638 -0.947891
      vertex 60.5 304.486 -1.71326
      vertex 39.5 304.486 -1.71326
    endloop
  endfacet
  facet normal 0 0.980844 0.194794
    outer loop
      vertex 60.5 304.638 -0.947891
      vertex 39.5 304.486 -0.182526
      vertex 60.5 304.486 -0.182526
    endloop
  endfacet
  facet normal 0 0.980844 0.194794
    outer loop
      vertex 39.5 304.486 -0.182526
      vertex 60.5 304.638 -0.947891
      vertex 39.5 304.638 -0.947891
    endloop
  endfacet
  facet normal 0 0.92409 0.382174
    outer loop
      vertex 60.5 304.486 -0.182526
      vertex 39.5 304.286 0.301071
      vertex 60.5 304.286 0.301071
    endloop
  endfacet
  facet normal 0 0.92409 0.382174
    outer loop
      vertex 39.5 304.286 0.301071
      vertex 60.5 304.486 -0.182526
      vertex 39.5 304.486 -0.182526
    endloop
  endfacet
  facet normal 0 0.886773 0.462204
    outer loop
      vertex 60.5 304.286 0.301071
      vertex 39.5 304.044 0.765366
      vertex 60.5 304.044 0.765366
    endloop
  endfacet
  facet normal 0 0.886773 0.462204
    outer loop
      vertex 39.5 304.044 0.765366
      vertex 60.5 304.286 0.301071
      vertex 39.5 304.286 0.301071
    endloop
  endfacet
  facet normal 0 0.843597 0.536977
    outer loop
      vertex 60.5 304.044 0.765366
      vertex 39.5 303.763 1.20682
      vertex 60.5 303.763 1.20682
    endloop
  endfacet
  facet normal 0 0.843597 0.536977
    outer loop
      vertex 39.5 303.763 1.20682
      vertex 60.5 304.044 0.765366
      vertex 39.5 304.044 0.765366
    endloop
  endfacet
  facet normal 0 0.831202 0.555971
    outer loop
      vertex 60.5 303.763 1.20682
      vertex 39.5 303.329 1.85567
      vertex 60.5 303.329 1.85567
    endloop
  endfacet
  facet normal 0 0.831202 0.555971
    outer loop
      vertex 39.5 303.329 1.85567
      vertex 60.5 303.763 1.20682
      vertex 39.5 303.763 1.20682
    endloop
  endfacet
  facet normal 0 0.792685 0.609631
    outer loop
      vertex 60.5 303.329 1.85567
      vertex 39.5 303.218 2
      vertex 60.5 303.218 2
    endloop
  endfacet
  facet normal 0 0.792685 0.609631
    outer loop
      vertex 39.5 303.218 2
      vertex 60.5 303.329 1.85567
      vertex 39.5 303.329 1.85567
    endloop
  endfacet
  facet normal 0 -0.923171 0.384389
    outer loop
      vertex 39.5 289.514 -0.182526
      vertex 60.5 289.59 0
      vertex 39.5 289.59 0
    endloop
  endfacet
  facet normal 0 -0.923171 0.384389
    outer loop
      vertex 60.5 289.59 0
      vertex 39.5 289.514 -0.182526
      vertex 60.5 289.514 -0.182526
    endloop
  endfacet
  facet normal 0 -0.953935 0.300012
    outer loop
      vertex 39.5 289.357 -0.681732
      vertex 60.5 289.514 -0.182526
      vertex 39.5 289.514 -0.182526
    endloop
  endfacet
  facet normal 0 -0.953935 0.300012
    outer loop
      vertex 60.5 289.514 -0.182526
      vertex 39.5 289.357 -0.681732
      vertex 60.5 289.357 -0.681732
    endloop
  endfacet
  facet normal 0 -0.976009 0.217732
    outer loop
      vertex 39.5 289.243 -1.19275
      vertex 60.5 289.357 -0.681732
      vertex 39.5 289.357 -0.681732
    endloop
  endfacet
  facet normal 0 -0.976009 0.217732
    outer loop
      vertex 60.5 289.357 -0.681732
      vertex 39.5 289.243 -1.19275
      vertex 60.5 289.243 -1.19275
    endloop
  endfacet
  facet normal 0 -0.980844 0.194795
    outer loop
      vertex 39.5 289.091 -1.95811
      vertex 60.5 289.243 -1.19275
      vertex 39.5 289.243 -1.19275
    endloop
  endfacet
  facet normal 0 -0.980844 0.194795
    outer loop
      vertex 60.5 289.243 -1.19275
      vertex 39.5 289.091 -1.95811
      vertex 60.5 289.091 -1.95811
    endloop
  endfacet
  facet normal 0 -0.991524 0.129921
    outer loop
      vertex 39.5 289.023 -2.47707
      vertex 60.5 289.091 -1.95811
      vertex 39.5 289.091 -1.95811
    endloop
  endfacet
  facet normal 0 -0.991524 0.129921
    outer loop
      vertex 60.5 289.091 -1.95811
      vertex 39.5 289.023 -2.47707
      vertex 60.5 289.023 -2.47707
    endloop
  endfacet
  facet normal 0 -0.999034 0.0439405
    outer loop
      vertex 39.5 289 -3
      vertex 60.5 289.023 -2.47707
      vertex 39.5 289.023 -2.47707
    endloop
  endfacet
  facet normal 0 -0.999034 0.0439405
    outer loop
      vertex 60.5 289.023 -2.47707
      vertex 39.5 289 -3
      vertex 60.5 289 -3
    endloop
  endfacet
  facet normal 0 -0.999034 -0.0439405
    outer loop
      vertex 39.5 289.023 -3.52293
      vertex 60.5 289 -3
      vertex 39.5 289 -3
    endloop
  endfacet
  facet normal 0 -0.999034 -0.0439405
    outer loop
      vertex 60.5 289 -3
      vertex 39.5 289.023 -3.52293
      vertex 60.5 289.023 -3.52293
    endloop
  endfacet
  facet normal 0 -0.991524 -0.129921
    outer loop
      vertex 39.5 289.091 -4.04189
      vertex 60.5 289.023 -3.52293
      vertex 39.5 289.023 -3.52293
    endloop
  endfacet
  facet normal 0 -0.991524 -0.129921
    outer loop
      vertex 60.5 289.023 -3.52293
      vertex 39.5 289.091 -4.04189
      vertex 60.5 289.091 -4.04189
    endloop
  endfacet
  facet normal 0 -0.980844 -0.194795
    outer loop
      vertex 39.5 289.243 -4.80725
      vertex 60.5 289.091 -4.04189
      vertex 39.5 289.091 -4.04189
    endloop
  endfacet
  facet normal 0 -0.980844 -0.194795
    outer loop
      vertex 60.5 289.091 -4.04189
      vertex 39.5 289.243 -4.80725
      vertex 60.5 289.243 -4.80725
    endloop
  endfacet
  facet normal 0 -0.976009 -0.217731
    outer loop
      vertex 39.5 289.357 -5.31827
      vertex 60.5 289.243 -4.80725
      vertex 39.5 289.243 -4.80725
    endloop
  endfacet
  facet normal 0 -0.976009 -0.217731
    outer loop
      vertex 60.5 289.243 -4.80725
      vertex 39.5 289.357 -5.31827
      vertex 60.5 289.357 -5.31827
    endloop
  endfacet
  facet normal 0 -0.953934 -0.300015
    outer loop
      vertex 39.5 289.514 -5.81747
      vertex 60.5 289.357 -5.31827
      vertex 39.5 289.357 -5.31827
    endloop
  endfacet
  facet normal 0 -0.953934 -0.300015
    outer loop
      vertex 60.5 289.357 -5.31827
      vertex 39.5 289.514 -5.81747
      vertex 60.5 289.514 -5.81747
    endloop
  endfacet
  facet normal 0 -0.924091 -0.382172
    outer loop
      vertex 39.5 289.714 -6.30107
      vertex 60.5 289.514 -5.81747
      vertex 39.5 289.514 -5.81747
    endloop
  endfacet
  facet normal 0 -0.924091 -0.382172
    outer loop
      vertex 60.5 289.514 -5.81747
      vertex 39.5 289.714 -6.30107
      vertex 60.5 289.714 -6.30107
    endloop
  endfacet
  facet normal 0 -0.886775 -0.4622
    outer loop
      vertex 39.5 289.956 -6.76537
      vertex 60.5 289.714 -6.30107
      vertex 39.5 289.714 -6.30107
    endloop
  endfacet
  facet normal 0 -0.886775 -0.4622
    outer loop
      vertex 60.5 289.714 -6.30107
      vertex 39.5 289.956 -6.76537
      vertex 60.5 289.956 -6.76537
    endloop
  endfacet
  facet normal 0 -0.843595 -0.536981
    outer loop
      vertex 39.5 290.237 -7.20682
      vertex 60.5 289.956 -6.76537
      vertex 39.5 289.956 -6.76537
    endloop
  endfacet
  facet normal 0 -0.843595 -0.536981
    outer loop
      vertex 60.5 289.956 -6.76537
      vertex 39.5 290.237 -7.20682
      vertex 60.5 290.237 -7.20682
    endloop
  endfacet
  facet normal 0 -0.831202 -0.555971
    outer loop
      vertex 39.5 290.671 -7.85567
      vertex 60.5 290.237 -7.20682
      vertex 39.5 290.237 -7.20682
    endloop
  endfacet
  facet normal 0 -0.831202 -0.555971
    outer loop
      vertex 60.5 290.237 -7.20682
      vertex 39.5 290.671 -7.85567
      vertex 60.5 290.671 -7.85567
    endloop
  endfacet
  facet normal 0 -0.793028 -0.609185
    outer loop
      vertex 39.5 290.99 -8.27094
      vertex 60.5 290.671 -7.85567
      vertex 39.5 290.671 -7.85567
    endloop
  endfacet
  facet normal 0 -0.793028 -0.609185
    outer loop
      vertex 60.5 290.671 -7.85567
      vertex 39.5 290.99 -8.27094
      vertex 60.5 290.99 -8.27094
    endloop
  endfacet
  facet normal 0 -0.737869 -0.674944
    outer loop
      vertex 39.5 291.343 -8.65685
      vertex 60.5 290.99 -8.27094
      vertex 39.5 290.99 -8.27094
    endloop
  endfacet
  facet normal 0 -0.737869 -0.674944
    outer loop
      vertex 60.5 290.99 -8.27094
      vertex 39.5 291.343 -8.65685
      vertex 60.5 291.343 -8.65685
    endloop
  endfacet
  facet normal 0 -0.675503 -0.737357
    outer loop
      vertex 39.5 291.343 -8.65685
      vertex 60.5 291.729 -9.01047
      vertex 60.5 291.343 -8.65685
    endloop
  endfacet
  facet normal -0 -0.675503 -0.737357
    outer loop
      vertex 60.5 291.729 -9.01047
      vertex 39.5 291.343 -8.65685
      vertex 39.5 291.729 -9.01047
    endloop
  endfacet
  facet normal 0 -0.609013 -0.79316
    outer loop
      vertex 39.5 291.729 -9.01047
      vertex 60.5 292.144 -9.32912
      vertex 60.5 291.729 -9.01047
    endloop
  endfacet
  facet normal -0 -0.609013 -0.79316
    outer loop
      vertex 60.5 292.144 -9.32912
      vertex 39.5 291.729 -9.01047
      vertex 39.5 292.144 -9.32912
    endloop
  endfacet
  facet normal 0 -0.555475 -0.831533
    outer loop
      vertex 39.5 292.144 -9.32912
      vertex 60.5 292.793 -9.76266
      vertex 60.5 292.144 -9.32912
    endloop
  endfacet
  facet normal -0 -0.555475 -0.831533
    outer loop
      vertex 60.5 292.793 -9.76266
      vertex 39.5 292.144 -9.32912
      vertex 39.5 292.793 -9.76266
    endloop
  endfacet
  facet normal 0 -0.536831 -0.84369
    outer loop
      vertex 39.5 292.793 -9.76266
      vertex 60.5 293.235 -10.0439
      vertex 60.5 292.793 -9.76266
    endloop
  endfacet
  facet normal -0 -0.536831 -0.84369
    outer loop
      vertex 60.5 293.235 -10.0439
      vertex 39.5 292.793 -9.76266
      vertex 39.5 293.235 -10.0439
    endloop
  endfacet
  facet normal 0 -0.461985 -0.886888
    outer loop
      vertex 39.5 293.235 -10.0439
      vertex 60.5 293.699 -10.2856
      vertex 60.5 293.235 -10.0439
    endloop
  endfacet
  facet normal -0 -0.461985 -0.886888
    outer loop
      vertex 60.5 293.699 -10.2856
      vertex 39.5 293.235 -10.0439
      vertex 39.5 293.699 -10.2856
    endloop
  endfacet
  facet normal 0 -0.382391 -0.924001
    outer loop
      vertex 39.5 293.699 -10.2856
      vertex 60.5 294.183 -10.4859
      vertex 60.5 293.699 -10.2856
    endloop
  endfacet
  facet normal -0 -0.382391 -0.924001
    outer loop
      vertex 60.5 294.183 -10.4859
      vertex 39.5 293.699 -10.2856
      vertex 39.5 294.183 -10.4859
    endloop
  endfacet
  facet normal 0 -0.30082 -0.953681
    outer loop
      vertex 39.5 294.183 -10.4859
      vertex 60.5 294.682 -10.6433
      vertex 60.5 294.183 -10.4859
    endloop
  endfacet
  facet normal -0 -0.30082 -0.953681
    outer loop
      vertex 60.5 294.682 -10.6433
      vertex 39.5 294.183 -10.4859
      vertex 39.5 294.682 -10.6433
    endloop
  endfacet
  facet normal 0 -0.216465 -0.97629
    outer loop
      vertex 39.5 294.682 -10.6433
      vertex 60.5 295.193 -10.7566
      vertex 60.5 294.682 -10.6433
    endloop
  endfacet
  facet normal -0 -0.216465 -0.97629
    outer loop
      vertex 60.5 295.193 -10.7566
      vertex 39.5 294.682 -10.6433
      vertex 39.5 295.193 -10.7566
    endloop
  endfacet
  facet normal 0 -0.19513 -0.980777
    outer loop
      vertex 39.5 295.193 -10.7566
      vertex 60.5 295.958 -10.9088
      vertex 60.5 295.193 -10.7566
    endloop
  endfacet
  facet normal -0 -0.19513 -0.980777
    outer loop
      vertex 60.5 295.958 -10.9088
      vertex 39.5 295.193 -10.7566
      vertex 39.5 295.958 -10.9088
    endloop
  endfacet
  facet normal 0 -0.130662 -0.991427
    outer loop
      vertex 39.5 295.958 -10.9088
      vertex 60.5 296.477 -10.9772
      vertex 60.5 295.958 -10.9088
    endloop
  endfacet
  facet normal -0 -0.130662 -0.991427
    outer loop
      vertex 60.5 296.477 -10.9772
      vertex 39.5 295.958 -10.9088
      vertex 39.5 296.477 -10.9772
    endloop
  endfacet
  facet normal 0 -0.0436204 -0.999048
    outer loop
      vertex 39.5 296.477 -10.9772
      vertex 60.5 296.974 -10.9989
      vertex 60.5 296.477 -10.9772
    endloop
  endfacet
  facet normal -0 -0.0436204 -0.999048
    outer loop
      vertex 60.5 296.974 -10.9989
      vertex 39.5 296.477 -10.9772
      vertex 39.5 296.974 -10.9989
    endloop
  endfacet
  facet normal 0 0.043533 -0.999052
    outer loop
      vertex 39.5 297.025 -10.9989
      vertex 60.5 297.523 -10.9772
      vertex 60.5 297.025 -10.9989
    endloop
  endfacet
  facet normal 0 0.043533 -0.999052
    outer loop
      vertex 60.5 297.523 -10.9772
      vertex 39.5 297.025 -10.9989
      vertex 39.5 297.523 -10.9772
    endloop
  endfacet
  facet normal 0 0.130662 -0.991427
    outer loop
      vertex 39.5 297.523 -10.9772
      vertex 60.5 298.042 -10.9088
      vertex 60.5 297.523 -10.9772
    endloop
  endfacet
  facet normal 0 0.130662 -0.991427
    outer loop
      vertex 60.5 298.042 -10.9088
      vertex 39.5 297.523 -10.9772
      vertex 39.5 298.042 -10.9088
    endloop
  endfacet
  facet normal 0 0.19513 -0.980777
    outer loop
      vertex 39.5 298.042 -10.9088
      vertex 60.5 298.807 -10.7566
      vertex 60.5 298.042 -10.9088
    endloop
  endfacet
  facet normal 0 0.19513 -0.980777
    outer loop
      vertex 60.5 298.807 -10.7566
      vertex 39.5 298.042 -10.9088
      vertex 39.5 298.807 -10.7566
    endloop
  endfacet
  facet normal 0 0.216465 -0.97629
    outer loop
      vertex 39.5 298.807 -10.7566
      vertex 60.5 299.318 -10.6433
      vertex 60.5 298.807 -10.7566
    endloop
  endfacet
  facet normal 0 0.216465 -0.97629
    outer loop
      vertex 60.5 299.318 -10.6433
      vertex 39.5 298.807 -10.7566
      vertex 39.5 299.318 -10.6433
    endloop
  endfacet
  facet normal 0 0.30082 -0.953681
    outer loop
      vertex 39.5 299.318 -10.6433
      vertex 60.5 299.817 -10.4859
      vertex 60.5 299.318 -10.6433
    endloop
  endfacet
  facet normal 0 0.30082 -0.953681
    outer loop
      vertex 60.5 299.817 -10.4859
      vertex 39.5 299.318 -10.6433
      vertex 39.5 299.817 -10.4859
    endloop
  endfacet
  facet normal 0 0.382391 -0.924001
    outer loop
      vertex 39.5 299.817 -10.4859
      vertex 60.5 300.301 -10.2856
      vertex 60.5 299.817 -10.4859
    endloop
  endfacet
  facet normal 0 0.382391 -0.924001
    outer loop
      vertex 60.5 300.301 -10.2856
      vertex 39.5 299.817 -10.4859
      vertex 39.5 300.301 -10.2856
    endloop
  endfacet
  facet normal 0 0.461985 -0.886888
    outer loop
      vertex 39.5 300.301 -10.2856
      vertex 60.5 300.765 -10.0439
      vertex 60.5 300.301 -10.2856
    endloop
  endfacet
  facet normal 0 0.461985 -0.886888
    outer loop
      vertex 60.5 300.765 -10.0439
      vertex 39.5 300.301 -10.2856
      vertex 39.5 300.765 -10.0439
    endloop
  endfacet
  facet normal 0 0.536831 -0.84369
    outer loop
      vertex 39.5 300.765 -10.0439
      vertex 60.5 301.207 -9.76266
      vertex 60.5 300.765 -10.0439
    endloop
  endfacet
  facet normal 0 0.536831 -0.84369
    outer loop
      vertex 60.5 301.207 -9.76266
      vertex 39.5 300.765 -10.0439
      vertex 39.5 301.207 -9.76266
    endloop
  endfacet
  facet normal 0 0.555475 -0.831533
    outer loop
      vertex 39.5 301.207 -9.76266
      vertex 60.5 301.856 -9.32912
      vertex 60.5 301.207 -9.76266
    endloop
  endfacet
  facet normal 0 0.555475 -0.831533
    outer loop
      vertex 60.5 301.856 -9.32912
      vertex 39.5 301.207 -9.76266
      vertex 39.5 301.856 -9.32912
    endloop
  endfacet
  facet normal 0 0.609013 -0.79316
    outer loop
      vertex 39.5 301.856 -9.32912
      vertex 60.5 302.271 -9.01047
      vertex 60.5 301.856 -9.32912
    endloop
  endfacet
  facet normal 0 0.609013 -0.79316
    outer loop
      vertex 60.5 302.271 -9.01047
      vertex 39.5 301.856 -9.32912
      vertex 39.5 302.271 -9.01047
    endloop
  endfacet
  facet normal 0 0.83179 -0.555091
    outer loop
      vertex 60.5 302.271 -9.01047
      vertex 39.5 302.704 -8.36163
      vertex 60.5 302.704 -8.36163
    endloop
  endfacet
  facet normal 0 0.83179 -0.555091
    outer loop
      vertex 39.5 302.704 -8.36163
      vertex 60.5 302.271 -9.01047
      vertex 39.5 302.271 -9.01047
    endloop
  endfacet
  facet normal 0 0.980599 -0.196023
    outer loop
      vertex 60.5 302.704 -8.36163
      vertex 39.5 302.857 -7.59625
      vertex 60.5 302.857 -7.59625
    endloop
  endfacet
  facet normal 0 0.980599 -0.196023
    outer loop
      vertex 39.5 302.857 -7.59625
      vertex 60.5 302.704 -8.36163
      vertex 39.5 302.704 -8.36163
    endloop
  endfacet
  facet normal 0 0.980598 0.196027
    outer loop
      vertex 60.5 302.857 -7.59625
      vertex 39.5 302.704 -6.83089
      vertex 60.5 302.704 -6.83089
    endloop
  endfacet
  facet normal 0 0.980598 0.196027
    outer loop
      vertex 39.5 302.704 -6.83089
      vertex 60.5 302.857 -7.59625
      vertex 39.5 302.857 -7.59625
    endloop
  endfacet
  facet normal 0 0.83179 0.555091
    outer loop
      vertex 60.5 302.704 -6.83089
      vertex 39.5 302.271 -6.18205
      vertex 60.5 302.271 -6.18205
    endloop
  endfacet
  facet normal 0 0.83179 0.555091
    outer loop
      vertex 39.5 302.271 -6.18205
      vertex 60.5 302.704 -6.83089
      vertex 39.5 302.704 -6.83089
    endloop
  endfacet
  facet normal -0 0.555483 0.831528
    outer loop
      vertex 39.5 302.271 -6.18205
      vertex 60.5 301.622 -5.7485
      vertex 60.5 302.271 -6.18205
    endloop
  endfacet
  facet normal 0 0.555483 0.831528
    outer loop
      vertex 60.5 301.622 -5.7485
      vertex 39.5 302.271 -6.18205
      vertex 39.5 301.622 -5.7485
    endloop
  endfacet
  facet normal -0 0.195191 0.980765
    outer loop
      vertex 39.5 301.622 -5.7485
      vertex 60.5 300.857 -5.59625
      vertex 60.5 301.622 -5.7485
    endloop
  endfacet
  facet normal 0 0.195191 0.980765
    outer loop
      vertex 60.5 300.857 -5.59625
      vertex 39.5 301.622 -5.7485
      vertex 39.5 300.857 -5.59625
    endloop
  endfacet
  facet normal 0 -0.194946 0.980814
    outer loop
      vertex 39.5 300.857 -5.59625
      vertex 60.5 300.091 -5.7485
      vertex 60.5 300.857 -5.59625
    endloop
  endfacet
  facet normal 0 -0.194946 0.980814
    outer loop
      vertex 60.5 300.091 -5.7485
      vertex 39.5 300.857 -5.59625
      vertex 39.5 300.091 -5.7485
    endloop
  endfacet
  facet normal 0 -0.556076 0.831132
    outer loop
      vertex 39.5 300.091 -5.7485
      vertex 60.5 299.443 -6.18205
      vertex 60.5 300.091 -5.7485
    endloop
  endfacet
  facet normal 0 -0.556076 0.831132
    outer loop
      vertex 60.5 299.443 -6.18205
      vertex 39.5 300.091 -5.7485
      vertex 39.5 299.443 -6.18205
    endloop
  endfacet
  facet normal 0 -0.608022 0.79392
    outer loop
      vertex 39.5 299.443 -6.18205
      vertex 60.5 299.207 -6.36279
      vertex 60.5 299.443 -6.18205
    endloop
  endfacet
  facet normal 0 -0.608022 0.79392
    outer loop
      vertex 60.5 299.207 -6.36279
      vertex 39.5 299.443 -6.18205
      vertex 39.5 299.207 -6.36279
    endloop
  endfacet
  facet normal 0 -0.461417 0.887184
    outer loop
      vertex 39.5 299.207 -6.36279
      vertex 60.5 298.77 -6.59007
      vertex 60.5 299.207 -6.36279
    endloop
  endfacet
  facet normal 0 -0.461417 0.887184
    outer loop
      vertex 60.5 298.77 -6.59007
      vertex 39.5 299.207 -6.36279
      vertex 39.5 298.77 -6.59007
    endloop
  endfacet
  facet normal 0 -0.382926 0.923779
    outer loop
      vertex 39.5 298.475 -6.71246
      vertex 60.5 298.287 -6.79039
      vertex 60.5 298.475 -6.71246
    endloop
  endfacet
  facet normal 0 -0.382926 0.923779
    outer loop
      vertex 60.5 298.287 -6.79039
      vertex 39.5 298.475 -6.71246
      vertex 39.5 298.287 -6.79039
    endloop
  endfacet
  facet normal 0 -0.382884 0.923796
    outer loop
      vertex 39.5 298.77 -6.59007
      vertex 60.5 298.582 -6.66799
      vertex 60.5 298.77 -6.59007
    endloop
  endfacet
  facet normal 0 -0.382884 0.923796
    outer loop
      vertex 60.5 298.582 -6.66799
      vertex 39.5 298.77 -6.59007
      vertex 39.5 298.582 -6.66799
    endloop
  endfacet
  facet normal 0 -0.30041 0.95381
    outer loop
      vertex 39.5 298.287 -6.79039
      vertex 60.5 297.817 -6.93842
      vertex 60.5 298.287 -6.79039
    endloop
  endfacet
  facet normal 0 -0.30041 0.95381
    outer loop
      vertex 60.5 297.817 -6.93842
      vertex 39.5 298.287 -6.79039
      vertex 39.5 297.817 -6.93842
    endloop
  endfacet
  facet normal 0 -0.130639 0.99143
    outer loop
      vertex 39.5 297.817 -6.93842
      vertex 60.5 297.523 -6.97716
      vertex 60.5 297.817 -6.93842
    endloop
  endfacet
  facet normal 0 -0.130639 0.99143
    outer loop
      vertex 60.5 297.523 -6.97716
      vertex 39.5 297.817 -6.93842
      vertex 39.5 297.523 -6.97716
    endloop
  endfacet
  facet normal 0 -0.0436331 0.999048
    outer loop
      vertex 39.5 297.523 -6.97716
      vertex 60.5 297.025 -6.99891
      vertex 60.5 297.523 -6.97716
    endloop
  endfacet
  facet normal 0 -0.0436331 0.999048
    outer loop
      vertex 60.5 297.025 -6.99891
      vertex 39.5 297.523 -6.97716
      vertex 39.5 297.025 -6.99891
    endloop
  endfacet
  facet normal 0 0.737594 0.675244
    outer loop
      vertex 60.5 294.032 -5.67626
      vertex 39.5 293.818 -5.4425
      vertex 60.5 293.818 -5.4425
    endloop
  endfacet
  facet normal 0 0.737594 0.675244
    outer loop
      vertex 39.5 293.818 -5.4425
      vertex 60.5 294.032 -5.67626
      vertex 39.5 294.032 -5.67626
    endloop
  endfacet
  facet normal 0 0.792937 0.609304
    outer loop
      vertex 60.5 293.818 -5.4425
      vertex 39.5 293.637 -5.20695
      vertex 60.5 293.637 -5.20695
    endloop
  endfacet
  facet normal 0 0.792937 0.609304
    outer loop
      vertex 39.5 293.637 -5.20695
      vertex 60.5 293.818 -5.4425
      vertex 39.5 293.818 -5.4425
    endloop
  endfacet
  facet normal 0 0.887248 0.461293
    outer loop
      vertex 60.5 293.637 -5.20695
      vertex 39.5 293.41 -4.77034
      vertex 60.5 293.41 -4.77034
    endloop
  endfacet
  facet normal 0 0.887248 0.461293
    outer loop
      vertex 39.5 293.41 -4.77034
      vertex 60.5 293.637 -5.20695
      vertex 39.5 293.637 -5.20695
    endloop
  endfacet
  facet normal 0 0.923751 0.382994
    outer loop
      vertex 60.5 293.288 -4.47487
      vertex 39.5 293.21 -4.28674
      vertex 60.5 293.21 -4.28674
    endloop
  endfacet
  facet normal 0 0.923751 0.382994
    outer loop
      vertex 39.5 293.21 -4.28674
      vertex 60.5 293.288 -4.47487
      vertex 39.5 293.288 -4.47487
    endloop
  endfacet
  facet normal 0 0.923737 0.383028
    outer loop
      vertex 60.5 293.41 -4.77034
      vertex 39.5 293.332 -4.58223
      vertex 60.5 293.332 -4.58223
    endloop
  endfacet
  facet normal 0 0.923737 0.383028
    outer loop
      vertex 39.5 293.332 -4.58223
      vertex 60.5 293.41 -4.77034
      vertex 39.5 293.41 -4.77034
    endloop
  endfacet
  facet normal 0 0.952869 0.303382
    outer loop
      vertex 60.5 293.21 -4.28674
      vertex 39.5 293.137 -4.05746
      vertex 60.5 293.137 -4.05746
    endloop
  endfacet
  facet normal 0 0.952869 0.303382
    outer loop
      vertex 39.5 293.137 -4.05746
      vertex 60.5 293.21 -4.28674
      vertex 39.5 293.21 -4.28674
    endloop
  endfacet
  facet normal 0 -0.73994 -0.672673
    outer loop
      vertex 39.5 296.975 -11
      vertex 60.5 296.974 -10.9989
      vertex 39.5 296.974 -10.9989
    endloop
  endfacet
  facet normal 0 -0.73994 -0.672673
    outer loop
      vertex 60.5 296.974 -10.9989
      vertex 39.5 296.975 -11
      vertex 60.5 296.975 -11
    endloop
  endfacet
  facet normal 0 -0.872434 -0.488733
    outer loop
      vertex 39.5 293.19 -4.15207
      vertex 60.5 293.137 -4.05746
      vertex 39.5 293.137 -4.05746
    endloop
  endfacet
  facet normal 0 -0.872434 -0.488733
    outer loop
      vertex 60.5 293.137 -4.05746
      vertex 39.5 293.19 -4.15207
      vertex 60.5 293.19 -4.15207
    endloop
  endfacet
  facet normal 0 -0.875182 -0.483793
    outer loop
      vertex 39.5 294.032 -5.67626
      vertex 60.5 294.002 -5.62199
      vertex 39.5 294.002 -5.62199
    endloop
  endfacet
  facet normal 0 -0.875182 -0.483793
    outer loop
      vertex 60.5 294.002 -5.62199
      vertex 39.5 294.032 -5.67626
      vertex 60.5 294.032 -5.67626
    endloop
  endfacet
  facet normal 0 1 -0
    outer loop
      vertex 60.5 297.025 -11
      vertex 39.5 297.025 -10.9989
      vertex 60.5 297.025 -10.9989
    endloop
  endfacet
  facet normal 0 1 0
    outer loop
      vertex 39.5 297.025 -10.9989
      vertex 60.5 297.025 -11
      vertex 39.5 297.025 -11
    endloop
  endfacet
  facet normal 0 1 -0
    outer loop
      vertex 60.5 297.025 -6.99891
      vertex 39.5 297.025 -6.99754
      vertex 60.5 297.025 -6.99754
    endloop
  endfacet
  facet normal 0 1 0
    outer loop
      vertex 39.5 297.025 -6.99754
      vertex 60.5 297.025 -6.99891
      vertex 39.5 297.025 -6.99891
    endloop
  endfacet
  facet normal 0 1 -0
    outer loop
      vertex 60.5 297.025 0.997538
      vertex 39.5 297.025 0.998908
      vertex 60.5 297.025 0.998908
    endloop
  endfacet
  facet normal 0 1 0
    outer loop
      vertex 39.5 297.025 0.998908
      vertex 60.5 297.025 0.997538
      vertex 39.5 297.025 0.997538
    endloop
  endfacet
  facet normal 0 0 -1
    outer loop
      vertex 39.5 296.975 -11
      vertex 60.5 297.025 -11
      vertex 60.5 296.975 -11
    endloop
  endfacet
  facet normal -0 0 -1
    outer loop
      vertex 60.5 297.025 -11
      vertex 39.5 296.975 -11
      vertex 39.5 297.025 -11
    endloop
  endfacet
  facet normal 0 -0.475015 0.879978
    outer loop
      vertex 39.5 298.582 -6.66799
      vertex 60.5 298.531 -6.69552
      vertex 60.5 298.582 -6.66799
    endloop
  endfacet
  facet normal 0 -0.475015 0.879978
    outer loop
      vertex 60.5 298.531 -6.69552
      vertex 39.5 298.582 -6.66799
      vertex 39.5 298.531 -6.69552
    endloop
  endfacet
  facet normal 0 0.957161 -0.289558
    outer loop
      vertex 60.5 293.077 -2.21964
      vertex 39.5 293.304 -1.46927
      vertex 60.5 293.304 -1.46927
    endloop
  endfacet
  facet normal 0 0.957161 -0.289558
    outer loop
      vertex 39.5 293.304 -1.46927
      vertex 60.5 293.077 -2.21964
      vertex 39.5 293.077 -2.21964
    endloop
  endfacet
  facet normal 0 0.772667 -0.634811
    outer loop
      vertex 60.5 293.674 -0.777719
      vertex 39.5 294.172 -0.171573
      vertex 60.5 294.172 -0.171573
    endloop
  endfacet
  facet normal 0 0.772667 -0.634811
    outer loop
      vertex 39.5 294.172 -0.171573
      vertex 60.5 293.674 -0.777719
      vertex 39.5 293.674 -0.777719
    endloop
  endfacet
  facet normal -0 0.0980635 0.99518
    outer loop
      vertex 39.5 297 -7
      vertex 60.5 296.22 -6.92314
      vertex 60.5 297 -7
    endloop
  endfacet
  facet normal 0 0.0980635 0.99518
    outer loop
      vertex 60.5 296.22 -6.92314
      vertex 39.5 297 -7
      vertex 39.5 296.22 -6.92314
    endloop
  endfacet
  facet normal 0 0.995167 0.0981955
    outer loop
      vertex 60.5 293.077 -3.78036
      vertex 39.5 293 -3
      vertex 60.5 293 -3
    endloop
  endfacet
  facet normal 0 0.995167 0.0981955
    outer loop
      vertex 39.5 293 -3
      vertex 60.5 293.077 -3.78036
      vertex 39.5 293.077 -3.78036
    endloop
  endfacet
  facet normal 0 0.961342 0.275358
    outer loop
      vertex 60.5 293.304 -4.53073
      vertex 39.5 293.288 -4.47487
      vertex 60.5 293.288 -4.47487
    endloop
  endfacet
  facet normal 0 0.961342 0.275358
    outer loop
      vertex 39.5 293.288 -4.47487
      vertex 60.5 293.304 -4.53073
      vertex 39.5 293.304 -4.53073
    endloop
  endfacet
  facet normal 0 0.956766 0.290857
    outer loop
      vertex 60.5 293.19 -4.15207
      vertex 39.5 293.077 -3.78036
      vertex 60.5 293.077 -3.78036
    endloop
  endfacet
  facet normal 0 0.956766 0.290857
    outer loop
      vertex 39.5 293.077 -3.78036
      vertex 60.5 293.19 -4.15207
      vertex 39.5 293.19 -4.15207
    endloop
  endfacet
  facet normal -0 0.634484 0.772936
    outer loop
      vertex 39.5 294.778 -6.32588
      vertex 60.5 294.172 -5.82843
      vertex 60.5 294.778 -6.32588
    endloop
  endfacet
  facet normal 0 0.634484 0.772936
    outer loop
      vertex 60.5 294.172 -5.82843
      vertex 39.5 294.778 -6.32588
      vertex 39.5 294.172 -5.82843
    endloop
  endfacet
  facet normal 0 -0.878547 -0.477656
    outer loop
      vertex 39.5 300.696 -1.46927
      vertex 60.5 300.668 -1.41777
      vertex 39.5 300.668 -1.41777
    endloop
  endfacet
  facet normal 0 -0.878547 -0.477656
    outer loop
      vertex 60.5 300.668 -1.41777
      vertex 39.5 300.696 -1.46927
      vertex 60.5 300.696 -1.46927
    endloop
  endfacet
  facet normal 0 -0.289542 0.957165
    outer loop
      vertex 39.5 298.531 -6.69552
      vertex 60.5 298.475 -6.71246
      vertex 60.5 298.531 -6.69552
    endloop
  endfacet
  facet normal 0 -0.289542 0.957165
    outer loop
      vertex 60.5 298.475 -6.71246
      vertex 39.5 298.531 -6.69552
      vertex 39.5 298.475 -6.71246
    endloop
  endfacet
  facet normal 0 0.0980623 -0.99518
    outer loop
      vertex 39.5 296.22 0.923141
      vertex 60.5 297 1
      vertex 60.5 296.22 0.923141
    endloop
  endfacet
  facet normal 0 0.0980623 -0.99518
    outer loop
      vertex 60.5 297 1
      vertex 39.5 296.22 0.923141
      vertex 39.5 297 1
    endloop
  endfacet
  facet normal 0 -0.961342 -0.275358
    outer loop
      vertex 39.5 300.712 -1.52513
      vertex 60.5 300.696 -1.46927
      vertex 39.5 300.696 -1.46927
    endloop
  endfacet
  facet normal 0 -0.961342 -0.275358
    outer loop
      vertex 60.5 300.696 -1.46927
      vertex 39.5 300.712 -1.52513
      vertex 60.5 300.712 -1.52513
    endloop
  endfacet
  facet normal 0 -0.097927 0.995194
    outer loop
      vertex 39.5 297.025 -6.99754
      vertex 60.5 297 -7
      vertex 60.5 297.025 -6.99754
    endloop
  endfacet
  facet normal 0 -0.097927 0.995194
    outer loop
      vertex 60.5 297 -7
      vertex 39.5 297.025 -6.99754
      vertex 39.5 297 -7
    endloop
  endfacet
  facet normal 0 -1 0
    outer loop
      vertex 39.5 299.828 -0.171369
      vertex 60.5 299.828 -0.171573
      vertex 60.5 299.828 -0.171369
    endloop
  endfacet
  facet normal 0 -1 0
    outer loop
      vertex 60.5 299.828 -0.171573
      vertex 39.5 299.828 -0.171369
      vertex 39.5 299.828 -0.171573
    endloop
  endfacet
  facet normal 0 0.471687 -0.881766
    outer loop
      vertex 39.5 294.778 0.325878
      vertex 60.5 295.469 0.695518
      vertex 60.5 294.778 0.325878
    endloop
  endfacet
  facet normal 0 0.471687 -0.881766
    outer loop
      vertex 60.5 295.469 0.695518
      vertex 39.5 294.778 0.325878
      vertex 39.5 295.469 0.695518
    endloop
  endfacet
  facet normal 0 -0.0980059 -0.995186
    outer loop
      vertex 39.5 297 1
      vertex 60.5 297.025 0.997538
      vertex 60.5 297 1
    endloop
  endfacet
  facet normal -0 -0.0980059 -0.995186
    outer loop
      vertex 60.5 297.025 0.997538
      vertex 39.5 297 1
      vertex 39.5 297.025 0.997538
    endloop
  endfacet
  facet normal -0 0.290059 0.957009
    outer loop
      vertex 39.5 296.22 -6.92314
      vertex 60.5 295.469 -6.69552
      vertex 60.5 296.22 -6.92314
    endloop
  endfacet
  facet normal 0 0.290059 0.957009
    outer loop
      vertex 60.5 295.469 -6.69552
      vertex 39.5 296.22 -6.92314
      vertex 39.5 295.469 -6.69552
    endloop
  endfacet
  facet normal 0 -0.240708 -0.970598
    outer loop
      vertex 39.5 299.829 -0.171821
      vertex 60.5 299.828 -0.171573
      vertex 39.5 299.828 -0.171573
    endloop
  endfacet
  facet normal 0 -0.240708 -0.970598
    outer loop
      vertex 60.5 299.828 -0.171573
      vertex 39.5 299.829 -0.171821
      vertex 60.5 299.829 -0.171821
    endloop
  endfacet
  facet normal 0 -0.474962 -0.880006
    outer loop
      vertex 39.5 298.531 0.695518
      vertex 60.5 298.582 0.667992
      vertex 60.5 298.531 0.695518
    endloop
  endfacet
  facet normal -0 -0.474962 -0.880006
    outer loop
      vertex 60.5 298.582 0.667992
      vertex 39.5 298.531 0.695518
      vertex 39.5 298.582 0.667992
    endloop
  endfacet
  facet normal 0 0.634484 -0.772936
    outer loop
      vertex 39.5 294.172 -0.171573
      vertex 60.5 294.778 0.325878
      vertex 60.5 294.172 -0.171573
    endloop
  endfacet
  facet normal 0 0.634484 -0.772936
    outer loop
      vertex 60.5 294.778 0.325878
      vertex 39.5 294.172 -0.171573
      vertex 39.5 294.778 0.325878
    endloop
  endfacet
  facet normal 0 0.290063 -0.957008
    outer loop
      vertex 39.5 295.469 0.695518
      vertex 60.5 296.22 0.923141
      vertex 60.5 295.469 0.695518
    endloop
  endfacet
  facet normal 0 0.290063 -0.957008
    outer loop
      vertex 60.5 296.22 0.923141
      vertex 39.5 295.469 0.695518
      vertex 39.5 296.22 0.923141
    endloop
  endfacet
  facet normal -0 0.471687 0.881766
    outer loop
      vertex 39.5 295.469 -6.69552
      vertex 60.5 294.778 -6.32588
      vertex 60.5 295.469 -6.69552
    endloop
  endfacet
  facet normal 0 0.471687 0.881766
    outer loop
      vertex 60.5 294.778 -6.32588
      vertex 39.5 295.469 -6.69552
      vertex 39.5 294.778 -6.32588
    endloop
  endfacet
  facet normal 0 0.881731 -0.471752
    outer loop
      vertex 60.5 293.304 -1.46927
      vertex 39.5 293.674 -0.777719
      vertex 60.5 293.674 -0.777719
    endloop
  endfacet
  facet normal 0 0.881731 -0.471752
    outer loop
      vertex 39.5 293.674 -0.777719
      vertex 60.5 293.304 -1.46927
      vertex 39.5 293.304 -1.46927
    endloop
  endfacet
  facet normal 0 -0.289652 -0.957132
    outer loop
      vertex 39.5 298.475 0.712465
      vertex 60.5 298.531 0.695518
      vertex 60.5 298.475 0.712465
    endloop
  endfacet
  facet normal -0 -0.289652 -0.957132
    outer loop
      vertex 60.5 298.531 0.695518
      vertex 39.5 298.475 0.712465
      vertex 39.5 298.531 0.695518
    endloop
  endfacet
  facet normal 0 0.771948 0.635686
    outer loop
      vertex 60.5 294.172 -5.82843
      vertex 39.5 294.002 -5.62199
      vertex 60.5 294.002 -5.62199
    endloop
  endfacet
  facet normal 0 0.771948 0.635686
    outer loop
      vertex 39.5 294.002 -5.62199
      vertex 60.5 294.172 -5.82843
      vertex 39.5 294.172 -5.82843
    endloop
  endfacet
  facet normal 0 0.878547 0.477656
    outer loop
      vertex 60.5 293.332 -4.58223
      vertex 39.5 293.304 -4.53073
      vertex 60.5 293.304 -4.53073
    endloop
  endfacet
  facet normal 0 0.878547 0.477656
    outer loop
      vertex 39.5 293.304 -4.53073
      vertex 60.5 293.332 -4.58223
      vertex 39.5 293.332 -4.58223
    endloop
  endfacet
  facet normal 0 0.995167 -0.0981955
    outer loop
      vertex 60.5 293 -3
      vertex 39.5 293.077 -2.21964
      vertex 60.5 293.077 -2.21964
    endloop
  endfacet
  facet normal 0 0.995167 -0.0981955
    outer loop
      vertex 39.5 293.077 -2.21964
      vertex 60.5 293 -3
      vertex 39.5 293 -3
    endloop
  endfacet
  facet normal -1 0 0
    outer loop
      vertex 339.5 296.975 -11
      vertex 339.5 297.025 -10.9989
      vertex 339.5 297.025 -11
    endloop
  endfacet
  facet normal -1 0 0
    outer loop
      vertex 339.5 297.025 -10.9989
      vertex 339.5 297 -7
      vertex 339.5 297.025 -6.99891
    endloop
  endfacet
  facet normal -1 -0 0
    outer loop
      vertex 339.5 297.025 -6.99891
      vertex 339.5 297 -7
      vertex 339.5 297.025 -6.99754
    endloop
  endfacet
  facet normal -1 -0 0
    outer loop
      vertex 339.5 297.025 -10.9989
      vertex 339.5 296.975 -11
      vertex 339.5 296.974 -10.9989
    endloop
  endfacet
  facet normal -1 0 0
    outer loop
      vertex 339.5 297.025 -10.9989
      vertex 339.5 296.974 -10.9989
      vertex 339.5 297 -7
    endloop
  endfacet
  facet normal -1 0 0
    outer loop
      vertex 339.5 296.477 -10.9772
      vertex 339.5 297 -7
      vertex 339.5 296.974 -10.9989
    endloop
  endfacet
  facet normal -1 0 0
    outer loop
      vertex 339.5 295.958 -10.9088
      vertex 339.5 297 -7
      vertex 339.5 296.477 -10.9772
    endloop
  endfacet
  facet normal -1 -0 0
    outer loop
      vertex 339.5 297 -7
      vertex 339.5 295.958 -10.9088
      vertex 339.5 296.22 -6.92314
    endloop
  endfacet
  facet normal -1 0 0
    outer loop
      vertex 339.5 295.193 -10.7566
      vertex 339.5 296.22 -6.92314
      vertex 339.5 295.958 -10.9088
    endloop
  endfacet
  facet normal -1 0 0
    outer loop
      vertex 339.5 294.682 -10.6433
      vertex 339.5 296.22 -6.92314
      vertex 339.5 295.193 -10.7566
    endloop
  endfacet
  facet normal -1 -0 0
    outer loop
      vertex 339.5 296.22 -6.92314
      vertex 339.5 294.682 -10.6433
      vertex 339.5 295.469 -6.69552
    endloop
  endfacet
  facet normal -1 0 0
    outer loop
      vertex 339.5 294.183 -10.4859
      vertex 339.5 295.469 -6.69552
      vertex 339.5 294.682 -10.6433
    endloop
  endfacet
  facet normal -1 0 0
    outer loop
      vertex 339.5 293.699 -10.2856
      vertex 339.5 295.469 -6.69552
      vertex 339.5 294.183 -10.4859
    endloop
  endfacet
  facet normal -1 0 0
    outer loop
      vertex 339.5 293.235 -10.0439
      vertex 339.5 295.469 -6.69552
      vertex 339.5 293.699 -10.2856
    endloop
  endfacet
  facet normal -1 -0 0
    outer loop
      vertex 339.5 295.469 -6.69552
      vertex 339.5 293.235 -10.0439
      vertex 339.5 294.778 -6.32588
    endloop
  endfacet
  facet normal -1 0 0
    outer loop
      vertex 339.5 292.793 -9.76266
      vertex 339.5 294.778 -6.32588
      vertex 339.5 293.235 -10.0439
    endloop
  endfacet
  facet normal -1 0 0
    outer loop
      vertex 339.5 292.144 -9.32912
      vertex 339.5 294.778 -6.32588
      vertex 339.5 292.793 -9.76266
    endloop
  endfacet
  facet normal -1 -0 0
    outer loop
      vertex 339.5 294.778 -6.32588
      vertex 339.5 292.144 -9.32912
      vertex 339.5 294.172 -5.82843
    endloop
  endfacet
  facet normal -1 0 0
    outer loop
      vertex 339.5 291.729 -9.01047
      vertex 339.5 294.172 -5.82843
      vertex 339.5 292.144 -9.32912
    endloop
  endfacet
  facet normal -1 0 0
    outer loop
      vertex 339.5 291.343 -8.65685
      vertex 339.5 294.172 -5.82843
      vertex 339.5 291.729 -9.01047
    endloop
  endfacet
  facet normal -1 -0 0
    outer loop
      vertex 339.5 294.172 -5.82843
      vertex 339.5 291.343 -8.65685
      vertex 339.5 294.032 -5.67626
    endloop
  endfacet
  facet normal -1 0 0
    outer loop
      vertex 339.5 290.99 -8.27094
      vertex 339.5 294.032 -5.67626
      vertex 339.5 291.343 -8.65685
    endloop
  endfacet
  facet normal -1 -0 0
    outer loop
      vertex 339.5 294.032 -5.67626
      vertex 339.5 290.99 -8.27094
      vertex 339.5 293.818 -5.4425
    endloop
  endfacet
  facet normal -1 0 0
    outer loop
      vertex 339.5 290.671 -7.85567
      vertex 339.5 293.818 -5.4425
      vertex 339.5 290.99 -8.27094
    endloop
  endfacet
  facet normal -1 -0 0
    outer loop
      vertex 339.5 293.818 -5.4425
      vertex 339.5 290.671 -7.85567
      vertex 339.5 293.637 -5.20695
    endloop
  endfacet
  facet normal -1 0 0
    outer loop
      vertex 339.5 290.237 -7.20682
      vertex 339.5 293.637 -5.20695
      vertex 339.5 290.671 -7.85567
    endloop
  endfacet
  facet normal -1 -0 0
    outer loop
      vertex 339.5 293.637 -5.20695
      vertex 339.5 290.237 -7.20682
      vertex 339.5 293.41 -4.77034
    endloop
  endfacet
  facet normal -1 0 0
    outer loop
      vertex 339.5 289.956 -6.76537
      vertex 339.5 293.41 -4.77034
      vertex 339.5 290.237 -7.20682
    endloop
  endfacet
  facet normal -1 0 0
    outer loop
      vertex 339.5 302.704 -8.36163
      vertex 339.5 302.704 -6.83089
      vertex 339.5 302.857 -7.59625
    endloop
  endfacet
  facet normal -1 0 0
    outer loop
      vertex 339.5 302.271 -9.01047
      vertex 339.5 302.704 -6.83089
      vertex 339.5 302.704 -8.36163
    endloop
  endfacet
  facet normal -1 0 0
    outer loop
      vertex 339.5 302.271 -9.01047
      vertex 339.5 302.271 -6.18205
      vertex 339.5 302.704 -6.83089
    endloop
  endfacet
  facet normal -1 0 0
    outer loop
      vertex 339.5 301.856 -9.32912
      vertex 339.5 302.271 -6.18205
      vertex 339.5 302.271 -9.01047
    endloop
  endfacet
  facet normal -1 0 0
    outer loop
      vertex 339.5 301.856 -9.32912
      vertex 339.5 301.622 -5.7485
      vertex 339.5 302.271 -6.18205
    endloop
  endfacet
  facet normal -1 0 0
    outer loop
      vertex 339.5 299.207 -6.36279
      vertex 339.5 301.856 -9.32912
      vertex 339.5 301.207 -9.76266
    endloop
  endfacet
  facet normal -1 0 0
    outer loop
      vertex 339.5 301.856 -9.32912
      vertex 339.5 299.443 -6.18205
      vertex 339.5 301.622 -5.7485
    endloop
  endfacet
  facet normal -1 0 0
    outer loop
      vertex 339.5 299.207 -6.36279
      vertex 339.5 301.207 -9.76266
      vertex 339.5 300.765 -10.0439
    endloop
  endfacet
  facet normal -1 0 0
    outer loop
      vertex 339.5 298.77 -6.59007
      vertex 339.5 300.765 -10.0439
      vertex 339.5 300.301 -10.2856
    endloop
  endfacet
  facet normal -1 -0 0
    outer loop
      vertex 339.5 301.622 -5.7485
      vertex 339.5 299.443 -6.18205
      vertex 339.5 300.857 -5.59625
    endloop
  endfacet
  facet normal -1 0 0
    outer loop
      vertex 339.5 298.531 -6.69552
      vertex 339.5 300.301 -10.2856
      vertex 339.5 299.817 -10.4859
    endloop
  endfacet
  facet normal -1 0 0
    outer loop
      vertex 339.5 300.857 -5.59625
      vertex 339.5 299.443 -6.18205
      vertex 339.5 300.091 -5.7485
    endloop
  endfacet
  facet normal -1 0 0
    outer loop
      vertex 339.5 298.287 -6.79039
      vertex 339.5 299.817 -10.4859
      vertex 339.5 299.318 -10.6433
    endloop
  endfacet
  facet normal -1 0 0
    outer loop
      vertex 339.5 301.856 -9.32912
      vertex 339.5 299.207 -6.36279
      vertex 339.5 299.443 -6.18205
    endloop
  endfacet
  facet normal -1 0 0
    outer loop
      vertex 339.5 298.287 -6.79039
      vertex 339.5 299.318 -10.6433
      vertex 339.5 298.807 -10.7566
    endloop
  endfacet
  facet normal -1 0 0
    outer loop
      vertex 339.5 300.765 -10.0439
      vertex 339.5 298.77 -6.59007
      vertex 339.5 299.207 -6.36279
    endloop
  endfacet
  facet normal -1 0 0
    outer loop
      vertex 339.5 300.301 -10.2856
      vertex 339.5 298.531 -6.69552
      vertex 339.5 298.77 -6.59007
    endloop
  endfacet
  facet normal -1 0 0
    outer loop
      vertex 339.5 298.77 -6.59007
      vertex 339.5 298.531 -6.69552
      vertex 339.5 298.582 -6.66799
    endloop
  endfacet
  facet normal -1 0 0
    outer loop
      vertex 339.5 299.817 -10.4859
      vertex 339.5 298.287 -6.79039
      vertex 339.5 298.531 -6.69552
    endloop
  endfacet
  facet normal -1 0 0
    outer loop
      vertex 339.5 298.531 -6.69552
      vertex 339.5 298.287 -6.79039
      vertex 339.5 298.475 -6.71246
    endloop
  endfacet
  facet normal -1 0 0
    outer loop
      vertex 339.5 297.817 -6.93842
      vertex 339.5 298.807 -10.7566
      vertex 339.5 298.042 -10.9088
    endloop
  endfacet
  facet normal -1 0 0
    outer loop
      vertex 339.5 298.807 -10.7566
      vertex 339.5 297.817 -6.93842
      vertex 339.5 298.287 -6.79039
    endloop
  endfacet
  facet normal -1 0 0
    outer loop
      vertex 339.5 297.523 -6.97716
      vertex 339.5 298.042 -10.9088
      vertex 339.5 297.523 -10.9772
    endloop
  endfacet
  facet normal -1 0 0
    outer loop
      vertex 339.5 298.042 -10.9088
      vertex 339.5 297.523 -6.97716
      vertex 339.5 297.817 -6.93842
    endloop
  endfacet
  facet normal -1 0 0
    outer loop
      vertex 339.5 297.025 -6.99891
      vertex 339.5 297.523 -10.9772
      vertex 339.5 297.025 -10.9989
    endloop
  endfacet
  facet normal -1 0 0
    outer loop
      vertex 339.5 297.523 -10.9772
      vertex 339.5 297.025 -6.99891
      vertex 339.5 297.523 -6.97716
    endloop
  endfacet
  facet normal -1 0 0
    outer loop
      vertex 339.5 294.172 -5.82843
      vertex 339.5 294.032 -5.67626
      vertex 339.5 294.002 -5.62199
    endloop
  endfacet
  facet normal -1 0 0
    outer loop
      vertex 339.5 293.19 -4.15207
      vertex 339.5 293.137 -4.05746
      vertex 339.5 293.077 -3.78036
    endloop
  endfacet
  facet normal -1 0 0
    outer loop
      vertex 339.5 297.025 0.997538
      vertex 339.5 297 1
      vertex 339.5 297.025 0.998908
    endloop
  endfacet
  facet normal -1 0 0
    outer loop
      vertex 339.5 304.486 -1.71326
      vertex 339.5 304.486 -0.182526
      vertex 339.5 304.638 -0.947891
    endloop
  endfacet
  facet normal -1 0 0
    outer loop
      vertex 339.5 300.79 -1.71326
      vertex 339.5 304.486 -0.182526
      vertex 339.5 304.486 -1.71326
    endloop
  endfacet
  facet normal -1 0 0
    outer loop
      vertex 339.5 300.79 -1.71326
      vertex 339.5 304.486 -1.71326
      vertex 339.5 304.052 -2.36211
    endloop
  endfacet
  facet normal -1 0 0
    outer loop
      vertex 339.5 300.696 -1.46927
      vertex 339.5 304.486 -0.182526
      vertex 339.5 300.79 -1.71326
    endloop
  endfacet
  facet normal -1 0 0
    outer loop
      vertex 339.5 300.59 -1.22966
      vertex 339.5 304.286 0.301071
      vertex 339.5 300.696 -1.46927
    endloop
  endfacet
  facet normal -1 0 0
    outer loop
      vertex 339.5 300.79 -1.71326
      vertex 339.5 304.052 -2.36211
      vertex 339.5 303.404 -2.79564
    endloop
  endfacet
  facet normal -1 -0 0
    outer loop
      vertex 339.5 304.286 0.301071
      vertex 339.5 300.59 -1.22966
      vertex 339.5 304.044 0.765366
    endloop
  endfacet
  facet normal -1 -0 0
    outer loop
      vertex 339.5 304.044 0.765366
      vertex 339.5 300.59 -1.22966
      vertex 339.5 303.763 1.20682
    endloop
  endfacet
  facet normal -1 0 0
    outer loop
      vertex 339.5 300.79 -1.71326
      vertex 339.5 303.404 -2.79564
      vertex 339.5 302.638 -2.94789
    endloop
  endfacet
  facet normal -1 0 0
    outer loop
      vertex 339.5 300.79 -1.71326
      vertex 339.5 302.638 -2.94789
      vertex 339.5 301.873 -2.79564
    endloop
  endfacet
  facet normal -1 0 0
    outer loop
      vertex 339.5 300.79 -1.71326
      vertex 339.5 301.873 -2.79564
      vertex 339.5 301.224 -2.36211
    endloop
  endfacet
  facet normal -1 -0 0
    outer loop
      vertex 339.5 304.486 -0.182526
      vertex 339.5 300.696 -1.46927
      vertex 339.5 304.286 0.301071
    endloop
  endfacet
  facet normal -1 0 0
    outer loop
      vertex 339.5 300.696 -1.46927
      vertex 339.5 300.79 -1.71326
      vertex 339.5 300.712 -1.52513
    endloop
  endfacet
  facet normal -1 0 0
    outer loop
      vertex 339.5 300.363 -0.793045
      vertex 339.5 303.763 1.20682
      vertex 339.5 300.59 -1.22966
    endloop
  endfacet
  facet normal -1 0 0
    outer loop
      vertex 339.5 300.59 -1.22966
      vertex 339.5 300.696 -1.46927
      vertex 339.5 300.668 -1.41777
    endloop
  endfacet
  facet normal -1 -0 0
    outer loop
      vertex 339.5 303.763 1.20682
      vertex 339.5 300.363 -0.793045
      vertex 339.5 303.329 1.85567
    endloop
  endfacet
  facet normal -1 0 0
    outer loop
      vertex 339.5 300.182 -0.557495
      vertex 339.5 303.329 1.85567
      vertex 339.5 300.363 -0.793045
    endloop
  endfacet
  facet normal -1 -0 0
    outer loop
      vertex 339.5 303.329 1.85567
      vertex 339.5 300.182 -0.557495
      vertex 339.5 303.218 2
    endloop
  endfacet
  facet normal -1 0 0
    outer loop
      vertex 339.5 299.829 -0.171821
      vertex 339.5 303.218 2
      vertex 339.5 300.182 -0.557495
    endloop
  endfacet
  facet normal -1 0 0
    outer loop
      vertex 339.5 299.828 -0.171573
      vertex 339.5 303.218 2
      vertex 339.5 299.829 -0.171821
    endloop
  endfacet
  facet normal -1 0 0
    outer loop
      vertex 339.5 299.828 -0.171369
      vertex 339.5 303.218 2
      vertex 339.5 299.828 -0.171573
    endloop
  endfacet
  facet normal -1 0 0
    outer loop
      vertex 339.5 299.443 0.182053
      vertex 339.5 303.218 2
      vertex 339.5 299.828 -0.171369
    endloop
  endfacet
  facet normal -1 0 0
    outer loop
      vertex 339.5 299.207 0.362793
      vertex 339.5 303.218 2
      vertex 339.5 299.443 0.182053
    endloop
  endfacet
  facet normal -1 0 0
    outer loop
      vertex 339.5 298.77 0.590073
      vertex 339.5 303.218 2
      vertex 339.5 299.207 0.362793
    endloop
  endfacet
  facet normal -1 0 0
    outer loop
      vertex 339.5 298.531 0.695518
      vertex 339.5 298.77 0.590073
      vertex 339.5 298.582 0.667992
    endloop
  endfacet
  facet normal -1 0 0
    outer loop
      vertex 339.5 298.77 0.590073
      vertex 339.5 298.531 0.695518
      vertex 339.5 303.218 2
    endloop
  endfacet
  facet normal -1 0 0
    outer loop
      vertex 339.5 298.287 0.79039
      vertex 339.5 298.531 0.695518
      vertex 339.5 298.475 0.712465
    endloop
  endfacet
  facet normal -1 0 0
    outer loop
      vertex 339.5 298.531 0.695518
      vertex 339.5 298.287 0.79039
      vertex 339.5 303.218 2
    endloop
  endfacet
  facet normal -1 0 0
    outer loop
      vertex 339.5 297.817 0.938416
      vertex 339.5 303.218 2
      vertex 339.5 298.287 0.79039
    endloop
  endfacet
  facet normal -1 0 0
    outer loop
      vertex 339.5 297.523 0.977158
      vertex 339.5 303.218 2
      vertex 339.5 297.817 0.938416
    endloop
  endfacet
  facet normal -1 0 0
    outer loop
      vertex 339.5 297.025 0.998908
      vertex 339.5 303.218 2
      vertex 339.5 297.523 0.977158
    endloop
  endfacet
  facet normal -1 0 0
    outer loop
      vertex 339.5 297 1
      vertex 339.5 303.218 2
      vertex 339.5 297.025 0.998908
    endloop
  endfacet
  facet normal -1 0 0
    outer loop
      vertex 339.5 292 2
      vertex 339.5 297 1
      vertex 339.5 296.22 0.923141
    endloop
  endfacet
  facet normal -1 0 0
    outer loop
      vertex 339.5 289.714 -6.30107
      vertex 339.5 293.41 -4.77034
      vertex 339.5 289.956 -6.76537
    endloop
  endfacet
  facet normal -1 0 -0
    outer loop
      vertex 339.5 293.304 -4.53073
      vertex 339.5 293.41 -4.77034
      vertex 339.5 289.714 -6.30107
    endloop
  endfacet
  facet normal -1 0 0
    outer loop
      vertex 339.5 293.41 -4.77034
      vertex 339.5 293.304 -4.53073
      vertex 339.5 293.332 -4.58223
    endloop
  endfacet
  facet normal -1 0 0
    outer loop
      vertex 339.5 292 0
      vertex 339.5 293.304 -1.46927
      vertex 339.5 293.077 -2.21964
    endloop
  endfacet
  facet normal -1 0 0
    outer loop
      vertex 339.5 292 0
      vertex 339.5 293.674 -0.777719
      vertex 339.5 293.304 -1.46927
    endloop
  endfacet
  facet normal -1 0 0
    outer loop
      vertex 339.5 292 0
      vertex 339.5 294.172 -0.171573
      vertex 339.5 293.674 -0.777719
    endloop
  endfacet
  facet normal -1 0 0
    outer loop
      vertex 339.5 292 2
      vertex 339.5 294.172 -0.171573
      vertex 339.5 292 0
    endloop
  endfacet
  facet normal -1 0 0
    outer loop
      vertex 339.5 294.172 -0.171573
      vertex 339.5 292 2
      vertex 339.5 294.778 0.325878
    endloop
  endfacet
  facet normal -1 0 0
    outer loop
      vertex 339.5 294.778 0.325878
      vertex 339.5 292 2
      vertex 339.5 295.469 0.695518
    endloop
  endfacet
  facet normal -1 0 0
    outer loop
      vertex 339.5 297 1
      vertex 339.5 292 2
      vertex 339.5 303.218 2
    endloop
  endfacet
  facet normal -1 0 0
    outer loop
      vertex 339.5 295.469 0.695518
      vertex 339.5 292 2
      vertex 339.5 296.22 0.923141
    endloop
  endfacet
  facet normal -1 0 0
    outer loop
      vertex 339.5 289.514 -5.81747
      vertex 339.5 293.304 -4.53073
      vertex 339.5 289.714 -6.30107
    endloop
  endfacet
  facet normal -1 0 -0
    outer loop
      vertex 339.5 293.21 -4.28674
      vertex 339.5 293.304 -4.53073
      vertex 339.5 289.514 -5.81747
    endloop
  endfacet
  facet normal -1 0 0
    outer loop
      vertex 339.5 293.304 -4.53073
      vertex 339.5 293.21 -4.28674
      vertex 339.5 293.288 -4.47487
    endloop
  endfacet
  facet normal -1 0 0
    outer loop
      vertex 339.5 289.357 -5.31827
      vertex 339.5 293.21 -4.28674
      vertex 339.5 289.514 -5.81747
    endloop
  endfacet
  facet normal -1 -0 0
    outer loop
      vertex 339.5 293.21 -4.28674
      vertex 339.5 289.357 -5.31827
      vertex 339.5 293.137 -4.05746
    endloop
  endfacet
  facet normal -1 0 0
    outer loop
      vertex 339.5 289.243 -4.80725
      vertex 339.5 293.137 -4.05746
      vertex 339.5 289.357 -5.31827
    endloop
  endfacet
  facet normal -1 -0 0
    outer loop
      vertex 339.5 293.137 -4.05746
      vertex 339.5 289.243 -4.80725
      vertex 339.5 293.077 -3.78036
    endloop
  endfacet
  facet normal -1 0 0
    outer loop
      vertex 339.5 289.091 -4.04189
      vertex 339.5 293.077 -3.78036
      vertex 339.5 289.243 -4.80725
    endloop
  endfacet
  facet normal -1 -0 0
    outer loop
      vertex 339.5 293.077 -3.78036
      vertex 339.5 289.091 -4.04189
      vertex 339.5 293 -3
    endloop
  endfacet
  facet normal -1 0 0
    outer loop
      vertex 339.5 289 -3
      vertex 339.5 293 -3
      vertex 339.5 289.023 -3.52293
    endloop
  endfacet
  facet normal -1 0 0
    outer loop
      vertex 339.5 289.023 -3.52293
      vertex 339.5 293 -3
      vertex 339.5 289.091 -4.04189
    endloop
  endfacet
  facet normal -1 0 -0
    outer loop
      vertex 339.5 289.357 -0.681732
      vertex 339.5 292 0
      vertex 339.5 289.243 -1.19275
    endloop
  endfacet
  facet normal -1 0 -0
    outer loop
      vertex 339.5 289.514 -0.182526
      vertex 339.5 292 0
      vertex 339.5 289.357 -0.681732
    endloop
  endfacet
  facet normal -1 -0 0
    outer loop
      vertex 339.5 292 0
      vertex 339.5 289.514 -0.182526
      vertex 339.5 289.59 0
    endloop
  endfacet
  facet normal -1 0 -0
    outer loop
      vertex 339.5 289.023 -2.47707
      vertex 339.5 293 -3
      vertex 339.5 289 -3
    endloop
  endfacet
  facet normal -1 0 0
    outer loop
      vertex 339.5 293.077 -2.21964
      vertex 339.5 289.243 -1.19275
      vertex 339.5 292 0
    endloop
  endfacet
  facet normal -1 0 -0
    outer loop
      vertex 339.5 289.091 -1.95811
      vertex 339.5 293 -3
      vertex 339.5 289.023 -2.47707
    endloop
  endfacet
  facet normal -1 0 -0
    outer loop
      vertex 339.5 289.243 -1.19275
      vertex 339.5 293.077 -2.21964
      vertex 339.5 289.091 -1.95811
    endloop
  endfacet
  facet normal -1 0 0
    outer loop
      vertex 339.5 293 -3
      vertex 339.5 289.091 -1.95811
      vertex 339.5 293.077 -2.21964
    endloop
  endfacet
  facet normal 1 0 0
    outer loop
      vertex 360.5 293.19 -4.15207
      vertex 360.5 293.077 -3.78036
      vertex 360.5 293.137 -4.05746
    endloop
  endfacet
  facet normal 1 0 0
    outer loop
      vertex 360.5 294.172 -5.82843
      vertex 360.5 294.002 -5.62199
      vertex 360.5 294.032 -5.67626
    endloop
  endfacet
  facet normal 1 0 0
    outer loop
      vertex 360.5 297 -7
      vertex 360.5 297.025 -6.99891
      vertex 360.5 297.025 -6.99754
    endloop
  endfacet
  facet normal 1 0 0
    outer loop
      vertex 360.5 297.025 -6.99891
      vertex 360.5 297 -7
      vertex 360.5 297.025 -10.9989
    endloop
  endfacet
  facet normal 1 0 0
    outer loop
      vertex 360.5 296.974 -10.9989
      vertex 360.5 297.025 -10.9989
      vertex 360.5 297 -7
    endloop
  endfacet
  facet normal 1 0 -0
    outer loop
      vertex 360.5 296.975 -11
      vertex 360.5 297.025 -10.9989
      vertex 360.5 296.974 -10.9989
    endloop
  endfacet
  facet normal 1 0 0
    outer loop
      vertex 360.5 297.025 -10.9989
      vertex 360.5 296.975 -11
      vertex 360.5 297.025 -11
    endloop
  endfacet
  facet normal 1 0 0
    outer loop
      vertex 360.5 297 -7
      vertex 360.5 296.477 -10.9772
      vertex 360.5 296.974 -10.9989
    endloop
  endfacet
  facet normal 1 0 0
    outer loop
      vertex 360.5 295.958 -10.9088
      vertex 360.5 297 -7
      vertex 360.5 296.22 -6.92314
    endloop
  endfacet
  facet normal 1 0 0
    outer loop
      vertex 360.5 297 -7
      vertex 360.5 295.958 -10.9088
      vertex 360.5 296.477 -10.9772
    endloop
  endfacet
  facet normal 1 0 0
    outer loop
      vertex 360.5 294.682 -10.6433
      vertex 360.5 296.22 -6.92314
      vertex 360.5 295.469 -6.69552
    endloop
  endfacet
  facet normal 1 0 0
    outer loop
      vertex 360.5 296.22 -6.92314
      vertex 360.5 295.193 -10.7566
      vertex 360.5 295.958 -10.9088
    endloop
  endfacet
  facet normal 1 0 0
    outer loop
      vertex 360.5 293.235 -10.0439
      vertex 360.5 295.469 -6.69552
      vertex 360.5 294.778 -6.32588
    endloop
  endfacet
  facet normal 1 0 0
    outer loop
      vertex 360.5 296.22 -6.92314
      vertex 360.5 294.682 -10.6433
      vertex 360.5 295.193 -10.7566
    endloop
  endfacet
  facet normal 1 0 0
    outer loop
      vertex 360.5 295.469 -6.69552
      vertex 360.5 294.183 -10.4859
      vertex 360.5 294.682 -10.6433
    endloop
  endfacet
  facet normal 1 0 0
    outer loop
      vertex 360.5 292.144 -9.32912
      vertex 360.5 294.778 -6.32588
      vertex 360.5 294.172 -5.82843
    endloop
  endfacet
  facet normal 1 0 0
    outer loop
      vertex 360.5 291.343 -8.65685
      vertex 360.5 294.172 -5.82843
      vertex 360.5 294.032 -5.67626
    endloop
  endfacet
  facet normal 1 0 0
    outer loop
      vertex 360.5 290.99 -8.27094
      vertex 360.5 294.032 -5.67626
      vertex 360.5 293.818 -5.4425
    endloop
  endfacet
  facet normal 1 0 0
    outer loop
      vertex 360.5 295.469 -6.69552
      vertex 360.5 293.699 -10.2856
      vertex 360.5 294.183 -10.4859
    endloop
  endfacet
  facet normal 1 0 0
    outer loop
      vertex 360.5 290.671 -7.85567
      vertex 360.5 293.818 -5.4425
      vertex 360.5 293.637 -5.20695
    endloop
  endfacet
  facet normal 1 0 0
    outer loop
      vertex 360.5 290.237 -7.20682
      vertex 360.5 293.637 -5.20695
      vertex 360.5 293.41 -4.77034
    endloop
  endfacet
  facet normal 1 0 0
    outer loop
      vertex 360.5 293.304 -4.53073
      vertex 360.5 293.41 -4.77034
      vertex 360.5 293.332 -4.58223
    endloop
  endfacet
  facet normal 1 0 0
    outer loop
      vertex 360.5 293.41 -4.77034
      vertex 360.5 293.304 -4.53073
      vertex 360.5 289.714 -6.30107
    endloop
  endfacet
  facet normal 1 0 0
    outer loop
      vertex 360.5 293.21 -4.28674
      vertex 360.5 293.304 -4.53073
      vertex 360.5 293.288 -4.47487
    endloop
  endfacet
  facet normal 1 0 0
    outer loop
      vertex 360.5 295.469 -6.69552
      vertex 360.5 293.235 -10.0439
      vertex 360.5 293.699 -10.2856
    endloop
  endfacet
  facet normal 1 0 0
    outer loop
      vertex 360.5 293.304 -4.53073
      vertex 360.5 293.21 -4.28674
      vertex 360.5 289.514 -5.81747
    endloop
  endfacet
  facet normal 1 0 0
    outer loop
      vertex 360.5 289.357 -5.31827
      vertex 360.5 293.21 -4.28674
      vertex 360.5 293.137 -4.05746
    endloop
  endfacet
  facet normal 1 0 0
    outer loop
      vertex 360.5 289.243 -4.80725
      vertex 360.5 293.137 -4.05746
      vertex 360.5 293.077 -3.78036
    endloop
  endfacet
  facet normal 1 0 0
    outer loop
      vertex 360.5 289.091 -4.04189
      vertex 360.5 293.077 -3.78036
      vertex 360.5 293 -3
    endloop
  endfacet
  facet normal 1 0 0
    outer loop
      vertex 360.5 294.778 -6.32588
      vertex 360.5 292.793 -9.76266
      vertex 360.5 293.235 -10.0439
    endloop
  endfacet
  facet normal 1 0 0
    outer loop
      vertex 360.5 302.704 -6.83089
      vertex 360.5 302.704 -8.36163
      vertex 360.5 302.857 -7.59625
    endloop
  endfacet
  facet normal 1 0 0
    outer loop
      vertex 360.5 302.271 -6.18205
      vertex 360.5 302.704 -8.36163
      vertex 360.5 302.704 -6.83089
    endloop
  endfacet
  facet normal 1 0 0
    outer loop
      vertex 360.5 302.271 -6.18205
      vertex 360.5 302.271 -9.01047
      vertex 360.5 302.704 -8.36163
    endloop
  endfacet
  facet normal 1 0 0
    outer loop
      vertex 360.5 302.271 -6.18205
      vertex 360.5 301.856 -9.32912
      vertex 360.5 302.271 -9.01047
    endloop
  endfacet
  facet normal 1 0 0
    outer loop
      vertex 360.5 301.622 -5.7485
      vertex 360.5 301.856 -9.32912
      vertex 360.5 302.271 -6.18205
    endloop
  endfacet
  facet normal 1 -0 0
    outer loop
      vertex 360.5 299.443 -6.18205
      vertex 360.5 301.856 -9.32912
      vertex 360.5 301.622 -5.7485
    endloop
  endfacet
  facet normal 1 0 0
    outer loop
      vertex 360.5 299.443 -6.18205
      vertex 360.5 301.622 -5.7485
      vertex 360.5 300.857 -5.59625
    endloop
  endfacet
  facet normal 1 -0 0
    outer loop
      vertex 360.5 299.207 -6.36279
      vertex 360.5 301.856 -9.32912
      vertex 360.5 299.443 -6.18205
    endloop
  endfacet
  facet normal 1 0 0
    outer loop
      vertex 360.5 301.856 -9.32912
      vertex 360.5 299.207 -6.36279
      vertex 360.5 301.207 -9.76266
    endloop
  endfacet
  facet normal 1 0 0
    outer loop
      vertex 360.5 299.443 -6.18205
      vertex 360.5 300.857 -5.59625
      vertex 360.5 300.091 -5.7485
    endloop
  endfacet
  facet normal 1 0 0
    outer loop
      vertex 360.5 301.207 -9.76266
      vertex 360.5 299.207 -6.36279
      vertex 360.5 300.765 -10.0439
    endloop
  endfacet
  facet normal 1 -0 0
    outer loop
      vertex 360.5 298.77 -6.59007
      vertex 360.5 300.765 -10.0439
      vertex 360.5 299.207 -6.36279
    endloop
  endfacet
  facet normal 1 0 0
    outer loop
      vertex 360.5 300.765 -10.0439
      vertex 360.5 298.77 -6.59007
      vertex 360.5 300.301 -10.2856
    endloop
  endfacet
  facet normal 1 -0 0
    outer loop
      vertex 360.5 298.531 -6.69552
      vertex 360.5 300.301 -10.2856
      vertex 360.5 298.77 -6.59007
    endloop
  endfacet
  facet normal 1 0 0
    outer loop
      vertex 360.5 300.301 -10.2856
      vertex 360.5 298.531 -6.69552
      vertex 360.5 299.817 -10.4859
    endloop
  endfacet
  facet normal 1 -0 0
    outer loop
      vertex 360.5 298.287 -6.79039
      vertex 360.5 299.817 -10.4859
      vertex 360.5 298.531 -6.69552
    endloop
  endfacet
  facet normal 1 0 0
    outer loop
      vertex 360.5 298.531 -6.69552
      vertex 360.5 298.77 -6.59007
      vertex 360.5 298.582 -6.66799
    endloop
  endfacet
  facet normal 1 0 0
    outer loop
      vertex 360.5 299.817 -10.4859
      vertex 360.5 298.287 -6.79039
      vertex 360.5 299.318 -10.6433
    endloop
  endfacet
  facet normal 1 0 0
    outer loop
      vertex 360.5 298.287 -6.79039
      vertex 360.5 298.531 -6.69552
      vertex 360.5 298.475 -6.71246
    endloop
  endfacet
  facet normal 1 0 0
    outer loop
      vertex 360.5 299.318 -10.6433
      vertex 360.5 298.287 -6.79039
      vertex 360.5 298.807 -10.7566
    endloop
  endfacet
  facet normal 1 -0 0
    outer loop
      vertex 360.5 297.817 -6.93842
      vertex 360.5 298.807 -10.7566
      vertex 360.5 298.287 -6.79039
    endloop
  endfacet
  facet normal 1 0 0
    outer loop
      vertex 360.5 298.807 -10.7566
      vertex 360.5 297.817 -6.93842
      vertex 360.5 298.042 -10.9088
    endloop
  endfacet
  facet normal 1 -0 0
    outer loop
      vertex 360.5 297.523 -6.97716
      vertex 360.5 298.042 -10.9088
      vertex 360.5 297.817 -6.93842
    endloop
  endfacet
  facet normal 1 0 0
    outer loop
      vertex 360.5 297.523 -6.97716
      vertex 360.5 297.523 -10.9772
      vertex 360.5 298.042 -10.9088
    endloop
  endfacet
  facet normal 1 -0 0
    outer loop
      vertex 360.5 297.025 -6.99891
      vertex 360.5 297.523 -10.9772
      vertex 360.5 297.523 -6.97716
    endloop
  endfacet
  facet normal 1 0 0
    outer loop
      vertex 360.5 297.523 -10.9772
      vertex 360.5 297.025 -6.99891
      vertex 360.5 297.025 -10.9989
    endloop
  endfacet
  facet normal 1 0 0
    outer loop
      vertex 360.5 304.486 -0.182526
      vertex 360.5 304.486 -1.71326
      vertex 360.5 304.638 -0.947891
    endloop
  endfacet
  facet normal 1 0 0
    outer loop
      vertex 360.5 300.696 -1.46927
      vertex 360.5 304.486 -0.182526
      vertex 360.5 304.286 0.301071
    endloop
  endfacet
  facet normal 1 0 0
    outer loop
      vertex 360.5 304.486 -0.182526
      vertex 360.5 300.79 -1.71326
      vertex 360.5 304.486 -1.71326
    endloop
  endfacet
  facet normal 1 0 0
    outer loop
      vertex 360.5 300.59 -1.22966
      vertex 360.5 304.286 0.301071
      vertex 360.5 304.044 0.765366
    endloop
  endfacet
  facet normal 1 0 0
    outer loop
      vertex 360.5 300.59 -1.22966
      vertex 360.5 304.044 0.765366
      vertex 360.5 303.763 1.20682
    endloop
  endfacet
  facet normal 1 0 0
    outer loop
      vertex 360.5 304.486 -0.182526
      vertex 360.5 300.696 -1.46927
      vertex 360.5 300.79 -1.71326
    endloop
  endfacet
  facet normal 1 0 0
    outer loop
      vertex 360.5 300.363 -0.793045
      vertex 360.5 303.763 1.20682
      vertex 360.5 303.329 1.85567
    endloop
  endfacet
  facet normal 1 0 0
    outer loop
      vertex 360.5 300.182 -0.557495
      vertex 360.5 303.329 1.85567
      vertex 360.5 303.218 2
    endloop
  endfacet
  facet normal 1 0 0
    outer loop
      vertex 360.5 304.486 -1.71326
      vertex 360.5 300.79 -1.71326
      vertex 360.5 304.052 -2.36211
    endloop
  endfacet
  facet normal 1 0 0
    outer loop
      vertex 360.5 304.052 -2.36211
      vertex 360.5 300.79 -1.71326
      vertex 360.5 303.404 -2.79564
    endloop
  endfacet
  facet normal 1 0 0
    outer loop
      vertex 360.5 303.404 -2.79564
      vertex 360.5 300.79 -1.71326
      vertex 360.5 302.638 -2.94789
    endloop
  endfacet
  facet normal 1 0 0
    outer loop
      vertex 360.5 302.638 -2.94789
      vertex 360.5 300.79 -1.71326
      vertex 360.5 301.873 -2.79564
    endloop
  endfacet
  facet normal 1 0 0
    outer loop
      vertex 360.5 301.873 -2.79564
      vertex 360.5 300.79 -1.71326
      vertex 360.5 301.224 -2.36211
    endloop
  endfacet
  facet normal 1 0 0
    outer loop
      vertex 360.5 300.79 -1.71326
      vertex 360.5 300.696 -1.46927
      vertex 360.5 300.712 -1.52513
    endloop
  endfacet
  facet normal 1 0 0
    outer loop
      vertex 360.5 304.286 0.301071
      vertex 360.5 300.59 -1.22966
      vertex 360.5 300.696 -1.46927
    endloop
  endfacet
  facet normal 1 0 0
    outer loop
      vertex 360.5 300.696 -1.46927
      vertex 360.5 300.59 -1.22966
      vertex 360.5 300.668 -1.41777
    endloop
  endfacet
  facet normal 1 0 0
    outer loop
      vertex 360.5 303.763 1.20682
      vertex 360.5 300.363 -0.793045
      vertex 360.5 300.59 -1.22966
    endloop
  endfacet
  facet normal 1 0 0
    outer loop
      vertex 360.5 303.329 1.85567
      vertex 360.5 300.182 -0.557495
      vertex 360.5 300.363 -0.793045
    endloop
  endfacet
  facet normal 1 0 0
    outer loop
      vertex 360.5 303.218 2
      vertex 360.5 299.829 -0.171821
      vertex 360.5 300.182 -0.557495
    endloop
  endfacet
  facet normal 1 0 0
    outer loop
      vertex 360.5 303.218 2
      vertex 360.5 299.828 -0.171573
      vertex 360.5 299.829 -0.171821
    endloop
  endfacet
  facet normal 1 0 0
    outer loop
      vertex 360.5 303.218 2
      vertex 360.5 299.828 -0.171369
      vertex 360.5 299.828 -0.171573
    endloop
  endfacet
  facet normal 1 0 0
    outer loop
      vertex 360.5 303.218 2
      vertex 360.5 299.443 0.182053
      vertex 360.5 299.828 -0.171369
    endloop
  endfacet
  facet normal 1 0 0
    outer loop
      vertex 360.5 303.218 2
      vertex 360.5 299.207 0.362793
      vertex 360.5 299.443 0.182053
    endloop
  endfacet
  facet normal 1 0 0
    outer loop
      vertex 360.5 303.218 2
      vertex 360.5 298.77 0.590073
      vertex 360.5 299.207 0.362793
    endloop
  endfacet
  facet normal 1 -0 0
    outer loop
      vertex 360.5 298.531 0.695518
      vertex 360.5 298.77 0.590073
      vertex 360.5 303.218 2
    endloop
  endfacet
  facet normal 1 0 0
    outer loop
      vertex 360.5 298.77 0.590073
      vertex 360.5 298.531 0.695518
      vertex 360.5 298.582 0.667992
    endloop
  endfacet
  facet normal 1 -0 0
    outer loop
      vertex 360.5 298.287 0.79039
      vertex 360.5 298.531 0.695518
      vertex 360.5 303.218 2
    endloop
  endfacet
  facet normal 1 0 0
    outer loop
      vertex 360.5 298.531 0.695518
      vertex 360.5 298.287 0.79039
      vertex 360.5 298.475 0.712465
    endloop
  endfacet
  facet normal 1 0 0
    outer loop
      vertex 360.5 303.218 2
      vertex 360.5 297.817 0.938416
      vertex 360.5 298.287 0.79039
    endloop
  endfacet
  facet normal 1 0 0
    outer loop
      vertex 360.5 303.218 2
      vertex 360.5 297.523 0.977158
      vertex 360.5 297.817 0.938416
    endloop
  endfacet
  facet normal 1 0 0
    outer loop
      vertex 360.5 303.218 2
      vertex 360.5 297.025 0.998908
      vertex 360.5 297.523 0.977158
    endloop
  endfacet
  facet normal 1 0 0
    outer loop
      vertex 360.5 297.025 0.998908
      vertex 360.5 297 1
      vertex 360.5 297.025 0.997538
    endloop
  endfacet
  facet normal 1 0 0
    outer loop
      vertex 360.5 303.218 2
      vertex 360.5 297 1
      vertex 360.5 297.025 0.998908
    endloop
  endfacet
  facet normal 1 -0 0
    outer loop
      vertex 360.5 292 2
      vertex 360.5 297 1
      vertex 360.5 303.218 2
    endloop
  endfacet
  facet normal 1 0 0
    outer loop
      vertex 360.5 294.778 -6.32588
      vertex 360.5 292.144 -9.32912
      vertex 360.5 292.793 -9.76266
    endloop
  endfacet
  facet normal 1 0 0
    outer loop
      vertex 360.5 289.091 -1.95811
      vertex 360.5 293 -3
      vertex 360.5 293.077 -2.21964
    endloop
  endfacet
  facet normal 1 0 0
    outer loop
      vertex 360.5 297 1
      vertex 360.5 292 2
      vertex 360.5 296.22 0.923141
    endloop
  endfacet
  facet normal 1 0 0
    outer loop
      vertex 360.5 292 2
      vertex 360.5 295.469 0.695518
      vertex 360.5 296.22 0.923141
    endloop
  endfacet
  facet normal 1 0 0
    outer loop
      vertex 360.5 292 2
      vertex 360.5 294.778 0.325878
      vertex 360.5 295.469 0.695518
    endloop
  endfacet
  facet normal 1 0 0
    outer loop
      vertex 360.5 292 2
      vertex 360.5 294.172 -0.171573
      vertex 360.5 294.778 0.325878
    endloop
  endfacet
  facet normal 1 -0 0
    outer loop
      vertex 360.5 292 0
      vertex 360.5 294.172 -0.171573
      vertex 360.5 292 2
    endloop
  endfacet
  facet normal 1 0 0
    outer loop
      vertex 360.5 294.172 -0.171573
      vertex 360.5 292 0
      vertex 360.5 293.674 -0.777719
    endloop
  endfacet
  facet normal 1 0 0
    outer loop
      vertex 360.5 293.674 -0.777719
      vertex 360.5 292 0
      vertex 360.5 293.304 -1.46927
    endloop
  endfacet
  facet normal 1 0 0
    outer loop
      vertex 360.5 293.304 -1.46927
      vertex 360.5 292 0
      vertex 360.5 293.077 -2.21964
    endloop
  endfacet
  facet normal 1 -0 0
    outer loop
      vertex 360.5 289.243 -1.19275
      vertex 360.5 293.077 -2.21964
      vertex 360.5 292 0
    endloop
  endfacet
  facet normal 1 0 0
    outer loop
      vertex 360.5 294.172 -5.82843
      vertex 360.5 291.729 -9.01047
      vertex 360.5 292.144 -9.32912
    endloop
  endfacet
  facet normal 1 0 0
    outer loop
      vertex 360.5 294.172 -5.82843
      vertex 360.5 291.343 -8.65685
      vertex 360.5 291.729 -9.01047
    endloop
  endfacet
  facet normal 1 0 0
    outer loop
      vertex 360.5 294.032 -5.67626
      vertex 360.5 290.99 -8.27094
      vertex 360.5 291.343 -8.65685
    endloop
  endfacet
  facet normal 1 0 0
    outer loop
      vertex 360.5 293.818 -5.4425
      vertex 360.5 290.671 -7.85567
      vertex 360.5 290.99 -8.27094
    endloop
  endfacet
  facet normal 1 0 0
    outer loop
      vertex 360.5 293.637 -5.20695
      vertex 360.5 290.237 -7.20682
      vertex 360.5 290.671 -7.85567
    endloop
  endfacet
  facet normal 1 0 0
    outer loop
      vertex 360.5 293.41 -4.77034
      vertex 360.5 289.956 -6.76537
      vertex 360.5 290.237 -7.20682
    endloop
  endfacet
  facet normal 1 0 0
    outer loop
      vertex 360.5 293.41 -4.77034
      vertex 360.5 289.714 -6.30107
      vertex 360.5 289.956 -6.76537
    endloop
  endfacet
  facet normal 1 0 0
    outer loop
      vertex 360.5 289.514 -0.182526
      vertex 360.5 292 0
      vertex 360.5 289.59 0
    endloop
  endfacet
  facet normal 1 0 0
    outer loop
      vertex 360.5 292 0
      vertex 360.5 289.514 -0.182526
      vertex 360.5 289.357 -0.681732
    endloop
  endfacet
  facet normal 1 0 0
    outer loop
      vertex 360.5 293.077 -2.21964
      vertex 360.5 289.243 -1.19275
      vertex 360.5 289.091 -1.95811
    endloop
  endfacet
  facet normal 1 0 0
    outer loop
      vertex 360.5 292 0
      vertex 360.5 289.357 -0.681732
      vertex 360.5 289.243 -1.19275
    endloop
  endfacet
  facet normal 1 0 0
    outer loop
      vertex 360.5 293.137 -4.05746
      vertex 360.5 289.243 -4.80725
      vertex 360.5 289.357 -5.31827
    endloop
  endfacet
  facet normal 1 0 0
    outer loop
      vertex 360.5 293.304 -4.53073
      vertex 360.5 289.514 -5.81747
      vertex 360.5 289.714 -6.30107
    endloop
  endfacet
  facet normal 1 0 0
    outer loop
      vertex 360.5 293.21 -4.28674
      vertex 360.5 289.357 -5.31827
      vertex 360.5 289.514 -5.81747
    endloop
  endfacet
  facet normal 1 0 0
    outer loop
      vertex 360.5 293 -3
      vertex 360.5 289.091 -1.95811
      vertex 360.5 289.023 -2.47707
    endloop
  endfacet
  facet normal 1 0 0
    outer loop
      vertex 360.5 293.077 -3.78036
      vertex 360.5 289.091 -4.04189
      vertex 360.5 289.243 -4.80725
    endloop
  endfacet
  facet normal 1 0 0
    outer loop
      vertex 360.5 293 -3
      vertex 360.5 289.023 -2.47707
      vertex 360.5 289 -3
    endloop
  endfacet
  facet normal 1 0 0
    outer loop
      vertex 360.5 293 -3
      vertex 360.5 289.023 -3.52293
      vertex 360.5 289.091 -4.04189
    endloop
  endfacet
  facet normal 1 0 0
    outer loop
      vertex 360.5 293 -3
      vertex 360.5 289 -3
      vertex 360.5 289.023 -3.52293
    endloop
  endfacet
  facet normal 0 -0.0436331 -0.999048
    outer loop
      vertex 339.5 297.025 0.998908
      vertex 360.5 297.523 0.977158
      vertex 360.5 297.025 0.998908
    endloop
  endfacet
  facet normal -0 -0.0436331 -0.999048
    outer loop
      vertex 360.5 297.523 0.977158
      vertex 339.5 297.025 0.998908
      vertex 339.5 297.523 0.977158
    endloop
  endfacet
  facet normal 0 -0.130646 -0.991429
    outer loop
      vertex 339.5 297.523 0.977158
      vertex 360.5 297.817 0.938416
      vertex 360.5 297.523 0.977158
    endloop
  endfacet
  facet normal -0 -0.130646 -0.991429
    outer loop
      vertex 360.5 297.817 0.938416
      vertex 339.5 297.523 0.977158
      vertex 339.5 297.817 0.938416
    endloop
  endfacet
  facet normal 0 -0.300402 -0.953813
    outer loop
      vertex 339.5 297.817 0.938416
      vertex 360.5 298.287 0.79039
      vertex 360.5 297.817 0.938416
    endloop
  endfacet
  facet normal -0 -0.300402 -0.953813
    outer loop
      vertex 360.5 298.287 0.79039
      vertex 339.5 297.817 0.938416
      vertex 339.5 298.287 0.79039
    endloop
  endfacet
  facet normal 0 -0.382905 -0.923788
    outer loop
      vertex 339.5 298.287 0.79039
      vertex 360.5 298.475 0.712465
      vertex 360.5 298.287 0.79039
    endloop
  endfacet
  facet normal -0 -0.382905 -0.923788
    outer loop
      vertex 360.5 298.475 0.712465
      vertex 339.5 298.287 0.79039
      vertex 339.5 298.475 0.712465
    endloop
  endfacet
  facet normal 0 -0.38288 -0.923798
    outer loop
      vertex 339.5 298.582 0.667992
      vertex 360.5 298.77 0.590073
      vertex 360.5 298.582 0.667992
    endloop
  endfacet
  facet normal -0 -0.38288 -0.923798
    outer loop
      vertex 360.5 298.77 0.590073
      vertex 339.5 298.582 0.667992
      vertex 339.5 298.77 0.590073
    endloop
  endfacet
  facet normal 0 -0.461417 -0.887184
    outer loop
      vertex 339.5 298.77 0.590073
      vertex 360.5 299.207 0.362793
      vertex 360.5 298.77 0.590073
    endloop
  endfacet
  facet normal -0 -0.461417 -0.887184
    outer loop
      vertex 360.5 299.207 0.362793
      vertex 339.5 298.77 0.590073
      vertex 339.5 299.207 0.362793
    endloop
  endfacet
  facet normal 0 -0.608022 -0.79392
    outer loop
      vertex 339.5 299.207 0.362793
      vertex 360.5 299.443 0.182053
      vertex 360.5 299.207 0.362793
    endloop
  endfacet
  facet normal -0 -0.608022 -0.79392
    outer loop
      vertex 360.5 299.443 0.182053
      vertex 339.5 299.207 0.362793
      vertex 339.5 299.443 0.182053
    endloop
  endfacet
  facet normal 0 -0.67625 -0.736672
    outer loop
      vertex 339.5 299.443 0.182053
      vertex 360.5 299.828 -0.171369
      vertex 360.5 299.443 0.182053
    endloop
  endfacet
  facet normal -0 -0.67625 -0.736672
    outer loop
      vertex 360.5 299.828 -0.171369
      vertex 339.5 299.443 0.182053
      vertex 339.5 299.828 -0.171369
    endloop
  endfacet
  facet normal 0 -0.737663 -0.675169
    outer loop
      vertex 339.5 300.182 -0.557495
      vertex 360.5 299.829 -0.171821
      vertex 339.5 299.829 -0.171821
    endloop
  endfacet
  facet normal 0 -0.737663 -0.675169
    outer loop
      vertex 360.5 299.829 -0.171821
      vertex 339.5 300.182 -0.557495
      vertex 360.5 300.182 -0.557495
    endloop
  endfacet
  facet normal 0 -0.792937 -0.609304
    outer loop
      vertex 339.5 300.363 -0.793045
      vertex 360.5 300.182 -0.557495
      vertex 339.5 300.182 -0.557495
    endloop
  endfacet
  facet normal 0 -0.792937 -0.609304
    outer loop
      vertex 360.5 300.182 -0.557495
      vertex 339.5 300.363 -0.793045
      vertex 360.5 300.363 -0.793045
    endloop
  endfacet
  facet normal 0 -0.88725 -0.461289
    outer loop
      vertex 339.5 300.59 -1.22966
      vertex 360.5 300.363 -0.793045
      vertex 339.5 300.363 -0.793045
    endloop
  endfacet
  facet normal 0 -0.88725 -0.461289
    outer loop
      vertex 360.5 300.363 -0.793045
      vertex 339.5 300.59 -1.22966
      vertex 360.5 300.59 -1.22966
    endloop
  endfacet
  facet normal 0 -0.923737 -0.383028
    outer loop
      vertex 339.5 300.668 -1.41777
      vertex 360.5 300.59 -1.22966
      vertex 339.5 300.59 -1.22966
    endloop
  endfacet
  facet normal 0 -0.923737 -0.383028
    outer loop
      vertex 360.5 300.59 -1.22966
      vertex 339.5 300.668 -1.41777
      vertex 360.5 300.668 -1.41777
    endloop
  endfacet
  facet normal 0 -0.923751 -0.382994
    outer loop
      vertex 339.5 300.79 -1.71326
      vertex 360.5 300.712 -1.52513
      vertex 339.5 300.712 -1.52513
    endloop
  endfacet
  facet normal 0 -0.923751 -0.382994
    outer loop
      vertex 360.5 300.712 -1.52513
      vertex 339.5 300.79 -1.71326
      vertex 360.5 300.79 -1.71326
    endloop
  endfacet
  facet normal 0 -0.831202 -0.555971
    outer loop
      vertex 339.5 301.224 -2.36211
      vertex 360.5 300.79 -1.71326
      vertex 339.5 300.79 -1.71326
    endloop
  endfacet
  facet normal 0 -0.831202 -0.555971
    outer loop
      vertex 360.5 300.79 -1.71326
      vertex 339.5 301.224 -2.36211
      vertex 360.5 301.224 -2.36211
    endloop
  endfacet
  facet normal 0 -0.555466 -0.831539
    outer loop
      vertex 339.5 301.224 -2.36211
      vertex 360.5 301.873 -2.79564
      vertex 360.5 301.224 -2.36211
    endloop
  endfacet
  facet normal -0 -0.555466 -0.831539
    outer loop
      vertex 360.5 301.873 -2.79564
      vertex 339.5 301.224 -2.36211
      vertex 339.5 301.873 -2.79564
    endloop
  endfacet
  facet normal 0 -0.195191 -0.980765
    outer loop
      vertex 339.5 301.873 -2.79564
      vertex 360.5 302.638 -2.94789
      vertex 360.5 301.873 -2.79564
    endloop
  endfacet
  facet normal -0 -0.195191 -0.980765
    outer loop
      vertex 360.5 302.638 -2.94789
      vertex 339.5 301.873 -2.79564
      vertex 339.5 302.638 -2.94789
    endloop
  endfacet
  facet normal 0 0.194946 -0.980814
    outer loop
      vertex 339.5 302.638 -2.94789
      vertex 360.5 303.404 -2.79564
      vertex 360.5 302.638 -2.94789
    endloop
  endfacet
  facet normal 0 0.194946 -0.980814
    outer loop
      vertex 360.5 303.404 -2.79564
      vertex 339.5 302.638 -2.94789
      vertex 339.5 303.404 -2.79564
    endloop
  endfacet
  facet normal 0 0.556058 -0.831143
    outer loop
      vertex 339.5 303.404 -2.79564
      vertex 360.5 304.052 -2.36211
      vertex 360.5 303.404 -2.79564
    endloop
  endfacet
  facet normal 0 0.556058 -0.831143
    outer loop
      vertex 360.5 304.052 -2.36211
      vertex 339.5 303.404 -2.79564
      vertex 339.5 304.052 -2.36211
    endloop
  endfacet
  facet normal 0 0.831202 -0.555971
    outer loop
      vertex 360.5 304.052 -2.36211
      vertex 339.5 304.486 -1.71326
      vertex 360.5 304.486 -1.71326
    endloop
  endfacet
  facet normal 0 0.831202 -0.555971
    outer loop
      vertex 339.5 304.486 -1.71326
      vertex 360.5 304.052 -2.36211
      vertex 339.5 304.052 -2.36211
    endloop
  endfacet
  facet normal 0 0.980844 -0.194793
    outer loop
      vertex 360.5 304.486 -1.71326
      vertex 339.5 304.638 -0.947891
      vertex 360.5 304.638 -0.947891
    endloop
  endfacet
  facet normal 0 0.980844 -0.194793
    outer loop
      vertex 339.5 304.638 -0.947891
      vertex 360.5 304.486 -1.71326
      vertex 339.5 304.486 -1.71326
    endloop
  endfacet
  facet normal 0 0.980844 0.194794
    outer loop
      vertex 360.5 304.638 -0.947891
      vertex 339.5 304.486 -0.182526
      vertex 360.5 304.486 -0.182526
    endloop
  endfacet
  facet normal 0 0.980844 0.194794
    outer loop
      vertex 339.5 304.486 -0.182526
      vertex 360.5 304.638 -0.947891
      vertex 339.5 304.638 -0.947891
    endloop
  endfacet
  facet normal 0 0.92409 0.382174
    outer loop
      vertex 360.5 304.486 -0.182526
      vertex 339.5 304.286 0.301071
      vertex 360.5 304.286 0.301071
    endloop
  endfacet
  facet normal 0 0.92409 0.382174
    outer loop
      vertex 339.5 304.286 0.301071
      vertex 360.5 304.486 -0.182526
      vertex 339.5 304.486 -0.182526
    endloop
  endfacet
  facet normal 0 0.886773 0.462204
    outer loop
      vertex 360.5 304.286 0.301071
      vertex 339.5 304.044 0.765366
      vertex 360.5 304.044 0.765366
    endloop
  endfacet
  facet normal 0 0.886773 0.462204
    outer loop
      vertex 339.5 304.044 0.765366
      vertex 360.5 304.286 0.301071
      vertex 339.5 304.286 0.301071
    endloop
  endfacet
  facet normal 0 0.843597 0.536977
    outer loop
      vertex 360.5 304.044 0.765366
      vertex 339.5 303.763 1.20682
      vertex 360.5 303.763 1.20682
    endloop
  endfacet
  facet normal 0 0.843597 0.536977
    outer loop
      vertex 339.5 303.763 1.20682
      vertex 360.5 304.044 0.765366
      vertex 339.5 304.044 0.765366
    endloop
  endfacet
  facet normal 0 0.831202 0.555971
    outer loop
      vertex 360.5 303.763 1.20682
      vertex 339.5 303.329 1.85567
      vertex 360.5 303.329 1.85567
    endloop
  endfacet
  facet normal 0 0.831202 0.555971
    outer loop
      vertex 339.5 303.329 1.85567
      vertex 360.5 303.763 1.20682
      vertex 339.5 303.763 1.20682
    endloop
  endfacet
  facet normal 0 0.792685 0.609631
    outer loop
      vertex 360.5 303.329 1.85567
      vertex 339.5 303.218 2
      vertex 360.5 303.218 2
    endloop
  endfacet
  facet normal 0 0.792685 0.609631
    outer loop
      vertex 339.5 303.218 2
      vertex 360.5 303.329 1.85567
      vertex 339.5 303.329 1.85567
    endloop
  endfacet
  facet normal 0 -0.923171 0.384389
    outer loop
      vertex 339.5 289.514 -0.182526
      vertex 360.5 289.59 0
      vertex 339.5 289.59 0
    endloop
  endfacet
  facet normal 0 -0.923171 0.384389
    outer loop
      vertex 360.5 289.59 0
      vertex 339.5 289.514 -0.182526
      vertex 360.5 289.514 -0.182526
    endloop
  endfacet
  facet normal 0 -0.953935 0.300012
    outer loop
      vertex 339.5 289.357 -0.681732
      vertex 360.5 289.514 -0.182526
      vertex 339.5 289.514 -0.182526
    endloop
  endfacet
  facet normal 0 -0.953935 0.300012
    outer loop
      vertex 360.5 289.514 -0.182526
      vertex 339.5 289.357 -0.681732
      vertex 360.5 289.357 -0.681732
    endloop
  endfacet
  facet normal 0 -0.976009 0.217732
    outer loop
      vertex 339.5 289.243 -1.19275
      vertex 360.5 289.357 -0.681732
      vertex 339.5 289.357 -0.681732
    endloop
  endfacet
  facet normal 0 -0.976009 0.217732
    outer loop
      vertex 360.5 289.357 -0.681732
      vertex 339.5 289.243 -1.19275
      vertex 360.5 289.243 -1.19275
    endloop
  endfacet
  facet normal 0 -0.980844 0.194795
    outer loop
      vertex 339.5 289.091 -1.95811
      vertex 360.5 289.243 -1.19275
      vertex 339.5 289.243 -1.19275
    endloop
  endfacet
  facet normal 0 -0.980844 0.194795
    outer loop
      vertex 360.5 289.243 -1.19275
      vertex 339.5 289.091 -1.95811
      vertex 360.5 289.091 -1.95811
    endloop
  endfacet
  facet normal 0 -0.991524 0.129921
    outer loop
      vertex 339.5 289.023 -2.47707
      vertex 360.5 289.091 -1.95811
      vertex 339.5 289.091 -1.95811
    endloop
  endfacet
  facet normal 0 -0.991524 0.129921
    outer loop
      vertex 360.5 289.091 -1.95811
      vertex 339.5 289.023 -2.47707
      vertex 360.5 289.023 -2.47707
    endloop
  endfacet
  facet normal 0 -0.999034 0.0439405
    outer loop
      vertex 339.5 289 -3
      vertex 360.5 289.023 -2.47707
      vertex 339.5 289.023 -2.47707
    endloop
  endfacet
  facet normal 0 -0.999034 0.0439405
    outer loop
      vertex 360.5 289.023 -2.47707
      vertex 339.5 289 -3
      vertex 360.5 289 -3
    endloop
  endfacet
  facet normal 0 -0.999034 -0.0439405
    outer loop
      vertex 339.5 289.023 -3.52293
      vertex 360.5 289 -3
      vertex 339.5 289 -3
    endloop
  endfacet
  facet normal 0 -0.999034 -0.0439405
    outer loop
      vertex 360.5 289 -3
      vertex 339.5 289.023 -3.52293
      vertex 360.5 289.023 -3.52293
    endloop
  endfacet
  facet normal 0 -0.991524 -0.129921
    outer loop
      vertex 339.5 289.091 -4.04189
      vertex 360.5 289.023 -3.52293
      vertex 339.5 289.023 -3.52293
    endloop
  endfacet
  facet normal 0 -0.991524 -0.129921
    outer loop
      vertex 360.5 289.023 -3.52293
      vertex 339.5 289.091 -4.04189
      vertex 360.5 289.091 -4.04189
    endloop
  endfacet
  facet normal 0 -0.980844 -0.194795
    outer loop
      vertex 339.5 289.243 -4.80725
      vertex 360.5 289.091 -4.04189
      vertex 339.5 289.091 -4.04189
    endloop
  endfacet
  facet normal 0 -0.980844 -0.194795
    outer loop
      vertex 360.5 289.091 -4.04189
      vertex 339.5 289.243 -4.80725
      vertex 360.5 289.243 -4.80725
    endloop
  endfacet
  facet normal 0 -0.976009 -0.217731
    outer loop
      vertex 339.5 289.357 -5.31827
      vertex 360.5 289.243 -4.80725
      vertex 339.5 289.243 -4.80725
    endloop
  endfacet
  facet normal 0 -0.976009 -0.217731
    outer loop
      vertex 360.5 289.243 -4.80725
      vertex 339.5 289.357 -5.31827
      vertex 360.5 289.357 -5.31827
    endloop
  endfacet
  facet normal 0 -0.953934 -0.300015
    outer loop
      vertex 339.5 289.514 -5.81747
      vertex 360.5 289.357 -5.31827
      vertex 339.5 289.357 -5.31827
    endloop
  endfacet
  facet normal 0 -0.953934 -0.300015
    outer loop
      vertex 360.5 289.357 -5.31827
      vertex 339.5 289.514 -5.81747
      vertex 360.5 289.514 -5.81747
    endloop
  endfacet
  facet normal 0 -0.924091 -0.382172
    outer loop
      vertex 339.5 289.714 -6.30107
      vertex 360.5 289.514 -5.81747
      vertex 339.5 289.514 -5.81747
    endloop
  endfacet
  facet normal 0 -0.924091 -0.382172
    outer loop
      vertex 360.5 289.514 -5.81747
      vertex 339.5 289.714 -6.30107
      vertex 360.5 289.714 -6.30107
    endloop
  endfacet
  facet normal 0 -0.886775 -0.4622
    outer loop
      vertex 339.5 289.956 -6.76537
      vertex 360.5 289.714 -6.30107
      vertex 339.5 289.714 -6.30107
    endloop
  endfacet
  facet normal 0 -0.886775 -0.4622
    outer loop
      vertex 360.5 289.714 -6.30107
      vertex 339.5 289.956 -6.76537
      vertex 360.5 289.956 -6.76537
    endloop
  endfacet
  facet normal 0 -0.843595 -0.536981
    outer loop
      vertex 339.5 290.237 -7.20682
      vertex 360.5 289.956 -6.76537
      vertex 339.5 289.956 -6.76537
    endloop
  endfacet
  facet normal 0 -0.843595 -0.536981
    outer loop
      vertex 360.5 289.956 -6.76537
      vertex 339.5 290.237 -7.20682
      vertex 360.5 290.237 -7.20682
    endloop
  endfacet
  facet normal 0 -0.831202 -0.555971
    outer loop
      vertex 339.5 290.671 -7.85567
      vertex 360.5 290.237 -7.20682
      vertex 339.5 290.237 -7.20682
    endloop
  endfacet
  facet normal 0 -0.831202 -0.555971
    outer loop
      vertex 360.5 290.237 -7.20682
      vertex 339.5 290.671 -7.85567
      vertex 360.5 290.671 -7.85567
    endloop
  endfacet
  facet normal 0 -0.793028 -0.609185
    outer loop
      vertex 339.5 290.99 -8.27094
      vertex 360.5 290.671 -7.85567
      vertex 339.5 290.671 -7.85567
    endloop
  endfacet
  facet normal 0 -0.793028 -0.609185
    outer loop
      vertex 360.5 290.671 -7.85567
      vertex 339.5 290.99 -8.27094
      vertex 360.5 290.99 -8.27094
    endloop
  endfacet
  facet normal 0 -0.737869 -0.674944
    outer loop
      vertex 339.5 291.343 -8.65685
      vertex 360.5 290.99 -8.27094
      vertex 339.5 290.99 -8.27094
    endloop
  endfacet
  facet normal 0 -0.737869 -0.674944
    outer loop
      vertex 360.5 290.99 -8.27094
      vertex 339.5 291.343 -8.65685
      vertex 360.5 291.343 -8.65685
    endloop
  endfacet
  facet normal 0 -0.675503 -0.737357
    outer loop
      vertex 339.5 291.343 -8.65685
      vertex 360.5 291.729 -9.01047
      vertex 360.5 291.343 -8.65685
    endloop
  endfacet
  facet normal -0 -0.675503 -0.737357
    outer loop
      vertex 360.5 291.729 -9.01047
      vertex 339.5 291.343 -8.65685
      vertex 339.5 291.729 -9.01047
    endloop
  endfacet
  facet normal 0 -0.609013 -0.79316
    outer loop
      vertex 339.5 291.729 -9.01047
      vertex 360.5 292.144 -9.32912
      vertex 360.5 291.729 -9.01047
    endloop
  endfacet
  facet normal -0 -0.609013 -0.79316
    outer loop
      vertex 360.5 292.144 -9.32912
      vertex 339.5 291.729 -9.01047
      vertex 339.5 292.144 -9.32912
    endloop
  endfacet
  facet normal 0 -0.555475 -0.831533
    outer loop
      vertex 339.5 292.144 -9.32912
      vertex 360.5 292.793 -9.76266
      vertex 360.5 292.144 -9.32912
    endloop
  endfacet
  facet normal -0 -0.555475 -0.831533
    outer loop
      vertex 360.5 292.793 -9.76266
      vertex 339.5 292.144 -9.32912
      vertex 339.5 292.793 -9.76266
    endloop
  endfacet
  facet normal 0 -0.536831 -0.84369
    outer loop
      vertex 339.5 292.793 -9.76266
      vertex 360.5 293.235 -10.0439
      vertex 360.5 292.793 -9.76266
    endloop
  endfacet
  facet normal -0 -0.536831 -0.84369
    outer loop
      vertex 360.5 293.235 -10.0439
      vertex 339.5 292.793 -9.76266
      vertex 339.5 293.235 -10.0439
    endloop
  endfacet
  facet normal 0 -0.461985 -0.886888
    outer loop
      vertex 339.5 293.235 -10.0439
      vertex 360.5 293.699 -10.2856
      vertex 360.5 293.235 -10.0439
    endloop
  endfacet
  facet normal -0 -0.461985 -0.886888
    outer loop
      vertex 360.5 293.699 -10.2856
      vertex 339.5 293.235 -10.0439
      vertex 339.5 293.699 -10.2856
    endloop
  endfacet
  facet normal 0 -0.382391 -0.924001
    outer loop
      vertex 339.5 293.699 -10.2856
      vertex 360.5 294.183 -10.4859
      vertex 360.5 293.699 -10.2856
    endloop
  endfacet
  facet normal -0 -0.382391 -0.924001
    outer loop
      vertex 360.5 294.183 -10.4859
      vertex 339.5 293.699 -10.2856
      vertex 339.5 294.183 -10.4859
    endloop
  endfacet
  facet normal 0 -0.30082 -0.953681
    outer loop
      vertex 339.5 294.183 -10.4859
      vertex 360.5 294.682 -10.6433
      vertex 360.5 294.183 -10.4859
    endloop
  endfacet
  facet normal -0 -0.30082 -0.953681
    outer loop
      vertex 360.5 294.682 -10.6433
      vertex 339.5 294.183 -10.4859
      vertex 339.5 294.682 -10.6433
    endloop
  endfacet
  facet normal 0 -0.216465 -0.97629
    outer loop
      vertex 339.5 294.682 -10.6433
      vertex 360.5 295.193 -10.7566
      vertex 360.5 294.682 -10.6433
    endloop
  endfacet
  facet normal -0 -0.216465 -0.97629
    outer loop
      vertex 360.5 295.193 -10.7566
      vertex 339.5 294.682 -10.6433
      vertex 339.5 295.193 -10.7566
    endloop
  endfacet
  facet normal 0 -0.19513 -0.980777
    outer loop
      vertex 339.5 295.193 -10.7566
      vertex 360.5 295.958 -10.9088
      vertex 360.5 295.193 -10.7566
    endloop
  endfacet
  facet normal -0 -0.19513 -0.980777
    outer loop
      vertex 360.5 295.958 -10.9088
      vertex 339.5 295.193 -10.7566
      vertex 339.5 295.958 -10.9088
    endloop
  endfacet
  facet normal 0 -0.130662 -0.991427
    outer loop
      vertex 339.5 295.958 -10.9088
      vertex 360.5 296.477 -10.9772
      vertex 360.5 295.958 -10.9088
    endloop
  endfacet
  facet normal -0 -0.130662 -0.991427
    outer loop
      vertex 360.5 296.477 -10.9772
      vertex 339.5 295.958 -10.9088
      vertex 339.5 296.477 -10.9772
    endloop
  endfacet
  facet normal 0 -0.0436204 -0.999048
    outer loop
      vertex 339.5 296.477 -10.9772
      vertex 360.5 296.974 -10.9989
      vertex 360.5 296.477 -10.9772
    endloop
  endfacet
  facet normal -0 -0.0436204 -0.999048
    outer loop
      vertex 360.5 296.974 -10.9989
      vertex 339.5 296.477 -10.9772
      vertex 339.5 296.974 -10.9989
    endloop
  endfacet
  facet normal 0 0.043533 -0.999052
    outer loop
      vertex 339.5 297.025 -10.9989
      vertex 360.5 297.523 -10.9772
      vertex 360.5 297.025 -10.9989
    endloop
  endfacet
  facet normal 0 0.043533 -0.999052
    outer loop
      vertex 360.5 297.523 -10.9772
      vertex 339.5 297.025 -10.9989
      vertex 339.5 297.523 -10.9772
    endloop
  endfacet
  facet normal 0 0.130662 -0.991427
    outer loop
      vertex 339.5 297.523 -10.9772
      vertex 360.5 298.042 -10.9088
      vertex 360.5 297.523 -10.9772
    endloop
  endfacet
  facet normal 0 0.130662 -0.991427
    outer loop
      vertex 360.5 298.042 -10.9088
      vertex 339.5 297.523 -10.9772
      vertex 339.5 298.042 -10.9088
    endloop
  endfacet
  facet normal 0 0.19513 -0.980777
    outer loop
      vertex 339.5 298.042 -10.9088
      vertex 360.5 298.807 -10.7566
      vertex 360.5 298.042 -10.9088
    endloop
  endfacet
  facet normal 0 0.19513 -0.980777
    outer loop
      vertex 360.5 298.807 -10.7566
      vertex 339.5 298.042 -10.9088
      vertex 339.5 298.807 -10.7566
    endloop
  endfacet
  facet normal 0 0.216465 -0.97629
    outer loop
      vertex 339.5 298.807 -10.7566
      vertex 360.5 299.318 -10.6433
      vertex 360.5 298.807 -10.7566
    endloop
  endfacet
  facet normal 0 0.216465 -0.97629
    outer loop
      vertex 360.5 299.318 -10.6433
      vertex 339.5 298.807 -10.7566
      vertex 339.5 299.318 -10.6433
    endloop
  endfacet
  facet normal 0 0.30082 -0.953681
    outer loop
      vertex 339.5 299.318 -10.6433
      vertex 360.5 299.817 -10.4859
      vertex 360.5 299.318 -10.6433
    endloop
  endfacet
  facet normal 0 0.30082 -0.953681
    outer loop
      vertex 360.5 299.817 -10.4859
      vertex 339.5 299.318 -10.6433
      vertex 339.5 299.817 -10.4859
    endloop
  endfacet
  facet normal 0 0.382391 -0.924001
    outer loop
      vertex 339.5 299.817 -10.4859
      vertex 360.5 300.301 -10.2856
      vertex 360.5 299.817 -10.4859
    endloop
  endfacet
  facet normal 0 0.382391 -0.924001
    outer loop
      vertex 360.5 300.301 -10.2856
      vertex 339.5 299.817 -10.4859
      vertex 339.5 300.301 -10.2856
    endloop
  endfacet
  facet normal 0 0.461985 -0.886888
    outer loop
      vertex 339.5 300.301 -10.2856
      vertex 360.5 300.765 -10.0439
      vertex 360.5 300.301 -10.2856
    endloop
  endfacet
  facet normal 0 0.461985 -0.886888
    outer loop
      vertex 360.5 300.765 -10.0439
      vertex 339.5 300.301 -10.2856
      vertex 339.5 300.765 -10.0439
    endloop
  endfacet
  facet normal 0 0.536831 -0.84369
    outer loop
      vertex 339.5 300.765 -10.0439
      vertex 360.5 301.207 -9.76266
      vertex 360.5 300.765 -10.0439
    endloop
  endfacet
  facet normal 0 0.536831 -0.84369
    outer loop
      vertex 360.5 301.207 -9.76266
      vertex 339.5 300.765 -10.0439
      vertex 339.5 301.207 -9.76266
    endloop
  endfacet
  facet normal 0 0.555475 -0.831533
    outer loop
      vertex 339.5 301.207 -9.76266
      vertex 360.5 301.856 -9.32912
      vertex 360.5 301.207 -9.76266
    endloop
  endfacet
  facet normal 0 0.555475 -0.831533
    outer loop
      vertex 360.5 301.856 -9.32912
      vertex 339.5 301.207 -9.76266
      vertex 339.5 301.856 -9.32912
    endloop
  endfacet
  facet normal 0 0.609013 -0.79316
    outer loop
      vertex 339.5 301.856 -9.32912
      vertex 360.5 302.271 -9.01047
      vertex 360.5 301.856 -9.32912
    endloop
  endfacet
  facet normal 0 0.609013 -0.79316
    outer loop
      vertex 360.5 302.271 -9.01047
      vertex 339.5 301.856 -9.32912
      vertex 339.5 302.271 -9.01047
    endloop
  endfacet
  facet normal 0 0.83179 -0.555091
    outer loop
      vertex 360.5 302.271 -9.01047
      vertex 339.5 302.704 -8.36163
      vertex 360.5 302.704 -8.36163
    endloop
  endfacet
  facet normal 0 0.83179 -0.555091
    outer loop
      vertex 339.5 302.704 -8.36163
      vertex 360.5 302.271 -9.01047
      vertex 339.5 302.271 -9.01047
    endloop
  endfacet
  facet normal 0 0.980599 -0.196023
    outer loop
      vertex 360.5 302.704 -8.36163
      vertex 339.5 302.857 -7.59625
      vertex 360.5 302.857 -7.59625
    endloop
  endfacet
  facet normal 0 0.980599 -0.196023
    outer loop
      vertex 339.5 302.857 -7.59625
      vertex 360.5 302.704 -8.36163
      vertex 339.5 302.704 -8.36163
    endloop
  endfacet
  facet normal 0 0.980598 0.196027
    outer loop
      vertex 360.5 302.857 -7.59625
      vertex 339.5 302.704 -6.83089
      vertex 360.5 302.704 -6.83089
    endloop
  endfacet
  facet normal 0 0.980598 0.196027
    outer loop
      vertex 339.5 302.704 -6.83089
      vertex 360.5 302.857 -7.59625
      vertex 339.5 302.857 -7.59625
    endloop
  endfacet
  facet normal 0 0.83179 0.555091
    outer loop
      vertex 360.5 302.704 -6.83089
      vertex 339.5 302.271 -6.18205
      vertex 360.5 302.271 -6.18205
    endloop
  endfacet
  facet normal 0 0.83179 0.555091
    outer loop
      vertex 339.5 302.271 -6.18205
      vertex 360.5 302.704 -6.83089
      vertex 339.5 302.704 -6.83089
    endloop
  endfacet
  facet normal -0 0.555483 0.831528
    outer loop
      vertex 339.5 302.271 -6.18205
      vertex 360.5 301.622 -5.7485
      vertex 360.5 302.271 -6.18205
    endloop
  endfacet
  facet normal 0 0.555483 0.831528
    outer loop
      vertex 360.5 301.622 -5.7485
      vertex 339.5 302.271 -6.18205
      vertex 339.5 301.622 -5.7485
    endloop
  endfacet
  facet normal -0 0.195191 0.980765
    outer loop
      vertex 339.5 301.622 -5.7485
      vertex 360.5 300.857 -5.59625
      vertex 360.5 301.622 -5.7485
    endloop
  endfacet
  facet normal 0 0.195191 0.980765
    outer loop
      vertex 360.5 300.857 -5.59625
      vertex 339.5 301.622 -5.7485
      vertex 339.5 300.857 -5.59625
    endloop
  endfacet
  facet normal 0 -0.194946 0.980814
    outer loop
      vertex 339.5 300.857 -5.59625
      vertex 360.5 300.091 -5.7485
      vertex 360.5 300.857 -5.59625
    endloop
  endfacet
  facet normal 0 -0.194946 0.980814
    outer loop
      vertex 360.5 300.091 -5.7485
      vertex 339.5 300.857 -5.59625
      vertex 339.5 300.091 -5.7485
    endloop
  endfacet
  facet normal 0 -0.556076 0.831132
    outer loop
      vertex 339.5 300.091 -5.7485
      vertex 360.5 299.443 -6.18205
      vertex 360.5 300.091 -5.7485
    endloop
  endfacet
  facet normal 0 -0.556076 0.831132
    outer loop
      vertex 360.5 299.443 -6.18205
      vertex 339.5 300.091 -5.7485
      vertex 339.5 299.443 -6.18205
    endloop
  endfacet
  facet normal 0 -0.608022 0.79392
    outer loop
      vertex 339.5 299.443 -6.18205
      vertex 360.5 299.207 -6.36279
      vertex 360.5 299.443 -6.18205
    endloop
  endfacet
  facet normal 0 -0.608022 0.79392
    outer loop
      vertex 360.5 299.207 -6.36279
      vertex 339.5 299.443 -6.18205
      vertex 339.5 299.207 -6.36279
    endloop
  endfacet
  facet normal 0 -0.461417 0.887184
    outer loop
      vertex 339.5 299.207 -6.36279
      vertex 360.5 298.77 -6.59007
      vertex 360.5 299.207 -6.36279
    endloop
  endfacet
  facet normal 0 -0.461417 0.887184
    outer loop
      vertex 360.5 298.77 -6.59007
      vertex 339.5 299.207 -6.36279
      vertex 339.5 298.77 -6.59007
    endloop
  endfacet
  facet normal 0 -0.382926 0.923779
    outer loop
      vertex 339.5 298.475 -6.71246
      vertex 360.5 298.287 -6.79039
      vertex 360.5 298.475 -6.71246
    endloop
  endfacet
  facet normal 0 -0.382926 0.923779
    outer loop
      vertex 360.5 298.287 -6.79039
      vertex 339.5 298.475 -6.71246
      vertex 339.5 298.287 -6.79039
    endloop
  endfacet
  facet normal 0 -0.382884 0.923796
    outer loop
      vertex 339.5 298.77 -6.59007
      vertex 360.5 298.582 -6.66799
      vertex 360.5 298.77 -6.59007
    endloop
  endfacet
  facet normal 0 -0.382884 0.923796
    outer loop
      vertex 360.5 298.582 -6.66799
      vertex 339.5 298.77 -6.59007
      vertex 339.5 298.582 -6.66799
    endloop
  endfacet
  facet normal 0 -0.30041 0.95381
    outer loop
      vertex 339.5 298.287 -6.79039
      vertex 360.5 297.817 -6.93842
      vertex 360.5 298.287 -6.79039
    endloop
  endfacet
  facet normal 0 -0.30041 0.95381
    outer loop
      vertex 360.5 297.817 -6.93842
      vertex 339.5 298.287 -6.79039
      vertex 339.5 297.817 -6.93842
    endloop
  endfacet
  facet normal 0 -0.130639 0.99143
    outer loop
      vertex 339.5 297.817 -6.93842
      vertex 360.5 297.523 -6.97716
      vertex 360.5 297.817 -6.93842
    endloop
  endfacet
  facet normal 0 -0.130639 0.99143
    outer loop
      vertex 360.5 297.523 -6.97716
      vertex 339.5 297.817 -6.93842
      vertex 339.5 297.523 -6.97716
    endloop
  endfacet
  facet normal 0 -0.0436331 0.999048
    outer loop
      vertex 339.5 297.523 -6.97716
      vertex 360.5 297.025 -6.99891
      vertex 360.5 297.523 -6.97716
    endloop
  endfacet
  facet normal 0 -0.0436331 0.999048
    outer loop
      vertex 360.5 297.025 -6.99891
      vertex 339.5 297.523 -6.97716
      vertex 339.5 297.025 -6.99891
    endloop
  endfacet
  facet normal 0 0.737594 0.675244
    outer loop
      vertex 360.5 294.032 -5.67626
      vertex 339.5 293.818 -5.4425
      vertex 360.5 293.818 -5.4425
    endloop
  endfacet
  facet normal 0 0.737594 0.675244
    outer loop
      vertex 339.5 293.818 -5.4425
      vertex 360.5 294.032 -5.67626
      vertex 339.5 294.032 -5.67626
    endloop
  endfacet
  facet normal 0 0.792937 0.609304
    outer loop
      vertex 360.5 293.818 -5.4425
      vertex 339.5 293.637 -5.20695
      vertex 360.5 293.637 -5.20695
    endloop
  endfacet
  facet normal 0 0.792937 0.609304
    outer loop
      vertex 339.5 293.637 -5.20695
      vertex 360.5 293.818 -5.4425
      vertex 339.5 293.818 -5.4425
    endloop
  endfacet
  facet normal 0 0.887248 0.461293
    outer loop
      vertex 360.5 293.637 -5.20695
      vertex 339.5 293.41 -4.77034
      vertex 360.5 293.41 -4.77034
    endloop
  endfacet
  facet normal 0 0.887248 0.461293
    outer loop
      vertex 339.5 293.41 -4.77034
      vertex 360.5 293.637 -5.20695
      vertex 339.5 293.637 -5.20695
    endloop
  endfacet
  facet normal 0 0.923751 0.382994
    outer loop
      vertex 360.5 293.288 -4.47487
      vertex 339.5 293.21 -4.28674
      vertex 360.5 293.21 -4.28674
    endloop
  endfacet
  facet normal 0 0.923751 0.382994
    outer loop
      vertex 339.5 293.21 -4.28674
      vertex 360.5 293.288 -4.47487
      vertex 339.5 293.288 -4.47487
    endloop
  endfacet
  facet normal 0 0.923737 0.383028
    outer loop
      vertex 360.5 293.41 -4.77034
      vertex 339.5 293.332 -4.58223
      vertex 360.5 293.332 -4.58223
    endloop
  endfacet
  facet normal 0 0.923737 0.383028
    outer loop
      vertex 339.5 293.332 -4.58223
      vertex 360.5 293.41 -4.77034
      vertex 339.5 293.41 -4.77034
    endloop
  endfacet
  facet normal 0 0.952869 0.303382
    outer loop
      vertex 360.5 293.21 -4.28674
      vertex 339.5 293.137 -4.05746
      vertex 360.5 293.137 -4.05746
    endloop
  endfacet
  facet normal 0 0.952869 0.303382
    outer loop
      vertex 339.5 293.137 -4.05746
      vertex 360.5 293.21 -4.28674
      vertex 339.5 293.21 -4.28674
    endloop
  endfacet
  facet normal 0 -0.73994 -0.672673
    outer loop
      vertex 339.5 296.975 -11
      vertex 360.5 296.974 -10.9989
      vertex 339.5 296.974 -10.9989
    endloop
  endfacet
  facet normal 0 -0.73994 -0.672673
    outer loop
      vertex 360.5 296.974 -10.9989
      vertex 339.5 296.975 -11
      vertex 360.5 296.975 -11
    endloop
  endfacet
  facet normal 0 -0.872434 -0.488733
    outer loop
      vertex 339.5 293.19 -4.15207
      vertex 360.5 293.137 -4.05746
      vertex 339.5 293.137 -4.05746
    endloop
  endfacet
  facet normal 0 -0.872434 -0.488733
    outer loop
      vertex 360.5 293.137 -4.05746
      vertex 339.5 293.19 -4.15207
      vertex 360.5 293.19 -4.15207
    endloop
  endfacet
  facet normal 0 -0.875182 -0.483793
    outer loop
      vertex 339.5 294.032 -5.67626
      vertex 360.5 294.002 -5.62199
      vertex 339.5 294.002 -5.62199
    endloop
  endfacet
  facet normal 0 -0.875182 -0.483793
    outer loop
      vertex 360.5 294.002 -5.62199
      vertex 339.5 294.032 -5.67626
      vertex 360.5 294.032 -5.67626
    endloop
  endfacet
  facet normal 0 1 -0
    outer loop
      vertex 360.5 297.025 -11
      vertex 339.5 297.025 -10.9989
      vertex 360.5 297.025 -10.9989
    endloop
  endfacet
  facet normal 0 1 0
    outer loop
      vertex 339.5 297.025 -10.9989
      vertex 360.5 297.025 -11
      vertex 339.5 297.025 -11
    endloop
  endfacet
  facet normal 0 1 -0
    outer loop
      vertex 360.5 297.025 -6.99891
      vertex 339.5 297.025 -6.99754
      vertex 360.5 297.025 -6.99754
    endloop
  endfacet
  facet normal 0 1 0
    outer loop
      vertex 339.5 297.025 -6.99754
      vertex 360.5 297.025 -6.99891
      vertex 339.5 297.025 -6.99891
    endloop
  endfacet
  facet normal 0 1 -0
    outer loop
      vertex 360.5 297.025 0.997538
      vertex 339.5 297.025 0.998908
      vertex 360.5 297.025 0.998908
    endloop
  endfacet
  facet normal 0 1 0
    outer loop
      vertex 339.5 297.025 0.998908
      vertex 360.5 297.025 0.997538
      vertex 339.5 297.025 0.997538
    endloop
  endfacet
  facet normal 0 0 -1
    outer loop
      vertex 339.5 296.975 -11
      vertex 360.5 297.025 -11
      vertex 360.5 296.975 -11
    endloop
  endfacet
  facet normal -0 0 -1
    outer loop
      vertex 360.5 297.025 -11
      vertex 339.5 296.975 -11
      vertex 339.5 297.025 -11
    endloop
  endfacet
  facet normal 0 -0.475015 0.879978
    outer loop
      vertex 339.5 298.582 -6.66799
      vertex 360.5 298.531 -6.69552
      vertex 360.5 298.582 -6.66799
    endloop
  endfacet
  facet normal 0 -0.475015 0.879978
    outer loop
      vertex 360.5 298.531 -6.69552
      vertex 339.5 298.582 -6.66799
      vertex 339.5 298.531 -6.69552
    endloop
  endfacet
  facet normal 0 0.957161 -0.289558
    outer loop
      vertex 360.5 293.077 -2.21964
      vertex 339.5 293.304 -1.46927
      vertex 360.5 293.304 -1.46927
    endloop
  endfacet
  facet normal 0 0.957161 -0.289558
    outer loop
      vertex 339.5 293.304 -1.46927
      vertex 360.5 293.077 -2.21964
      vertex 339.5 293.077 -2.21964
    endloop
  endfacet
  facet normal 0 0.772667 -0.634811
    outer loop
      vertex 360.5 293.674 -0.777719
      vertex 339.5 294.172 -0.171573
      vertex 360.5 294.172 -0.171573
    endloop
  endfacet
  facet normal 0 0.772667 -0.634811
    outer loop
      vertex 339.5 294.172 -0.171573
      vertex 360.5 293.674 -0.777719
      vertex 339.5 293.674 -0.777719
    endloop
  endfacet
  facet normal -0 0.0980635 0.99518
    outer loop
      vertex 339.5 297 -7
      vertex 360.5 296.22 -6.92314
      vertex 360.5 297 -7
    endloop
  endfacet
  facet normal 0 0.0980635 0.99518
    outer loop
      vertex 360.5 296.22 -6.92314
      vertex 339.5 297 -7
      vertex 339.5 296.22 -6.92314
    endloop
  endfacet
  facet normal 0 0.995167 0.0981955
    outer loop
      vertex 360.5 293.077 -3.78036
      vertex 339.5 293 -3
      vertex 360.5 293 -3
    endloop
  endfacet
  facet normal 0 0.995167 0.0981955
    outer loop
      vertex 339.5 293 -3
      vertex 360.5 293.077 -3.78036
      vertex 339.5 293.077 -3.78036
    endloop
  endfacet
  facet normal 0 0.961342 0.275358
    outer loop
      vertex 360.5 293.304 -4.53073
      vertex 339.5 293.288 -4.47487
      vertex 360.5 293.288 -4.47487
    endloop
  endfacet
  facet normal 0 0.961342 0.275358
    outer loop
      vertex 339.5 293.288 -4.47487
      vertex 360.5 293.304 -4.53073
      vertex 339.5 293.304 -4.53073
    endloop
  endfacet
  facet normal 0 0.956766 0.290857
    outer loop
      vertex 360.5 293.19 -4.15207
      vertex 339.5 293.077 -3.78036
      vertex 360.5 293.077 -3.78036
    endloop
  endfacet
  facet normal 0 0.956766 0.290857
    outer loop
      vertex 339.5 293.077 -3.78036
      vertex 360.5 293.19 -4.15207
      vertex 339.5 293.19 -4.15207
    endloop
  endfacet
  facet normal -0 0.634484 0.772936
    outer loop
      vertex 339.5 294.778 -6.32588
      vertex 360.5 294.172 -5.82843
      vertex 360.5 294.778 -6.32588
    endloop
  endfacet
  facet normal 0 0.634484 0.772936
    outer loop
      vertex 360.5 294.172 -5.82843
      vertex 339.5 294.778 -6.32588
      vertex 339.5 294.172 -5.82843
    endloop
  endfacet
  facet normal 0 -0.878547 -0.477656
    outer loop
      vertex 339.5 300.696 -1.46927
      vertex 360.5 300.668 -1.41777
      vertex 339.5 300.668 -1.41777
    endloop
  endfacet
  facet normal 0 -0.878547 -0.477656
    outer loop
      vertex 360.5 300.668 -1.41777
      vertex 339.5 300.696 -1.46927
      vertex 360.5 300.696 -1.46927
    endloop
  endfacet
  facet normal 0 -0.289542 0.957165
    outer loop
      vertex 339.5 298.531 -6.69552
      vertex 360.5 298.475 -6.71246
      vertex 360.5 298.531 -6.69552
    endloop
  endfacet
  facet normal 0 -0.289542 0.957165
    outer loop
      vertex 360.5 298.475 -6.71246
      vertex 339.5 298.531 -6.69552
      vertex 339.5 298.475 -6.71246
    endloop
  endfacet
  facet normal 0 0.0980623 -0.99518
    outer loop
      vertex 339.5 296.22 0.923141
      vertex 360.5 297 1
      vertex 360.5 296.22 0.923141
    endloop
  endfacet
  facet normal 0 0.0980623 -0.99518
    outer loop
      vertex 360.5 297 1
      vertex 339.5 296.22 0.923141
      vertex 339.5 297 1
    endloop
  endfacet
  facet normal 0 -0.961342 -0.275358
    outer loop
      vertex 339.5 300.712 -1.52513
      vertex 360.5 300.696 -1.46927
      vertex 339.5 300.696 -1.46927
    endloop
  endfacet
  facet normal 0 -0.961342 -0.275358
    outer loop
      vertex 360.5 300.696 -1.46927
      vertex 339.5 300.712 -1.52513
      vertex 360.5 300.712 -1.52513
    endloop
  endfacet
  facet normal 0 -0.097927 0.995194
    outer loop
      vertex 339.5 297.025 -6.99754
      vertex 360.5 297 -7
      vertex 360.5 297.025 -6.99754
    endloop
  endfacet
  facet normal 0 -0.097927 0.995194
    outer loop
      vertex 360.5 297 -7
      vertex 339.5 297.025 -6.99754
      vertex 339.5 297 -7
    endloop
  endfacet
  facet normal 0 -1 0
    outer loop
      vertex 339.5 299.828 -0.171369
      vertex 360.5 299.828 -0.171573
      vertex 360.5 299.828 -0.171369
    endloop
  endfacet
  facet normal 0 -1 0
    outer loop
      vertex 360.5 299.828 -0.171573
      vertex 339.5 299.828 -0.171369
      vertex 339.5 299.828 -0.171573
    endloop
  endfacet
  facet normal 0 0.471687 -0.881766
    outer loop
      vertex 339.5 294.778 0.325878
      vertex 360.5 295.469 0.695518
      vertex 360.5 294.778 0.325878
    endloop
  endfacet
  facet normal 0 0.471687 -0.881766
    outer loop
      vertex 360.5 295.469 0.695518
      vertex 339.5 294.778 0.325878
      vertex 339.5 295.469 0.695518
    endloop
  endfacet
  facet normal 0 -0.0980059 -0.995186
    outer loop
      vertex 339.5 297 1
      vertex 360.5 297.025 0.997538
      vertex 360.5 297 1
    endloop
  endfacet
  facet normal -0 -0.0980059 -0.995186
    outer loop
      vertex 360.5 297.025 0.997538
      vertex 339.5 297 1
      vertex 339.5 297.025 0.997538
    endloop
  endfacet
  facet normal -0 0.290059 0.957009
    outer loop
      vertex 339.5 296.22 -6.92314
      vertex 360.5 295.469 -6.69552
      vertex 360.5 296.22 -6.92314
    endloop
  endfacet
  facet normal 0 0.290059 0.957009
    outer loop
      vertex 360.5 295.469 -6.69552
      vertex 339.5 296.22 -6.92314
      vertex 339.5 295.469 -6.69552
    endloop
  endfacet
  facet normal 0 -0.240708 -0.970598
    outer loop
      vertex 339.5 299.829 -0.171821
      vertex 360.5 299.828 -0.171573
      vertex 339.5 299.828 -0.171573
    endloop
  endfacet
  facet normal 0 -0.240708 -0.970598
    outer loop
      vertex 360.5 299.828 -0.171573
      vertex 339.5 299.829 -0.171821
      vertex 360.5 299.829 -0.171821
    endloop
  endfacet
  facet normal 0 -0.474962 -0.880006
    outer loop
      vertex 339.5 298.531 0.695518
      vertex 360.5 298.582 0.667992
      vertex 360.5 298.531 0.695518
    endloop
  endfacet
  facet normal -0 -0.474962 -0.880006
    outer loop
      vertex 360.5 298.582 0.667992
      vertex 339.5 298.531 0.695518
      vertex 339.5 298.582 0.667992
    endloop
  endfacet
  facet normal 0 0.634484 -0.772936
    outer loop
      vertex 339.5 294.172 -0.171573
      vertex 360.5 294.778 0.325878
      vertex 360.5 294.172 -0.171573
    endloop
  endfacet
  facet normal 0 0.634484 -0.772936
    outer loop
      vertex 360.5 294.778 0.325878
      vertex 339.5 294.172 -0.171573
      vertex 339.5 294.778 0.325878
    endloop
  endfacet
  facet normal 0 0.290063 -0.957008
    outer loop
      vertex 339.5 295.469 0.695518
      vertex 360.5 296.22 0.923141
      vertex 360.5 295.469 0.695518
    endloop
  endfacet
  facet normal 0 0.290063 -0.957008
    outer loop
      vertex 360.5 296.22 0.923141
      vertex 339.5 295.469 0.695518
      vertex 339.5 296.22 0.923141
    endloop
  endfacet
  facet normal -0 0.471687 0.881766
    outer loop
      vertex 339.5 295.469 -6.69552
      vertex 360.5 294.778 -6.32588
      vertex 360.5 295.469 -6.69552
    endloop
  endfacet
  facet normal 0 0.471687 0.881766
    outer loop
      vertex 360.5 294.778 -6.32588
      vertex 339.5 295.469 -6.69552
      vertex 339.5 294.778 -6.32588
    endloop
  endfacet
  facet normal 0 0.881731 -0.471752
    outer loop
      vertex 360.5 293.304 -1.46927
      vertex 339.5 293.674 -0.777719
      vertex 360.5 293.674 -0.777719
    endloop
  endfacet
  facet normal 0 0.881731 -0.471752
    outer loop
      vertex 339.5 293.674 -0.777719
      vertex 360.5 293.304 -1.46927
      vertex 339.5 293.304 -1.46927
    endloop
  endfacet
  facet normal 0 -0.289652 -0.957132
    outer loop
      vertex 339.5 298.475 0.712465
      vertex 360.5 298.531 0.695518
      vertex 360.5 298.475 0.712465
    endloop
  endfacet
  facet normal -0 -0.289652 -0.957132
    outer loop
      vertex 360.5 298.531 0.695518
      vertex 339.5 298.475 0.712465
      vertex 339.5 298.531 0.695518
    endloop
  endfacet
  facet normal 0 0.771948 0.635686
    outer loop
      vertex 360.5 294.172 -5.82843
      vertex 339.5 294.002 -5.62199
      vertex 360.5 294.002 -5.62199
    endloop
  endfacet
  facet normal 0 0.771948 0.635686
    outer loop
      vertex 339.5 294.002 -5.62199
      vertex 360.5 294.172 -5.82843
      vertex 339.5 294.172 -5.82843
    endloop
  endfacet
  facet normal 0 0.878547 0.477656
    outer loop
      vertex 360.5 293.332 -4.58223
      vertex 339.5 293.304 -4.53073
      vertex 360.5 293.304 -4.53073
    endloop
  endfacet
  facet normal 0 0.878547 0.477656
    outer loop
      vertex 339.5 293.304 -4.53073
      vertex 360.5 293.332 -4.58223
      vertex 339.5 293.332 -4.58223
    endloop
  endfacet
  facet normal 0 0.995167 -0.0981955
    outer loop
      vertex 360.5 293 -3
      vertex 339.5 293.077 -2.21964
      vertex 360.5 293.077 -2.21964
    endloop
  endfacet
  facet normal 0 0.995167 -0.0981955
    outer loop
      vertex 339.5 293.077 -2.21964
      vertex 360.5 293 -3
      vertex 339.5 293 -3
    endloop
  endfacet
  facet normal 0 0 1
    outer loop
      vertex 60.5 303.218 2
      vertex 39.5 303.218 2
      vertex 60.5 292 2
    endloop
  endfacet
  facet normal 0 0 1
    outer loop
      vertex 360.5 303.218 2
      vertex 339.5 303.218 2
      vertex 360.5 292 2
    endloop
  endfacet
  facet normal 0 0 1
    outer loop
      vertex 382 292 2
      vertex 400 274 2
      vertex 399.654 277.512 2
    endloop
  endfacet
  facet normal 0 0 1
    outer loop
      vertex 382 292 2
      vertex 399.654 277.512 2
      vertex 398.63 280.888 2
    endloop
  endfacet
  facet normal 0 0 1
    outer loop
      vertex 394.728 286.728 2
      vertex 398.63 280.888 2
      vertex 396.966 284 2
    endloop
  endfacet
  facet normal 0 0 1
    outer loop
      vertex 400 274 2
      vertex 395.934 73.05 2
      vertex 400 73.05 2
    endloop
  endfacet
  facet normal 0 0 1
    outer loop
      vertex 400 274 2
      vertex 360.5 292 2
      vertex 339.5 292 2
    endloop
  endfacet
  facet normal 0 0 1
    outer loop
      vertex 382 292 2
      vertex 398.63 280.888 2
      vertex 394.728 286.728 2
    endloop
  endfacet
  facet normal -0 0 1
    outer loop
      vertex 395.934 26.95 2
      vertex 400 18 2
      vertex 400 26.95 2
    endloop
  endfacet
  facet normal 0 0 1
    outer loop
      vertex 400 18 2
      vertex 395.934 26.95 2
      vertex 399.654 14.4884 2
    endloop
  endfacet
  facet normal 0 0 1
    outer loop
      vertex 399.654 14.4884 2
      vertex 395.934 26.95 2
      vertex 398.63 11.1117 2
    endloop
  endfacet
  facet normal 0 0 1
    outer loop
      vertex 398.63 11.1117 2
      vertex 395.934 26.95 2
      vertex 396.966 7.99973 2
    endloop
  endfacet
  facet normal 0 0 1
    outer loop
      vertex 395.934 26.95 2
      vertex 394.728 5.27208 2
      vertex 396.966 7.99973 2
    endloop
  endfacet
  facet normal 0 0 1
    outer loop
      vertex 400 274 2
      vertex 339.5 292 2
      vertex 395.934 73.05 2
    endloop
  endfacet
  facet normal 0 0 1
    outer loop
      vertex 382 292 2
      vertex 394.728 286.728 2
      vertex 392 288.966 2
    endloop
  endfacet
  facet normal 0 -0 1
    outer loop
      vertex 382 0 2
      vertex 395.934 26.95 2
      vertex 361 12 2
    endloop
  endfacet
  facet normal 0 0 1
    outer loop
      vertex 382 292 2
      vertex 392 288.966 2
      vertex 388.888 290.63 2
    endloop
  endfacet
  facet normal 0 -0 1
    outer loop
      vertex 385.512 0.345864 2
      vertex 395.934 26.95 2
      vertex 382 0 2
    endloop
  endfacet
  facet normal 0 0 1
    outer loop
      vertex 382 292 2
      vertex 388.888 290.63 2
      vertex 385.512 291.654 2
    endloop
  endfacet
  facet normal 0 0 1
    outer loop
      vertex 395.934 26.95 2
      vertex 392 3.03355 2
      vertex 394.728 5.27208 2
    endloop
  endfacet
  facet normal 0 0 1
    outer loop
      vertex 400 274 2
      vertex 382 292 2
      vertex 360.5 292 2
    endloop
  endfacet
  facet normal 0 0 1
    outer loop
      vertex 395.934 26.95 2
      vertex 388.888 1.37017 2
      vertex 392 3.03355 2
    endloop
  endfacet
  facet normal 0 0 1
    outer loop
      vertex 395.934 26.95 2
      vertex 385.512 0.345864 2
      vertex 388.888 1.37017 2
    endloop
  endfacet
  facet normal 0 0 1
    outer loop
      vertex 339 12 2
      vertex 395.934 73.05 2
      vertex 339.5 292 2
    endloop
  endfacet
  facet normal 0 0 1
    outer loop
      vertex 339.5 292 2
      vertex 360.5 292 2
      vertex 339.5 303.218 2
    endloop
  endfacet
  facet normal 0 -0 1
    outer loop
      vertex 361 12 2
      vertex 395.934 73.05 2
      vertex 339 12 2
    endloop
  endfacet
  facet normal 0 0 1
    outer loop
      vertex 395.934 73.05 2
      vertex 361 12 2
      vertex 395.934 26.95 2
    endloop
  endfacet
  facet normal 0 0 1
    outer loop
      vertex 339 12 2
      vertex 61 12 2
      vertex 339 4 2
    endloop
  endfacet
  facet normal 0 0 1
    outer loop
      vertex 339.5 292 2
      vertex 61 12 2
      vertex 339 12 2
    endloop
  endfacet
  facet normal -0 0 1
    outer loop
      vertex 60.5 292 2
      vertex 61 12 2
      vertex 339.5 292 2
    endloop
  endfacet
  facet normal 0 0 1
    outer loop
      vertex 39.5 292 2
      vertex 60.5 292 2
      vertex 39.5 303.218 2
    endloop
  endfacet
  facet normal 0 0 1
    outer loop
      vertex 4.06625 73.05 2
      vertex 60.5 292 2
      vertex 39.5 292 2
    endloop
  endfacet
  facet normal 0 0 1
    outer loop
      vertex 60.5 292 2
      vertex 4.06625 73.05 2
      vertex 61 12 2
    endloop
  endfacet
  facet normal 0 0 1
    outer loop
      vertex 61 12 2
      vertex 4.06625 73.05 2
      vertex 39 12 2
    endloop
  endfacet
  facet normal 0 0 1
    outer loop
      vertex 4.06625 73.05 2
      vertex 39.5 292 2
      vertex 18 292 2
    endloop
  endfacet
  facet normal -0 0 1
    outer loop
      vertex 361 4 2
      vertex 382 0 2
      vertex 361 12 2
    endloop
  endfacet
  facet normal -0 0 1
    outer loop
      vertex 339 4 2
      vertex 382 0 2
      vertex 361 4 2
    endloop
  endfacet
  facet normal 0 0 1
    outer loop
      vertex 61 4 2
      vertex 339 4 2
      vertex 61 12 2
    endloop
  endfacet
  facet normal 0 0 1
    outer loop
      vertex 339 4 2
      vertex 61 4 2
      vertex 382 0 2
    endloop
  endfacet
  facet normal 0 0 1
    outer loop
      vertex 18 0 2
      vertex 61 4 2
      vertex 39 4 2
    endloop
  endfacet
  facet normal 0 0 1
    outer loop
      vertex 61 4 2
      vertex 18 0 2
      vertex 382 0 2
    endloop
  endfacet
  facet normal -0 0 1
    outer loop
      vertex 4.06625 26.95 2
      vertex 39 12 2
      vertex 4.06625 73.05 2
    endloop
  endfacet
  facet normal 0 0 1
    outer loop
      vertex 0 274 2
      vertex 18 292 2
      vertex 14.4884 291.654 2
    endloop
  endfacet
  facet normal 0 -0 1
    outer loop
      vertex 18 0 2
      vertex 39 12 2
      vertex 4.06625 26.95 2
    endloop
  endfacet
  facet normal 0 0 1
    outer loop
      vertex 0 274 2
      vertex 14.4884 291.654 2
      vertex 11.1117 290.63 2
    endloop
  endfacet
  facet normal 0 0 1
    outer loop
      vertex 39 12 2
      vertex 18 0 2
      vertex 39 4 2
    endloop
  endfacet
  facet normal 0 0 1
    outer loop
      vertex 0 274 2
      vertex 11.1117 290.63 2
      vertex 7.99973 288.966 2
    endloop
  endfacet
  facet normal 0 0 1
    outer loop
      vertex 18 0 2
      vertex 4.06625 26.95 2
      vertex 14.4884 0.345864 2
    endloop
  endfacet
  facet normal 0 0 1
    outer loop
      vertex 0 274 2
      vertex 7.99973 288.966 2
      vertex 5.27208 286.728 2
    endloop
  endfacet
  facet normal 0 0 1
    outer loop
      vertex 14.4884 0.345864 2
      vertex 4.06625 26.95 2
      vertex 11.1117 1.37017 2
    endloop
  endfacet
  facet normal 0 0 1
    outer loop
      vertex 11.1117 1.37017 2
      vertex 4.06625 26.95 2
      vertex 7.99973 3.03355 2
    endloop
  endfacet
  facet normal 0 0 1
    outer loop
      vertex 0 274 2
      vertex 5.27208 286.728 2
      vertex 3.03355 284 2
    endloop
  endfacet
  facet normal 0 0 1
    outer loop
      vertex 0 274 2
      vertex 3.03355 284 2
      vertex 1.37017 280.888 2
    endloop
  endfacet
  facet normal 0 0 1
    outer loop
      vertex 0 274 2
      vertex 1.37017 280.888 2
      vertex 0.345864 277.512 2
    endloop
  endfacet
  facet normal 0 0 1
    outer loop
      vertex 18 292 2
      vertex 0 274 2
      vertex 4.06625 73.05 2
    endloop
  endfacet
  facet normal 0 0 1
    outer loop
      vertex 4.06625 73.05 2
      vertex 0 274 2
      vertex 0 73.05 2
    endloop
  endfacet
  facet normal 0 0 1
    outer loop
      vertex 7.99973 3.03355 2
      vertex 4.06625 26.95 2
      vertex 5.27208 5.27208 2
    endloop
  endfacet
  facet normal 0 0 1
    outer loop
      vertex 4.06625 26.95 2
      vertex 3.03355 7.99973 2
      vertex 5.27208 5.27208 2
    endloop
  endfacet
  facet normal 0 0 1
    outer loop
      vertex 4.06625 26.95 2
      vertex 1.37017 11.1117 2
      vertex 3.03355 7.99973 2
    endloop
  endfacet
  facet normal 0 0 1
    outer loop
      vertex 4.06625 26.95 2
      vertex 0.345864 14.4884 2
      vertex 1.37017 11.1117 2
    endloop
  endfacet
  facet normal 0 0 1
    outer loop
      vertex 0 18 2
      vertex 4.06625 26.95 2
      vertex 0 26.95 2
    endloop
  endfacet
  facet normal 0 0 1
    outer loop
      vertex 4.06625 26.95 2
      vertex 0 18 2
      vertex 0.345864 14.4884 2
    endloop
  endfacet
endsolid OpenSCAD_Model
