solid OpenSCAD_Model
  facet normal -0.956935 -0.290303 0
    outer loop
      vertex 4.11072 5.18229 0.66
      vertex 3.99804 5.55372 3.63
      vertex 3.99804 5.55372 0.66
    endloop
  endfacet
  facet normal -0.956935 -0.290303 0
    outer loop
      vertex 3.99804 5.55372 3.63
      vertex 4.11072 5.18229 0.66
      vertex 4.11072 5.18229 3.63
    endloop
  endfacet
  facet normal -0.995186 -0.0980037 0
    outer loop
      vertex 3.99804 5.55372 0.66
      vertex 3.96 5.94 3.63
      vertex 3.96 5.94 0.66
    endloop
  endfacet
  facet normal -0.995186 -0.0980037 0
    outer loop
      vertex 3.96 5.94 3.63
      vertex 3.99804 5.55372 0.66
      vertex 3.99804 5.55372 3.63
    endloop
  endfacet
  facet normal 1 0 0
    outer loop
      vertex 95.04 5.94 0.66
      vertex 95.04 23.43 3.63
      vertex 95.04 5.94 3.63
    endloop
  endfacet
  facet normal 1 0 0
    outer loop
      vertex 95.04 23.43 3.63
      vertex 95.04 5.94 0.66
      vertex 95.04 26.4 0.66
    endloop
  endfacet
  facet normal 1 -0 0
    outer loop
      vertex 95.04 42.57 3.63
      vertex 95.04 60.06 0.66
      vertex 95.04 60.06 3.63
    endloop
  endfacet
  facet normal 1 0 0
    outer loop
      vertex 95.04 60.06 0.66
      vertex 95.04 42.57 3.63
      vertex 95.04 39.6 0.66
    endloop
  endfacet
  facet normal 0 1 -0
    outer loop
      vertex 93.06 62.04 0.66
      vertex 59.07 62.04 3.63
      vertex 93.06 62.04 3.63
    endloop
  endfacet
  facet normal 0 1 0
    outer loop
      vertex 59.07 62.04 3.63
      vertex 93.06 62.04 0.66
      vertex 56.1 62.04 0.66
    endloop
  endfacet
  facet normal 0 1 0
    outer loop
      vertex 5.94 62.04 0.66
      vertex 39.93 62.04 3.63
      vertex 42.9 62.04 0.66
    endloop
  endfacet
  facet normal 0 1 0
    outer loop
      vertex 39.93 62.04 3.63
      vertex 5.94 62.04 0.66
      vertex 5.94 62.04 3.63
    endloop
  endfacet
  facet normal 0.471471 0.881882 -0
    outer loop
      vertex 94.16 61.7063 0.66
      vertex 93.8177 61.8893 3.63
      vertex 94.16 61.7063 3.63
    endloop
  endfacet
  facet normal 0.471471 0.881882 0
    outer loop
      vertex 93.8177 61.8893 3.63
      vertex 94.16 61.7063 0.66
      vertex 93.8177 61.8893 0.66
    endloop
  endfacet
  facet normal -0.634337 0.773057 0
    outer loop
      vertex 4.83997 61.7063 0.66
      vertex 4.53993 61.4601 3.63
      vertex 4.83997 61.7063 3.63
    endloop
  endfacet
  facet normal -0.634337 0.773057 0
    outer loop
      vertex 4.53993 61.4601 3.63
      vertex 4.83997 61.7063 0.66
      vertex 4.53993 61.4601 0.66
    endloop
  endfacet
  facet normal -1 0 0
    outer loop
      vertex 3.96 5.94 0.66
      vertex 3.96 23.43 3.63
      vertex 3.96 26.4 0.66
    endloop
  endfacet
  facet normal -1 -0 0
    outer loop
      vertex 3.96 23.43 3.63
      vertex 3.96 5.94 0.66
      vertex 3.96 5.94 3.63
    endloop
  endfacet
  facet normal -1 0 0
    outer loop
      vertex 3.96 60.06 0.66
      vertex 3.96 42.57 3.63
      vertex 3.96 60.06 3.63
    endloop
  endfacet
  facet normal -1 0 -0
    outer loop
      vertex 3.96 42.57 3.63
      vertex 3.96 60.06 0.66
      vertex 3.96 39.6 0.66
    endloop
  endfacet
  facet normal 0.0979987 -0.995187 0
    outer loop
      vertex 93.06 3.96 0.66
      vertex 93.4463 3.99804 3.63
      vertex 93.06 3.96 3.63
    endloop
  endfacet
  facet normal 0.0979987 -0.995187 0
    outer loop
      vertex 93.4463 3.99804 3.63
      vertex 93.06 3.96 0.66
      vertex 93.4463 3.99804 0.66
    endloop
  endfacet
  facet normal -0.290351 0.95692 0
    outer loop
      vertex 5.55372 62.002 0.66
      vertex 5.18229 61.8893 3.63
      vertex 5.55372 62.002 3.63
    endloop
  endfacet
  facet normal -0.290351 0.95692 0
    outer loop
      vertex 5.18229 61.8893 3.63
      vertex 5.55372 62.002 0.66
      vertex 5.18229 61.8893 0.66
    endloop
  endfacet
  facet normal 0 -1 0
    outer loop
      vertex 59.07 3.96 3.63
      vertex 78.87 3.96 1.98
      vertex 93.06 3.96 3.63
    endloop
  endfacet
  facet normal 0 -1 0
    outer loop
      vertex 78.87 3.96 0.66
      vertex 59.07 3.96 3.63
      vertex 56.1 3.96 0.66
    endloop
  endfacet
  facet normal 0 -1 0
    outer loop
      vertex 59.07 3.96 3.63
      vertex 78.87 3.96 0.66
      vertex 78.87 3.96 1.98
    endloop
  endfacet
  facet normal 0 -1 0
    outer loop
      vertex 86.13 3.96 1.98
      vertex 93.06 3.96 3.63
      vertex 78.87 3.96 1.98
    endloop
  endfacet
  facet normal 0 -1 0
    outer loop
      vertex 93.06 3.96 0.66
      vertex 86.13 3.96 1.98
      vertex 86.13 3.96 0.66
    endloop
  endfacet
  facet normal 0 -1 0
    outer loop
      vertex 86.13 3.96 1.98
      vertex 93.06 3.96 0.66
      vertex 93.06 3.96 3.63
    endloop
  endfacet
  facet normal 0 -1 0
    outer loop
      vertex 78.87 3.96 0.66
      vertex 86.13 3.96 1.98
      vertex 78.87 3.96 1.98
    endloop
  endfacet
  facet normal 0 -1 0
    outer loop
      vertex 78.87 3.96 0.66
      vertex 86.13 3.96 0.66
      vertex 86.13 3.96 1.98
    endloop
  endfacet
  facet normal 0 -1 0
    outer loop
      vertex 78.87 3.96 0
      vertex 86.13 3.96 0.66
      vertex 78.87 3.96 0.66
    endloop
  endfacet
  facet normal 0 -1 -0
    outer loop
      vertex 86.13 3.96 0.66
      vertex 78.87 3.96 0
      vertex 86.13 3.96 0
    endloop
  endfacet
  facet normal 0 -1 0
    outer loop
      vertex 20.13 3.96 1.98
      vertex 5.94 3.96 3.63
      vertex 12.87 3.96 1.98
    endloop
  endfacet
  facet normal 0 -1 0
    outer loop
      vertex 5.94 3.96 0.66
      vertex 12.87 3.96 1.98
      vertex 5.94 3.96 3.63
    endloop
  endfacet
  facet normal 0 -1 -0
    outer loop
      vertex 12.87 3.96 1.98
      vertex 5.94 3.96 0.66
      vertex 12.87 3.96 0.66
    endloop
  endfacet
  facet normal 0 -1 0
    outer loop
      vertex 5.94 3.96 3.63
      vertex 20.13 3.96 1.98
      vertex 39.93 3.96 3.63
    endloop
  endfacet
  facet normal 0 -1 0
    outer loop
      vertex 20.13 3.96 0.66
      vertex 39.93 3.96 3.63
      vertex 20.13 3.96 1.98
    endloop
  endfacet
  facet normal 0 -1 -0
    outer loop
      vertex 39.93 3.96 3.63
      vertex 20.13 3.96 0.66
      vertex 42.9 3.96 0.66
    endloop
  endfacet
  facet normal 0 -1 0
    outer loop
      vertex 12.87 3.96 0.66
      vertex 20.13 3.96 1.98
      vertex 12.87 3.96 1.98
    endloop
  endfacet
  facet normal 0 -1 0
    outer loop
      vertex 12.87 3.96 0.66
      vertex 20.13 3.96 0.66
      vertex 20.13 3.96 1.98
    endloop
  endfacet
  facet normal 0 -1 0
    outer loop
      vertex 12.87 3.96 0
      vertex 20.13 3.96 0.66
      vertex 12.87 3.96 0.66
    endloop
  endfacet
  facet normal 0 -1 -0
    outer loop
      vertex 20.13 3.96 0.66
      vertex 12.87 3.96 0
      vertex 20.13 3.96 0
    endloop
  endfacet
  facet normal 0.634323 -0.773068 0
    outer loop
      vertex 94.16 4.29369 0.66
      vertex 94.4601 4.53993 3.63
      vertex 94.16 4.29369 3.63
    endloop
  endfacet
  facet normal 0.634323 -0.773068 0
    outer loop
      vertex 94.4601 4.53993 3.63
      vertex 94.16 4.29369 0.66
      vertex 94.4601 4.53993 0.66
    endloop
  endfacet
  facet normal 0.773057 -0.634337 0
    outer loop
      vertex 94.4601 4.53993 3.63
      vertex 94.7063 4.83997 0.66
      vertex 94.7063 4.83997 3.63
    endloop
  endfacet
  facet normal 0.773057 -0.634337 0
    outer loop
      vertex 94.7063 4.83997 0.66
      vertex 94.4601 4.53993 3.63
      vertex 94.4601 4.53993 0.66
    endloop
  endfacet
  facet normal 0.773119 0.634261 0
    outer loop
      vertex 94.7063 61.16 3.63
      vertex 94.4601 61.4601 0.66
      vertex 94.4601 61.4601 3.63
    endloop
  endfacet
  facet normal 0.773119 0.634261 0
    outer loop
      vertex 94.4601 61.4601 0.66
      vertex 94.7063 61.16 3.63
      vertex 94.7063 61.16 0.66
    endloop
  endfacet
  facet normal -0.773068 0.634323 0
    outer loop
      vertex 4.29369 61.16 0.66
      vertex 4.53993 61.4601 3.63
      vertex 4.53993 61.4601 0.66
    endloop
  endfacet
  facet normal -0.773068 0.634323 0
    outer loop
      vertex 4.53993 61.4601 3.63
      vertex 4.29369 61.16 0.66
      vertex 4.29369 61.16 3.63
    endloop
  endfacet
  facet normal 0.881882 0.471471 0
    outer loop
      vertex 94.8893 60.8177 3.63
      vertex 94.7063 61.16 0.66
      vertex 94.7063 61.16 3.63
    endloop
  endfacet
  facet normal 0.881882 0.471471 0
    outer loop
      vertex 94.7063 61.16 0.66
      vertex 94.8893 60.8177 3.63
      vertex 94.8893 60.8177 0.66
    endloop
  endfacet
  facet normal 0.47141 -0.881914 0
    outer loop
      vertex 93.8177 4.11072 0.66
      vertex 94.16 4.29369 3.63
      vertex 93.8177 4.11072 3.63
    endloop
  endfacet
  facet normal 0.47141 -0.881914 0
    outer loop
      vertex 94.16 4.29369 3.63
      vertex 93.8177 4.11072 0.66
      vertex 94.16 4.29369 0.66
    endloop
  endfacet
  facet normal 0.881893 -0.471449 0
    outer loop
      vertex 94.7063 4.83997 3.63
      vertex 94.8893 5.18229 0.66
      vertex 94.8893 5.18229 3.63
    endloop
  endfacet
  facet normal 0.881893 -0.471449 0
    outer loop
      vertex 94.8893 5.18229 0.66
      vertex 94.7063 4.83997 3.63
      vertex 94.7063 4.83997 0.66
    endloop
  endfacet
  facet normal -0.471389 -0.881925 0
    outer loop
      vertex 4.83997 4.29369 0.66
      vertex 5.18229 4.11072 3.63
      vertex 4.83997 4.29369 3.63
    endloop
  endfacet
  facet normal -0.471389 -0.881925 -0
    outer loop
      vertex 5.18229 4.11072 3.63
      vertex 4.83997 4.29369 0.66
      vertex 5.18229 4.11072 0.66
    endloop
  endfacet
  facet normal 0.995197 0.0978966 0
    outer loop
      vertex 95.04 60.06 3.63
      vertex 95.002 60.4463 0.66
      vertex 95.002 60.4463 3.63
    endloop
  endfacet
  facet normal 0.995197 0.0978966 0
    outer loop
      vertex 95.002 60.4463 0.66
      vertex 95.04 60.06 3.63
      vertex 95.04 60.06 0.66
    endloop
  endfacet
  facet normal -0.881914 0.47141 0
    outer loop
      vertex 4.11072 60.8177 0.66
      vertex 4.29369 61.16 3.63
      vertex 4.29369 61.16 0.66
    endloop
  endfacet
  facet normal -0.881914 0.47141 0
    outer loop
      vertex 4.29369 61.16 3.63
      vertex 4.11072 60.8177 0.66
      vertex 4.11072 60.8177 3.63
    endloop
  endfacet
  facet normal 0.956914 0.290372 0
    outer loop
      vertex 95.002 60.4463 3.63
      vertex 94.8893 60.8177 0.66
      vertex 94.8893 60.8177 3.63
    endloop
  endfacet
  facet normal 0.956914 0.290372 0
    outer loop
      vertex 94.8893 60.8177 0.66
      vertex 95.002 60.4463 3.63
      vertex 95.002 60.4463 0.66
    endloop
  endfacet
  facet normal 0.634261 0.773119 -0
    outer loop
      vertex 94.4601 61.4601 0.66
      vertex 94.16 61.7063 3.63
      vertex 94.4601 61.4601 3.63
    endloop
  endfacet
  facet normal 0.634261 0.773119 0
    outer loop
      vertex 94.16 61.7063 3.63
      vertex 94.4601 61.4601 0.66
      vertex 94.16 61.7063 0.66
    endloop
  endfacet
  facet normal -0.956928 0.290325 0
    outer loop
      vertex 3.99804 60.4463 0.66
      vertex 4.11072 60.8177 3.63
      vertex 4.11072 60.8177 0.66
    endloop
  endfacet
  facet normal -0.956928 0.290325 0
    outer loop
      vertex 4.11072 60.8177 3.63
      vertex 3.99804 60.4463 0.66
      vertex 3.99804 60.4463 3.63
    endloop
  endfacet
  facet normal -0.995187 0.0979987 0
    outer loop
      vertex 3.96 60.06 0.66
      vertex 3.99804 60.4463 3.63
      vertex 3.99804 60.4463 0.66
    endloop
  endfacet
  facet normal -0.995187 0.0979987 0
    outer loop
      vertex 3.99804 60.4463 3.63
      vertex 3.96 60.06 0.66
      vertex 3.96 60.06 3.63
    endloop
  endfacet
  facet normal 0.290372 0.956914 -0
    outer loop
      vertex 93.8177 61.8893 0.66
      vertex 93.4463 62.002 3.63
      vertex 93.8177 61.8893 3.63
    endloop
  endfacet
  facet normal 0.290372 0.956914 0
    outer loop
      vertex 93.4463 62.002 3.63
      vertex 93.8177 61.8893 0.66
      vertex 93.4463 62.002 0.66
    endloop
  endfacet
  facet normal 0.290325 -0.956928 0
    outer loop
      vertex 93.4463 3.99804 0.66
      vertex 93.8177 4.11072 3.63
      vertex 93.4463 3.99804 3.63
    endloop
  endfacet
  facet normal 0.290325 -0.956928 0
    outer loop
      vertex 93.8177 4.11072 3.63
      vertex 93.4463 3.99804 0.66
      vertex 93.8177 4.11072 0.66
    endloop
  endfacet
  facet normal 0 0 1
    outer loop
      vertex 3.96 5.94 3.63
      vertex 5.28 5.94 3.63
      vertex 5.28 23.43 3.63
    endloop
  endfacet
  facet normal 0 -0 1
    outer loop
      vertex 3.99804 5.55372 3.63
      vertex 5.28 5.94 3.63
      vertex 3.96 5.94 3.63
    endloop
  endfacet
  facet normal 0 0 1
    outer loop
      vertex 5.28 5.94 3.63
      vertex 4.83997 4.29369 3.63
      vertex 5.18229 4.11072 3.63
    endloop
  endfacet
  facet normal 0 0 1
    outer loop
      vertex 5.28 5.94 3.63
      vertex 4.53993 4.53993 3.63
      vertex 4.83997 4.29369 3.63
    endloop
  endfacet
  facet normal 0 0 1
    outer loop
      vertex 5.28 5.94 3.63
      vertex 4.29369 4.83997 3.63
      vertex 4.53993 4.53993 3.63
    endloop
  endfacet
  facet normal 0 0 1
    outer loop
      vertex 5.28 5.94 3.63
      vertex 4.11072 5.18229 3.63
      vertex 4.29369 4.83997 3.63
    endloop
  endfacet
  facet normal 0 0 1
    outer loop
      vertex 3.96 5.94 3.63
      vertex 5.28 23.43 3.63
      vertex 3.96 23.43 3.63
    endloop
  endfacet
  facet normal 0 0 1
    outer loop
      vertex 5.28 5.94 3.63
      vertex 3.99804 5.55372 3.63
      vertex 4.11072 5.18229 3.63
    endloop
  endfacet
  facet normal -0 0 1
    outer loop
      vertex 5.94 5.28 3.63
      vertex 39.93 3.96 3.63
      vertex 39.93 5.28 3.63
    endloop
  endfacet
  facet normal 0 0 1
    outer loop
      vertex 5.94 5.28 3.63
      vertex 5.94 3.96 3.63
      vertex 39.93 3.96 3.63
    endloop
  endfacet
  facet normal 0 0 1
    outer loop
      vertex 5.81124 5.29268 3.63
      vertex 5.94 3.96 3.63
      vertex 5.94 5.28 3.63
    endloop
  endfacet
  facet normal 0 0 1
    outer loop
      vertex 5.55372 3.99804 3.63
      vertex 5.81124 5.29268 3.63
      vertex 5.68743 5.33024 3.63
    endloop
  endfacet
  facet normal 0 0 1
    outer loop
      vertex 5.18229 4.11072 3.63
      vertex 5.68743 5.33024 3.63
      vertex 5.57332 5.39123 3.63
    endloop
  endfacet
  facet normal 0 0 1
    outer loop
      vertex 5.81124 5.29268 3.63
      vertex 5.55372 3.99804 3.63
      vertex 5.94 3.96 3.63
    endloop
  endfacet
  facet normal 0 0 1
    outer loop
      vertex 5.18229 4.11072 3.63
      vertex 5.57332 5.39123 3.63
      vertex 5.47331 5.47331 3.63
    endloop
  endfacet
  facet normal 0 0 1
    outer loop
      vertex 5.18229 4.11072 3.63
      vertex 5.47331 5.47331 3.63
      vertex 5.39123 5.57332 3.63
    endloop
  endfacet
  facet normal 0 0 1
    outer loop
      vertex 5.18229 4.11072 3.63
      vertex 5.39123 5.57332 3.63
      vertex 5.33024 5.68743 3.63
    endloop
  endfacet
  facet normal 0 0 1
    outer loop
      vertex 5.18229 4.11072 3.63
      vertex 5.33024 5.68743 3.63
      vertex 5.29268 5.81124 3.63
    endloop
  endfacet
  facet normal 0 0 1
    outer loop
      vertex 5.68743 5.33024 3.63
      vertex 5.18229 4.11072 3.63
      vertex 5.55372 3.99804 3.63
    endloop
  endfacet
  facet normal 0 0 1
    outer loop
      vertex 5.18229 4.11072 3.63
      vertex 5.29268 5.81124 3.63
      vertex 5.28 5.94 3.63
    endloop
  endfacet
  facet normal 0 0 1
    outer loop
      vertex 95.002 60.4463 3.63
      vertex 93.7073 60.1888 3.63
      vertex 93.72 60.06 3.63
    endloop
  endfacet
  facet normal 0 0 1
    outer loop
      vertex 94.16 61.7063 3.63
      vertex 93.6698 60.3126 3.63
      vertex 93.7073 60.1888 3.63
    endloop
  endfacet
  facet normal 0 0 1
    outer loop
      vertex 94.16 61.7063 3.63
      vertex 93.6088 60.4267 3.63
      vertex 93.6698 60.3126 3.63
    endloop
  endfacet
  facet normal 0 0 1
    outer loop
      vertex 94.16 61.7063 3.63
      vertex 93.5267 60.5267 3.63
      vertex 93.6088 60.4267 3.63
    endloop
  endfacet
  facet normal 0 0 1
    outer loop
      vertex 93.3126 60.6698 3.63
      vertex 93.8177 61.8893 3.63
      vertex 93.4463 62.002 3.63
    endloop
  endfacet
  facet normal 0 0 1
    outer loop
      vertex 94.16 61.7063 3.63
      vertex 93.4267 60.6088 3.63
      vertex 93.5267 60.5267 3.63
    endloop
  endfacet
  facet normal 0 0 1
    outer loop
      vertex 93.8177 61.8893 3.63
      vertex 93.3126 60.6698 3.63
      vertex 93.4267 60.6088 3.63
    endloop
  endfacet
  facet normal 0 0 1
    outer loop
      vertex 93.4463 62.002 3.63
      vertex 93.1888 60.7073 3.63
      vertex 93.3126 60.6698 3.63
    endloop
  endfacet
  facet normal 0 0 1
    outer loop
      vertex 93.06 62.04 3.63
      vertex 93.1888 60.7073 3.63
      vertex 93.4463 62.002 3.63
    endloop
  endfacet
  facet normal 0 0 1
    outer loop
      vertex 93.06 62.04 3.63
      vertex 93.06 60.72 3.63
      vertex 93.1888 60.7073 3.63
    endloop
  endfacet
  facet normal -0 0 1
    outer loop
      vertex 59.07 62.04 3.63
      vertex 93.06 60.72 3.63
      vertex 93.06 62.04 3.63
    endloop
  endfacet
  facet normal 0 0 1
    outer loop
      vertex 93.06 60.72 3.63
      vertex 59.07 62.04 3.63
      vertex 59.07 60.72 3.63
    endloop
  endfacet
  facet normal 0 0 1
    outer loop
      vertex 93.72 60.06 3.63
      vertex 95.04 60.06 3.63
      vertex 95.002 60.4463 3.63
    endloop
  endfacet
  facet normal 0 0 1
    outer loop
      vertex 93.7073 60.1888 3.63
      vertex 95.002 60.4463 3.63
      vertex 94.8893 60.8177 3.63
    endloop
  endfacet
  facet normal 0 0 1
    outer loop
      vertex 93.7073 60.1888 3.63
      vertex 94.8893 60.8177 3.63
      vertex 94.7063 61.16 3.63
    endloop
  endfacet
  facet normal 0 0 1
    outer loop
      vertex 93.7073 60.1888 3.63
      vertex 94.7063 61.16 3.63
      vertex 94.4601 61.4601 3.63
    endloop
  endfacet
  facet normal 0 0 1
    outer loop
      vertex 93.7073 60.1888 3.63
      vertex 94.4601 61.4601 3.63
      vertex 94.16 61.7063 3.63
    endloop
  endfacet
  facet normal 0 0 1
    outer loop
      vertex 93.4267 60.6088 3.63
      vertex 94.16 61.7063 3.63
      vertex 93.8177 61.8893 3.63
    endloop
  endfacet
  facet normal 0 0 1
    outer loop
      vertex 95.04 60.06 3.63
      vertex 93.72 60.06 3.63
      vertex 95.04 42.57 3.63
    endloop
  endfacet
  facet normal 0 0 1
    outer loop
      vertex 95.04 42.57 3.63
      vertex 93.72 60.06 3.63
      vertex 93.72 42.57 3.63
    endloop
  endfacet
  facet normal -0 0 1
    outer loop
      vertex 5.94 62.04 3.63
      vertex 39.93 60.72 3.63
      vertex 39.93 62.04 3.63
    endloop
  endfacet
  facet normal 0 0 1
    outer loop
      vertex 5.94 62.04 3.63
      vertex 5.94 60.72 3.63
      vertex 39.93 60.72 3.63
    endloop
  endfacet
  facet normal 0 0 1
    outer loop
      vertex 5.94 62.04 3.63
      vertex 5.81124 60.7073 3.63
      vertex 5.94 60.72 3.63
    endloop
  endfacet
  facet normal -0 0 1
    outer loop
      vertex 5.55372 62.002 3.63
      vertex 5.81124 60.7073 3.63
      vertex 5.94 62.04 3.63
    endloop
  endfacet
  facet normal 0 0 1
    outer loop
      vertex 5.81124 60.7073 3.63
      vertex 5.55372 62.002 3.63
      vertex 5.68743 60.6698 3.63
    endloop
  endfacet
  facet normal -0 0 1
    outer loop
      vertex 5.18229 61.8893 3.63
      vertex 5.68743 60.6698 3.63
      vertex 5.55372 62.002 3.63
    endloop
  endfacet
  facet normal 0 0 1
    outer loop
      vertex 5.68743 60.6698 3.63
      vertex 5.18229 61.8893 3.63
      vertex 5.57332 60.6088 3.63
    endloop
  endfacet
  facet normal -0 0 1
    outer loop
      vertex 4.83997 61.7063 3.63
      vertex 5.57332 60.6088 3.63
      vertex 5.18229 61.8893 3.63
    endloop
  endfacet
  facet normal 0 0 1
    outer loop
      vertex 5.57332 60.6088 3.63
      vertex 4.83997 61.7063 3.63
      vertex 5.47331 60.5267 3.63
    endloop
  endfacet
  facet normal -0 0 1
    outer loop
      vertex 4.53993 61.4601 3.63
      vertex 5.47331 60.5267 3.63
      vertex 4.83997 61.7063 3.63
    endloop
  endfacet
  facet normal 0 0 1
    outer loop
      vertex 5.47331 60.5267 3.63
      vertex 4.53993 61.4601 3.63
      vertex 5.39123 60.4267 3.63
    endloop
  endfacet
  facet normal -0 0 1
    outer loop
      vertex 4.29369 61.16 3.63
      vertex 5.39123 60.4267 3.63
      vertex 4.53993 61.4601 3.63
    endloop
  endfacet
  facet normal 0 0 1
    outer loop
      vertex 5.39123 60.4267 3.63
      vertex 4.29369 61.16 3.63
      vertex 5.33024 60.3126 3.63
    endloop
  endfacet
  facet normal -0 0 1
    outer loop
      vertex 4.11072 60.8177 3.63
      vertex 5.33024 60.3126 3.63
      vertex 4.29369 61.16 3.63
    endloop
  endfacet
  facet normal 0 0 1
    outer loop
      vertex 5.33024 60.3126 3.63
      vertex 4.11072 60.8177 3.63
      vertex 5.29268 60.1888 3.63
    endloop
  endfacet
  facet normal -0 0 1
    outer loop
      vertex 3.99804 60.4463 3.63
      vertex 5.29268 60.1888 3.63
      vertex 4.11072 60.8177 3.63
    endloop
  endfacet
  facet normal 0 0 1
    outer loop
      vertex 5.29268 60.1888 3.63
      vertex 3.99804 60.4463 3.63
      vertex 5.28 60.06 3.63
    endloop
  endfacet
  facet normal 0 0 1
    outer loop
      vertex 5.28 60.06 3.63
      vertex 3.99804 60.4463 3.63
      vertex 3.96 60.06 3.63
    endloop
  endfacet
  facet normal 0 0 1
    outer loop
      vertex 5.28 60.06 3.63
      vertex 3.96 60.06 3.63
      vertex 5.28 42.57 3.63
    endloop
  endfacet
  facet normal 0 0 1
    outer loop
      vertex 5.28 42.57 3.63
      vertex 3.96 60.06 3.63
      vertex 3.96 42.57 3.63
    endloop
  endfacet
  facet normal 0 0 1
    outer loop
      vertex 93.72 5.94 3.63
      vertex 95.04 5.94 3.63
      vertex 95.04 23.43 3.63
    endloop
  endfacet
  facet normal 0 0 1
    outer loop
      vertex 95.04 5.94 3.63
      vertex 93.72 5.94 3.63
      vertex 95.002 5.55372 3.63
    endloop
  endfacet
  facet normal -0 0 1
    outer loop
      vertex 93.7073 5.81124 3.63
      vertex 95.002 5.55372 3.63
      vertex 93.72 5.94 3.63
    endloop
  endfacet
  facet normal 0 0 1
    outer loop
      vertex 95.002 5.55372 3.63
      vertex 93.7073 5.81124 3.63
      vertex 94.8893 5.18229 3.63
    endloop
  endfacet
  facet normal -0 0 1
    outer loop
      vertex 93.6698 5.68743 3.63
      vertex 94.8893 5.18229 3.63
      vertex 93.7073 5.81124 3.63
    endloop
  endfacet
  facet normal 0 0 1
    outer loop
      vertex 94.8893 5.18229 3.63
      vertex 93.6698 5.68743 3.63
      vertex 94.7063 4.83997 3.63
    endloop
  endfacet
  facet normal 0 0 1
    outer loop
      vertex 93.72 5.94 3.63
      vertex 95.04 23.43 3.63
      vertex 93.72 23.43 3.63
    endloop
  endfacet
  facet normal -0 0 1
    outer loop
      vertex 93.6088 5.57332 3.63
      vertex 94.7063 4.83997 3.63
      vertex 93.6698 5.68743 3.63
    endloop
  endfacet
  facet normal 0 0 1
    outer loop
      vertex 94.7063 4.83997 3.63
      vertex 93.6088 5.57332 3.63
      vertex 94.4601 4.53993 3.63
    endloop
  endfacet
  facet normal -0 0 1
    outer loop
      vertex 93.5267 5.47331 3.63
      vertex 94.4601 4.53993 3.63
      vertex 93.6088 5.57332 3.63
    endloop
  endfacet
  facet normal 0 0 1
    outer loop
      vertex 94.4601 4.53993 3.63
      vertex 93.5267 5.47331 3.63
      vertex 94.16 4.29369 3.63
    endloop
  endfacet
  facet normal -0 0 1
    outer loop
      vertex 93.4267 5.39123 3.63
      vertex 94.16 4.29369 3.63
      vertex 93.5267 5.47331 3.63
    endloop
  endfacet
  facet normal 0 0 1
    outer loop
      vertex 94.16 4.29369 3.63
      vertex 93.4267 5.39123 3.63
      vertex 93.8177 4.11072 3.63
    endloop
  endfacet
  facet normal -0 0 1
    outer loop
      vertex 93.3126 5.33024 3.63
      vertex 93.8177 4.11072 3.63
      vertex 93.4267 5.39123 3.63
    endloop
  endfacet
  facet normal 0 0 1
    outer loop
      vertex 93.8177 4.11072 3.63
      vertex 93.3126 5.33024 3.63
      vertex 93.4463 3.99804 3.63
    endloop
  endfacet
  facet normal -0 0 1
    outer loop
      vertex 93.1888 5.29268 3.63
      vertex 93.4463 3.99804 3.63
      vertex 93.3126 5.33024 3.63
    endloop
  endfacet
  facet normal -0 0 1
    outer loop
      vertex 93.06 5.28 3.63
      vertex 93.4463 3.99804 3.63
      vertex 93.1888 5.29268 3.63
    endloop
  endfacet
  facet normal 0 0 1
    outer loop
      vertex 93.06 5.28 3.63
      vertex 93.06 3.96 3.63
      vertex 93.4463 3.99804 3.63
    endloop
  endfacet
  facet normal -0 0 1
    outer loop
      vertex 59.07 5.28 3.63
      vertex 93.06 3.96 3.63
      vertex 93.06 5.28 3.63
    endloop
  endfacet
  facet normal 0 0 1
    outer loop
      vertex 93.06 3.96 3.63
      vertex 59.07 5.28 3.63
      vertex 59.07 3.96 3.63
    endloop
  endfacet
  facet normal 0.0978966 0.995197 -0
    outer loop
      vertex 93.4463 62.002 0.66
      vertex 93.06 62.04 3.63
      vertex 93.4463 62.002 3.63
    endloop
  endfacet
  facet normal 0.0978966 0.995197 0
    outer loop
      vertex 93.06 62.04 3.63
      vertex 93.4463 62.002 0.66
      vertex 93.06 62.04 0.66
    endloop
  endfacet
  facet normal -0.0979017 0.995196 0
    outer loop
      vertex 5.94 62.04 0.66
      vertex 5.55372 62.002 3.63
      vertex 5.94 62.04 3.63
    endloop
  endfacet
  facet normal -0.0979017 0.995196 0
    outer loop
      vertex 5.55372 62.002 3.63
      vertex 5.94 62.04 0.66
      vertex 5.55372 62.002 0.66
    endloop
  endfacet
  facet normal -0.0980037 -0.995186 0
    outer loop
      vertex 5.55372 3.99804 0.66
      vertex 5.94 3.96 3.63
      vertex 5.55372 3.99804 3.63
    endloop
  endfacet
  facet normal -0.0980037 -0.995186 -0
    outer loop
      vertex 5.94 3.96 3.63
      vertex 5.55372 3.99804 0.66
      vertex 5.94 3.96 0.66
    endloop
  endfacet
  facet normal -0.773006 -0.634399 0
    outer loop
      vertex 4.53993 4.53993 0.66
      vertex 4.29369 4.83997 3.63
      vertex 4.29369 4.83997 0.66
    endloop
  endfacet
  facet normal -0.773006 -0.634399 0
    outer loop
      vertex 4.29369 4.83997 3.63
      vertex 4.53993 4.53993 0.66
      vertex 4.53993 4.53993 3.63
    endloop
  endfacet
  facet normal -0.471449 0.881893 0
    outer loop
      vertex 5.18229 61.8893 0.66
      vertex 4.83997 61.7063 3.63
      vertex 5.18229 61.8893 3.63
    endloop
  endfacet
  facet normal -0.471449 0.881893 0
    outer loop
      vertex 4.83997 61.7063 3.63
      vertex 5.18229 61.8893 0.66
      vertex 4.83997 61.7063 0.66
    endloop
  endfacet
  facet normal -0.290303 -0.956935 0
    outer loop
      vertex 5.18229 4.11072 0.66
      vertex 5.55372 3.99804 3.63
      vertex 5.18229 4.11072 3.63
    endloop
  endfacet
  facet normal -0.290303 -0.956935 -0
    outer loop
      vertex 5.55372 3.99804 3.63
      vertex 5.18229 4.11072 0.66
      vertex 5.55372 3.99804 0.66
    endloop
  endfacet
  facet normal 0.95692 -0.290351 0
    outer loop
      vertex 94.8893 5.18229 3.63
      vertex 95.002 5.55372 0.66
      vertex 95.002 5.55372 3.63
    endloop
  endfacet
  facet normal 0.95692 -0.290351 0
    outer loop
      vertex 95.002 5.55372 0.66
      vertex 94.8893 5.18229 3.63
      vertex 94.8893 5.18229 0.66
    endloop
  endfacet
  facet normal -0.634399 -0.773006 0
    outer loop
      vertex 4.53993 4.53993 0.66
      vertex 4.83997 4.29369 3.63
      vertex 4.53993 4.53993 3.63
    endloop
  endfacet
  facet normal -0.634399 -0.773006 -0
    outer loop
      vertex 4.83997 4.29369 3.63
      vertex 4.53993 4.53993 0.66
      vertex 4.83997 4.29369 0.66
    endloop
  endfacet
  facet normal 0.995196 -0.0979017 0
    outer loop
      vertex 95.002 5.55372 3.63
      vertex 95.04 5.94 0.66
      vertex 95.04 5.94 3.63
    endloop
  endfacet
  facet normal 0.995196 -0.0979017 0
    outer loop
      vertex 95.04 5.94 0.66
      vertex 95.002 5.55372 3.63
      vertex 95.002 5.55372 0.66
    endloop
  endfacet
  facet normal 0 0 1
    outer loop
      vertex 95.04 60.06 0.66
      vertex 99 57.42 0.66
      vertex 98.8859 58.5788 0.66
    endloop
  endfacet
  facet normal 0 0 1
    outer loop
      vertex 95.04 60.06 0.66
      vertex 98.8859 58.5788 0.66
      vertex 98.5478 59.6931 0.66
    endloop
  endfacet
  facet normal -0 0 1
    outer loop
      vertex 95.04 60.06 0.66
      vertex 98.5478 59.6931 0.66
      vertex 97.9989 60.7201 0.66
    endloop
  endfacet
  facet normal 0 0 1
    outer loop
      vertex 95.002 60.4463 0.66
      vertex 97.2602 61.6202 0.66
      vertex 96.3601 62.3589 0.66
    endloop
  endfacet
  facet normal 0 0 1
    outer loop
      vertex 99 57.42 0.66
      vertex 95.04 39.6 0.66
      vertex 99 24.75 0.66
    endloop
  endfacet
  facet normal -0 0 1
    outer loop
      vertex 95.04 26.4 0.66
      vertex 99 24.75 0.66
      vertex 95.04 39.6 0.66
    endloop
  endfacet
  facet normal 0 -0 1
    outer loop
      vertex 95.04 60.06 0.66
      vertex 97.2602 61.6202 0.66
      vertex 95.002 60.4463 0.66
    endloop
  endfacet
  facet normal -0 0 1
    outer loop
      vertex 97.02 8.25 0.66
      vertex 99 5.94 0.66
      vertex 99 8.25 0.66
    endloop
  endfacet
  facet normal 0 0 1
    outer loop
      vertex 95.04 5.94 0.66
      vertex 99 5.94 0.66
      vertex 97.02 8.25 0.66
    endloop
  endfacet
  facet normal 0 0 1
    outer loop
      vertex 99 5.94 0.66
      vertex 95.04 5.94 0.66
      vertex 98.8859 4.78116 0.66
    endloop
  endfacet
  facet normal -0 0 1
    outer loop
      vertex 95.002 5.55372 0.66
      vertex 98.8859 4.78116 0.66
      vertex 95.04 5.94 0.66
    endloop
  endfacet
  facet normal 0 0 1
    outer loop
      vertex 98.8859 4.78116 0.66
      vertex 95.002 5.55372 0.66
      vertex 98.5478 3.66686 0.66
    endloop
  endfacet
  facet normal 0 0 1
    outer loop
      vertex 98.5478 3.66686 0.66
      vertex 94.8893 5.18229 0.66
      vertex 97.9989 2.63991 0.66
    endloop
  endfacet
  facet normal 0 0 1
    outer loop
      vertex 99 24.75 0.66
      vertex 95.04 26.4 0.66
      vertex 97.02 24.75 0.66
    endloop
  endfacet
  facet normal 0 0 1
    outer loop
      vertex 94.7063 61.16 0.66
      vertex 96.3601 62.3589 0.66
      vertex 95.3331 62.9078 0.66
    endloop
  endfacet
  facet normal 0 0 1
    outer loop
      vertex 97.02 24.75 0.66
      vertex 95.04 26.4 0.66
      vertex 97.02 8.25 0.66
    endloop
  endfacet
  facet normal 0 0 1
    outer loop
      vertex 99 57.42 0.66
      vertex 95.04 60.06 0.66
      vertex 95.04 39.6 0.66
    endloop
  endfacet
  facet normal 0 0 1
    outer loop
      vertex 97.2602 61.6202 0.66
      vertex 95.04 60.06 0.66
      vertex 97.9989 60.7201 0.66
    endloop
  endfacet
  facet normal 0 0 1
    outer loop
      vertex 96.3601 62.3589 0.66
      vertex 94.8893 60.8177 0.66
      vertex 95.002 60.4463 0.66
    endloop
  endfacet
  facet normal 0 0 1
    outer loop
      vertex 96.3601 62.3589 0.66
      vertex 94.7063 61.16 0.66
      vertex 94.8893 60.8177 0.66
    endloop
  endfacet
  facet normal 0 0 1
    outer loop
      vertex 95.3331 62.9078 0.66
      vertex 94.4601 61.4601 0.66
      vertex 94.7063 61.16 0.66
    endloop
  endfacet
  facet normal 0 0 1
    outer loop
      vertex 94.16 61.7063 0.66
      vertex 95.3331 62.9078 0.66
      vertex 94.2188 63.2459 0.66
    endloop
  endfacet
  facet normal 0 0 1
    outer loop
      vertex 95.3331 62.9078 0.66
      vertex 94.16 61.7063 0.66
      vertex 94.4601 61.4601 0.66
    endloop
  endfacet
  facet normal 0 0 1
    outer loop
      vertex 94.2188 63.2459 0.66
      vertex 93.8177 61.8893 0.66
      vertex 94.16 61.7063 0.66
    endloop
  endfacet
  facet normal 0 0 1
    outer loop
      vertex 94.2188 63.2459 0.66
      vertex 93.4463 62.002 0.66
      vertex 93.8177 61.8893 0.66
    endloop
  endfacet
  facet normal 0 0 1
    outer loop
      vertex 93.06 63.36 0.66
      vertex 93.4463 62.002 0.66
      vertex 94.2188 63.2459 0.66
    endloop
  endfacet
  facet normal 0 0 1
    outer loop
      vertex 93.06 63.36 0.66
      vertex 93.06 62.04 0.66
      vertex 93.4463 62.002 0.66
    endloop
  endfacet
  facet normal -0 0 1
    outer loop
      vertex 85.965 63.36 0.66
      vertex 93.06 62.04 0.66
      vertex 93.06 63.36 0.66
    endloop
  endfacet
  facet normal -0 0 1
    outer loop
      vertex 79.035 63.36 0.66
      vertex 93.06 62.04 0.66
      vertex 85.965 63.36 0.66
    endloop
  endfacet
  facet normal 0 0 1
    outer loop
      vertex 79.035 63.36 0.66
      vertex 56.1 62.04 0.66
      vertex 93.06 62.04 0.66
    endloop
  endfacet
  facet normal 0 0 1
    outer loop
      vertex 42.9 60.72 0.66
      vertex 56.1 60.72 0.66
      vertex 56.1 62.04 0.66
    endloop
  endfacet
  facet normal 0 0 1
    outer loop
      vertex 56.1 60.72 0.66
      vertex 42.9 60.72 0.66
      vertex 56.1 5.28 0.66
    endloop
  endfacet
  facet normal 0 0 1
    outer loop
      vertex 42.9 60.72 0.66
      vertex 56.1 62.04 0.66
      vertex 42.9 62.04 0.66
    endloop
  endfacet
  facet normal 0 0 1
    outer loop
      vertex 79.035 63.36 0.66
      vertex 42.9 62.04 0.66
      vertex 56.1 62.04 0.66
    endloop
  endfacet
  facet normal -0 0 1
    outer loop
      vertex 19.965 63.36 0.66
      vertex 42.9 62.04 0.66
      vertex 79.035 63.36 0.66
    endloop
  endfacet
  facet normal 0 0 1
    outer loop
      vertex 5.94 62.04 0.66
      vertex 19.965 63.36 0.66
      vertex 13.035 63.36 0.66
    endloop
  endfacet
  facet normal 0 0 1
    outer loop
      vertex 5.94 62.04 0.66
      vertex 13.035 63.36 0.66
      vertex 5.94 63.36 0.66
    endloop
  endfacet
  facet normal 0 0 1
    outer loop
      vertex 19.965 63.36 0.66
      vertex 5.94 62.04 0.66
      vertex 42.9 62.04 0.66
    endloop
  endfacet
  facet normal 0 0 1
    outer loop
      vertex 5.94 63.36 0.66
      vertex 5.55372 62.002 0.66
      vertex 5.94 62.04 0.66
    endloop
  endfacet
  facet normal -0 0 1
    outer loop
      vertex 4.78116 63.2459 0.66
      vertex 5.55372 62.002 0.66
      vertex 5.94 63.36 0.66
    endloop
  endfacet
  facet normal 0 0 1
    outer loop
      vertex 5.55372 62.002 0.66
      vertex 4.78116 63.2459 0.66
      vertex 5.18229 61.8893 0.66
    endloop
  endfacet
  facet normal 0 0 1
    outer loop
      vertex 5.18229 61.8893 0.66
      vertex 4.78116 63.2459 0.66
      vertex 4.83997 61.7063 0.66
    endloop
  endfacet
  facet normal -0 0 1
    outer loop
      vertex 3.66686 62.9078 0.66
      vertex 4.83997 61.7063 0.66
      vertex 4.78116 63.2459 0.66
    endloop
  endfacet
  facet normal 0 0 1
    outer loop
      vertex 4.83997 61.7063 0.66
      vertex 3.66686 62.9078 0.66
      vertex 4.53993 61.4601 0.66
    endloop
  endfacet
  facet normal 0 0 1
    outer loop
      vertex 4.53993 61.4601 0.66
      vertex 3.66686 62.9078 0.66
      vertex 4.29369 61.16 0.66
    endloop
  endfacet
  facet normal -0 0 1
    outer loop
      vertex 2.63991 62.3589 0.66
      vertex 4.29369 61.16 0.66
      vertex 3.66686 62.9078 0.66
    endloop
  endfacet
  facet normal -0 0 1
    outer loop
      vertex 0 57.42 0.66
      vertex 3.96 39.6 0.66
      vertex 3.96 60.06 0.66
    endloop
  endfacet
  facet normal 0 0 1
    outer loop
      vertex 0 24.75 0.66
      vertex 3.96 39.6 0.66
      vertex 0 57.42 0.66
    endloop
  endfacet
  facet normal 0 0 1
    outer loop
      vertex 4.11072 60.8177 0.66
      vertex 1.73979 61.6202 0.66
      vertex 3.99804 60.4463 0.66
    endloop
  endfacet
  facet normal -0 0 1
    outer loop
      vertex 1.73979 61.6202 0.66
      vertex 4.11072 60.8177 0.66
      vertex 2.63991 62.3589 0.66
    endloop
  endfacet
  facet normal 0 0 1
    outer loop
      vertex 4.29369 61.16 0.66
      vertex 2.63991 62.3589 0.66
      vertex 4.11072 60.8177 0.66
    endloop
  endfacet
  facet normal 0 0 1
    outer loop
      vertex 3.96 5.94 0.66
      vertex 0 5.94 0.66
      vertex 3.99804 5.55372 0.66
    endloop
  endfacet
  facet normal 0 0 1
    outer loop
      vertex 3.99804 5.55372 0.66
      vertex 1.73979 1.73979 0.66
      vertex 2.63991 1.00107 0.66
    endloop
  endfacet
  facet normal 0 0 1
    outer loop
      vertex 3.99804 5.55372 0.66
      vertex 1.00107 2.63991 0.66
      vertex 1.73979 1.73979 0.66
    endloop
  endfacet
  facet normal 0 0 1
    outer loop
      vertex 3.99804 5.55372 0.66
      vertex 0.452155 3.66686 0.66
      vertex 1.00107 2.63991 0.66
    endloop
  endfacet
  facet normal 0 0 1
    outer loop
      vertex 3.99804 5.55372 0.66
      vertex 0.114135 4.78116 0.66
      vertex 0.452155 3.66686 0.66
    endloop
  endfacet
  facet normal 0 0 1
    outer loop
      vertex 0 5.94 0.66
      vertex 1.98 8.25 0.66
      vertex 0 8.25 0.66
    endloop
  endfacet
  facet normal 0 0 1
    outer loop
      vertex 3.99804 5.55372 0.66
      vertex 0 5.94 0.66
      vertex 0.114135 4.78116 0.66
    endloop
  endfacet
  facet normal -0 0 1
    outer loop
      vertex 3.96 39.6 0.66
      vertex 5.28 26.4 0.66
      vertex 5.28 39.6 0.66
    endloop
  endfacet
  facet normal 0 0 1
    outer loop
      vertex 5.28 26.4 0.66
      vertex 3.96 39.6 0.66
      vertex 3.96 26.4 0.66
    endloop
  endfacet
  facet normal 0 0 1
    outer loop
      vertex 12.87 3.96 0.66
      vertex 5.94 3.96 0.66
      vertex 12.87 1.32 0.66
    endloop
  endfacet
  facet normal 0 0 1
    outer loop
      vertex 5.28 39.6 0.66
      vertex 42.9 60.72 0.66
      vertex 5.94 60.72 0.66
    endloop
  endfacet
  facet normal 0 0 1
    outer loop
      vertex 42.9 60.72 0.66
      vertex 5.28 39.6 0.66
      vertex 42.9 5.28 0.66
    endloop
  endfacet
  facet normal 0 0 1
    outer loop
      vertex 5.28 60.06 0.66
      vertex 5.94 60.72 0.66
      vertex 5.81124 60.7073 0.66
    endloop
  endfacet
  facet normal -0 0 1
    outer loop
      vertex 5.28 26.4 0.66
      vertex 42.9 5.28 0.66
      vertex 5.28 39.6 0.66
    endloop
  endfacet
  facet normal 0 0 1
    outer loop
      vertex 5.28 60.06 0.66
      vertex 5.81124 60.7073 0.66
      vertex 5.68743 60.6698 0.66
    endloop
  endfacet
  facet normal 0 0 1
    outer loop
      vertex 42.9 5.28 0.66
      vertex 5.28 26.4 0.66
      vertex 5.94 5.28 0.66
    endloop
  endfacet
  facet normal 0 0 1
    outer loop
      vertex 5.28 60.06 0.66
      vertex 5.68743 60.6698 0.66
      vertex 5.57332 60.6088 0.66
    endloop
  endfacet
  facet normal -0 0 1
    outer loop
      vertex 5.28 5.94 0.66
      vertex 5.94 5.28 0.66
      vertex 5.28 26.4 0.66
    endloop
  endfacet
  facet normal 0 0 1
    outer loop
      vertex 5.28 60.06 0.66
      vertex 5.57332 60.6088 0.66
      vertex 5.47331 60.5267 0.66
    endloop
  endfacet
  facet normal 0 0 1
    outer loop
      vertex 5.94 5.28 0.66
      vertex 5.28 5.94 0.66
      vertex 5.81124 5.29268 0.66
    endloop
  endfacet
  facet normal 0 0 1
    outer loop
      vertex 5.28 60.06 0.66
      vertex 5.47331 60.5267 0.66
      vertex 5.39123 60.4267 0.66
    endloop
  endfacet
  facet normal 0 0 1
    outer loop
      vertex 5.81124 5.29268 0.66
      vertex 5.28 5.94 0.66
      vertex 5.68743 5.33024 0.66
    endloop
  endfacet
  facet normal 0 0 1
    outer loop
      vertex 5.28 60.06 0.66
      vertex 5.39123 60.4267 0.66
      vertex 5.33024 60.3126 0.66
    endloop
  endfacet
  facet normal 0 0 1
    outer loop
      vertex 5.68743 5.33024 0.66
      vertex 5.28 5.94 0.66
      vertex 5.57332 5.39123 0.66
    endloop
  endfacet
  facet normal 0 0 1
    outer loop
      vertex 5.28 60.06 0.66
      vertex 5.33024 60.3126 0.66
      vertex 5.29268 60.1888 0.66
    endloop
  endfacet
  facet normal 0 0 1
    outer loop
      vertex 5.57332 5.39123 0.66
      vertex 5.28 5.94 0.66
      vertex 5.47331 5.47331 0.66
    endloop
  endfacet
  facet normal 0 0 1
    outer loop
      vertex 5.94 60.72 0.66
      vertex 5.28 60.06 0.66
      vertex 5.28 39.6 0.66
    endloop
  endfacet
  facet normal 0 0 1
    outer loop
      vertex 5.47331 5.47331 0.66
      vertex 5.28 5.94 0.66
      vertex 5.39123 5.57332 0.66
    endloop
  endfacet
  facet normal 0 0 1
    outer loop
      vertex 5.39123 5.57332 0.66
      vertex 5.28 5.94 0.66
      vertex 5.33024 5.68743 0.66
    endloop
  endfacet
  facet normal 0 0 1
    outer loop
      vertex 5.33024 5.68743 0.66
      vertex 5.28 5.94 0.66
      vertex 5.29268 5.81124 0.66
    endloop
  endfacet
  facet normal 0 0 1
    outer loop
      vertex 78.87 3.96 0.66
      vertex 56.1 3.96 0.66
      vertex 78.87 1.32 0.66
    endloop
  endfacet
  facet normal 0 0 1
    outer loop
      vertex 93.06 60.72 0.66
      vertex 93.72 39.6 0.66
      vertex 93.72 60.06 0.66
    endloop
  endfacet
  facet normal -0 0 1
    outer loop
      vertex 56.1 60.72 0.66
      vertex 93.72 39.6 0.66
      vertex 93.06 60.72 0.66
    endloop
  endfacet
  facet normal 0 0 1
    outer loop
      vertex 93.06 60.72 0.66
      vertex 93.72 60.06 0.66
      vertex 93.7073 60.1888 0.66
    endloop
  endfacet
  facet normal 0 0 1
    outer loop
      vertex 56.1 5.28 0.66
      vertex 93.72 26.4 0.66
      vertex 56.1 60.72 0.66
    endloop
  endfacet
  facet normal 0 0 1
    outer loop
      vertex 93.06 60.72 0.66
      vertex 93.7073 60.1888 0.66
      vertex 93.6698 60.3126 0.66
    endloop
  endfacet
  facet normal 0 0 1
    outer loop
      vertex 93.72 39.6 0.66
      vertex 56.1 60.72 0.66
      vertex 93.72 26.4 0.66
    endloop
  endfacet
  facet normal 0 0 1
    outer loop
      vertex 93.06 60.72 0.66
      vertex 93.6698 60.3126 0.66
      vertex 93.6088 60.4267 0.66
    endloop
  endfacet
  facet normal 0 -0 1
    outer loop
      vertex 93.06 5.28 0.66
      vertex 93.72 26.4 0.66
      vertex 56.1 5.28 0.66
    endloop
  endfacet
  facet normal 0 0 1
    outer loop
      vertex 93.06 60.72 0.66
      vertex 93.6088 60.4267 0.66
      vertex 93.5267 60.5267 0.66
    endloop
  endfacet
  facet normal 0 0 1
    outer loop
      vertex 93.7073 5.81124 0.66
      vertex 93.06 5.28 0.66
      vertex 93.6698 5.68743 0.66
    endloop
  endfacet
  facet normal 0 0 1
    outer loop
      vertex 93.06 60.72 0.66
      vertex 93.5267 60.5267 0.66
      vertex 93.4267 60.6088 0.66
    endloop
  endfacet
  facet normal 0 0 1
    outer loop
      vertex 93.6698 5.68743 0.66
      vertex 93.06 5.28 0.66
      vertex 93.6088 5.57332 0.66
    endloop
  endfacet
  facet normal 0 0 1
    outer loop
      vertex 93.06 60.72 0.66
      vertex 93.4267 60.6088 0.66
      vertex 93.3126 60.6698 0.66
    endloop
  endfacet
  facet normal 0 0 1
    outer loop
      vertex 93.6088 5.57332 0.66
      vertex 93.06 5.28 0.66
      vertex 93.5267 5.47331 0.66
    endloop
  endfacet
  facet normal 0 0 1
    outer loop
      vertex 93.06 60.72 0.66
      vertex 93.3126 60.6698 0.66
      vertex 93.1888 60.7073 0.66
    endloop
  endfacet
  facet normal 0 0 1
    outer loop
      vertex 93.5267 5.47331 0.66
      vertex 93.06 5.28 0.66
      vertex 93.4267 5.39123 0.66
    endloop
  endfacet
  facet normal 0 0 1
    outer loop
      vertex 93.4267 5.39123 0.66
      vertex 93.06 5.28 0.66
      vertex 93.3126 5.33024 0.66
    endloop
  endfacet
  facet normal 0 0 1
    outer loop
      vertex 93.3126 5.33024 0.66
      vertex 93.06 5.28 0.66
      vertex 93.1888 5.29268 0.66
    endloop
  endfacet
  facet normal 0 0 1
    outer loop
      vertex 93.72 26.4 0.66
      vertex 93.06 5.28 0.66
      vertex 93.72 5.94 0.66
    endloop
  endfacet
  facet normal 0 0 1
    outer loop
      vertex 93.72 5.94 0.66
      vertex 93.06 5.28 0.66
      vertex 93.7073 5.81124 0.66
    endloop
  endfacet
  facet normal -0 0 1
    outer loop
      vertex 93.72 39.6 0.66
      vertex 95.04 26.4 0.66
      vertex 95.04 39.6 0.66
    endloop
  endfacet
  facet normal 0 0 1
    outer loop
      vertex 95.04 26.4 0.66
      vertex 93.72 39.6 0.66
      vertex 93.72 26.4 0.66
    endloop
  endfacet
  facet normal 0 0 1
    outer loop
      vertex 95.04 5.94 0.66
      vertex 97.02 8.25 0.66
      vertex 95.04 26.4 0.66
    endloop
  endfacet
  facet normal -0 0 1
    outer loop
      vertex 94.8893 5.18229 0.66
      vertex 98.5478 3.66686 0.66
      vertex 95.002 5.55372 0.66
    endloop
  endfacet
  facet normal -0 0 1
    outer loop
      vertex 94.7063 4.83997 0.66
      vertex 97.9989 2.63991 0.66
      vertex 94.8893 5.18229 0.66
    endloop
  endfacet
  facet normal 0 0 1
    outer loop
      vertex 97.9989 2.63991 0.66
      vertex 94.7063 4.83997 0.66
      vertex 97.2602 1.73979 0.66
    endloop
  endfacet
  facet normal -0 0 1
    outer loop
      vertex 94.4601 4.53993 0.66
      vertex 97.2602 1.73979 0.66
      vertex 94.7063 4.83997 0.66
    endloop
  endfacet
  facet normal 0 0 1
    outer loop
      vertex 97.2602 1.73979 0.66
      vertex 94.4601 4.53993 0.66
      vertex 96.3601 1.00107 0.66
    endloop
  endfacet
  facet normal -0 0 1
    outer loop
      vertex 94.16 4.29369 0.66
      vertex 96.3601 1.00107 0.66
      vertex 94.4601 4.53993 0.66
    endloop
  endfacet
  facet normal 0 0 1
    outer loop
      vertex 96.3601 1.00107 0.66
      vertex 94.16 4.29369 0.66
      vertex 95.3331 0.452155 0.66
    endloop
  endfacet
  facet normal -0 0 1
    outer loop
      vertex 93.8177 4.11072 0.66
      vertex 95.3331 0.452155 0.66
      vertex 94.16 4.29369 0.66
    endloop
  endfacet
  facet normal 0 0 1
    outer loop
      vertex 95.3331 0.452155 0.66
      vertex 93.8177 4.11072 0.66
      vertex 94.2188 0.114135 0.66
    endloop
  endfacet
  facet normal -0 0 1
    outer loop
      vertex 93.4463 3.99804 0.66
      vertex 94.2188 0.114135 0.66
      vertex 93.8177 4.11072 0.66
    endloop
  endfacet
  facet normal -0 0 1
    outer loop
      vertex 93.06 3.96 0.66
      vertex 94.2188 0.114135 0.66
      vertex 93.4463 3.99804 0.66
    endloop
  endfacet
  facet normal 0 0 1
    outer loop
      vertex 93.06 3.96 0.66
      vertex 93.06 0 0.66
      vertex 94.2188 0.114135 0.66
    endloop
  endfacet
  facet normal 0 0 1
    outer loop
      vertex 86.13 1.32 0.66
      vertex 93.06 3.96 0.66
      vertex 86.13 3.96 0.66
    endloop
  endfacet
  facet normal 0 0 1
    outer loop
      vertex 93.06 3.96 0.66
      vertex 86.13 1.32 0.66
      vertex 93.06 0 0.66
    endloop
  endfacet
  facet normal -0 0 1
    outer loop
      vertex 78.87 1.32 0.66
      vertex 93.06 0 0.66
      vertex 86.13 1.32 0.66
    endloop
  endfacet
  facet normal 0 0 1
    outer loop
      vertex 42.9 5.28 0.66
      vertex 56.1 5.28 0.66
      vertex 42.9 60.72 0.66
    endloop
  endfacet
  facet normal 0 0 1
    outer loop
      vertex 56.1 5.28 0.66
      vertex 42.9 5.28 0.66
      vertex 56.1 3.96 0.66
    endloop
  endfacet
  facet normal 0 0 1
    outer loop
      vertex 42.9 3.96 0.66
      vertex 56.1 3.96 0.66
      vertex 42.9 5.28 0.66
    endloop
  endfacet
  facet normal 0 0 1
    outer loop
      vertex 56.1 3.96 0.66
      vertex 42.9 3.96 0.66
      vertex 78.87 1.32 0.66
    endloop
  endfacet
  facet normal 0 0 1
    outer loop
      vertex 20.13 1.32 0.66
      vertex 78.87 1.32 0.66
      vertex 42.9 3.96 0.66
    endloop
  endfacet
  facet normal 0 0 1
    outer loop
      vertex 20.13 1.32 0.66
      vertex 42.9 3.96 0.66
      vertex 20.13 3.96 0.66
    endloop
  endfacet
  facet normal 0 0 1
    outer loop
      vertex 78.87 1.32 0.66
      vertex 20.13 1.32 0.66
      vertex 93.06 0 0.66
    endloop
  endfacet
  facet normal 0 0 1
    outer loop
      vertex 5.94 0 0.66
      vertex 20.13 1.32 0.66
      vertex 12.87 1.32 0.66
    endloop
  endfacet
  facet normal 0 0 1
    outer loop
      vertex 20.13 1.32 0.66
      vertex 5.94 0 0.66
      vertex 93.06 0 0.66
    endloop
  endfacet
  facet normal 0 0 1
    outer loop
      vertex 5.94 3.96 0.66
      vertex 5.94 0 0.66
      vertex 12.87 1.32 0.66
    endloop
  endfacet
  facet normal 0 0 1
    outer loop
      vertex 5.55372 3.99804 0.66
      vertex 5.94 0 0.66
      vertex 5.94 3.96 0.66
    endloop
  endfacet
  facet normal 0 0 1
    outer loop
      vertex 4.78116 0.114135 0.66
      vertex 5.55372 3.99804 0.66
      vertex 5.18229 4.11072 0.66
    endloop
  endfacet
  facet normal 0 0 1
    outer loop
      vertex 3.66686 0.452155 0.66
      vertex 5.18229 4.11072 0.66
      vertex 4.83997 4.29369 0.66
    endloop
  endfacet
  facet normal 0 0 1
    outer loop
      vertex 5.55372 3.99804 0.66
      vertex 4.78116 0.114135 0.66
      vertex 5.94 0 0.66
    endloop
  endfacet
  facet normal 0 0 1
    outer loop
      vertex 2.63991 1.00107 0.66
      vertex 4.83997 4.29369 0.66
      vertex 4.53993 4.53993 0.66
    endloop
  endfacet
  facet normal 0 0 1
    outer loop
      vertex 2.63991 1.00107 0.66
      vertex 4.53993 4.53993 0.66
      vertex 4.29369 4.83997 0.66
    endloop
  endfacet
  facet normal 0 0 1
    outer loop
      vertex 2.63991 1.00107 0.66
      vertex 4.29369 4.83997 0.66
      vertex 4.11072 5.18229 0.66
    endloop
  endfacet
  facet normal 0 0 1
    outer loop
      vertex 2.63991 1.00107 0.66
      vertex 4.11072 5.18229 0.66
      vertex 3.99804 5.55372 0.66
    endloop
  endfacet
  facet normal 0 0 1
    outer loop
      vertex 5.18229 4.11072 0.66
      vertex 3.66686 0.452155 0.66
      vertex 4.78116 0.114135 0.66
    endloop
  endfacet
  facet normal 0 0 1
    outer loop
      vertex 0 5.94 0.66
      vertex 3.96 5.94 0.66
      vertex 1.98 8.25 0.66
    endloop
  endfacet
  facet normal 0 0 1
    outer loop
      vertex 1.98 8.25 0.66
      vertex 3.96 26.4 0.66
      vertex 1.98 24.75 0.66
    endloop
  endfacet
  facet normal 0 0 1
    outer loop
      vertex 3.99804 60.4463 0.66
      vertex 1.73979 61.6202 0.66
      vertex 3.96 60.06 0.66
    endloop
  endfacet
  facet normal 0 0 1
    outer loop
      vertex 3.96 26.4 0.66
      vertex 1.98 8.25 0.66
      vertex 3.96 5.94 0.66
    endloop
  endfacet
  facet normal 0 0 1
    outer loop
      vertex 4.83997 4.29369 0.66
      vertex 2.63991 1.00107 0.66
      vertex 3.66686 0.452155 0.66
    endloop
  endfacet
  facet normal -0 0 1
    outer loop
      vertex 1.00107 60.7201 0.66
      vertex 3.96 60.06 0.66
      vertex 1.73979 61.6202 0.66
    endloop
  endfacet
  facet normal 0 0 1
    outer loop
      vertex 0.452155 59.6931 0.66
      vertex 3.96 60.06 0.66
      vertex 1.00107 60.7201 0.66
    endloop
  endfacet
  facet normal 0 0 1
    outer loop
      vertex 0.114135 58.5788 0.66
      vertex 3.96 60.06 0.66
      vertex 0.452155 59.6931 0.66
    endloop
  endfacet
  facet normal 0 0 1
    outer loop
      vertex 3.96 60.06 0.66
      vertex 0.114135 58.5788 0.66
      vertex 0 57.42 0.66
    endloop
  endfacet
  facet normal 0 0 1
    outer loop
      vertex 3.96 39.6 0.66
      vertex 0 24.75 0.66
      vertex 3.96 26.4 0.66
    endloop
  endfacet
  facet normal 0 0 1
    outer loop
      vertex 3.96 26.4 0.66
      vertex 0 24.75 0.66
      vertex 1.98 24.75 0.66
    endloop
  endfacet
  facet normal -0.881925 -0.471389 0
    outer loop
      vertex 4.29369 4.83997 0.66
      vertex 4.11072 5.18229 3.63
      vertex 4.11072 5.18229 0.66
    endloop
  endfacet
  facet normal -0.881925 -0.471389 0
    outer loop
      vertex 4.11072 5.18229 3.63
      vertex 4.29369 4.83997 0.66
      vertex 4.29369 4.83997 3.63
    endloop
  endfacet
  facet normal 0.956935 0.290303 0
    outer loop
      vertex 5.33024 5.68743 3.63
      vertex 5.29268 5.81124 0.66
      vertex 5.29268 5.81124 3.63
    endloop
  endfacet
  facet normal 0.956935 0.290303 0
    outer loop
      vertex 5.29268 5.81124 0.66
      vertex 5.33024 5.68743 3.63
      vertex 5.33024 5.68743 0.66
    endloop
  endfacet
  facet normal 0.995186 0.0980037 0
    outer loop
      vertex 5.29268 5.81124 3.63
      vertex 5.28 5.94 0.66
      vertex 5.28 5.94 3.63
    endloop
  endfacet
  facet normal 0.995186 0.0980037 0
    outer loop
      vertex 5.28 5.94 0.66
      vertex 5.29268 5.81124 3.63
      vertex 5.29268 5.81124 0.66
    endloop
  endfacet
  facet normal -0.471471 -0.881882 0
    outer loop
      vertex 93.3126 60.6698 0.66
      vertex 93.4267 60.6088 3.63
      vertex 93.3126 60.6698 3.63
    endloop
  endfacet
  facet normal -0.471471 -0.881882 -0
    outer loop
      vertex 93.4267 60.6088 3.63
      vertex 93.3126 60.6698 0.66
      vertex 93.4267 60.6088 0.66
    endloop
  endfacet
  facet normal 0.0981568 -0.995171 0
    outer loop
      vertex 5.81124 60.7073 0.66
      vertex 5.94 60.72 3.63
      vertex 5.81124 60.7073 3.63
    endloop
  endfacet
  facet normal 0.0981568 -0.995171 0
    outer loop
      vertex 5.94 60.72 3.63
      vertex 5.81124 60.7073 0.66
      vertex 5.94 60.72 0.66
    endloop
  endfacet
  facet normal -1 0 0
    outer loop
      vertex 93.72 60.06 0.66
      vertex 93.72 42.57 3.63
      vertex 93.72 60.06 3.63
    endloop
  endfacet
  facet normal -1 0 -0
    outer loop
      vertex 93.72 42.57 3.63
      vertex 93.72 60.06 0.66
      vertex 93.72 39.6 0.66
    endloop
  endfacet
  facet normal -1 0 0
    outer loop
      vertex 93.72 5.94 0.66
      vertex 93.72 23.43 3.63
      vertex 93.72 26.4 0.66
    endloop
  endfacet
  facet normal -1 -0 0
    outer loop
      vertex 93.72 23.43 3.63
      vertex 93.72 5.94 0.66
      vertex 93.72 5.94 3.63
    endloop
  endfacet
  facet normal 0 -1 0
    outer loop
      vertex 5.94 60.72 0.66
      vertex 39.93 60.72 3.63
      vertex 5.94 60.72 3.63
    endloop
  endfacet
  facet normal 0 -1 -0
    outer loop
      vertex 39.93 60.72 3.63
      vertex 5.94 60.72 0.66
      vertex 42.9 60.72 0.66
    endloop
  endfacet
  facet normal 0 -1 0
    outer loop
      vertex 93.06 60.72 0.66
      vertex 59.07 60.72 3.63
      vertex 56.1 60.72 0.66
    endloop
  endfacet
  facet normal 0 -1 0
    outer loop
      vertex 59.07 60.72 3.63
      vertex 93.06 60.72 0.66
      vertex 93.06 60.72 3.63
    endloop
  endfacet
  facet normal 0.995189 -0.0979736 0
    outer loop
      vertex 5.28 60.06 3.63
      vertex 5.29268 60.1888 0.66
      vertex 5.29268 60.1888 3.63
    endloop
  endfacet
  facet normal 0.995189 -0.0979736 0
    outer loop
      vertex 5.29268 60.1888 0.66
      vertex 5.28 60.06 3.63
      vertex 5.28 60.06 0.66
    endloop
  endfacet
  facet normal 0.634411 0.772996 -0
    outer loop
      vertex 5.57332 5.39123 0.66
      vertex 5.47331 5.47331 3.63
      vertex 5.57332 5.39123 3.63
    endloop
  endfacet
  facet normal 0.634411 0.772996 0
    outer loop
      vertex 5.47331 5.47331 3.63
      vertex 5.57332 5.39123 0.66
      vertex 5.47331 5.47331 0.66
    endloop
  endfacet
  facet normal 0.634504 -0.77292 0
    outer loop
      vertex 5.47331 60.5267 0.66
      vertex 5.57332 60.6088 3.63
      vertex 5.47331 60.5267 3.63
    endloop
  endfacet
  facet normal 0.634504 -0.77292 0
    outer loop
      vertex 5.57332 60.6088 3.63
      vertex 5.47331 60.5267 0.66
      vertex 5.57332 60.6088 0.66
    endloop
  endfacet
  facet normal 1 0 0
    outer loop
      vertex 5.28 5.94 0.66
      vertex 5.28 23.43 3.63
      vertex 5.28 5.94 3.63
    endloop
  endfacet
  facet normal 1 0 0
    outer loop
      vertex 5.28 23.43 3.63
      vertex 5.28 5.94 0.66
      vertex 5.28 26.4 0.66
    endloop
  endfacet
  facet normal 1 -0 0
    outer loop
      vertex 5.28 42.57 3.63
      vertex 5.28 60.06 0.66
      vertex 5.28 60.06 3.63
    endloop
  endfacet
  facet normal 1 0 0
    outer loop
      vertex 5.28 60.06 0.66
      vertex 5.28 42.57 3.63
      vertex 5.28 39.6 0.66
    endloop
  endfacet
  facet normal -0.0979736 0.995189 0
    outer loop
      vertex 93.1888 5.29268 0.66
      vertex 93.06 5.28 3.63
      vertex 93.1888 5.29268 3.63
    endloop
  endfacet
  facet normal -0.0979736 0.995189 0
    outer loop
      vertex 93.06 5.28 3.63
      vertex 93.1888 5.29268 0.66
      vertex 93.06 5.28 0.66
    endloop
  endfacet
  facet normal -0.47141 0.881914 0
    outer loop
      vertex 93.4267 5.39123 0.66
      vertex 93.3126 5.33024 3.63
      vertex 93.4267 5.39123 3.63
    endloop
  endfacet
  facet normal -0.47141 0.881914 0
    outer loop
      vertex 93.3126 5.33024 3.63
      vertex 93.4267 5.39123 0.66
      vertex 93.3126 5.33024 0.66
    endloop
  endfacet
  facet normal 0 1 0
    outer loop
      vertex 5.94 5.28 0.66
      vertex 39.93 5.28 3.63
      vertex 42.9 5.28 0.66
    endloop
  endfacet
  facet normal 0 1 0
    outer loop
      vertex 39.93 5.28 3.63
      vertex 5.94 5.28 0.66
      vertex 5.94 5.28 3.63
    endloop
  endfacet
  facet normal 0 1 -0
    outer loop
      vertex 93.06 5.28 0.66
      vertex 59.07 5.28 3.63
      vertex 93.06 5.28 3.63
    endloop
  endfacet
  facet normal 0 1 0
    outer loop
      vertex 59.07 5.28 3.63
      vertex 93.06 5.28 0.66
      vertex 56.1 5.28 0.66
    endloop
  endfacet
  facet normal 0.772965 -0.634449 0
    outer loop
      vertex 5.39123 60.4267 3.63
      vertex 5.47331 60.5267 0.66
      vertex 5.47331 60.5267 3.63
    endloop
  endfacet
  facet normal 0.772965 -0.634449 0
    outer loop
      vertex 5.47331 60.5267 0.66
      vertex 5.39123 60.4267 3.63
      vertex 5.39123 60.4267 0.66
    endloop
  endfacet
  facet normal -0.881882 -0.471471 0
    outer loop
      vertex 93.6698 60.3126 0.66
      vertex 93.6088 60.4267 3.63
      vertex 93.6088 60.4267 0.66
    endloop
  endfacet
  facet normal -0.881882 -0.471471 0
    outer loop
      vertex 93.6088 60.4267 3.63
      vertex 93.6698 60.3126 0.66
      vertex 93.6698 60.3126 3.63
    endloop
  endfacet
  facet normal -0.957063 0.289879 0
    outer loop
      vertex 93.6698 5.68743 0.66
      vertex 93.7073 5.81124 3.63
      vertex 93.7073 5.81124 0.66
    endloop
  endfacet
  facet normal -0.957063 0.289879 0
    outer loop
      vertex 93.7073 5.81124 3.63
      vertex 93.6698 5.68743 0.66
      vertex 93.6698 5.68743 3.63
    endloop
  endfacet
  facet normal -0.0981266 -0.995174 0
    outer loop
      vertex 93.06 60.72 0.66
      vertex 93.1888 60.7073 3.63
      vertex 93.06 60.72 3.63
    endloop
  endfacet
  facet normal -0.0981266 -0.995174 -0
    outer loop
      vertex 93.1888 60.7073 3.63
      vertex 93.06 60.72 0.66
      vertex 93.1888 60.7073 0.66
    endloop
  endfacet
  facet normal -0.634449 0.772965 0
    outer loop
      vertex 93.5267 5.47331 0.66
      vertex 93.4267 5.39123 3.63
      vertex 93.5267 5.47331 3.63
    endloop
  endfacet
  facet normal -0.634449 0.772965 0
    outer loop
      vertex 93.4267 5.39123 3.63
      vertex 93.5267 5.47331 0.66
      vertex 93.4267 5.39123 0.66
    endloop
  endfacet
  facet normal -0.634542 -0.772889 0
    outer loop
      vertex 93.4267 60.6088 0.66
      vertex 93.5267 60.5267 3.63
      vertex 93.4267 60.6088 3.63
    endloop
  endfacet
  facet normal -0.634542 -0.772889 -0
    outer loop
      vertex 93.5267 60.5267 3.63
      vertex 93.4267 60.6088 0.66
      vertex 93.5267 60.5267 0.66
    endloop
  endfacet
  facet normal -0.995171 0.0981568 0
    outer loop
      vertex 93.7073 5.81124 0.66
      vertex 93.72 5.94 3.63
      vertex 93.72 5.94 0.66
    endloop
  endfacet
  facet normal -0.995171 0.0981568 0
    outer loop
      vertex 93.72 5.94 3.63
      vertex 93.7073 5.81124 0.66
      vertex 93.7073 5.81124 3.63
    endloop
  endfacet
  facet normal -0.995174 -0.0981266 0
    outer loop
      vertex 93.72 60.06 0.66
      vertex 93.7073 60.1888 3.63
      vertex 93.7073 60.1888 0.66
    endloop
  endfacet
  facet normal -0.995174 -0.0981266 0
    outer loop
      vertex 93.7073 60.1888 3.63
      vertex 93.72 60.06 0.66
      vertex 93.72 60.06 3.63
    endloop
  endfacet
  facet normal 0.956928 -0.290325 0
    outer loop
      vertex 5.29268 60.1888 3.63
      vertex 5.33024 60.3126 0.66
      vertex 5.33024 60.3126 3.63
    endloop
  endfacet
  facet normal 0.956928 -0.290325 0
    outer loop
      vertex 5.33024 60.3126 0.66
      vertex 5.29268 60.1888 3.63
      vertex 5.29268 60.1888 0.66
    endloop
  endfacet
  facet normal -0.957057 -0.2899 0
    outer loop
      vertex 93.7073 60.1888 0.66
      vertex 93.6698 60.3126 3.63
      vertex 93.6698 60.3126 0.66
    endloop
  endfacet
  facet normal -0.957057 -0.2899 0
    outer loop
      vertex 93.6698 60.3126 3.63
      vertex 93.7073 60.1888 0.66
      vertex 93.7073 60.1888 3.63
    endloop
  endfacet
  facet normal -0.77292 0.634504 0
    outer loop
      vertex 93.5267 5.47331 0.66
      vertex 93.6088 5.57332 3.63
      vertex 93.6088 5.57332 0.66
    endloop
  endfacet
  facet normal -0.77292 0.634504 0
    outer loop
      vertex 93.6088 5.57332 3.63
      vertex 93.5267 5.47331 0.66
      vertex 93.5267 5.47331 3.63
    endloop
  endfacet
  facet normal -0.772889 -0.634542 0
    outer loop
      vertex 93.6088 60.4267 0.66
      vertex 93.5267 60.5267 3.63
      vertex 93.5267 60.5267 0.66
    endloop
  endfacet
  facet normal -0.772889 -0.634542 0
    outer loop
      vertex 93.5267 60.5267 3.63
      vertex 93.6088 60.4267 0.66
      vertex 93.6088 60.4267 3.63
    endloop
  endfacet
  facet normal 0.881914 -0.47141 0
    outer loop
      vertex 5.33024 60.3126 3.63
      vertex 5.39123 60.4267 0.66
      vertex 5.39123 60.4267 3.63
    endloop
  endfacet
  facet normal 0.881914 -0.47141 0
    outer loop
      vertex 5.39123 60.4267 0.66
      vertex 5.33024 60.3126 3.63
      vertex 5.33024 60.3126 0.66
    endloop
  endfacet
  facet normal -0.290325 0.956928 0
    outer loop
      vertex 93.3126 5.33024 0.66
      vertex 93.1888 5.29268 3.63
      vertex 93.3126 5.33024 3.63
    endloop
  endfacet
  facet normal -0.290325 0.956928 0
    outer loop
      vertex 93.1888 5.29268 3.63
      vertex 93.3126 5.33024 0.66
      vertex 93.1888 5.29268 0.66
    endloop
  endfacet
  facet normal 0.471438 -0.881899 0
    outer loop
      vertex 5.57332 60.6088 0.66
      vertex 5.68743 60.6698 3.63
      vertex 5.57332 60.6088 3.63
    endloop
  endfacet
  facet normal 0.471438 -0.881899 0
    outer loop
      vertex 5.68743 60.6698 3.63
      vertex 5.57332 60.6088 0.66
      vertex 5.68743 60.6698 0.66
    endloop
  endfacet
  facet normal -0.2899 -0.957057 0
    outer loop
      vertex 93.1888 60.7073 0.66
      vertex 93.3126 60.6698 3.63
      vertex 93.1888 60.7073 3.63
    endloop
  endfacet
  facet normal -0.2899 -0.957057 -0
    outer loop
      vertex 93.3126 60.6698 3.63
      vertex 93.1888 60.7073 0.66
      vertex 93.3126 60.6698 0.66
    endloop
  endfacet
  facet normal 0.772996 0.634411 0
    outer loop
      vertex 5.47331 5.47331 3.63
      vertex 5.39123 5.57332 0.66
      vertex 5.39123 5.57332 3.63
    endloop
  endfacet
  facet normal 0.772996 0.634411 0
    outer loop
      vertex 5.39123 5.57332 0.66
      vertex 5.47331 5.47331 3.63
      vertex 5.47331 5.47331 0.66
    endloop
  endfacet
  facet normal 0.471378 0.881931 -0
    outer loop
      vertex 5.68743 5.33024 0.66
      vertex 5.57332 5.39123 3.63
      vertex 5.68743 5.33024 3.63
    endloop
  endfacet
  facet normal 0.471378 0.881931 0
    outer loop
      vertex 5.57332 5.39123 3.63
      vertex 5.68743 5.33024 0.66
      vertex 5.57332 5.39123 0.66
    endloop
  endfacet
  facet normal 0.0980037 0.995186 -0
    outer loop
      vertex 5.94 5.28 0.66
      vertex 5.81124 5.29268 3.63
      vertex 5.94 5.28 3.63
    endloop
  endfacet
  facet normal 0.0980037 0.995186 0
    outer loop
      vertex 5.81124 5.29268 3.63
      vertex 5.94 5.28 0.66
      vertex 5.81124 5.29268 0.66
    endloop
  endfacet
  facet normal 0.881931 0.471378 0
    outer loop
      vertex 5.39123 5.57332 3.63
      vertex 5.33024 5.68743 0.66
      vertex 5.33024 5.68743 3.63
    endloop
  endfacet
  facet normal 0.881931 0.471378 0
    outer loop
      vertex 5.33024 5.68743 0.66
      vertex 5.39123 5.57332 3.63
      vertex 5.39123 5.57332 0.66
    endloop
  endfacet
  facet normal 0.289879 -0.957063 0
    outer loop
      vertex 5.68743 60.6698 0.66
      vertex 5.81124 60.7073 3.63
      vertex 5.68743 60.6698 3.63
    endloop
  endfacet
  facet normal 0.289879 -0.957063 0
    outer loop
      vertex 5.81124 60.7073 3.63
      vertex 5.68743 60.6698 0.66
      vertex 5.81124 60.7073 0.66
    endloop
  endfacet
  facet normal -0.881899 0.471438 0
    outer loop
      vertex 93.6088 5.57332 0.66
      vertex 93.6698 5.68743 3.63
      vertex 93.6698 5.68743 0.66
    endloop
  endfacet
  facet normal -0.881899 0.471438 0
    outer loop
      vertex 93.6698 5.68743 3.63
      vertex 93.6088 5.57332 0.66
      vertex 93.6088 5.57332 3.63
    endloop
  endfacet
  facet normal 0.290303 0.956935 -0
    outer loop
      vertex 5.81124 5.29268 0.66
      vertex 5.68743 5.33024 3.63
      vertex 5.81124 5.29268 3.63
    endloop
  endfacet
  facet normal 0.290303 0.956935 0
    outer loop
      vertex 5.68743 5.33024 3.63
      vertex 5.81124 5.29268 0.66
      vertex 5.68743 5.33024 0.66
    endloop
  endfacet
  facet normal 0.707107 0 0.707107
    outer loop
      vertex 39.93 62.04 3.63
      vertex 42.9 60.72 0.66
      vertex 42.9 62.04 0.66
    endloop
  endfacet
  facet normal 0.707107 0 0.707107
    outer loop
      vertex 42.9 60.72 0.66
      vertex 39.93 62.04 3.63
      vertex 39.93 60.72 3.63
    endloop
  endfacet
  facet normal 0.707107 0 0.707107
    outer loop
      vertex 39.93 5.28 3.63
      vertex 42.9 3.96 0.66
      vertex 42.9 5.28 0.66
    endloop
  endfacet
  facet normal 0.707107 0 0.707107
    outer loop
      vertex 42.9 3.96 0.66
      vertex 39.93 5.28 3.63
      vertex 39.93 3.96 3.63
    endloop
  endfacet
  facet normal -0.707107 0 0.707107
    outer loop
      vertex 56.1 62.04 0.66
      vertex 59.07 60.72 3.63
      vertex 59.07 62.04 3.63
    endloop
  endfacet
  facet normal -0.707107 0 0.707107
    outer loop
      vertex 59.07 60.72 3.63
      vertex 56.1 62.04 0.66
      vertex 56.1 60.72 0.66
    endloop
  endfacet
  facet normal -0.707107 0 0.707107
    outer loop
      vertex 56.1 5.28 0.66
      vertex 59.07 3.96 3.63
      vertex 59.07 5.28 3.63
    endloop
  endfacet
  facet normal -0.707107 0 0.707107
    outer loop
      vertex 59.07 3.96 3.63
      vertex 56.1 5.28 0.66
      vertex 56.1 3.96 0.66
    endloop
  endfacet
  facet normal 0 0.707107 0.707107
    outer loop
      vertex 5.28 26.4 0.66
      vertex 3.96 23.43 3.63
      vertex 5.28 23.43 3.63
    endloop
  endfacet
  facet normal 0 0.707107 0.707107
    outer loop
      vertex 3.96 23.43 3.63
      vertex 5.28 26.4 0.66
      vertex 3.96 26.4 0.66
    endloop
  endfacet
  facet normal 0 0.707107 0.707107
    outer loop
      vertex 95.04 26.4 0.66
      vertex 93.72 23.43 3.63
      vertex 95.04 23.43 3.63
    endloop
  endfacet
  facet normal 0 0.707107 0.707107
    outer loop
      vertex 93.72 23.43 3.63
      vertex 95.04 26.4 0.66
      vertex 93.72 26.4 0.66
    endloop
  endfacet
  facet normal 0 -0.707107 0.707107
    outer loop
      vertex 3.96 42.57 3.63
      vertex 5.28 39.6 0.66
      vertex 5.28 42.57 3.63
    endloop
  endfacet
  facet normal 0 -0.707107 0.707107
    outer loop
      vertex 5.28 39.6 0.66
      vertex 3.96 42.57 3.63
      vertex 3.96 39.6 0.66
    endloop
  endfacet
  facet normal 0 -0.707107 0.707107
    outer loop
      vertex 93.72 42.57 3.63
      vertex 95.04 39.6 0.66
      vertex 95.04 42.57 3.63
    endloop
  endfacet
  facet normal 0 -0.707107 0.707107
    outer loop
      vertex 95.04 39.6 0.66
      vertex 93.72 42.57 3.63
      vertex 93.72 39.6 0.66
    endloop
  endfacet
  facet normal -0.95694 -0.290285 0
    outer loop
      vertex 0.452155 3.66686 0
      vertex 0.114135 4.78116 0.66
      vertex 0.114135 4.78116 0
    endloop
  endfacet
  facet normal -0.95694 -0.290285 0
    outer loop
      vertex 0.114135 4.78116 0.66
      vertex 0.452155 3.66686 0
      vertex 0.452155 3.66686 0.66
    endloop
  endfacet
  facet normal -0.995184 0.0980198 0
    outer loop
      vertex 0 57.42 0
      vertex 0.114135 58.5788 0.66
      vertex 0.114135 58.5788 0
    endloop
  endfacet
  facet normal -0.995184 0.0980198 0
    outer loop
      vertex 0.114135 58.5788 0.66
      vertex 0 57.42 0
      vertex 0 57.42 0.66
    endloop
  endfacet
  facet normal -0.995185 -0.0980165 0
    outer loop
      vertex 0.114135 4.78116 0
      vertex 0 5.94 0.66
      vertex 0 5.94 0
    endloop
  endfacet
  facet normal -0.995185 -0.0980165 0
    outer loop
      vertex 0 5.94 0.66
      vertex 0.114135 4.78116 0
      vertex 0.114135 4.78116 0.66
    endloop
  endfacet
  facet normal -0.881931 0.471378 0
    outer loop
      vertex 0.452155 59.6931 0
      vertex 1.00107 60.7201 0.66
      vertex 1.00107 60.7201 0
    endloop
  endfacet
  facet normal -0.881931 0.471378 0
    outer loop
      vertex 1.00107 60.7201 0.66
      vertex 0.452155 59.6931 0
      vertex 0.452155 59.6931 0.66
    endloop
  endfacet
  facet normal 0.290348 0.956921 -0
    outer loop
      vertex 95.3331 62.9078 0
      vertex 94.2188 63.2459 0.66
      vertex 95.3331 62.9078 0.66
    endloop
  endfacet
  facet normal 0.290348 0.956921 0
    outer loop
      vertex 94.2188 63.2459 0.66
      vertex 95.3331 62.9078 0
      vertex 94.2188 63.2459 0
    endloop
  endfacet
  facet normal 0.956921 -0.290348 0
    outer loop
      vertex 98.5478 3.66686 0.66
      vertex 98.8859 4.78116 0
      vertex 98.8859 4.78116 0.66
    endloop
  endfacet
  facet normal 0.956921 -0.290348 0
    outer loop
      vertex 98.8859 4.78116 0
      vertex 98.5478 3.66686 0.66
      vertex 98.5478 3.66686 0
    endloop
  endfacet
  facet normal 0.0979901 0.995187 -0
    outer loop
      vertex 94.2188 63.2459 0
      vertex 93.06 63.36 0.66
      vertex 94.2188 63.2459 0.66
    endloop
  endfacet
  facet normal 0.0979901 0.995187 0
    outer loop
      vertex 93.06 63.36 0.66
      vertex 94.2188 63.2459 0
      vertex 93.06 63.36 0
    endloop
  endfacet
  facet normal -0.290348 0.956921 0
    outer loop
      vertex 4.78116 63.2459 0
      vertex 3.66686 62.9078 0.66
      vertex 4.78116 63.2459 0.66
    endloop
  endfacet
  facet normal -0.290348 0.956921 0
    outer loop
      vertex 3.66686 62.9078 0.66
      vertex 4.78116 63.2459 0
      vertex 3.66686 62.9078 0
    endloop
  endfacet
  facet normal 1 0 0
    outer loop
      vertex 99 24.75 0.6765
      vertex 99 24.1065 0
      vertex 99 24.75 0.66
    endloop
  endfacet
  facet normal 1 -0 0
    outer loop
      vertex 99 22.77 1.3365
      vertex 99 24.75 0.6765
      vertex 99 22.77 2.6565
    endloop
  endfacet
  facet normal 1 0 0
    outer loop
      vertex 99 24.75 0.6765
      vertex 99 22.77 1.3365
      vertex 99 24.1065 0
    endloop
  endfacet
  facet normal 1 -0 0
    outer loop
      vertex 99 10.23 2.6565
      vertex 99 22.77 1.3365
      vertex 99 22.77 2.6565
    endloop
  endfacet
  facet normal 1 0 0
    outer loop
      vertex 99 10.23 2.6565
      vertex 99 10.23 1.3365
      vertex 99 22.77 1.3365
    endloop
  endfacet
  facet normal 1 0 0
    outer loop
      vertex 99 8.25 0.6765
      vertex 99 10.23 1.3365
      vertex 99 10.23 2.6565
    endloop
  endfacet
  facet normal 1 0 0
    outer loop
      vertex 99 10.23 1.3365
      vertex 99 8.25 0.6765
      vertex 99 8.8935 0
    endloop
  endfacet
  facet normal 1 -0 0
    outer loop
      vertex 99 8.25 0.66
      vertex 99 8.8935 0
      vertex 99 8.25 0.6765
    endloop
  endfacet
  facet normal 1 0 0
    outer loop
      vertex 99 5.94 0
      vertex 99 8.25 0.66
      vertex 99 5.94 0.66
    endloop
  endfacet
  facet normal 1 0 0
    outer loop
      vertex 99 8.25 0.66
      vertex 99 5.94 0
      vertex 99 8.8935 0
    endloop
  endfacet
  facet normal 1 -0 0
    outer loop
      vertex 99 24.75 0.66
      vertex 99 57.42 0
      vertex 99 57.42 0.66
    endloop
  endfacet
  facet normal 1 0 0
    outer loop
      vertex 99 57.42 0
      vertex 99 24.75 0.66
      vertex 99 24.1065 0
    endloop
  endfacet
  facet normal 0 1 -0
    outer loop
      vertex 93.06 63.36 0
      vertex 85.965 63.36 0.66
      vertex 93.06 63.36 0.66
    endloop
  endfacet
  facet normal 0 1 0
    outer loop
      vertex 85.965 63.36 0.66
      vertex 93.06 63.36 0
      vertex 85.965 63.36 0
    endloop
  endfacet
  facet normal 0 1 -0
    outer loop
      vertex 13.035 63.36 0
      vertex 5.94 63.36 0.66
      vertex 13.035 63.36 0.66
    endloop
  endfacet
  facet normal 0 1 0
    outer loop
      vertex 5.94 63.36 0.66
      vertex 13.035 63.36 0
      vertex 5.94 63.36 0
    endloop
  endfacet
  facet normal 0 -1 0
    outer loop
      vertex 13.035 63.36 0.66
      vertex 19.965 63.36 1.32
      vertex 13.035 63.36 1.32
    endloop
  endfacet
  facet normal 0 -1 -0
    outer loop
      vertex 19.965 63.36 1.32
      vertex 13.035 63.36 0.66
      vertex 19.965 63.36 0.66
    endloop
  endfacet
  facet normal 0 -1 0
    outer loop
      vertex 79.035 63.36 0.66
      vertex 85.965 63.36 1.32
      vertex 79.035 63.36 1.32
    endloop
  endfacet
  facet normal 0 -1 -0
    outer loop
      vertex 85.965 63.36 1.32
      vertex 79.035 63.36 0.66
      vertex 85.965 63.36 0.66
    endloop
  endfacet
  facet normal 0 1 -0
    outer loop
      vertex 79.035 63.36 0
      vertex 19.965 63.36 0.66
      vertex 79.035 63.36 0.66
    endloop
  endfacet
  facet normal 0 1 0
    outer loop
      vertex 19.965 63.36 0.66
      vertex 79.035 63.36 0
      vertex 19.965 63.36 0
    endloop
  endfacet
  facet normal -0.634399 -0.773006 0
    outer loop
      vertex 1.73979 1.73979 0
      vertex 2.63991 1.00107 0.66
      vertex 1.73979 1.73979 0.66
    endloop
  endfacet
  facet normal -0.634399 -0.773006 -0
    outer loop
      vertex 2.63991 1.00107 0.66
      vertex 1.73979 1.73979 0
      vertex 2.63991 1.00107 0
    endloop
  endfacet
  facet normal -0.471386 0.881927 0
    outer loop
      vertex 3.66686 62.9078 0
      vertex 2.63991 62.3589 0.66
      vertex 3.66686 62.9078 0.66
    endloop
  endfacet
  facet normal -0.471386 0.881927 0
    outer loop
      vertex 2.63991 62.3589 0.66
      vertex 3.66686 62.9078 0
      vertex 2.63991 62.3589 0
    endloop
  endfacet
  facet normal -1 0 0
    outer loop
      vertex 0 5.94 0
      vertex 0 8.25 0.66
      vertex 0 8.8935 0
    endloop
  endfacet
  facet normal -1 -0 0
    outer loop
      vertex 0 8.25 0.66
      vertex 0 5.94 0
      vertex 0 5.94 0.66
    endloop
  endfacet
  facet normal -1 0 0
    outer loop
      vertex 0 57.42 0
      vertex 0 24.75 0.66
      vertex 0 57.42 0.66
    endloop
  endfacet
  facet normal -1 0 0
    outer loop
      vertex 0 24.1065 0
      vertex 0 24.75 0.66
      vertex 0 57.42 0
    endloop
  endfacet
  facet normal -1 0 0
    outer loop
      vertex 0 24.1065 0
      vertex 0 24.75 0.6765
      vertex 0 24.75 0.66
    endloop
  endfacet
  facet normal -1 0 0
    outer loop
      vertex 0 22.77 1.3365
      vertex 0 24.75 0.6765
      vertex 0 24.1065 0
    endloop
  endfacet
  facet normal -1 0 0
    outer loop
      vertex 0 22.77 1.3365
      vertex 0 22.77 2.6565
      vertex 0 24.75 0.6765
    endloop
  endfacet
  facet normal -1 0 0
    outer loop
      vertex 0 10.23 1.3365
      vertex 0 22.77 2.6565
      vertex 0 22.77 1.3365
    endloop
  endfacet
  facet normal -1 0 0
    outer loop
      vertex 0 10.23 1.3365
      vertex 0 10.23 2.6565
      vertex 0 22.77 2.6565
    endloop
  endfacet
  facet normal -1 0 0
    outer loop
      vertex 0 8.25 0.6765
      vertex 0 10.23 1.3365
      vertex 0 8.8935 0
    endloop
  endfacet
  facet normal -1 0 0
    outer loop
      vertex 0 8.25 0.6765
      vertex 0 8.8935 0
      vertex 0 8.25 0.66
    endloop
  endfacet
  facet normal -1 -0 0
    outer loop
      vertex 0 10.23 1.3365
      vertex 0 8.25 0.6765
      vertex 0 10.23 2.6565
    endloop
  endfacet
  facet normal 0.0980198 -0.995184 0
    outer loop
      vertex 93.06 0 0
      vertex 94.2188 0.114135 0.66
      vertex 93.06 0 0.66
    endloop
  endfacet
  facet normal 0.0980198 -0.995184 0
    outer loop
      vertex 94.2188 0.114135 0.66
      vertex 93.06 0 0
      vertex 94.2188 0.114135 0
    endloop
  endfacet
  facet normal 0 -1 0
    outer loop
      vertex 5.94 0 0
      vertex 93.06 0 0.66
      vertex 5.94 0 0.66
    endloop
  endfacet
  facet normal 0 -1 -0
    outer loop
      vertex 93.06 0 0.66
      vertex 5.94 0 0
      vertex 93.06 0 0
    endloop
  endfacet
  facet normal -0.772999 0.634407 0
    outer loop
      vertex 1.00107 60.7201 0
      vertex 1.73979 61.6202 0.66
      vertex 1.73979 61.6202 0
    endloop
  endfacet
  facet normal -0.772999 0.634407 0
    outer loop
      vertex 1.73979 61.6202 0.66
      vertex 1.00107 60.7201 0
      vertex 1.00107 60.7201 0.66
    endloop
  endfacet
  facet normal -0.95694 0.290285 0
    outer loop
      vertex 0.114135 58.5788 0
      vertex 0.452155 59.6931 0.66
      vertex 0.452155 59.6931 0
    endloop
  endfacet
  facet normal -0.95694 0.290285 0
    outer loop
      vertex 0.452155 59.6931 0.66
      vertex 0.114135 58.5788 0
      vertex 0.114135 58.5788 0.66
    endloop
  endfacet
  facet normal 0.881937 0.471368 0
    outer loop
      vertex 98.5478 59.6931 0.66
      vertex 97.9989 60.7201 0
      vertex 97.9989 60.7201 0.66
    endloop
  endfacet
  facet normal 0.881937 0.471368 0
    outer loop
      vertex 97.9989 60.7201 0
      vertex 98.5478 59.6931 0.66
      vertex 98.5478 59.6931 0
    endloop
  endfacet
  facet normal 0.471368 0.881937 -0
    outer loop
      vertex 96.3601 62.3589 0
      vertex 95.3331 62.9078 0.66
      vertex 96.3601 62.3589 0.66
    endloop
  endfacet
  facet normal 0.471368 0.881937 0
    outer loop
      vertex 95.3331 62.9078 0.66
      vertex 96.3601 62.3589 0
      vertex 95.3331 62.9078 0
    endloop
  endfacet
  facet normal 0.634397 0.773007 -0
    outer loop
      vertex 97.2602 61.6202 0
      vertex 96.3601 62.3589 0.66
      vertex 97.2602 61.6202 0.66
    endloop
  endfacet
  facet normal 0.634397 0.773007 0
    outer loop
      vertex 96.3601 62.3589 0.66
      vertex 97.2602 61.6202 0
      vertex 96.3601 62.3589 0
    endloop
  endfacet
  facet normal 0.995187 0.0979901 0
    outer loop
      vertex 99 57.42 0.66
      vertex 98.8859 58.5788 0
      vertex 98.8859 58.5788 0.66
    endloop
  endfacet
  facet normal 0.995187 0.0979901 0
    outer loop
      vertex 98.8859 58.5788 0
      vertex 99 57.42 0.66
      vertex 99 57.42 0
    endloop
  endfacet
  facet normal 0.956921 0.290348 0
    outer loop
      vertex 98.8859 58.5788 0.66
      vertex 98.5478 59.6931 0
      vertex 98.5478 59.6931 0.66
    endloop
  endfacet
  facet normal 0.956921 0.290348 0
    outer loop
      vertex 98.5478 59.6931 0
      vertex 98.8859 58.5788 0.66
      vertex 98.8859 58.5788 0
    endloop
  endfacet
  facet normal 0.773014 -0.634388 0
    outer loop
      vertex 97.2602 1.73979 0.66
      vertex 97.9989 2.63991 0
      vertex 97.9989 2.63991 0.66
    endloop
  endfacet
  facet normal 0.773014 -0.634388 0
    outer loop
      vertex 97.9989 2.63991 0
      vertex 97.2602 1.73979 0.66
      vertex 97.2602 1.73979 0
    endloop
  endfacet
  facet normal 0.634407 -0.772999 0
    outer loop
      vertex 96.3601 1.00107 0
      vertex 97.2602 1.73979 0.66
      vertex 96.3601 1.00107 0.66
    endloop
  endfacet
  facet normal 0.634407 -0.772999 0
    outer loop
      vertex 97.2602 1.73979 0.66
      vertex 96.3601 1.00107 0
      vertex 97.2602 1.73979 0
    endloop
  endfacet
  facet normal 0.995188 -0.0979867 0
    outer loop
      vertex 98.8859 4.78116 0.66
      vertex 99 5.94 0
      vertex 99 5.94 0.66
    endloop
  endfacet
  facet normal 0.995188 -0.0979867 0
    outer loop
      vertex 99 5.94 0
      vertex 98.8859 4.78116 0.66
      vertex 98.8859 4.78116 0
    endloop
  endfacet
  facet normal 0.773007 0.634397 0
    outer loop
      vertex 97.9989 60.7201 0.66
      vertex 97.2602 61.6202 0
      vertex 97.2602 61.6202 0.66
    endloop
  endfacet
  facet normal 0.773007 0.634397 0
    outer loop
      vertex 97.2602 61.6202 0
      vertex 97.9989 60.7201 0.66
      vertex 97.9989 60.7201 0
    endloop
  endfacet
  facet normal -0.773006 -0.634399 0
    outer loop
      vertex 1.73979 1.73979 0
      vertex 1.00107 2.63991 0.66
      vertex 1.00107 2.63991 0
    endloop
  endfacet
  facet normal -0.773006 -0.634399 0
    outer loop
      vertex 1.00107 2.63991 0.66
      vertex 1.73979 1.73979 0
      vertex 1.73979 1.73979 0.66
    endloop
  endfacet
  facet normal -0.634388 0.773014 0
    outer loop
      vertex 2.63991 62.3589 0
      vertex 1.73979 61.6202 0.66
      vertex 2.63991 62.3589 0.66
    endloop
  endfacet
  facet normal -0.634388 0.773014 0
    outer loop
      vertex 1.73979 61.6202 0.66
      vertex 2.63991 62.3589 0
      vertex 1.73979 61.6202 0
    endloop
  endfacet
  facet normal 0.290285 -0.95694 0
    outer loop
      vertex 94.2188 0.114135 0
      vertex 95.3331 0.452155 0.66
      vertex 94.2188 0.114135 0.66
    endloop
  endfacet
  facet normal 0.290285 -0.95694 0
    outer loop
      vertex 95.3331 0.452155 0.66
      vertex 94.2188 0.114135 0
      vertex 95.3331 0.452155 0
    endloop
  endfacet
  facet normal 0.471378 -0.881931 0
    outer loop
      vertex 95.3331 0.452155 0
      vertex 96.3601 1.00107 0.66
      vertex 95.3331 0.452155 0.66
    endloop
  endfacet
  facet normal 0.471378 -0.881931 0
    outer loop
      vertex 96.3601 1.00107 0.66
      vertex 95.3331 0.452155 0
      vertex 96.3601 1.00107 0
    endloop
  endfacet
  facet normal -0.471396 -0.881922 0
    outer loop
      vertex 2.63991 1.00107 0
      vertex 3.66686 0.452155 0.66
      vertex 2.63991 1.00107 0.66
    endloop
  endfacet
  facet normal -0.471396 -0.881922 -0
    outer loop
      vertex 3.66686 0.452155 0.66
      vertex 2.63991 1.00107 0
      vertex 3.66686 0.452155 0
    endloop
  endfacet
  facet normal -0.0980165 -0.995185 0
    outer loop
      vertex 4.78116 0.114135 0
      vertex 5.94 0 0.66
      vertex 4.78116 0.114135 0.66
    endloop
  endfacet
  facet normal -0.0980165 -0.995185 -0
    outer loop
      vertex 5.94 0 0.66
      vertex 4.78116 0.114135 0
      vertex 5.94 0 0
    endloop
  endfacet
  facet normal -0.0979867 0.995188 0
    outer loop
      vertex 5.94 63.36 0
      vertex 4.78116 63.2459 0.66
      vertex 5.94 63.36 0.66
    endloop
  endfacet
  facet normal -0.0979867 0.995188 0
    outer loop
      vertex 4.78116 63.2459 0.66
      vertex 5.94 63.36 0
      vertex 4.78116 63.2459 0
    endloop
  endfacet
  facet normal 0.881927 -0.471386 0
    outer loop
      vertex 97.9989 2.63991 0.66
      vertex 98.5478 3.66686 0
      vertex 98.5478 3.66686 0.66
    endloop
  endfacet
  facet normal 0.881927 -0.471386 0
    outer loop
      vertex 98.5478 3.66686 0
      vertex 97.9989 2.63991 0.66
      vertex 97.9989 2.63991 0
    endloop
  endfacet
  facet normal -0.290285 -0.95694 0
    outer loop
      vertex 3.66686 0.452155 0
      vertex 4.78116 0.114135 0.66
      vertex 3.66686 0.452155 0.66
    endloop
  endfacet
  facet normal -0.290285 -0.95694 -0
    outer loop
      vertex 4.78116 0.114135 0.66
      vertex 3.66686 0.452155 0
      vertex 4.78116 0.114135 0
    endloop
  endfacet
  facet normal -0.881922 -0.471396 0
    outer loop
      vertex 1.00107 2.63991 0
      vertex 0.452155 3.66686 0.66
      vertex 0.452155 3.66686 0
    endloop
  endfacet
  facet normal -0.881922 -0.471396 0
    outer loop
      vertex 0.452155 3.66686 0.66
      vertex 1.00107 2.63991 0
      vertex 1.00107 2.63991 0.66
    endloop
  endfacet
  facet normal 0 -1 0
    outer loop
      vertex 0 8.25 0.66
      vertex 1.98 8.25 0.6765
      vertex 0 8.25 0.6765
    endloop
  endfacet
  facet normal 0 -1 -0
    outer loop
      vertex 1.98 8.25 0.6765
      vertex 0 8.25 0.66
      vertex 1.98 8.25 0.66
    endloop
  endfacet
  facet normal 0 1 -0
    outer loop
      vertex 1.98 24.75 0.66
      vertex 0 24.75 0.6765
      vertex 1.98 24.75 0.6765
    endloop
  endfacet
  facet normal 0 1 0
    outer loop
      vertex 0 24.75 0.6765
      vertex 1.98 24.75 0.66
      vertex 0 24.75 0.66
    endloop
  endfacet
  facet normal 0 -0.707107 0.707107
    outer loop
      vertex 0 8.25 0.6765
      vertex 0.0164997 10.23 2.6565
      vertex 0 10.23 2.6565
    endloop
  endfacet
  facet normal 0 -0.707107 0.707107
    outer loop
      vertex 0.0164997 10.23 2.6565
      vertex 0 8.25 0.6765
      vertex 1.98 8.25 0.6765
    endloop
  endfacet
  facet normal 1 -0 0
    outer loop
      vertex 1.98 8.25 0.6765
      vertex 1.98 24.75 0.66
      vertex 1.98 24.75 0.6765
    endloop
  endfacet
  facet normal 1 0 0
    outer loop
      vertex 1.98 24.75 0.66
      vertex 1.98 8.25 0.6765
      vertex 1.98 8.25 0.66
    endloop
  endfacet
  facet normal -0 0 1
    outer loop
      vertex 0 22.77 2.6565
      vertex 0.0164997 10.23 2.6565
      vertex 0.0164997 22.77 2.6565
    endloop
  endfacet
  facet normal 0 0 1
    outer loop
      vertex 0.0164997 10.23 2.6565
      vertex 0 22.77 2.6565
      vertex 0 10.23 2.6565
    endloop
  endfacet
  facet normal -0 0.707107 0.707107
    outer loop
      vertex 0 24.75 0.6765
      vertex 0.0164997 22.77 2.6565
      vertex 1.98 24.75 0.6765
    endloop
  endfacet
  facet normal 0 0.707107 0.707107
    outer loop
      vertex 0.0164997 22.77 2.6565
      vertex 0 24.75 0.6765
      vertex 0 22.77 2.6565
    endloop
  endfacet
  facet normal 0.710059 -0 0.704142
    outer loop
      vertex 0.0164997 10.23 2.6565
      vertex 1.98 24.75 0.6765
      vertex 0.0164997 22.77 2.6565
    endloop
  endfacet
  facet normal 0.710059 0 0.704142
    outer loop
      vertex 1.98 24.75 0.6765
      vertex 0.0164997 10.23 2.6565
      vertex 1.98 8.25 0.6765
    endloop
  endfacet
  facet normal -0.710059 0 0.704142
    outer loop
      vertex 97.02 24.75 0.6765
      vertex 98.9835 10.23 2.6565
      vertex 98.9835 22.77 2.6565
    endloop
  endfacet
  facet normal -0.710059 0 0.704142
    outer loop
      vertex 98.9835 10.23 2.6565
      vertex 97.02 24.75 0.6765
      vertex 97.02 8.25 0.6765
    endloop
  endfacet
  facet normal 0 -1 0
    outer loop
      vertex 97.02 8.25 0.66
      vertex 99 8.25 0.6765
      vertex 97.02 8.25 0.6765
    endloop
  endfacet
  facet normal 0 -1 -0
    outer loop
      vertex 99 8.25 0.6765
      vertex 97.02 8.25 0.66
      vertex 99 8.25 0.66
    endloop
  endfacet
  facet normal 0 0.707107 0.707107
    outer loop
      vertex 99 24.75 0.6765
      vertex 98.9835 22.77 2.6565
      vertex 99 22.77 2.6565
    endloop
  endfacet
  facet normal 0 0.707107 0.707107
    outer loop
      vertex 98.9835 22.77 2.6565
      vertex 99 24.75 0.6765
      vertex 97.02 24.75 0.6765
    endloop
  endfacet
  facet normal 0 1 -0
    outer loop
      vertex 99 24.75 0.66
      vertex 97.02 24.75 0.6765
      vertex 99 24.75 0.6765
    endloop
  endfacet
  facet normal 0 1 0
    outer loop
      vertex 97.02 24.75 0.6765
      vertex 99 24.75 0.66
      vertex 97.02 24.75 0.66
    endloop
  endfacet
  facet normal 0 -0.707107 0.707107
    outer loop
      vertex 99 8.25 0.6765
      vertex 98.9835 10.23 2.6565
      vertex 97.02 8.25 0.6765
    endloop
  endfacet
  facet normal 0 -0.707107 0.707107
    outer loop
      vertex 98.9835 10.23 2.6565
      vertex 99 8.25 0.6765
      vertex 99 10.23 2.6565
    endloop
  endfacet
  facet normal -0 0 1
    outer loop
      vertex 98.9835 22.77 2.6565
      vertex 99 10.23 2.6565
      vertex 99 22.77 2.6565
    endloop
  endfacet
  facet normal 0 0 1
    outer loop
      vertex 99 10.23 2.6565
      vertex 98.9835 22.77 2.6565
      vertex 98.9835 10.23 2.6565
    endloop
  endfacet
  facet normal -1 0 0
    outer loop
      vertex 97.02 8.25 0.66
      vertex 97.02 24.75 0.6765
      vertex 97.02 24.75 0.66
    endloop
  endfacet
  facet normal -1 -0 0
    outer loop
      vertex 97.02 24.75 0.6765
      vertex 97.02 8.25 0.66
      vertex 97.02 8.25 0.6765
    endloop
  endfacet
  facet normal -1 0 0
    outer loop
      vertex 20.13 1.32 0
      vertex 20.13 3.96 0.66
      vertex 20.13 3.96 0
    endloop
  endfacet
  facet normal -1 -0 0
    outer loop
      vertex 20.13 3.96 0.66
      vertex 20.13 1.32 0
      vertex 20.13 1.32 0.66
    endloop
  endfacet
  facet normal 1 -0 0
    outer loop
      vertex 12.87 1.32 0.66
      vertex 12.87 3.96 0
      vertex 12.87 3.96 0.66
    endloop
  endfacet
  facet normal 1 0 0
    outer loop
      vertex 12.87 3.96 0
      vertex 12.87 1.32 0.66
      vertex 12.87 1.32 0
    endloop
  endfacet
  facet normal 0 1 -0
    outer loop
      vertex 20.13 1.32 0
      vertex 12.87 1.32 0.66
      vertex 20.13 1.32 0.66
    endloop
  endfacet
  facet normal 0 1 0
    outer loop
      vertex 12.87 1.32 0.66
      vertex 20.13 1.32 0
      vertex 12.87 1.32 0
    endloop
  endfacet
  facet normal -1 0 0
    outer loop
      vertex 86.13 1.32 0
      vertex 86.13 3.96 0.66
      vertex 86.13 3.96 0
    endloop
  endfacet
  facet normal -1 -0 0
    outer loop
      vertex 86.13 3.96 0.66
      vertex 86.13 1.32 0
      vertex 86.13 1.32 0.66
    endloop
  endfacet
  facet normal 1 -0 0
    outer loop
      vertex 78.87 1.32 0.66
      vertex 78.87 3.96 0
      vertex 78.87 3.96 0.66
    endloop
  endfacet
  facet normal 1 0 0
    outer loop
      vertex 78.87 3.96 0
      vertex 78.87 1.32 0.66
      vertex 78.87 1.32 0
    endloop
  endfacet
  facet normal 0 1 -0
    outer loop
      vertex 86.13 1.32 0
      vertex 78.87 1.32 0.66
      vertex 86.13 1.32 0.66
    endloop
  endfacet
  facet normal 0 1 0
    outer loop
      vertex 78.87 1.32 0.66
      vertex 86.13 1.32 0
      vertex 78.87 1.32 0
    endloop
  endfacet
  facet normal 0 0.707107 -0.707107
    outer loop
      vertex 0 8.8935 0
      vertex 0.0164997 10.23 1.3365
      vertex 1.34186 8.8935 0
    endloop
  endfacet
  facet normal 0 0.707107 -0.707107
    outer loop
      vertex 0.0164997 10.23 1.3365
      vertex 0 8.8935 0
      vertex 0 10.23 1.3365
    endloop
  endfacet
  facet normal 0 0 -1
    outer loop
      vertex 0 10.23 1.3365
      vertex 0.0164997 22.77 1.3365
      vertex 0.0164997 10.23 1.3365
    endloop
  endfacet
  facet normal -0 0 -1
    outer loop
      vertex 0.0164997 22.77 1.3365
      vertex 0 10.23 1.3365
      vertex 0 22.77 1.3365
    endloop
  endfacet
  facet normal 0 -0.707107 -0.707107
    outer loop
      vertex 0 24.1065 0
      vertex 0.0164997 22.77 1.3365
      vertex 0 22.77 1.3365
    endloop
  endfacet
  facet normal 0 -0.707107 -0.707107
    outer loop
      vertex 0.0164997 22.77 1.3365
      vertex 0 24.1065 0
      vertex 1.34186 24.1065 0
    endloop
  endfacet
  facet normal -0.71006 0 -0.704141
    outer loop
      vertex 1.34186 24.1065 0
      vertex 0.0164997 10.23 1.3365
      vertex 0.0164997 22.77 1.3365
    endloop
  endfacet
  facet normal -0.71006 0 -0.704141
    outer loop
      vertex 0.0164997 10.23 1.3365
      vertex 1.34186 24.1065 0
      vertex 1.34186 8.8935 0
    endloop
  endfacet
  facet normal 0.710049 0 -0.704152
    outer loop
      vertex 98.9835 10.23 1.3365
      vertex 97.6581 24.1065 0
      vertex 98.9835 22.77 1.3365
    endloop
  endfacet
  facet normal 0.710049 0 -0.704152
    outer loop
      vertex 97.6581 24.1065 0
      vertex 98.9835 10.23 1.3365
      vertex 97.6581 8.8935 0
    endloop
  endfacet
  facet normal 0 -0.707107 -0.707107
    outer loop
      vertex 98.9835 22.77 1.3365
      vertex 99 24.1065 0
      vertex 99 22.77 1.3365
    endloop
  endfacet
  facet normal -0 -0.707107 -0.707107
    outer loop
      vertex 99 24.1065 0
      vertex 98.9835 22.77 1.3365
      vertex 97.6581 24.1065 0
    endloop
  endfacet
  facet normal 0 0 -1
    outer loop
      vertex 98.9835 10.23 1.3365
      vertex 99 22.77 1.3365
      vertex 99 10.23 1.3365
    endloop
  endfacet
  facet normal -0 0 -1
    outer loop
      vertex 99 22.77 1.3365
      vertex 98.9835 10.23 1.3365
      vertex 98.9835 22.77 1.3365
    endloop
  endfacet
  facet normal 0 0.707107 -0.707107
    outer loop
      vertex 99 8.8935 0
      vertex 98.9835 10.23 1.3365
      vertex 99 10.23 1.3365
    endloop
  endfacet
  facet normal 0 0.707107 -0.707107
    outer loop
      vertex 98.9835 10.23 1.3365
      vertex 99 8.8935 0
      vertex 97.6581 8.8935 0
    endloop
  endfacet
  facet normal -1 0 0
    outer loop
      vertex 13.035 67.0621 0
      vertex 13.035 66.8768 0.216759
      vertex 13.035 66.9935 0.0894086
    endloop
  endfacet
  facet normal -1 0 0
    outer loop
      vertex 13.035 67.0621 0
      vertex 13.035 66.7494 0.333454
      vertex 13.035 66.8768 0.216759
    endloop
  endfacet
  facet normal -1 0 0
    outer loop
      vertex 13.035 67.0621 0
      vertex 13.035 66.6124 0.438609
      vertex 13.035 66.7494 0.333454
    endloop
  endfacet
  facet normal -1 0 0
    outer loop
      vertex 13.035 67.0621 0
      vertex 13.035 66.3982 0.581679
      vertex 13.035 66.6124 0.438609
    endloop
  endfacet
  facet normal -1 0 0
    outer loop
      vertex 13.035 63.36 0
      vertex 13.035 66.3982 0.581679
      vertex 13.035 67.0621 0
    endloop
  endfacet
  facet normal -1 0 -0
    outer loop
      vertex 13.035 65.6064 0.909675
      vertex 13.035 66.3982 0.581679
      vertex 13.035 63.36 0
    endloop
  endfacet
  facet normal -1 0 0
    outer loop
      vertex 13.035 66.3982 0.581679
      vertex 13.035 65.6064 0.909675
      vertex 13.035 66.2526 0.674487
    endloop
  endfacet
  facet normal -1 0 0
    outer loop
      vertex 13.035 66.2526 0.674487
      vertex 13.035 65.6064 0.909675
      vertex 13.035 66.0993 0.754248
    endloop
  endfacet
  facet normal -1 0 0
    outer loop
      vertex 13.035 65.9398 0.820347
      vertex 13.035 65.6064 0.909675
      vertex 13.035 65.775 0.872292
    endloop
  endfacet
  facet normal -1 0 0
    outer loop
      vertex 13.035 66.0993 0.754248
      vertex 13.035 65.6064 0.909675
      vertex 13.035 65.9398 0.820347
    endloop
  endfacet
  facet normal -1 -0 0
    outer loop
      vertex 13.035 65.6064 0.909675
      vertex 13.035 63.36 0
      vertex 13.035 65.3538 0.959918
    endloop
  endfacet
  facet normal -1 -0 0
    outer loop
      vertex 13.035 65.3538 0.959918
      vertex 13.035 63.36 0
      vertex 13.035 65.1826 0.982462
    endloop
  endfacet
  facet normal -1 0 0
    outer loop
      vertex 13.035 65.0182 0.98964
      vertex 13.035 63.3765 1.32
      vertex 13.035 65.0182 0.99
    endloop
  endfacet
  facet normal -1 -0 0
    outer loop
      vertex 13.035 65.1826 0.982462
      vertex 13.035 63.36 0
      vertex 13.035 65.0182 0.98964
    endloop
  endfacet
  facet normal -1 0 0
    outer loop
      vertex 13.035 65.0182 0.98964
      vertex 13.035 63.36 0
      vertex 13.035 63.36 0.66
    endloop
  endfacet
  facet normal -1 -0 0
    outer loop
      vertex 13.035 65.0182 0.98964
      vertex 13.035 63.36 0.66
      vertex 13.035 63.3765 1.32
    endloop
  endfacet
  facet normal -1 -0 0
    outer loop
      vertex 13.035 63.3765 1.32
      vertex 13.035 63.36 0.66
      vertex 13.035 63.36 1.32
    endloop
  endfacet
  facet normal 1 0 0
    outer loop
      vertex 19.965 65.0182 0.99
      vertex 19.965 63.3765 1.32
      vertex 19.965 65.0182 0.98964
    endloop
  endfacet
  facet normal 1 0 0
    outer loop
      vertex 19.965 66.8768 0.216759
      vertex 19.965 67.0621 0
      vertex 19.965 66.9935 0.0894086
    endloop
  endfacet
  facet normal 1 0 0
    outer loop
      vertex 19.965 66.7494 0.333454
      vertex 19.965 67.0621 0
      vertex 19.965 66.8768 0.216759
    endloop
  endfacet
  facet normal 1 0 0
    outer loop
      vertex 19.965 66.6124 0.438609
      vertex 19.965 67.0621 0
      vertex 19.965 66.7494 0.333454
    endloop
  endfacet
  facet normal 1 0 0
    outer loop
      vertex 19.965 66.3982 0.581679
      vertex 19.965 67.0621 0
      vertex 19.965 66.6124 0.438609
    endloop
  endfacet
  facet normal 1 0 0
    outer loop
      vertex 19.965 65.6064 0.909675
      vertex 19.965 66.3982 0.581679
      vertex 19.965 66.2526 0.674487
    endloop
  endfacet
  facet normal 1 0 0
    outer loop
      vertex 19.965 65.6064 0.909675
      vertex 19.965 66.2526 0.674487
      vertex 19.965 66.0993 0.754248
    endloop
  endfacet
  facet normal 1 0 0
    outer loop
      vertex 19.965 65.6064 0.909675
      vertex 19.965 66.0993 0.754248
      vertex 19.965 65.9398 0.820347
    endloop
  endfacet
  facet normal 1 0 0
    outer loop
      vertex 19.965 65.6064 0.909675
      vertex 19.965 65.9398 0.820347
      vertex 19.965 65.775 0.872292
    endloop
  endfacet
  facet normal 1 0 0
    outer loop
      vertex 19.965 66.3982 0.581679
      vertex 19.965 65.6064 0.909675
      vertex 19.965 63.36 0
    endloop
  endfacet
  facet normal 1 0 0
    outer loop
      vertex 19.965 63.36 0
      vertex 19.965 65.6064 0.909675
      vertex 19.965 65.3538 0.959918
    endloop
  endfacet
  facet normal 1 0 0
    outer loop
      vertex 19.965 63.36 0
      vertex 19.965 65.3538 0.959918
      vertex 19.965 65.1826 0.982462
    endloop
  endfacet
  facet normal 1 0 0
    outer loop
      vertex 19.965 63.36 0
      vertex 19.965 65.1826 0.982462
      vertex 19.965 65.0182 0.98964
    endloop
  endfacet
  facet normal 1 0 0
    outer loop
      vertex 19.965 63.36 0.66
      vertex 19.965 65.0182 0.98964
      vertex 19.965 63.3765 1.32
    endloop
  endfacet
  facet normal 1 0 0
    outer loop
      vertex 19.965 63.36 0.66
      vertex 19.965 63.3765 1.32
      vertex 19.965 63.36 1.32
    endloop
  endfacet
  facet normal 1 0 0
    outer loop
      vertex 19.965 63.36 0
      vertex 19.965 65.0182 0.98964
      vertex 19.965 63.36 0.66
    endloop
  endfacet
  facet normal 1 0 0
    outer loop
      vertex 19.965 66.3982 0.581679
      vertex 19.965 63.36 0
      vertex 19.965 67.0621 0
    endloop
  endfacet
  facet normal 0 0.793377 0.60873
    outer loop
      vertex 19.965 67.0621 0
      vertex 13.035 66.9935 0.0894086
      vertex 19.965 66.9935 0.0894086
    endloop
  endfacet
  facet normal 0 0.793377 0.60873
    outer loop
      vertex 13.035 66.9935 0.0894086
      vertex 19.965 67.0621 0
      vertex 13.035 67.0621 0
    endloop
  endfacet
  facet normal 0 0.737263 0.675605
    outer loop
      vertex 19.965 66.9935 0.0894086
      vertex 13.035 66.8768 0.216759
      vertex 19.965 66.8768 0.216759
    endloop
  endfacet
  facet normal 0 0.737263 0.675605
    outer loop
      vertex 13.035 66.8768 0.216759
      vertex 19.965 66.9935 0.0894086
      vertex 13.035 66.9935 0.0894086
    endloop
  endfacet
  facet normal -0 0.675447 0.737409
    outer loop
      vertex 13.035 66.8768 0.216759
      vertex 19.965 66.7494 0.333454
      vertex 19.965 66.8768 0.216759
    endloop
  endfacet
  facet normal 0 0.675447 0.737409
    outer loop
      vertex 19.965 66.7494 0.333454
      vertex 13.035 66.8768 0.216759
      vertex 13.035 66.7494 0.333454
    endloop
  endfacet
  facet normal -0 0.608875 0.793266
    outer loop
      vertex 13.035 66.7494 0.333454
      vertex 19.965 66.6124 0.438609
      vertex 19.965 66.7494 0.333454
    endloop
  endfacet
  facet normal 0 0.608875 0.793266
    outer loop
      vertex 19.965 66.6124 0.438609
      vertex 13.035 66.7494 0.333454
      vertex 13.035 66.6124 0.438609
    endloop
  endfacet
  facet normal -0 0.555426 0.831566
    outer loop
      vertex 13.035 66.6124 0.438609
      vertex 19.965 66.3982 0.581679
      vertex 19.965 66.6124 0.438609
    endloop
  endfacet
  facet normal 0 0.555426 0.831566
    outer loop
      vertex 19.965 66.3982 0.581679
      vertex 13.035 66.6124 0.438609
      vertex 13.035 66.3982 0.581679
    endloop
  endfacet
  facet normal -0 0.537508 0.843259
    outer loop
      vertex 13.035 66.3982 0.581679
      vertex 19.965 66.2526 0.674487
      vertex 19.965 66.3982 0.581679
    endloop
  endfacet
  facet normal 0 0.537508 0.843259
    outer loop
      vertex 19.965 66.2526 0.674487
      vertex 13.035 66.3982 0.581679
      vertex 13.035 66.2526 0.674487
    endloop
  endfacet
  facet normal -0 0.461558 0.88711
    outer loop
      vertex 13.035 66.2526 0.674487
      vertex 19.965 66.0993 0.754248
      vertex 19.965 66.2526 0.674487
    endloop
  endfacet
  facet normal 0 0.461558 0.88711
    outer loop
      vertex 19.965 66.0993 0.754248
      vertex 13.035 66.2526 0.674487
      vertex 13.035 66.0993 0.754248
    endloop
  endfacet
  facet normal -0 0.382841 0.923814
    outer loop
      vertex 13.035 66.0993 0.754248
      vertex 19.965 65.9398 0.820347
      vertex 19.965 66.0993 0.754248
    endloop
  endfacet
  facet normal 0 0.382841 0.923814
    outer loop
      vertex 19.965 65.9398 0.820347
      vertex 13.035 66.0993 0.754248
      vertex 13.035 65.9398 0.820347
    endloop
  endfacet
  facet normal -0 0.30062 0.953744
    outer loop
      vertex 13.035 65.9398 0.820347
      vertex 19.965 65.775 0.872292
      vertex 19.965 65.9398 0.820347
    endloop
  endfacet
  facet normal 0 0.30062 0.953744
    outer loop
      vertex 19.965 65.775 0.872292
      vertex 13.035 65.9398 0.820347
      vertex 13.035 65.775 0.872292
    endloop
  endfacet
  facet normal -0 0.216469 0.97629
    outer loop
      vertex 13.035 65.775 0.872292
      vertex 19.965 65.6064 0.909675
      vertex 19.965 65.775 0.872292
    endloop
  endfacet
  facet normal 0 0.216469 0.97629
    outer loop
      vertex 19.965 65.6064 0.909675
      vertex 13.035 65.775 0.872292
      vertex 13.035 65.6064 0.909675
    endloop
  endfacet
  facet normal -0 0.195082 0.980787
    outer loop
      vertex 13.035 65.6064 0.909675
      vertex 19.965 65.3538 0.959918
      vertex 19.965 65.6064 0.909675
    endloop
  endfacet
  facet normal 0 0.195082 0.980787
    outer loop
      vertex 19.965 65.3538 0.959918
      vertex 13.035 65.6064 0.909675
      vertex 13.035 65.3538 0.959918
    endloop
  endfacet
  facet normal -0 0.130555 0.991441
    outer loop
      vertex 13.035 65.3538 0.959918
      vertex 19.965 65.1826 0.982462
      vertex 19.965 65.3538 0.959918
    endloop
  endfacet
  facet normal 0 0.130555 0.991441
    outer loop
      vertex 19.965 65.1826 0.982462
      vertex 13.035 65.3538 0.959918
      vertex 13.035 65.1826 0.982462
    endloop
  endfacet
  facet normal -0 0.0436202 0.999048
    outer loop
      vertex 13.035 65.1826 0.982462
      vertex 19.965 65.0182 0.98964
      vertex 19.965 65.1826 0.982462
    endloop
  endfacet
  facet normal 0 0.0436202 0.999048
    outer loop
      vertex 19.965 65.0182 0.98964
      vertex 13.035 65.1826 0.982462
      vertex 13.035 65.0182 0.98964
    endloop
  endfacet
  facet normal -0 0.197069 0.98039
    outer loop
      vertex 13.035 65.0182 0.99
      vertex 19.965 63.3765 1.32
      vertex 19.965 65.0182 0.99
    endloop
  endfacet
  facet normal 0 0.197069 0.98039
    outer loop
      vertex 19.965 63.3765 1.32
      vertex 13.035 65.0182 0.99
      vertex 13.035 63.3765 1.32
    endloop
  endfacet
  facet normal 0 1 -0
    outer loop
      vertex 19.965 65.0182 0.98964
      vertex 13.035 65.0182 0.99
      vertex 19.965 65.0182 0.99
    endloop
  endfacet
  facet normal 0 1 0
    outer loop
      vertex 13.035 65.0182 0.99
      vertex 19.965 65.0182 0.98964
      vertex 13.035 65.0182 0.98964
    endloop
  endfacet
  facet normal -0 0 1
    outer loop
      vertex 13.035 63.3765 1.32
      vertex 19.965 63.36 1.32
      vertex 19.965 63.3765 1.32
    endloop
  endfacet
  facet normal 0 0 1
    outer loop
      vertex 19.965 63.36 1.32
      vertex 13.035 63.3765 1.32
      vertex 13.035 63.36 1.32
    endloop
  endfacet
  facet normal -1 0 0
    outer loop
      vertex 79.035 67.0621 0
      vertex 79.035 66.8768 0.216759
      vertex 79.035 66.9935 0.0894086
    endloop
  endfacet
  facet normal -1 0 0
    outer loop
      vertex 79.035 67.0621 0
      vertex 79.035 66.7494 0.333454
      vertex 79.035 66.8768 0.216759
    endloop
  endfacet
  facet normal -1 0 0
    outer loop
      vertex 79.035 67.0621 0
      vertex 79.035 66.6124 0.438609
      vertex 79.035 66.7494 0.333454
    endloop
  endfacet
  facet normal -1 0 0
    outer loop
      vertex 79.035 67.0621 0
      vertex 79.035 66.3982 0.581679
      vertex 79.035 66.6124 0.438609
    endloop
  endfacet
  facet normal -1 0 0
    outer loop
      vertex 79.035 63.36 0
      vertex 79.035 66.3982 0.581679
      vertex 79.035 67.0621 0
    endloop
  endfacet
  facet normal -1 0 -0
    outer loop
      vertex 79.035 65.6064 0.909675
      vertex 79.035 66.3982 0.581679
      vertex 79.035 63.36 0
    endloop
  endfacet
  facet normal -1 0 0
    outer loop
      vertex 79.035 66.3982 0.581679
      vertex 79.035 65.6064 0.909675
      vertex 79.035 66.2526 0.674487
    endloop
  endfacet
  facet normal -1 0 0
    outer loop
      vertex 79.035 66.2526 0.674487
      vertex 79.035 65.6064 0.909675
      vertex 79.035 66.0993 0.754248
    endloop
  endfacet
  facet normal -1 0 0
    outer loop
      vertex 79.035 65.9398 0.820347
      vertex 79.035 65.6064 0.909675
      vertex 79.035 65.775 0.872292
    endloop
  endfacet
  facet normal -1 0 0
    outer loop
      vertex 79.035 66.0993 0.754248
      vertex 79.035 65.6064 0.909675
      vertex 79.035 65.9398 0.820347
    endloop
  endfacet
  facet normal -1 -0 0
    outer loop
      vertex 79.035 65.6064 0.909675
      vertex 79.035 63.36 0
      vertex 79.035 65.3538 0.959918
    endloop
  endfacet
  facet normal -1 -0 0
    outer loop
      vertex 79.035 65.3538 0.959918
      vertex 79.035 63.36 0
      vertex 79.035 65.1826 0.982462
    endloop
  endfacet
  facet normal -1 0 0
    outer loop
      vertex 79.035 65.0182 0.98964
      vertex 79.035 63.3765 1.32
      vertex 79.035 65.0182 0.99
    endloop
  endfacet
  facet normal -1 -0 0
    outer loop
      vertex 79.035 65.1826 0.982462
      vertex 79.035 63.36 0
      vertex 79.035 65.0182 0.98964
    endloop
  endfacet
  facet normal -1 0 0
    outer loop
      vertex 79.035 65.0182 0.98964
      vertex 79.035 63.36 0
      vertex 79.035 63.36 0.66
    endloop
  endfacet
  facet normal -1 -0 0
    outer loop
      vertex 79.035 65.0182 0.98964
      vertex 79.035 63.36 0.66
      vertex 79.035 63.3765 1.32
    endloop
  endfacet
  facet normal -1 -0 0
    outer loop
      vertex 79.035 63.3765 1.32
      vertex 79.035 63.36 0.66
      vertex 79.035 63.36 1.32
    endloop
  endfacet
  facet normal 1 0 0
    outer loop
      vertex 85.965 65.0182 0.99
      vertex 85.965 63.3765 1.32
      vertex 85.965 65.0182 0.98964
    endloop
  endfacet
  facet normal 1 0 0
    outer loop
      vertex 85.965 66.8768 0.216759
      vertex 85.965 67.0621 0
      vertex 85.965 66.9935 0.0894086
    endloop
  endfacet
  facet normal 1 0 0
    outer loop
      vertex 85.965 66.7494 0.333454
      vertex 85.965 67.0621 0
      vertex 85.965 66.8768 0.216759
    endloop
  endfacet
  facet normal 1 0 0
    outer loop
      vertex 85.965 66.6124 0.438609
      vertex 85.965 67.0621 0
      vertex 85.965 66.7494 0.333454
    endloop
  endfacet
  facet normal 1 0 0
    outer loop
      vertex 85.965 66.3982 0.581679
      vertex 85.965 67.0621 0
      vertex 85.965 66.6124 0.438609
    endloop
  endfacet
  facet normal 1 0 0
    outer loop
      vertex 85.965 65.6064 0.909675
      vertex 85.965 66.3982 0.581679
      vertex 85.965 66.2526 0.674487
    endloop
  endfacet
  facet normal 1 0 0
    outer loop
      vertex 85.965 65.6064 0.909675
      vertex 85.965 66.2526 0.674487
      vertex 85.965 66.0993 0.754248
    endloop
  endfacet
  facet normal 1 0 0
    outer loop
      vertex 85.965 65.6064 0.909675
      vertex 85.965 66.0993 0.754248
      vertex 85.965 65.9398 0.820347
    endloop
  endfacet
  facet normal 1 0 0
    outer loop
      vertex 85.965 65.6064 0.909675
      vertex 85.965 65.9398 0.820347
      vertex 85.965 65.775 0.872292
    endloop
  endfacet
  facet normal 1 0 0
    outer loop
      vertex 85.965 66.3982 0.581679
      vertex 85.965 65.6064 0.909675
      vertex 85.965 63.36 0
    endloop
  endfacet
  facet normal 1 0 0
    outer loop
      vertex 85.965 63.36 0
      vertex 85.965 65.6064 0.909675
      vertex 85.965 65.3538 0.959918
    endloop
  endfacet
  facet normal 1 0 0
    outer loop
      vertex 85.965 63.36 0
      vertex 85.965 65.3538 0.959918
      vertex 85.965 65.1826 0.982462
    endloop
  endfacet
  facet normal 1 0 0
    outer loop
      vertex 85.965 63.36 0
      vertex 85.965 65.1826 0.982462
      vertex 85.965 65.0182 0.98964
    endloop
  endfacet
  facet normal 1 0 0
    outer loop
      vertex 85.965 63.36 0.66
      vertex 85.965 65.0182 0.98964
      vertex 85.965 63.3765 1.32
    endloop
  endfacet
  facet normal 1 0 0
    outer loop
      vertex 85.965 63.36 0.66
      vertex 85.965 63.3765 1.32
      vertex 85.965 63.36 1.32
    endloop
  endfacet
  facet normal 1 0 0
    outer loop
      vertex 85.965 63.36 0
      vertex 85.965 65.0182 0.98964
      vertex 85.965 63.36 0.66
    endloop
  endfacet
  facet normal 1 0 0
    outer loop
      vertex 85.965 66.3982 0.581679
      vertex 85.965 63.36 0
      vertex 85.965 67.0621 0
    endloop
  endfacet
  facet normal 0 0.793377 0.60873
    outer loop
      vertex 85.965 67.0621 0
      vertex 79.035 66.9935 0.0894086
      vertex 85.965 66.9935 0.0894086
    endloop
  endfacet
  facet normal 0 0.793377 0.60873
    outer loop
      vertex 79.035 66.9935 0.0894086
      vertex 85.965 67.0621 0
      vertex 79.035 67.0621 0
    endloop
  endfacet
  facet normal 0 0.737263 0.675605
    outer loop
      vertex 85.965 66.9935 0.0894086
      vertex 79.035 66.8768 0.216759
      vertex 85.965 66.8768 0.216759
    endloop
  endfacet
  facet normal 0 0.737263 0.675605
    outer loop
      vertex 79.035 66.8768 0.216759
      vertex 85.965 66.9935 0.0894086
      vertex 79.035 66.9935 0.0894086
    endloop
  endfacet
  facet normal -0 0.675447 0.737409
    outer loop
      vertex 79.035 66.8768 0.216759
      vertex 85.965 66.7494 0.333454
      vertex 85.965 66.8768 0.216759
    endloop
  endfacet
  facet normal 0 0.675447 0.737409
    outer loop
      vertex 85.965 66.7494 0.333454
      vertex 79.035 66.8768 0.216759
      vertex 79.035 66.7494 0.333454
    endloop
  endfacet
  facet normal -0 0.608875 0.793266
    outer loop
      vertex 79.035 66.7494 0.333454
      vertex 85.965 66.6124 0.438609
      vertex 85.965 66.7494 0.333454
    endloop
  endfacet
  facet normal 0 0.608875 0.793266
    outer loop
      vertex 85.965 66.6124 0.438609
      vertex 79.035 66.7494 0.333454
      vertex 79.035 66.6124 0.438609
    endloop
  endfacet
  facet normal -0 0.555426 0.831566
    outer loop
      vertex 79.035 66.6124 0.438609
      vertex 85.965 66.3982 0.581679
      vertex 85.965 66.6124 0.438609
    endloop
  endfacet
  facet normal 0 0.555426 0.831566
    outer loop
      vertex 85.965 66.3982 0.581679
      vertex 79.035 66.6124 0.438609
      vertex 79.035 66.3982 0.581679
    endloop
  endfacet
  facet normal -0 0.537508 0.843259
    outer loop
      vertex 79.035 66.3982 0.581679
      vertex 85.965 66.2526 0.674487
      vertex 85.965 66.3982 0.581679
    endloop
  endfacet
  facet normal 0 0.537508 0.843259
    outer loop
      vertex 85.965 66.2526 0.674487
      vertex 79.035 66.3982 0.581679
      vertex 79.035 66.2526 0.674487
    endloop
  endfacet
  facet normal -0 0.461558 0.88711
    outer loop
      vertex 79.035 66.2526 0.674487
      vertex 85.965 66.0993 0.754248
      vertex 85.965 66.2526 0.674487
    endloop
  endfacet
  facet normal 0 0.461558 0.88711
    outer loop
      vertex 85.965 66.0993 0.754248
      vertex 79.035 66.2526 0.674487
      vertex 79.035 66.0993 0.754248
    endloop
  endfacet
  facet normal -0 0.382841 0.923814
    outer loop
      vertex 79.035 66.0993 0.754248
      vertex 85.965 65.9398 0.820347
      vertex 85.965 66.0993 0.754248
    endloop
  endfacet
  facet normal 0 0.382841 0.923814
    outer loop
      vertex 85.965 65.9398 0.820347
      vertex 79.035 66.0993 0.754248
      vertex 79.035 65.9398 0.820347
    endloop
  endfacet
  facet normal -0 0.30062 0.953744
    outer loop
      vertex 79.035 65.9398 0.820347
      vertex 85.965 65.775 0.872292
      vertex 85.965 65.9398 0.820347
    endloop
  endfacet
  facet normal 0 0.30062 0.953744
    outer loop
      vertex 85.965 65.775 0.872292
      vertex 79.035 65.9398 0.820347
      vertex 79.035 65.775 0.872292
    endloop
  endfacet
  facet normal -0 0.216469 0.97629
    outer loop
      vertex 79.035 65.775 0.872292
      vertex 85.965 65.6064 0.909675
      vertex 85.965 65.775 0.872292
    endloop
  endfacet
  facet normal 0 0.216469 0.97629
    outer loop
      vertex 85.965 65.6064 0.909675
      vertex 79.035 65.775 0.872292
      vertex 79.035 65.6064 0.909675
    endloop
  endfacet
  facet normal -0 0.195082 0.980787
    outer loop
      vertex 79.035 65.6064 0.909675
      vertex 85.965 65.3538 0.959918
      vertex 85.965 65.6064 0.909675
    endloop
  endfacet
  facet normal 0 0.195082 0.980787
    outer loop
      vertex 85.965 65.3538 0.959918
      vertex 79.035 65.6064 0.909675
      vertex 79.035 65.3538 0.959918
    endloop
  endfacet
  facet normal -0 0.130555 0.991441
    outer loop
      vertex 79.035 65.3538 0.959918
      vertex 85.965 65.1826 0.982462
      vertex 85.965 65.3538 0.959918
    endloop
  endfacet
  facet normal 0 0.130555 0.991441
    outer loop
      vertex 85.965 65.1826 0.982462
      vertex 79.035 65.3538 0.959918
      vertex 79.035 65.1826 0.982462
    endloop
  endfacet
  facet normal -0 0.0436202 0.999048
    outer loop
      vertex 79.035 65.1826 0.982462
      vertex 85.965 65.0182 0.98964
      vertex 85.965 65.1826 0.982462
    endloop
  endfacet
  facet normal 0 0.0436202 0.999048
    outer loop
      vertex 85.965 65.0182 0.98964
      vertex 79.035 65.1826 0.982462
      vertex 79.035 65.0182 0.98964
    endloop
  endfacet
  facet normal -0 0.197069 0.98039
    outer loop
      vertex 79.035 65.0182 0.99
      vertex 85.965 63.3765 1.32
      vertex 85.965 65.0182 0.99
    endloop
  endfacet
  facet normal 0 0.197069 0.98039
    outer loop
      vertex 85.965 63.3765 1.32
      vertex 79.035 65.0182 0.99
      vertex 79.035 63.3765 1.32
    endloop
  endfacet
  facet normal 0 1 -0
    outer loop
      vertex 85.965 65.0182 0.98964
      vertex 79.035 65.0182 0.99
      vertex 85.965 65.0182 0.99
    endloop
  endfacet
  facet normal 0 1 0
    outer loop
      vertex 79.035 65.0182 0.99
      vertex 85.965 65.0182 0.98964
      vertex 79.035 65.0182 0.98964
    endloop
  endfacet
  facet normal -0 0 1
    outer loop
      vertex 79.035 63.3765 1.32
      vertex 85.965 63.36 1.32
      vertex 85.965 63.3765 1.32
    endloop
  endfacet
  facet normal 0 0 1
    outer loop
      vertex 85.965 63.36 1.32
      vertex 79.035 63.3765 1.32
      vertex 79.035 63.36 1.32
    endloop
  endfacet
  facet normal 0 0 -1
    outer loop
      vertex 97.6581 8.8935 0
      vertex 99 5.94 0
      vertex 98.8859 4.78116 0
    endloop
  endfacet
  facet normal 0 0 -1
    outer loop
      vertex 97.6581 8.8935 0
      vertex 98.8859 4.78116 0
      vertex 98.5478 3.66686 0
    endloop
  endfacet
  facet normal 0 0 -1
    outer loop
      vertex 97.6581 8.8935 0
      vertex 98.5478 3.66686 0
      vertex 97.9989 2.63991 0
    endloop
  endfacet
  facet normal 0 0 -1
    outer loop
      vertex 99 5.94 0
      vertex 97.6581 8.8935 0
      vertex 99 8.8935 0
    endloop
  endfacet
  facet normal 0 0 -1
    outer loop
      vertex 96.3601 1.00107 0
      vertex 97.6581 8.8935 0
      vertex 97.2602 1.73979 0
    endloop
  endfacet
  facet normal 0 0 -1
    outer loop
      vertex 97.2602 1.73979 0
      vertex 97.6581 8.8935 0
      vertex 97.9989 2.63991 0
    endloop
  endfacet
  facet normal 0 0 -1
    outer loop
      vertex 97.6581 24.1065 0
      vertex 99 57.42 0
      vertex 99 24.1065 0
    endloop
  endfacet
  facet normal 0 0 -1
    outer loop
      vertex 85.965 63.36 0
      vertex 99 57.42 0
      vertex 97.6581 24.1065 0
    endloop
  endfacet
  facet normal -0 -0 -1
    outer loop
      vertex 93.06 63.36 0
      vertex 99 57.42 0
      vertex 85.965 63.36 0
    endloop
  endfacet
  facet normal 0 0 -1
    outer loop
      vertex 99 57.42 0
      vertex 93.06 63.36 0
      vertex 98.8859 58.5788 0
    endloop
  endfacet
  facet normal -0 0 -1
    outer loop
      vertex 97.6581 8.8935 0
      vertex 86.13 3.96 0
      vertex 97.6581 24.1065 0
    endloop
  endfacet
  facet normal 0 0 -1
    outer loop
      vertex 78.87 3.96 0
      vertex 97.6581 24.1065 0
      vertex 86.13 3.96 0
    endloop
  endfacet
  facet normal 0 0 -1
    outer loop
      vertex 95.3331 0.452155 0
      vertex 97.6581 8.8935 0
      vertex 96.3601 1.00107 0
    endloop
  endfacet
  facet normal 0 0 -1
    outer loop
      vertex 98.8859 58.5788 0
      vertex 93.06 63.36 0
      vertex 98.5478 59.6931 0
    endloop
  endfacet
  facet normal 0 0 -1
    outer loop
      vertex 94.2188 0.114135 0
      vertex 97.6581 8.8935 0
      vertex 95.3331 0.452155 0
    endloop
  endfacet
  facet normal 0 0 -1
    outer loop
      vertex 98.5478 59.6931 0
      vertex 93.06 63.36 0
      vertex 97.9989 60.7201 0
    endloop
  endfacet
  facet normal 0 0 -1
    outer loop
      vertex 97.6581 8.8935 0
      vertex 94.2188 0.114135 0
      vertex 93.06 0 0
    endloop
  endfacet
  facet normal 0 0 -1
    outer loop
      vertex 97.9989 60.7201 0
      vertex 93.06 63.36 0
      vertex 97.2602 61.6202 0
    endloop
  endfacet
  facet normal 0 0 -1
    outer loop
      vertex 97.6581 8.8935 0
      vertex 93.06 0 0
      vertex 86.13 3.96 0
    endloop
  endfacet
  facet normal 0 0 -1
    outer loop
      vertex 97.2602 61.6202 0
      vertex 93.06 63.36 0
      vertex 96.3601 62.3589 0
    endloop
  endfacet
  facet normal 0 0 -1
    outer loop
      vertex 86.13 3.96 0
      vertex 93.06 0 0
      vertex 86.13 1.32 0
    endloop
  endfacet
  facet normal 0 0 -1
    outer loop
      vertex 93.06 0 0
      vertex 78.87 1.32 0
      vertex 86.13 1.32 0
    endloop
  endfacet
  facet normal 0 0 -1
    outer loop
      vertex 78.87 1.32 0
      vertex 20.13 1.32 0
      vertex 78.87 3.96 0
    endloop
  endfacet
  facet normal 0 0 -1
    outer loop
      vertex 93.06 0 0
      vertex 20.13 1.32 0
      vertex 78.87 1.32 0
    endloop
  endfacet
  facet normal 0 0 -1
    outer loop
      vertex 5.94 0 0
      vertex 20.13 1.32 0
      vertex 93.06 0 0
    endloop
  endfacet
  facet normal -0 0 -1
    outer loop
      vertex 12.87 1.32 0
      vertex 5.94 0 0
      vertex 12.87 3.96 0
    endloop
  endfacet
  facet normal -0 0 -1
    outer loop
      vertex 20.13 1.32 0
      vertex 5.94 0 0
      vertex 12.87 1.32 0
    endloop
  endfacet
  facet normal 0 0 -1
    outer loop
      vertex 0 57.42 0
      vertex 13.035 63.36 0
      vertex 1.34186 24.1065 0
    endloop
  endfacet
  facet normal 0 0 -1
    outer loop
      vertex 13.035 63.36 0
      vertex 0 57.42 0
      vertex 1.73979 61.6202 0
    endloop
  endfacet
  facet normal 0 0 -1
    outer loop
      vertex 1.73979 61.6202 0
      vertex 0 57.42 0
      vertex 1.00107 60.7201 0
    endloop
  endfacet
  facet normal 0 0 -1
    outer loop
      vertex 1.00107 60.7201 0
      vertex 0 57.42 0
      vertex 0.452155 59.6931 0
    endloop
  endfacet
  facet normal 0 0 -1
    outer loop
      vertex 0 57.42 0
      vertex 1.34186 24.1065 0
      vertex 0 24.1065 0
    endloop
  endfacet
  facet normal 0 0 -1
    outer loop
      vertex 0.452155 59.6931 0
      vertex 0 57.42 0
      vertex 0.114135 58.5788 0
    endloop
  endfacet
  facet normal 0 0 -1
    outer loop
      vertex 95.3331 62.9078 0
      vertex 93.06 63.36 0
      vertex 94.2188 63.2459 0
    endloop
  endfacet
  facet normal 0 0 -1
    outer loop
      vertex 96.3601 62.3589 0
      vertex 93.06 63.36 0
      vertex 95.3331 62.9078 0
    endloop
  endfacet
  facet normal 0 0 -1
    outer loop
      vertex 85.965 63.36 0
      vertex 79.035 63.36 0
      vertex 85.965 67.0621 0
    endloop
  endfacet
  facet normal 0 0 -1
    outer loop
      vertex 97.6581 24.1065 0
      vertex 79.035 63.36 0
      vertex 85.965 63.36 0
    endloop
  endfacet
  facet normal -0 0 -1
    outer loop
      vertex 97.6581 24.1065 0
      vertex 78.87 3.96 0
      vertex 79.035 63.36 0
    endloop
  endfacet
  facet normal 0 0 -1
    outer loop
      vertex 20.13 3.96 0
      vertex 78.87 3.96 0
      vertex 20.13 1.32 0
    endloop
  endfacet
  facet normal 0 0 -1
    outer loop
      vertex 78.87 3.96 0
      vertex 20.13 3.96 0
      vertex 79.035 63.36 0
    endloop
  endfacet
  facet normal 0 0 -1
    outer loop
      vertex 20.13 3.96 0
      vertex 19.965 63.36 0
      vertex 79.035 63.36 0
    endloop
  endfacet
  facet normal 0 0 -1
    outer loop
      vertex 19.965 63.36 0
      vertex 13.035 63.36 0
      vertex 19.965 67.0621 0
    endloop
  endfacet
  facet normal 0 0 -1
    outer loop
      vertex 12.87 3.96 0
      vertex 1.34186 24.1065 0
      vertex 20.13 3.96 0
    endloop
  endfacet
  facet normal 0 0 -1
    outer loop
      vertex 1.34186 24.1065 0
      vertex 12.87 3.96 0
      vertex 1.34186 8.8935 0
    endloop
  endfacet
  facet normal 0 0 -1
    outer loop
      vertex 1.34186 8.8935 0
      vertex 12.87 3.96 0
      vertex 5.94 0 0
    endloop
  endfacet
  facet normal 0 0 -1
    outer loop
      vertex 20.13 3.96 0
      vertex 1.34186 24.1065 0
      vertex 19.965 63.36 0
    endloop
  endfacet
  facet normal 0 0 -1
    outer loop
      vertex 1.34186 8.8935 0
      vertex 5.94 0 0
      vertex 4.78116 0.114135 0
    endloop
  endfacet
  facet normal -0 0 -1
    outer loop
      vertex 19.965 63.36 0
      vertex 1.34186 24.1065 0
      vertex 13.035 63.36 0
    endloop
  endfacet
  facet normal 0 0 -1
    outer loop
      vertex 1.34186 8.8935 0
      vertex 4.78116 0.114135 0
      vertex 3.66686 0.452155 0
    endloop
  endfacet
  facet normal -0 0 -1
    outer loop
      vertex 13.035 63.36 0
      vertex 1.73979 61.6202 0
      vertex 5.94 63.36 0
    endloop
  endfacet
  facet normal 0 0 -1
    outer loop
      vertex 1.34186 8.8935 0
      vertex 3.66686 0.452155 0
      vertex 2.63991 1.00107 0
    endloop
  endfacet
  facet normal 0 0 -1
    outer loop
      vertex 5.94 63.36 0
      vertex 1.73979 61.6202 0
      vertex 4.78116 63.2459 0
    endloop
  endfacet
  facet normal 0 0 -1
    outer loop
      vertex 1.34186 8.8935 0
      vertex 2.63991 1.00107 0
      vertex 1.73979 1.73979 0
    endloop
  endfacet
  facet normal 0 0 -1
    outer loop
      vertex 4.78116 63.2459 0
      vertex 1.73979 61.6202 0
      vertex 3.66686 62.9078 0
    endloop
  endfacet
  facet normal 0 0 -1
    outer loop
      vertex 3.66686 62.9078 0
      vertex 1.73979 61.6202 0
      vertex 2.63991 62.3589 0
    endloop
  endfacet
  facet normal 0 0 -1
    outer loop
      vertex 1.00107 2.63991 0
      vertex 1.34186 8.8935 0
      vertex 1.73979 1.73979 0
    endloop
  endfacet
  facet normal 0 0 -1
    outer loop
      vertex 0.452155 3.66686 0
      vertex 1.34186 8.8935 0
      vertex 1.00107 2.63991 0
    endloop
  endfacet
  facet normal 0 0 -1
    outer loop
      vertex 0.114135 4.78116 0
      vertex 1.34186 8.8935 0
      vertex 0.452155 3.66686 0
    endloop
  endfacet
  facet normal 0 0 -1
    outer loop
      vertex 0 5.94 0
      vertex 1.34186 8.8935 0
      vertex 0.114135 4.78116 0
    endloop
  endfacet
  facet normal -0 0 -1
    outer loop
      vertex 1.34186 8.8935 0
      vertex 0 5.94 0
      vertex 0 8.8935 0
    endloop
  endfacet
  facet normal -0 0 -1
    outer loop
      vertex 85.965 67.0621 0
      vertex 79.035 63.36 0
      vertex 79.035 67.0621 0
    endloop
  endfacet
  facet normal -0 0 -1
    outer loop
      vertex 19.965 67.0621 0
      vertex 13.035 63.36 0
      vertex 13.035 67.0621 0
    endloop
  endfacet
endsolid OpenSCAD_Model
