solid OpenSCAD_Model
  facet normal -0.956941 -0.290282 0
    outer loop
      vertex 5.63512 5.81371 -3.63
      vertex 5.61634 5.87562 0
      vertex 5.61634 5.87562 -3.63
    endloop
  endfacet
  facet normal -0.956941 -0.290282 0
    outer loop
      vertex 5.61634 5.87562 0
      vertex 5.63512 5.81371 -3.63
      vertex 5.63512 5.81371 0
    endloop
  endfacet
  facet normal -0.995186 -0.0980037 0
    outer loop
      vertex 5.61634 5.87562 -3.63
      vertex 5.61 5.94 0
      vertex 5.61 5.94 -3.63
    endloop
  endfacet
  facet normal -0.995186 -0.0980037 0
    outer loop
      vertex 5.61 5.94 0
      vertex 5.61634 5.87562 -3.63
      vertex 5.61634 5.87562 0
    endloop
  endfacet
  facet normal 1 -0 0
    outer loop
      vertex 126.39 5.94 0
      vertex 126.39 93.06 -3.63
      vertex 126.39 93.06 0
    endloop
  endfacet
  facet normal 1 0 0
    outer loop
      vertex 126.39 93.06 -3.63
      vertex 126.39 5.94 0
      vertex 126.39 5.94 -3.63
    endloop
  endfacet
  facet normal 0 1 -0
    outer loop
      vertex 126.06 93.39 -3.63
      vertex 5.94 93.39 0
      vertex 126.06 93.39 0
    endloop
  endfacet
  facet normal 0 1 0
    outer loop
      vertex 5.94 93.39 0
      vertex 126.06 93.39 -3.63
      vertex 5.94 93.39 -3.63
    endloop
  endfacet
  facet normal -0.634373 -0.773027 0
    outer loop
      vertex 5.70665 5.70665 -3.63
      vertex 5.75666 5.66561 0
      vertex 5.70665 5.70665 0
    endloop
  endfacet
  facet normal -0.634373 -0.773027 -0
    outer loop
      vertex 5.75666 5.66561 0
      vertex 5.70665 5.70665 -3.63
      vertex 5.75666 5.66561 -3.63
    endloop
  endfacet
  facet normal 0.471792 0.88171 -0
    outer loop
      vertex 126.243 93.3344 -3.63
      vertex 126.186 93.3649 0
      vertex 126.243 93.3344 0
    endloop
  endfacet
  facet normal 0.471792 0.88171 0
    outer loop
      vertex 126.186 93.3649 0
      vertex 126.243 93.3344 -3.63
      vertex 126.186 93.3649 -3.63
    endloop
  endfacet
  facet normal -0.634927 0.772572 0
    outer loop
      vertex 5.75666 93.3344 -3.63
      vertex 5.70665 93.2933 0
      vertex 5.75666 93.3344 0
    endloop
  endfacet
  facet normal -0.634927 0.772572 0
    outer loop
      vertex 5.70665 93.2933 0
      vertex 5.75666 93.3344 -3.63
      vertex 5.70665 93.2933 -3.63
    endloop
  endfacet
  facet normal 0 0 -1
    outer loop
      vertex 126.06 5.61 -3.63
      vertex 126.39 5.94 -3.63
      vertex 126.384 5.87562 -3.63
    endloop
  endfacet
  facet normal 0 0 -1
    outer loop
      vertex 126.39 5.94 -3.63
      vertex 125.07 7.26 -3.63
      vertex 126.39 93.06 -3.63
    endloop
  endfacet
  facet normal 0 0 -1
    outer loop
      vertex 126.06 5.61 -3.63
      vertex 126.384 5.87562 -3.63
      vertex 126.365 5.81371 -3.63
    endloop
  endfacet
  facet normal 0 0 -1
    outer loop
      vertex 125.07 91.74 -3.63
      vertex 126.39 93.06 -3.63
      vertex 125.07 7.26 -3.63
    endloop
  endfacet
  facet normal 0 0 -1
    outer loop
      vertex 126.06 5.61 -3.63
      vertex 126.365 5.81371 -3.63
      vertex 126.334 5.75666 -3.63
    endloop
  endfacet
  facet normal 0 0 -1
    outer loop
      vertex 125.064 91.8044 -3.63
      vertex 126.39 93.06 -3.63
      vertex 125.07 91.74 -3.63
    endloop
  endfacet
  facet normal 0 0 -1
    outer loop
      vertex 126.06 5.61 -3.63
      vertex 126.334 5.75666 -3.63
      vertex 126.293 5.70665 -3.63
    endloop
  endfacet
  facet normal 0 0 -1
    outer loop
      vertex 125.045 91.8663 -3.63
      vertex 126.39 93.06 -3.63
      vertex 125.064 91.8044 -3.63
    endloop
  endfacet
  facet normal 0 0 -1
    outer loop
      vertex 126.06 5.61 -3.63
      vertex 126.293 5.70665 -3.63
      vertex 126.243 5.66561 -3.63
    endloop
  endfacet
  facet normal 0 0 -1
    outer loop
      vertex 125.014 91.9233 -3.63
      vertex 126.39 93.06 -3.63
      vertex 125.045 91.8663 -3.63
    endloop
  endfacet
  facet normal 0 0 -1
    outer loop
      vertex 126.06 5.61 -3.63
      vertex 126.243 5.66561 -3.63
      vertex 126.186 5.63512 -3.63
    endloop
  endfacet
  facet normal 0 0 -1
    outer loop
      vertex 124.973 91.9733 -3.63
      vertex 126.39 93.06 -3.63
      vertex 125.014 91.9233 -3.63
    endloop
  endfacet
  facet normal 0 0 -1
    outer loop
      vertex 126.06 5.61 -3.63
      vertex 126.186 5.63512 -3.63
      vertex 126.124 5.61634 -3.63
    endloop
  endfacet
  facet normal 0 -0 -1
    outer loop
      vertex 126.06 93.39 -3.63
      vertex 126.39 93.06 -3.63
      vertex 124.973 91.9733 -3.63
    endloop
  endfacet
  facet normal -0 0 -1
    outer loop
      vertex 126.39 5.94 -3.63
      vertex 126.06 5.61 -3.63
      vertex 124.973 7.02665 -3.63
    endloop
  endfacet
  facet normal 0 0 -1
    outer loop
      vertex 126.384 93.1244 -3.63
      vertex 126.06 93.39 -3.63
      vertex 126.365 93.1863 -3.63
    endloop
  endfacet
  facet normal 0 0 -1
    outer loop
      vertex 126.365 93.1863 -3.63
      vertex 126.06 93.39 -3.63
      vertex 126.334 93.2433 -3.63
    endloop
  endfacet
  facet normal 0 0 -1
    outer loop
      vertex 126.39 5.94 -3.63
      vertex 125.064 7.19562 -3.63
      vertex 125.07 7.26 -3.63
    endloop
  endfacet
  facet normal 0 0 -1
    outer loop
      vertex 126.39 5.94 -3.63
      vertex 125.045 7.13371 -3.63
      vertex 125.064 7.19562 -3.63
    endloop
  endfacet
  facet normal 0 0 -1
    outer loop
      vertex 126.39 5.94 -3.63
      vertex 125.014 7.07666 -3.63
      vertex 125.045 7.13371 -3.63
    endloop
  endfacet
  facet normal 0 0 -1
    outer loop
      vertex 126.39 5.94 -3.63
      vertex 124.973 7.02665 -3.63
      vertex 125.014 7.07666 -3.63
    endloop
  endfacet
  facet normal 0 0 -1
    outer loop
      vertex 126.06 5.61 -3.63
      vertex 124.923 6.98561 -3.63
      vertex 124.973 7.02665 -3.63
    endloop
  endfacet
  facet normal 0 0 -1
    outer loop
      vertex 126.06 5.61 -3.63
      vertex 124.866 6.95512 -3.63
      vertex 124.923 6.98561 -3.63
    endloop
  endfacet
  facet normal 0 0 -1
    outer loop
      vertex 126.06 5.61 -3.63
      vertex 124.804 6.93634 -3.63
      vertex 124.866 6.95512 -3.63
    endloop
  endfacet
  facet normal 0 0 -1
    outer loop
      vertex 126.06 5.61 -3.63
      vertex 124.74 6.93 -3.63
      vertex 124.804 6.93634 -3.63
    endloop
  endfacet
  facet normal 0 0 -1
    outer loop
      vertex 126.06 5.61 -3.63
      vertex 7.26 6.93 -3.63
      vertex 124.74 6.93 -3.63
    endloop
  endfacet
  facet normal -0 0 -1
    outer loop
      vertex 6.93634 7.19562 -3.63
      vertex 5.61 5.94 -3.63
      vertex 6.93 7.26 -3.63
    endloop
  endfacet
  facet normal -0 0 -1
    outer loop
      vertex 6.95512 7.13371 -3.63
      vertex 5.61 5.94 -3.63
      vertex 6.93634 7.19562 -3.63
    endloop
  endfacet
  facet normal -0 0 -1
    outer loop
      vertex 6.98561 7.07666 -3.63
      vertex 5.61 5.94 -3.63
      vertex 6.95512 7.13371 -3.63
    endloop
  endfacet
  facet normal -0 0 -1
    outer loop
      vertex 7.02665 7.02665 -3.63
      vertex 5.61 5.94 -3.63
      vertex 6.98561 7.07666 -3.63
    endloop
  endfacet
  facet normal 0 0 -1
    outer loop
      vertex 5.61 5.94 -3.63
      vertex 7.02665 7.02665 -3.63
      vertex 5.94 5.61 -3.63
    endloop
  endfacet
  facet normal -0 0 -1
    outer loop
      vertex 7.07666 6.98561 -3.63
      vertex 5.94 5.61 -3.63
      vertex 7.02665 7.02665 -3.63
    endloop
  endfacet
  facet normal -0 0 -1
    outer loop
      vertex 7.13371 6.95512 -3.63
      vertex 5.94 5.61 -3.63
      vertex 7.07666 6.98561 -3.63
    endloop
  endfacet
  facet normal -0 0 -1
    outer loop
      vertex 7.19562 6.93634 -3.63
      vertex 5.94 5.61 -3.63
      vertex 7.13371 6.95512 -3.63
    endloop
  endfacet
  facet normal -0 0 -1
    outer loop
      vertex 7.26 6.93 -3.63
      vertex 5.94 5.61 -3.63
      vertex 7.19562 6.93634 -3.63
    endloop
  endfacet
  facet normal 0 0 -1
    outer loop
      vertex 5.94 5.61 -3.63
      vertex 7.26 6.93 -3.63
      vertex 126.06 5.61 -3.63
    endloop
  endfacet
  facet normal 0 0 -1
    outer loop
      vertex 126.334 93.2433 -3.63
      vertex 126.06 93.39 -3.63
      vertex 126.293 93.2933 -3.63
    endloop
  endfacet
  facet normal 0 0 -1
    outer loop
      vertex 126.243 93.3344 -3.63
      vertex 126.06 93.39 -3.63
      vertex 126.186 93.3649 -3.63
    endloop
  endfacet
  facet normal 0 0 -1
    outer loop
      vertex 126.186 93.3649 -3.63
      vertex 126.06 93.39 -3.63
      vertex 126.124 93.3837 -3.63
    endloop
  endfacet
  facet normal 0 0 -1
    outer loop
      vertex 126.293 93.2933 -3.63
      vertex 126.06 93.39 -3.63
      vertex 126.243 93.3344 -3.63
    endloop
  endfacet
  facet normal 0 0 -1
    outer loop
      vertex 126.39 93.06 -3.63
      vertex 126.06 93.39 -3.63
      vertex 126.384 93.1244 -3.63
    endloop
  endfacet
  facet normal 0 0 -1
    outer loop
      vertex 124.923 92.0144 -3.63
      vertex 126.06 93.39 -3.63
      vertex 124.973 91.9733 -3.63
    endloop
  endfacet
  facet normal 0 0 -1
    outer loop
      vertex 124.866 92.0449 -3.63
      vertex 126.06 93.39 -3.63
      vertex 124.923 92.0144 -3.63
    endloop
  endfacet
  facet normal 0 0 -1
    outer loop
      vertex 124.804 92.0637 -3.63
      vertex 126.06 93.39 -3.63
      vertex 124.866 92.0449 -3.63
    endloop
  endfacet
  facet normal 0 0 -1
    outer loop
      vertex 124.74 92.07 -3.63
      vertex 126.06 93.39 -3.63
      vertex 124.804 92.0637 -3.63
    endloop
  endfacet
  facet normal 0 0 -1
    outer loop
      vertex 7.26 92.07 -3.63
      vertex 126.06 93.39 -3.63
      vertex 124.74 92.07 -3.63
    endloop
  endfacet
  facet normal 0 0 -1
    outer loop
      vertex 7.26 92.07 -3.63
      vertex 5.94 93.39 -3.63
      vertex 126.06 93.39 -3.63
    endloop
  endfacet
  facet normal 0 0 -1
    outer loop
      vertex 7.19562 92.0637 -3.63
      vertex 5.94 93.39 -3.63
      vertex 7.26 92.07 -3.63
    endloop
  endfacet
  facet normal 0 0 -1
    outer loop
      vertex 7.13371 92.0449 -3.63
      vertex 5.94 93.39 -3.63
      vertex 7.19562 92.0637 -3.63
    endloop
  endfacet
  facet normal 0 0 -1
    outer loop
      vertex 7.07666 92.0144 -3.63
      vertex 5.94 93.39 -3.63
      vertex 7.13371 92.0449 -3.63
    endloop
  endfacet
  facet normal 0 0 -1
    outer loop
      vertex 7.02665 91.9733 -3.63
      vertex 5.94 93.39 -3.63
      vertex 7.07666 92.0144 -3.63
    endloop
  endfacet
  facet normal 0 0 -1
    outer loop
      vertex 5.61 93.06 -3.63
      vertex 7.02665 91.9733 -3.63
      vertex 6.98561 91.9233 -3.63
    endloop
  endfacet
  facet normal 0 0 -1
    outer loop
      vertex 5.61 93.06 -3.63
      vertex 6.98561 91.9233 -3.63
      vertex 6.95512 91.8663 -3.63
    endloop
  endfacet
  facet normal 0 0 -1
    outer loop
      vertex 5.61 93.06 -3.63
      vertex 6.95512 91.8663 -3.63
      vertex 6.93634 91.8044 -3.63
    endloop
  endfacet
  facet normal 0 0 -1
    outer loop
      vertex 5.61 93.06 -3.63
      vertex 6.93634 91.8044 -3.63
      vertex 6.93 91.74 -3.63
    endloop
  endfacet
  facet normal -0 0 -1
    outer loop
      vertex 6.93 7.26 -3.63
      vertex 5.61 5.94 -3.63
      vertex 6.93 91.74 -3.63
    endloop
  endfacet
  facet normal 0 0 -1
    outer loop
      vertex 5.61 5.94 -3.63
      vertex 5.94 5.61 -3.63
      vertex 5.87562 5.61634 -3.63
    endloop
  endfacet
  facet normal 0 0 -1
    outer loop
      vertex 5.61 93.06 -3.63
      vertex 6.93 91.74 -3.63
      vertex 5.61 5.94 -3.63
    endloop
  endfacet
  facet normal 0 0 -1
    outer loop
      vertex 5.61 5.94 -3.63
      vertex 5.87562 5.61634 -3.63
      vertex 5.81371 5.63512 -3.63
    endloop
  endfacet
  facet normal 0 0 -1
    outer loop
      vertex 7.02665 91.9733 -3.63
      vertex 5.61 93.06 -3.63
      vertex 5.94 93.39 -3.63
    endloop
  endfacet
  facet normal 0 0 -1
    outer loop
      vertex 5.61 5.94 -3.63
      vertex 5.81371 5.63512 -3.63
      vertex 5.75666 5.66561 -3.63
    endloop
  endfacet
  facet normal 0 0 -1
    outer loop
      vertex 5.94 93.39 -3.63
      vertex 5.61 93.06 -3.63
      vertex 5.87562 93.3837 -3.63
    endloop
  endfacet
  facet normal 0 0 -1
    outer loop
      vertex 5.61 5.94 -3.63
      vertex 5.75666 5.66561 -3.63
      vertex 5.70665 5.70665 -3.63
    endloop
  endfacet
  facet normal 0 0 -1
    outer loop
      vertex 5.87562 93.3837 -3.63
      vertex 5.61 93.06 -3.63
      vertex 5.81371 93.3649 -3.63
    endloop
  endfacet
  facet normal 0 0 -1
    outer loop
      vertex 5.61 5.94 -3.63
      vertex 5.70665 5.70665 -3.63
      vertex 5.66561 5.75666 -3.63
    endloop
  endfacet
  facet normal 0 0 -1
    outer loop
      vertex 5.81371 93.3649 -3.63
      vertex 5.61 93.06 -3.63
      vertex 5.75666 93.3344 -3.63
    endloop
  endfacet
  facet normal 0 0 -1
    outer loop
      vertex 5.61 5.94 -3.63
      vertex 5.66561 5.75666 -3.63
      vertex 5.63512 5.81371 -3.63
    endloop
  endfacet
  facet normal 0 0 -1
    outer loop
      vertex 5.75666 93.3344 -3.63
      vertex 5.61 93.06 -3.63
      vertex 5.70665 93.2933 -3.63
    endloop
  endfacet
  facet normal 0 0 -1
    outer loop
      vertex 5.61 5.94 -3.63
      vertex 5.63512 5.81371 -3.63
      vertex 5.61634 5.87562 -3.63
    endloop
  endfacet
  facet normal 0 0 -1
    outer loop
      vertex 5.70665 93.2933 -3.63
      vertex 5.61 93.06 -3.63
      vertex 5.66561 93.2433 -3.63
    endloop
  endfacet
  facet normal 0 0 -1
    outer loop
      vertex 5.66561 93.2433 -3.63
      vertex 5.61 93.06 -3.63
      vertex 5.63512 93.1863 -3.63
    endloop
  endfacet
  facet normal 0 0 -1
    outer loop
      vertex 5.63512 93.1863 -3.63
      vertex 5.61 93.06 -3.63
      vertex 5.61634 93.1244 -3.63
    endloop
  endfacet
  facet normal -1 0 0
    outer loop
      vertex 5.61 5.94 -3.63
      vertex 5.61 93.06 0
      vertex 5.61 93.06 -3.63
    endloop
  endfacet
  facet normal -1 -0 0
    outer loop
      vertex 5.61 93.06 0
      vertex 5.61 5.94 -3.63
      vertex 5.61 5.94 0
    endloop
  endfacet
  facet normal 0.09858 -0.995129 0
    outer loop
      vertex 126.06 5.61 -3.63
      vertex 126.124 5.61634 0
      vertex 126.06 5.61 0
    endloop
  endfacet
  facet normal 0.09858 -0.995129 0
    outer loop
      vertex 126.124 5.61634 0
      vertex 126.06 5.61 -3.63
      vertex 126.124 5.61634 -3.63
    endloop
  endfacet
  facet normal -0.290565 0.956855 0
    outer loop
      vertex 5.87562 93.3837 -3.63
      vertex 5.81371 93.3649 0
      vertex 5.87562 93.3837 0
    endloop
  endfacet
  facet normal -0.290565 0.956855 0
    outer loop
      vertex 5.81371 93.3649 0
      vertex 5.87562 93.3837 -3.63
      vertex 5.81371 93.3649 -3.63
    endloop
  endfacet
  facet normal 0 -1 0
    outer loop
      vertex 5.94 5.61 -3.63
      vertex 126.06 5.61 0
      vertex 5.94 5.61 0
    endloop
  endfacet
  facet normal 0 -1 -0
    outer loop
      vertex 126.06 5.61 0
      vertex 5.94 5.61 -3.63
      vertex 126.06 5.61 -3.63
    endloop
  endfacet
  facet normal 0.634449 -0.772965 0
    outer loop
      vertex 126.243 5.66561 -3.63
      vertex 126.293 5.70665 0
      vertex 126.243 5.66561 0
    endloop
  endfacet
  facet normal 0.634449 -0.772965 0
    outer loop
      vertex 126.293 5.70665 0
      vertex 126.243 5.66561 -3.63
      vertex 126.293 5.70665 -3.63
    endloop
  endfacet
  facet normal 0.77333 -0.634004 0
    outer loop
      vertex 126.293 5.70665 0
      vertex 126.334 5.75666 -3.63
      vertex 126.334 5.75666 0
    endloop
  endfacet
  facet normal 0.77333 -0.634004 0
    outer loop
      vertex 126.334 5.75666 -3.63
      vertex 126.293 5.70665 0
      vertex 126.293 5.70665 -3.63
    endloop
  endfacet
  facet normal 0.773268 0.63408 0
    outer loop
      vertex 126.334 93.2433 0
      vertex 126.293 93.2933 -3.63
      vertex 126.293 93.2933 0
    endloop
  endfacet
  facet normal 0.773268 0.63408 0
    outer loop
      vertex 126.293 93.2933 -3.63
      vertex 126.334 93.2433 0
      vertex 126.334 93.2433 -3.63
    endloop
  endfacet
  facet normal -0.772965 0.634449 0
    outer loop
      vertex 5.66561 93.2433 -3.63
      vertex 5.70665 93.2933 0
      vertex 5.70665 93.2933 -3.63
    endloop
  endfacet
  facet normal -0.772965 0.634449 0
    outer loop
      vertex 5.70665 93.2933 0
      vertex 5.66561 93.2433 -3.63
      vertex 5.66561 93.2433 0
    endloop
  endfacet
  facet normal 0.878484 0.477772 0
    outer loop
      vertex 126.365 93.1863 0
      vertex 126.334 93.2433 -3.63
      vertex 126.334 93.2433 0
    endloop
  endfacet
  facet normal 0.878484 0.477772 0
    outer loop
      vertex 126.334 93.2433 -3.63
      vertex 126.365 93.1863 0
      vertex 126.365 93.1863 -3.63
    endloop
  endfacet
  facet normal 0.471672 -0.881774 0
    outer loop
      vertex 126.186 5.63512 -3.63
      vertex 126.243 5.66561 0
      vertex 126.186 5.63512 0
    endloop
  endfacet
  facet normal 0.471672 -0.881774 0
    outer loop
      vertex 126.243 5.66561 0
      vertex 126.186 5.63512 -3.63
      vertex 126.243 5.66561 -3.63
    endloop
  endfacet
  facet normal 0.955992 -0.293391 0
    outer loop
      vertex 126.365 5.81371 0
      vertex 126.384 5.87562 -3.63
      vertex 126.384 5.87562 0
    endloop
  endfacet
  facet normal 0.955992 -0.293391 0
    outer loop
      vertex 126.384 5.87562 -3.63
      vertex 126.365 5.81371 0
      vertex 126.365 5.81371 -3.63
    endloop
  endfacet
  facet normal -0.471471 0.881882 0
    outer loop
      vertex 5.81371 93.3649 -3.63
      vertex 5.75666 93.3344 0
      vertex 5.81371 93.3649 0
    endloop
  endfacet
  facet normal -0.471471 0.881882 0
    outer loop
      vertex 5.75666 93.3344 0
      vertex 5.81371 93.3649 -3.63
      vertex 5.75666 93.3344 -3.63
    endloop
  endfacet
  facet normal 0.995688 0.092766 0
    outer loop
      vertex 126.39 93.06 0
      vertex 126.384 93.1244 -3.63
      vertex 126.384 93.1244 0
    endloop
  endfacet
  facet normal 0.995688 0.092766 0
    outer loop
      vertex 126.384 93.1244 -3.63
      vertex 126.39 93.06 0
      vertex 126.39 93.06 -3.63
    endloop
  endfacet
  facet normal -0.881774 0.471672 0
    outer loop
      vertex 5.63512 93.1863 -3.63
      vertex 5.66561 93.2433 0
      vertex 5.66561 93.2433 -3.63
    endloop
  endfacet
  facet normal -0.881774 0.471672 0
    outer loop
      vertex 5.66561 93.2433 0
      vertex 5.63512 93.1863 -3.63
      vertex 5.63512 93.1863 0
    endloop
  endfacet
  facet normal 0.955979 0.293435 0
    outer loop
      vertex 126.384 93.1244 0
      vertex 126.365 93.1863 -3.63
      vertex 126.365 93.1863 0
    endloop
  endfacet
  facet normal 0.955979 0.293435 0
    outer loop
      vertex 126.365 93.1863 -3.63
      vertex 126.384 93.1244 0
      vertex 126.384 93.1244 -3.63
    endloop
  endfacet
  facet normal 0.635003 0.77251 -0
    outer loop
      vertex 126.293 93.2933 -3.63
      vertex 126.243 93.3344 0
      vertex 126.293 93.2933 0
    endloop
  endfacet
  facet normal 0.635003 0.77251 0
    outer loop
      vertex 126.243 93.3344 0
      vertex 126.293 93.2933 -3.63
      vertex 126.243 93.3344 -3.63
    endloop
  endfacet
  facet normal -0.956928 0.290325 0
    outer loop
      vertex 5.61634 93.1244 -3.63
      vertex 5.63512 93.1863 0
      vertex 5.63512 93.1863 -3.63
    endloop
  endfacet
  facet normal -0.956928 0.290325 0
    outer loop
      vertex 5.63512 93.1863 0
      vertex 5.61634 93.1244 -3.63
      vertex 5.61634 93.1244 0
    endloop
  endfacet
  facet normal -0.995189 0.0979736 0
    outer loop
      vertex 5.61 93.06 -3.63
      vertex 5.61634 93.1244 0
      vertex 5.61634 93.1244 -3.63
    endloop
  endfacet
  facet normal -0.995189 0.0979736 0
    outer loop
      vertex 5.61634 93.1244 0
      vertex 5.61 93.06 -3.63
      vertex 5.61 93.06 0
    endloop
  endfacet
  facet normal 0.290179 0.956972 -0
    outer loop
      vertex 126.186 93.3649 -3.63
      vertex 126.124 93.3837 0
      vertex 126.186 93.3649 0
    endloop
  endfacet
  facet normal 0.290179 0.956972 0
    outer loop
      vertex 126.124 93.3837 0
      vertex 126.186 93.3649 -3.63
      vertex 126.124 93.3837 -3.63
    endloop
  endfacet
  facet normal 0.289896 -0.957058 0
    outer loop
      vertex 126.124 5.61634 -3.63
      vertex 126.186 5.63512 0
      vertex 126.124 5.61634 0
    endloop
  endfacet
  facet normal 0.289896 -0.957058 0
    outer loop
      vertex 126.186 5.63512 0
      vertex 126.124 5.61634 -3.63
      vertex 126.186 5.63512 -3.63
    endloop
  endfacet
  facet normal -0.773027 -0.634373 0
    outer loop
      vertex 5.70665 5.70665 -3.63
      vertex 5.66561 5.75666 0
      vertex 5.66561 5.75666 -3.63
    endloop
  endfacet
  facet normal -0.773027 -0.634373 0
    outer loop
      vertex 5.66561 5.75666 0
      vertex 5.70665 5.70665 -3.63
      vertex 5.70665 5.70665 0
    endloop
  endfacet
  facet normal -0.47135 -0.881946 0
    outer loop
      vertex 5.75666 5.66561 -3.63
      vertex 5.81371 5.63512 0
      vertex 5.75666 5.66561 0
    endloop
  endfacet
  facet normal -0.47135 -0.881946 -0
    outer loop
      vertex 5.81371 5.63512 0
      vertex 5.75666 5.66561 -3.63
      vertex 5.81371 5.63512 -3.63
    endloop
  endfacet
  facet normal 0.097964 0.99519 -0
    outer loop
      vertex 126.124 93.3837 -3.63
      vertex 126.06 93.39 0
      vertex 126.124 93.3837 0
    endloop
  endfacet
  facet normal 0.097964 0.99519 0
    outer loop
      vertex 126.06 93.39 0
      vertex 126.124 93.3837 -3.63
      vertex 126.06 93.39 -3.63
    endloop
  endfacet
  facet normal -0.0973913 0.995246 0
    outer loop
      vertex 5.94 93.39 -3.63
      vertex 5.87562 93.3837 0
      vertex 5.94 93.39 0
    endloop
  endfacet
  facet normal -0.0973913 0.995246 0
    outer loop
      vertex 5.87562 93.3837 0
      vertex 5.94 93.39 -3.63
      vertex 5.87562 93.3837 -3.63
    endloop
  endfacet
  facet normal -0.0980037 -0.995186 0
    outer loop
      vertex 5.87562 5.61634 -3.63
      vertex 5.94 5.61 0
      vertex 5.87562 5.61634 0
    endloop
  endfacet
  facet normal -0.0980037 -0.995186 -0
    outer loop
      vertex 5.94 5.61 0
      vertex 5.87562 5.61634 -3.63
      vertex 5.94 5.61 -3.63
    endloop
  endfacet
  facet normal 0.87866 -0.477449 0
    outer loop
      vertex 126.334 5.75666 0
      vertex 126.365 5.81371 -3.63
      vertex 126.365 5.81371 0
    endloop
  endfacet
  facet normal 0.87866 -0.477449 0
    outer loop
      vertex 126.365 5.81371 -3.63
      vertex 126.334 5.75666 0
      vertex 126.334 5.75666 -3.63
    endloop
  endfacet
  facet normal -0.290282 -0.956941 0
    outer loop
      vertex 5.81371 5.63512 -3.63
      vertex 5.87562 5.61634 0
      vertex 5.81371 5.63512 0
    endloop
  endfacet
  facet normal -0.290282 -0.956941 -0
    outer loop
      vertex 5.87562 5.61634 0
      vertex 5.81371 5.63512 -3.63
      vertex 5.87562 5.61634 -3.63
    endloop
  endfacet
  facet normal 0.995685 -0.0927945 0
    outer loop
      vertex 126.384 5.87562 0
      vertex 126.39 5.94 -3.63
      vertex 126.39 5.94 0
    endloop
  endfacet
  facet normal 0.995685 -0.0927945 0
    outer loop
      vertex 126.39 5.94 -3.63
      vertex 126.384 5.87562 0
      vertex 126.384 5.87562 -3.63
    endloop
  endfacet
  facet normal -0.881946 -0.47135 0
    outer loop
      vertex 5.66561 5.75666 -3.63
      vertex 5.63512 5.81371 0
      vertex 5.63512 5.81371 -3.63
    endloop
  endfacet
  facet normal -0.881946 -0.47135 0
    outer loop
      vertex 5.63512 5.81371 0
      vertex 5.66561 5.75666 -3.63
      vertex 5.66561 5.75666 0
    endloop
  endfacet
  facet normal 0 0 -1
    outer loop
      vertex 130.02 8.25 0
      vertex 132 5.94 0
      vertex 131.886 4.78116 0
    endloop
  endfacet
  facet normal 0 0 -1
    outer loop
      vertex 126.384 5.87562 0
      vertex 131.886 4.78116 0
      vertex 131.548 3.66686 0
    endloop
  endfacet
  facet normal 0 0 -1
    outer loop
      vertex 126.365 5.81371 0
      vertex 131.548 3.66686 0
      vertex 130.999 2.63991 0
    endloop
  endfacet
  facet normal 0 0 -1
    outer loop
      vertex 126.365 5.81371 0
      vertex 130.999 2.63991 0
      vertex 130.26 1.73979 0
    endloop
  endfacet
  facet normal 0 0 -1
    outer loop
      vertex 132 5.94 0
      vertex 130.02 8.25 0
      vertex 132 8.25 0
    endloop
  endfacet
  facet normal 0 0 -1
    outer loop
      vertex 131.548 3.66686 0
      vertex 126.365 5.81371 0
      vertex 126.384 5.87562 0
    endloop
  endfacet
  facet normal 0 0 -1
    outer loop
      vertex 126.365 5.81371 0
      vertex 130.26 1.73979 0
      vertex 129.36 1.00107 0
    endloop
  endfacet
  facet normal 0 0 -1
    outer loop
      vertex 130.02 24.75 0
      vertex 132 90.42 0
      vertex 132 24.75 0
    endloop
  endfacet
  facet normal 0 0 -1
    outer loop
      vertex 126.39 93.06 0
      vertex 132 90.42 0
      vertex 130.02 24.75 0
    endloop
  endfacet
  facet normal 0 0 -1
    outer loop
      vertex 132 90.42 0
      vertex 126.39 93.06 0
      vertex 131.886 91.5788 0
    endloop
  endfacet
  facet normal 0 0 -1
    outer loop
      vertex 131.548 92.6931 0
      vertex 126.39 93.06 0
      vertex 130.999 93.7201 0
    endloop
  endfacet
  facet normal 0 0 -1
    outer loop
      vertex 131.886 91.5788 0
      vertex 126.39 93.06 0
      vertex 131.548 92.6931 0
    endloop
  endfacet
  facet normal -0 0 -1
    outer loop
      vertex 130.02 8.25 0
      vertex 126.39 5.94 0
      vertex 130.02 24.75 0
    endloop
  endfacet
  facet normal 0 0 -1
    outer loop
      vertex 126.39 93.06 0
      vertex 130.02 24.75 0
      vertex 126.39 5.94 0
    endloop
  endfacet
  facet normal 0 0 -1
    outer loop
      vertex 126.243 5.66561 0
      vertex 129.36 1.00107 0
      vertex 128.333 0.452155 0
    endloop
  endfacet
  facet normal -0 0 -1
    outer loop
      vertex 130.999 93.7201 0
      vertex 126.39 93.06 0
      vertex 130.26 94.6202 0
    endloop
  endfacet
  facet normal 0 0 -1
    outer loop
      vertex 126.186 5.63512 0
      vertex 128.333 0.452155 0
      vertex 127.219 0.114135 0
    endloop
  endfacet
  facet normal 0 0 -1
    outer loop
      vertex 126.384 93.1244 0
      vertex 130.26 94.6202 0
      vertex 126.39 93.06 0
    endloop
  endfacet
  facet normal -0 0 -1
    outer loop
      vertex 130.26 94.6202 0
      vertex 126.384 93.1244 0
      vertex 129.36 95.3589 0
    endloop
  endfacet
  facet normal 0 0 -1
    outer loop
      vertex 130.02 8.25 0
      vertex 126.384 5.87562 0
      vertex 126.39 5.94 0
    endloop
  endfacet
  facet normal 0 0 -1
    outer loop
      vertex 131.886 4.78116 0
      vertex 126.384 5.87562 0
      vertex 130.02 8.25 0
    endloop
  endfacet
  facet normal 0 0 -1
    outer loop
      vertex 129.36 1.00107 0
      vertex 126.334 5.75666 0
      vertex 126.365 5.81371 0
    endloop
  endfacet
  facet normal 0 0 -1
    outer loop
      vertex 129.36 1.00107 0
      vertex 126.293 5.70665 0
      vertex 126.334 5.75666 0
    endloop
  endfacet
  facet normal 0 0 -1
    outer loop
      vertex 129.36 1.00107 0
      vertex 126.243 5.66561 0
      vertex 126.293 5.70665 0
    endloop
  endfacet
  facet normal 0 0 -1
    outer loop
      vertex 128.333 0.452155 0
      vertex 126.186 5.63512 0
      vertex 126.243 5.66561 0
    endloop
  endfacet
  facet normal 0 0 -1
    outer loop
      vertex 127.219 0.114135 0
      vertex 126.124 5.61634 0
      vertex 126.186 5.63512 0
    endloop
  endfacet
  facet normal 0 0 -1
    outer loop
      vertex 126.06 0 0
      vertex 126.124 5.61634 0
      vertex 127.219 0.114135 0
    endloop
  endfacet
  facet normal 0 0 -1
    outer loop
      vertex 126.06 0 0
      vertex 126.06 5.61 0
      vertex 126.124 5.61634 0
    endloop
  endfacet
  facet normal 0 0 -1
    outer loop
      vertex 119.13 3.96 0
      vertex 126.06 0 0
      vertex 119.13 1.32 0
    endloop
  endfacet
  facet normal 0 0 -1
    outer loop
      vertex 126.06 0 0
      vertex 111.87 1.32 0
      vertex 119.13 1.32 0
    endloop
  endfacet
  facet normal 0 0 -1
    outer loop
      vertex 111.87 1.32 0
      vertex 20.13 1.32 0
      vertex 111.87 3.96 0
    endloop
  endfacet
  facet normal 0 0 -1
    outer loop
      vertex 126.06 0 0
      vertex 20.13 1.32 0
      vertex 111.87 1.32 0
    endloop
  endfacet
  facet normal 0 0 -1
    outer loop
      vertex 5.94 0 0
      vertex 20.13 1.32 0
      vertex 126.06 0 0
    endloop
  endfacet
  facet normal -0 0 -1
    outer loop
      vertex 12.87 1.32 0
      vertex 5.94 0 0
      vertex 12.87 3.96 0
    endloop
  endfacet
  facet normal -0 0 -1
    outer loop
      vertex 20.13 1.32 0
      vertex 5.94 0 0
      vertex 12.87 1.32 0
    endloop
  endfacet
  facet normal 0 -0 -1
    outer loop
      vertex 3.66686 95.9078 0
      vertex 5.61 93.06 0
      vertex 2.63991 95.3589 0
    endloop
  endfacet
  facet normal 0 -0 -1
    outer loop
      vertex 0.114135 91.5788 0
      vertex 5.61 93.06 0
      vertex 0 90.42 0
    endloop
  endfacet
  facet normal 0 0 -1
    outer loop
      vertex 5.61 93.06 0
      vertex 1.73979 94.6202 0
      vertex 2.63991 95.3589 0
    endloop
  endfacet
  facet normal 0 0 -1
    outer loop
      vertex 5.61 93.06 0
      vertex 1.00107 93.7201 0
      vertex 1.73979 94.6202 0
    endloop
  endfacet
  facet normal -0 0 -1
    outer loop
      vertex 5.61 93.06 0
      vertex 0.452155 92.6931 0
      vertex 1.00107 93.7201 0
    endloop
  endfacet
  facet normal 0 0 -1
    outer loop
      vertex 0 90.42 0
      vertex 1.98 24.75 0
      vertex 0 24.75 0
    endloop
  endfacet
  facet normal 0 0 -1
    outer loop
      vertex 5.61 93.06 0
      vertex 0.114135 91.5788 0
      vertex 0.452155 92.6931 0
    endloop
  endfacet
  facet normal 0 0 -1
    outer loop
      vertex 126.365 93.1863 0
      vertex 129.36 95.3589 0
      vertex 126.384 93.1244 0
    endloop
  endfacet
  facet normal -0 0 -1
    outer loop
      vertex 129.36 95.3589 0
      vertex 126.365 93.1863 0
      vertex 128.333 95.9078 0
    endloop
  endfacet
  facet normal 0 0 -1
    outer loop
      vertex 126.334 93.2433 0
      vertex 128.333 95.9078 0
      vertex 126.365 93.1863 0
    endloop
  endfacet
  facet normal 0 0 -1
    outer loop
      vertex 126.293 93.2933 0
      vertex 128.333 95.9078 0
      vertex 126.334 93.2433 0
    endloop
  endfacet
  facet normal -0 0 -1
    outer loop
      vertex 128.333 95.9078 0
      vertex 126.293 93.2933 0
      vertex 127.219 96.2459 0
    endloop
  endfacet
  facet normal 0 0 -1
    outer loop
      vertex 126.243 93.3344 0
      vertex 127.219 96.2459 0
      vertex 126.293 93.2933 0
    endloop
  endfacet
  facet normal 0 0 -1
    outer loop
      vertex 126.186 93.3649 0
      vertex 127.219 96.2459 0
      vertex 126.243 93.3344 0
    endloop
  endfacet
  facet normal 0 0 -1
    outer loop
      vertex 126.124 93.3837 0
      vertex 127.219 96.2459 0
      vertex 126.186 93.3649 0
    endloop
  endfacet
  facet normal 0 0 -1
    outer loop
      vertex 126.06 96.36 0
      vertex 126.124 93.3837 0
      vertex 126.06 93.39 0
    endloop
  endfacet
  facet normal 0 0 -1
    outer loop
      vertex 126.124 93.3837 0
      vertex 126.06 96.36 0
      vertex 127.219 96.2459 0
    endloop
  endfacet
  facet normal 0 0 -1
    outer loop
      vertex 126.06 93.39 0
      vertex 118.965 95.5646 0
      vertex 126.06 96.36 0
    endloop
  endfacet
  facet normal 0 0 -1
    outer loop
      vertex 126.06 93.39 0
      vertex 112.035 95.5646 0
      vertex 118.965 95.5646 0
    endloop
  endfacet
  facet normal 0 0 -1
    outer loop
      vertex 112.035 95.5646 0
      vertex 19.965 95.5646 0
      vertex 112.035 96.36 0
    endloop
  endfacet
  facet normal 0 0 -1
    outer loop
      vertex 126.06 93.39 0
      vertex 19.965 95.5646 0
      vertex 112.035 95.5646 0
    endloop
  endfacet
  facet normal 0 0 -1
    outer loop
      vertex 5.94 93.39 0
      vertex 19.965 95.5646 0
      vertex 126.06 93.39 0
    endloop
  endfacet
  facet normal -0 0 -1
    outer loop
      vertex 19.965 95.5646 0
      vertex 5.94 93.39 0
      vertex 13.035 95.5646 0
    endloop
  endfacet
  facet normal 0 0 -1
    outer loop
      vertex 5.94 96.36 0
      vertex 13.035 95.5646 0
      vertex 5.94 93.39 0
    endloop
  endfacet
  facet normal 0 0 -1
    outer loop
      vertex 13.035 95.5646 0
      vertex 5.94 96.36 0
      vertex 13.035 96.36 0
    endloop
  endfacet
  facet normal 0 0 -1
    outer loop
      vertex 5.87562 93.3837 0
      vertex 5.94 96.36 0
      vertex 5.94 93.39 0
    endloop
  endfacet
  facet normal 0 0 -1
    outer loop
      vertex 4.78116 96.2459 0
      vertex 5.87562 93.3837 0
      vertex 5.81371 93.3649 0
    endloop
  endfacet
  facet normal 0 0 -1
    outer loop
      vertex 4.78116 96.2459 0
      vertex 5.81371 93.3649 0
      vertex 5.75666 93.3344 0
    endloop
  endfacet
  facet normal 0 0 -1
    outer loop
      vertex 4.78116 96.2459 0
      vertex 5.75666 93.3344 0
      vertex 5.70665 93.2933 0
    endloop
  endfacet
  facet normal 0 0 -1
    outer loop
      vertex 4.78116 96.2459 0
      vertex 5.70665 93.2933 0
      vertex 5.66561 93.2433 0
    endloop
  endfacet
  facet normal 0 0 -1
    outer loop
      vertex 4.78116 96.2459 0
      vertex 5.66561 93.2433 0
      vertex 5.63512 93.1863 0
    endloop
  endfacet
  facet normal 0 0 -1
    outer loop
      vertex 4.78116 96.2459 0
      vertex 5.63512 93.1863 0
      vertex 5.61634 93.1244 0
    endloop
  endfacet
  facet normal 0 0 -1
    outer loop
      vertex 5.87562 93.3837 0
      vertex 4.78116 96.2459 0
      vertex 5.94 96.36 0
    endloop
  endfacet
  facet normal 0 0 -1
    outer loop
      vertex 5.61 93.06 0
      vertex 4.78116 96.2459 0
      vertex 5.61634 93.1244 0
    endloop
  endfacet
  facet normal 0 0 -1
    outer loop
      vertex 1.98 24.75 0
      vertex 5.61 93.06 0
      vertex 5.61 5.94 0
    endloop
  endfacet
  facet normal -0 0 -1
    outer loop
      vertex 5.66561 5.75666 0
      vertex 1.00107 2.63991 0
      vertex 5.63512 5.81371 0
    endloop
  endfacet
  facet normal 0 0 -1
    outer loop
      vertex 1.98 24.75 0
      vertex 5.61 5.94 0
      vertex 1.98 8.25 0
    endloop
  endfacet
  facet normal 0 0 -1
    outer loop
      vertex 0.452155 3.66686 0
      vertex 5.63512 5.81371 0
      vertex 1.00107 2.63991 0
    endloop
  endfacet
  facet normal 0 0 -1
    outer loop
      vertex 0 90.42 0
      vertex 5.61 93.06 0
      vertex 1.98 24.75 0
    endloop
  endfacet
  facet normal 0 0 -1
    outer loop
      vertex 5.61 93.06 0
      vertex 3.66686 95.9078 0
      vertex 4.78116 96.2459 0
    endloop
  endfacet
  facet normal -0 0 -1
    outer loop
      vertex 5.63512 5.81371 0
      vertex 0.452155 3.66686 0
      vertex 5.61634 5.87562 0
    endloop
  endfacet
  facet normal 0 0 -1
    outer loop
      vertex 0.114135 4.78116 0
      vertex 5.61634 5.87562 0
      vertex 0.452155 3.66686 0
    endloop
  endfacet
  facet normal 0 -0 -1
    outer loop
      vertex 1.98 8.25 0
      vertex 5.61634 5.87562 0
      vertex 0.114135 4.78116 0
    endloop
  endfacet
  facet normal 0 0 -1
    outer loop
      vertex 5.61634 5.87562 0
      vertex 1.98 8.25 0
      vertex 5.61 5.94 0
    endloop
  endfacet
  facet normal 0 0 -1
    outer loop
      vertex 0 5.94 0
      vertex 1.98 8.25 0
      vertex 0.114135 4.78116 0
    endloop
  endfacet
  facet normal -0 0 -1
    outer loop
      vertex 1.98 8.25 0
      vertex 0 5.94 0
      vertex 0 8.25 0
    endloop
  endfacet
  facet normal 0 0 -1
    outer loop
      vertex 126.06 0 0
      vertex 119.13 3.96 0
      vertex 126.06 5.61 0
    endloop
  endfacet
  facet normal 0 0 -1
    outer loop
      vertex 111.87 3.96 0
      vertex 126.06 5.61 0
      vertex 119.13 3.96 0
    endloop
  endfacet
  facet normal 0 0 -1
    outer loop
      vertex 20.13 3.96 0
      vertex 111.87 3.96 0
      vertex 20.13 1.32 0
    endloop
  endfacet
  facet normal 0 0 -1
    outer loop
      vertex 111.87 3.96 0
      vertex 20.13 3.96 0
      vertex 126.06 5.61 0
    endloop
  endfacet
  facet normal 0 0 -1
    outer loop
      vertex 5.94 5.61 0
      vertex 20.13 3.96 0
      vertex 12.87 3.96 0
    endloop
  endfacet
  facet normal 0 0 -1
    outer loop
      vertex 20.13 3.96 0
      vertex 5.94 5.61 0
      vertex 126.06 5.61 0
    endloop
  endfacet
  facet normal 0 0 -1
    outer loop
      vertex 5.94 0 0
      vertex 5.94 5.61 0
      vertex 12.87 3.96 0
    endloop
  endfacet
  facet normal 0 0 -1
    outer loop
      vertex 5.94 0 0
      vertex 5.87562 5.61634 0
      vertex 5.94 5.61 0
    endloop
  endfacet
  facet normal 0 0 -1
    outer loop
      vertex 4.78116 0.114135 0
      vertex 5.87562 5.61634 0
      vertex 5.94 0 0
    endloop
  endfacet
  facet normal -0 0 -1
    outer loop
      vertex 5.87562 5.61634 0
      vertex 4.78116 0.114135 0
      vertex 5.81371 5.63512 0
    endloop
  endfacet
  facet normal 0 0 -1
    outer loop
      vertex 3.66686 0.452155 0
      vertex 5.81371 5.63512 0
      vertex 4.78116 0.114135 0
    endloop
  endfacet
  facet normal -0 0 -1
    outer loop
      vertex 5.81371 5.63512 0
      vertex 3.66686 0.452155 0
      vertex 5.75666 5.66561 0
    endloop
  endfacet
  facet normal 0 0 -1
    outer loop
      vertex 2.63991 1.00107 0
      vertex 5.75666 5.66561 0
      vertex 3.66686 0.452155 0
    endloop
  endfacet
  facet normal -0 0 -1
    outer loop
      vertex 5.75666 5.66561 0
      vertex 2.63991 1.00107 0
      vertex 5.70665 5.70665 0
    endloop
  endfacet
  facet normal 0 0 -1
    outer loop
      vertex 1.73979 1.73979 0
      vertex 5.70665 5.70665 0
      vertex 2.63991 1.00107 0
    endloop
  endfacet
  facet normal 0 0 -1
    outer loop
      vertex 1.00107 2.63991 0
      vertex 5.66561 5.75666 0
      vertex 1.73979 1.73979 0
    endloop
  endfacet
  facet normal -0 0 -1
    outer loop
      vertex 5.70665 5.70665 0
      vertex 1.73979 1.73979 0
      vertex 5.66561 5.75666 0
    endloop
  endfacet
  facet normal -0 0 -1
    outer loop
      vertex 126.06 96.36 0
      vertex 118.965 95.5646 0
      vertex 118.965 96.36 0
    endloop
  endfacet
  facet normal -0 0 -1
    outer loop
      vertex 112.035 96.36 0
      vertex 19.965 95.5646 0
      vertex 19.965 96.36 0
    endloop
  endfacet
  facet normal 0 0 -1
    outer loop
      vertex 124.74 6.93 0
      vertex 125.07 7.26 0
      vertex 125.064 7.19562 0
    endloop
  endfacet
  facet normal -0 0 -1
    outer loop
      vertex 125.07 7.26 0
      vertex 124.74 6.93 0
      vertex 125.07 91.74 0
    endloop
  endfacet
  facet normal 0 0 -1
    outer loop
      vertex 124.74 6.93 0
      vertex 125.064 7.19562 0
      vertex 125.045 7.13371 0
    endloop
  endfacet
  facet normal 0 0 -1
    outer loop
      vertex 124.74 92.07 0
      vertex 125.07 91.74 0
      vertex 124.74 6.93 0
    endloop
  endfacet
  facet normal 0 0 -1
    outer loop
      vertex 124.74 6.93 0
      vertex 125.045 7.13371 0
      vertex 125.014 7.07666 0
    endloop
  endfacet
  facet normal 0 0 -1
    outer loop
      vertex 125.07 91.74 0
      vertex 124.74 92.07 0
      vertex 125.064 91.8044 0
    endloop
  endfacet
  facet normal 0 0 -1
    outer loop
      vertex 124.74 6.93 0
      vertex 125.014 7.07666 0
      vertex 124.973 7.02665 0
    endloop
  endfacet
  facet normal 0 0 -1
    outer loop
      vertex 125.064 91.8044 0
      vertex 124.74 92.07 0
      vertex 125.045 91.8663 0
    endloop
  endfacet
  facet normal 0 0 -1
    outer loop
      vertex 124.74 6.93 0
      vertex 124.973 7.02665 0
      vertex 124.923 6.98561 0
    endloop
  endfacet
  facet normal 0 0 -1
    outer loop
      vertex 125.045 91.8663 0
      vertex 124.74 92.07 0
      vertex 125.014 91.9233 0
    endloop
  endfacet
  facet normal 0 0 -1
    outer loop
      vertex 124.74 6.93 0
      vertex 124.923 6.98561 0
      vertex 124.866 6.95512 0
    endloop
  endfacet
  facet normal 0 0 -1
    outer loop
      vertex 125.014 91.9233 0
      vertex 124.74 92.07 0
      vertex 124.973 91.9733 0
    endloop
  endfacet
  facet normal 0 0 -1
    outer loop
      vertex 124.74 6.93 0
      vertex 124.866 6.95512 0
      vertex 124.804 6.93634 0
    endloop
  endfacet
  facet normal 0 0 -1
    outer loop
      vertex 124.973 91.9733 0
      vertex 124.74 92.07 0
      vertex 124.923 92.0144 0
    endloop
  endfacet
  facet normal 0 0 -1
    outer loop
      vertex 124.923 92.0144 0
      vertex 124.74 92.07 0
      vertex 124.866 92.0449 0
    endloop
  endfacet
  facet normal 0 0 -1
    outer loop
      vertex 124.866 92.0449 0
      vertex 124.74 92.07 0
      vertex 124.804 92.0637 0
    endloop
  endfacet
  facet normal 0 0 -1
    outer loop
      vertex 7.26 6.93 0
      vertex 124.74 92.07 0
      vertex 124.74 6.93 0
    endloop
  endfacet
  facet normal 0 0 -1
    outer loop
      vertex 7.26 6.93 0
      vertex 7.26 92.07 0
      vertex 124.74 92.07 0
    endloop
  endfacet
  facet normal 0 0 -1
    outer loop
      vertex 6.93 7.26 0
      vertex 7.26 6.93 0
      vertex 7.19562 6.93634 0
    endloop
  endfacet
  facet normal 0 0 -1
    outer loop
      vertex 7.26 6.93 0
      vertex 6.93 7.26 0
      vertex 7.26 92.07 0
    endloop
  endfacet
  facet normal 0 0 -1
    outer loop
      vertex 6.93 7.26 0
      vertex 7.19562 6.93634 0
      vertex 7.13371 6.95512 0
    endloop
  endfacet
  facet normal 0 0 -1
    outer loop
      vertex 6.93 91.74 0
      vertex 7.26 92.07 0
      vertex 6.93 7.26 0
    endloop
  endfacet
  facet normal 0 0 -1
    outer loop
      vertex 6.93 7.26 0
      vertex 7.13371 6.95512 0
      vertex 7.07666 6.98561 0
    endloop
  endfacet
  facet normal 0 0 -1
    outer loop
      vertex 7.26 92.07 0
      vertex 6.93 91.74 0
      vertex 7.19562 92.0637 0
    endloop
  endfacet
  facet normal 0 0 -1
    outer loop
      vertex 6.93 7.26 0
      vertex 7.07666 6.98561 0
      vertex 7.02665 7.02665 0
    endloop
  endfacet
  facet normal 0 0 -1
    outer loop
      vertex 7.19562 92.0637 0
      vertex 6.93 91.74 0
      vertex 7.13371 92.0449 0
    endloop
  endfacet
  facet normal 0 0 -1
    outer loop
      vertex 6.93 7.26 0
      vertex 7.02665 7.02665 0
      vertex 6.98561 7.07666 0
    endloop
  endfacet
  facet normal 0 0 -1
    outer loop
      vertex 7.13371 92.0449 0
      vertex 6.93 91.74 0
      vertex 7.07666 92.0144 0
    endloop
  endfacet
  facet normal 0 0 -1
    outer loop
      vertex 6.93 7.26 0
      vertex 6.98561 7.07666 0
      vertex 6.95512 7.13371 0
    endloop
  endfacet
  facet normal 0 0 -1
    outer loop
      vertex 7.07666 92.0144 0
      vertex 6.93 91.74 0
      vertex 7.02665 91.9733 0
    endloop
  endfacet
  facet normal 0 0 -1
    outer loop
      vertex 6.93 7.26 0
      vertex 6.95512 7.13371 0
      vertex 6.93634 7.19562 0
    endloop
  endfacet
  facet normal 0 0 -1
    outer loop
      vertex 7.02665 91.9733 0
      vertex 6.93 91.74 0
      vertex 6.98561 91.9233 0
    endloop
  endfacet
  facet normal 0 0 -1
    outer loop
      vertex 6.98561 91.9233 0
      vertex 6.93 91.74 0
      vertex 6.95512 91.8663 0
    endloop
  endfacet
  facet normal 0 0 -1
    outer loop
      vertex 6.95512 91.8663 0
      vertex 6.93 91.74 0
      vertex 6.93634 91.8044 0
    endloop
  endfacet
  facet normal 0.956941 0.290282 0
    outer loop
      vertex 6.95512 7.13371 0
      vertex 6.93634 7.19562 -3.63
      vertex 6.93634 7.19562 0
    endloop
  endfacet
  facet normal 0.956941 0.290282 0
    outer loop
      vertex 6.93634 7.19562 -3.63
      vertex 6.95512 7.13371 0
      vertex 6.95512 7.13371 -3.63
    endloop
  endfacet
  facet normal 0.995186 0.0980037 0
    outer loop
      vertex 6.93634 7.19562 0
      vertex 6.93 7.26 -3.63
      vertex 6.93 7.26 0
    endloop
  endfacet
  facet normal 0.995186 0.0980037 0
    outer loop
      vertex 6.93 7.26 -3.63
      vertex 6.93634 7.19562 0
      vertex 6.93634 7.19562 -3.63
    endloop
  endfacet
  facet normal -1 0 0
    outer loop
      vertex 125.07 7.26 -3.63
      vertex 125.07 91.74 0
      vertex 125.07 91.74 -3.63
    endloop
  endfacet
  facet normal -1 -0 0
    outer loop
      vertex 125.07 91.74 0
      vertex 125.07 7.26 -3.63
      vertex 125.07 7.26 0
    endloop
  endfacet
  facet normal 0 -1 0
    outer loop
      vertex 7.26 92.07 -3.63
      vertex 124.74 92.07 0
      vertex 7.26 92.07 0
    endloop
  endfacet
  facet normal 0 -1 -0
    outer loop
      vertex 124.74 92.07 0
      vertex 7.26 92.07 -3.63
      vertex 124.74 92.07 -3.63
    endloop
  endfacet
  facet normal 0.634373 0.773027 -0
    outer loop
      vertex 7.07666 6.98561 -3.63
      vertex 7.02665 7.02665 0
      vertex 7.07666 6.98561 0
    endloop
  endfacet
  facet normal 0.634373 0.773027 0
    outer loop
      vertex 7.02665 7.02665 0
      vertex 7.07666 6.98561 -3.63
      vertex 7.02665 7.02665 -3.63
    endloop
  endfacet
  facet normal -0.471792 -0.88171 0
    outer loop
      vertex 124.866 92.0449 -3.63
      vertex 124.923 92.0144 0
      vertex 124.866 92.0449 0
    endloop
  endfacet
  facet normal -0.471792 -0.88171 -0
    outer loop
      vertex 124.923 92.0144 0
      vertex 124.866 92.0449 -3.63
      vertex 124.923 92.0144 -3.63
    endloop
  endfacet
  facet normal 0.634927 -0.772572 0
    outer loop
      vertex 7.02665 91.9733 -3.63
      vertex 7.07666 92.0144 0
      vertex 7.02665 91.9733 0
    endloop
  endfacet
  facet normal 0.634927 -0.772572 0
    outer loop
      vertex 7.07666 92.0144 0
      vertex 7.02665 91.9733 -3.63
      vertex 7.07666 92.0144 -3.63
    endloop
  endfacet
  facet normal 1 -0 0
    outer loop
      vertex 6.93 7.26 0
      vertex 6.93 91.74 -3.63
      vertex 6.93 91.74 0
    endloop
  endfacet
  facet normal 1 0 0
    outer loop
      vertex 6.93 91.74 -3.63
      vertex 6.93 7.26 0
      vertex 6.93 7.26 -3.63
    endloop
  endfacet
  facet normal -0.09858 0.995129 0
    outer loop
      vertex 124.804 6.93634 -3.63
      vertex 124.74 6.93 0
      vertex 124.804 6.93634 0
    endloop
  endfacet
  facet normal -0.09858 0.995129 0
    outer loop
      vertex 124.74 6.93 0
      vertex 124.804 6.93634 -3.63
      vertex 124.74 6.93 -3.63
    endloop
  endfacet
  facet normal 0.290565 -0.956855 0
    outer loop
      vertex 7.13371 92.0449 -3.63
      vertex 7.19562 92.0637 0
      vertex 7.13371 92.0449 0
    endloop
  endfacet
  facet normal 0.290565 -0.956855 0
    outer loop
      vertex 7.19562 92.0637 0
      vertex 7.13371 92.0449 -3.63
      vertex 7.19562 92.0637 -3.63
    endloop
  endfacet
  facet normal 0 1 -0
    outer loop
      vertex 124.74 6.93 -3.63
      vertex 7.26 6.93 0
      vertex 124.74 6.93 0
    endloop
  endfacet
  facet normal 0 1 0
    outer loop
      vertex 7.26 6.93 0
      vertex 124.74 6.93 -3.63
      vertex 7.26 6.93 -3.63
    endloop
  endfacet
  facet normal -0.634449 0.772965 0
    outer loop
      vertex 124.973 7.02665 -3.63
      vertex 124.923 6.98561 0
      vertex 124.973 7.02665 0
    endloop
  endfacet
  facet normal -0.634449 0.772965 0
    outer loop
      vertex 124.923 6.98561 0
      vertex 124.973 7.02665 -3.63
      vertex 124.923 6.98561 -3.63
    endloop
  endfacet
  facet normal -0.77333 0.634004 0
    outer loop
      vertex 124.973 7.02665 -3.63
      vertex 125.014 7.07666 0
      vertex 125.014 7.07666 -3.63
    endloop
  endfacet
  facet normal -0.77333 0.634004 0
    outer loop
      vertex 125.014 7.07666 0
      vertex 124.973 7.02665 -3.63
      vertex 124.973 7.02665 0
    endloop
  endfacet
  facet normal -0.773268 -0.63408 0
    outer loop
      vertex 125.014 91.9233 -3.63
      vertex 124.973 91.9733 0
      vertex 124.973 91.9733 -3.63
    endloop
  endfacet
  facet normal -0.773268 -0.63408 0
    outer loop
      vertex 124.973 91.9733 0
      vertex 125.014 91.9233 -3.63
      vertex 125.014 91.9233 0
    endloop
  endfacet
  facet normal 0.772965 -0.634449 0
    outer loop
      vertex 6.98561 91.9233 0
      vertex 7.02665 91.9733 -3.63
      vertex 7.02665 91.9733 0
    endloop
  endfacet
  facet normal 0.772965 -0.634449 0
    outer loop
      vertex 7.02665 91.9733 -3.63
      vertex 6.98561 91.9233 0
      vertex 6.98561 91.9233 -3.63
    endloop
  endfacet
  facet normal -0.878484 -0.477772 0
    outer loop
      vertex 125.045 91.8663 -3.63
      vertex 125.014 91.9233 0
      vertex 125.014 91.9233 -3.63
    endloop
  endfacet
  facet normal -0.878484 -0.477772 0
    outer loop
      vertex 125.014 91.9233 0
      vertex 125.045 91.8663 -3.63
      vertex 125.045 91.8663 0
    endloop
  endfacet
  facet normal -0.471672 0.881774 0
    outer loop
      vertex 124.923 6.98561 -3.63
      vertex 124.866 6.95512 0
      vertex 124.923 6.98561 0
    endloop
  endfacet
  facet normal -0.471672 0.881774 0
    outer loop
      vertex 124.866 6.95512 0
      vertex 124.923 6.98561 -3.63
      vertex 124.866 6.95512 -3.63
    endloop
  endfacet
  facet normal -0.955992 0.293391 0
    outer loop
      vertex 125.045 7.13371 -3.63
      vertex 125.064 7.19562 0
      vertex 125.064 7.19562 -3.63
    endloop
  endfacet
  facet normal -0.955992 0.293391 0
    outer loop
      vertex 125.064 7.19562 0
      vertex 125.045 7.13371 -3.63
      vertex 125.045 7.13371 0
    endloop
  endfacet
  facet normal 0.881946 0.47135 0
    outer loop
      vertex 6.98561 7.07666 0
      vertex 6.95512 7.13371 -3.63
      vertex 6.95512 7.13371 0
    endloop
  endfacet
  facet normal 0.881946 0.47135 0
    outer loop
      vertex 6.95512 7.13371 -3.63
      vertex 6.98561 7.07666 0
      vertex 6.98561 7.07666 -3.63
    endloop
  endfacet
  facet normal 0.471471 -0.881882 0
    outer loop
      vertex 7.07666 92.0144 -3.63
      vertex 7.13371 92.0449 0
      vertex 7.07666 92.0144 0
    endloop
  endfacet
  facet normal 0.471471 -0.881882 0
    outer loop
      vertex 7.13371 92.0449 0
      vertex 7.07666 92.0144 -3.63
      vertex 7.13371 92.0449 -3.63
    endloop
  endfacet
  facet normal -0.995688 -0.092766 0
    outer loop
      vertex 125.07 91.74 -3.63
      vertex 125.064 91.8044 0
      vertex 125.064 91.8044 -3.63
    endloop
  endfacet
  facet normal -0.995688 -0.092766 0
    outer loop
      vertex 125.064 91.8044 0
      vertex 125.07 91.74 -3.63
      vertex 125.07 91.74 0
    endloop
  endfacet
  facet normal 0.881774 -0.471672 0
    outer loop
      vertex 6.95512 91.8663 0
      vertex 6.98561 91.9233 -3.63
      vertex 6.98561 91.9233 0
    endloop
  endfacet
  facet normal 0.881774 -0.471672 0
    outer loop
      vertex 6.98561 91.9233 -3.63
      vertex 6.95512 91.8663 0
      vertex 6.95512 91.8663 -3.63
    endloop
  endfacet
  facet normal -0.955979 -0.293435 0
    outer loop
      vertex 125.064 91.8044 -3.63
      vertex 125.045 91.8663 0
      vertex 125.045 91.8663 -3.63
    endloop
  endfacet
  facet normal -0.955979 -0.293435 0
    outer loop
      vertex 125.045 91.8663 0
      vertex 125.064 91.8044 -3.63
      vertex 125.064 91.8044 0
    endloop
  endfacet
  facet normal -0.635003 -0.77251 0
    outer loop
      vertex 124.923 92.0144 -3.63
      vertex 124.973 91.9733 0
      vertex 124.923 92.0144 0
    endloop
  endfacet
  facet normal -0.635003 -0.77251 -0
    outer loop
      vertex 124.973 91.9733 0
      vertex 124.923 92.0144 -3.63
      vertex 124.973 91.9733 -3.63
    endloop
  endfacet
  facet normal 0.956928 -0.290325 0
    outer loop
      vertex 6.93634 91.8044 0
      vertex 6.95512 91.8663 -3.63
      vertex 6.95512 91.8663 0
    endloop
  endfacet
  facet normal 0.956928 -0.290325 0
    outer loop
      vertex 6.95512 91.8663 -3.63
      vertex 6.93634 91.8044 0
      vertex 6.93634 91.8044 -3.63
    endloop
  endfacet
  facet normal 0.995189 -0.0979736 0
    outer loop
      vertex 6.93 91.74 0
      vertex 6.93634 91.8044 -3.63
      vertex 6.93634 91.8044 0
    endloop
  endfacet
  facet normal 0.995189 -0.0979736 0
    outer loop
      vertex 6.93634 91.8044 -3.63
      vertex 6.93 91.74 0
      vertex 6.93 91.74 -3.63
    endloop
  endfacet
  facet normal -0.290179 -0.956972 0
    outer loop
      vertex 124.804 92.0637 -3.63
      vertex 124.866 92.0449 0
      vertex 124.804 92.0637 0
    endloop
  endfacet
  facet normal -0.290179 -0.956972 -0
    outer loop
      vertex 124.866 92.0449 0
      vertex 124.804 92.0637 -3.63
      vertex 124.866 92.0449 -3.63
    endloop
  endfacet
  facet normal -0.289896 0.957058 0
    outer loop
      vertex 124.866 6.95512 -3.63
      vertex 124.804 6.93634 0
      vertex 124.866 6.95512 0
    endloop
  endfacet
  facet normal -0.289896 0.957058 0
    outer loop
      vertex 124.804 6.93634 0
      vertex 124.866 6.95512 -3.63
      vertex 124.804 6.93634 -3.63
    endloop
  endfacet
  facet normal 0.773027 0.634373 0
    outer loop
      vertex 7.02665 7.02665 0
      vertex 6.98561 7.07666 -3.63
      vertex 6.98561 7.07666 0
    endloop
  endfacet
  facet normal 0.773027 0.634373 0
    outer loop
      vertex 6.98561 7.07666 -3.63
      vertex 7.02665 7.02665 0
      vertex 7.02665 7.02665 -3.63
    endloop
  endfacet
  facet normal 0.47135 0.881946 -0
    outer loop
      vertex 7.13371 6.95512 -3.63
      vertex 7.07666 6.98561 0
      vertex 7.13371 6.95512 0
    endloop
  endfacet
  facet normal 0.47135 0.881946 0
    outer loop
      vertex 7.07666 6.98561 0
      vertex 7.13371 6.95512 -3.63
      vertex 7.07666 6.98561 -3.63
    endloop
  endfacet
  facet normal -0.097964 -0.99519 0
    outer loop
      vertex 124.74 92.07 -3.63
      vertex 124.804 92.0637 0
      vertex 124.74 92.07 0
    endloop
  endfacet
  facet normal -0.097964 -0.99519 -0
    outer loop
      vertex 124.804 92.0637 0
      vertex 124.74 92.07 -3.63
      vertex 124.804 92.0637 -3.63
    endloop
  endfacet
  facet normal 0.0973913 -0.995246 0
    outer loop
      vertex 7.19562 92.0637 -3.63
      vertex 7.26 92.07 0
      vertex 7.19562 92.0637 0
    endloop
  endfacet
  facet normal 0.0973913 -0.995246 0
    outer loop
      vertex 7.26 92.07 0
      vertex 7.19562 92.0637 -3.63
      vertex 7.26 92.07 -3.63
    endloop
  endfacet
  facet normal 0.0980037 0.995186 -0
    outer loop
      vertex 7.26 6.93 -3.63
      vertex 7.19562 6.93634 0
      vertex 7.26 6.93 0
    endloop
  endfacet
  facet normal 0.0980037 0.995186 0
    outer loop
      vertex 7.19562 6.93634 0
      vertex 7.26 6.93 -3.63
      vertex 7.19562 6.93634 -3.63
    endloop
  endfacet
  facet normal -0.87866 0.477449 0
    outer loop
      vertex 125.014 7.07666 -3.63
      vertex 125.045 7.13371 0
      vertex 125.045 7.13371 -3.63
    endloop
  endfacet
  facet normal -0.87866 0.477449 0
    outer loop
      vertex 125.045 7.13371 0
      vertex 125.014 7.07666 -3.63
      vertex 125.014 7.07666 0
    endloop
  endfacet
  facet normal 0.290282 0.956941 -0
    outer loop
      vertex 7.19562 6.93634 -3.63
      vertex 7.13371 6.95512 0
      vertex 7.19562 6.93634 0
    endloop
  endfacet
  facet normal 0.290282 0.956941 0
    outer loop
      vertex 7.13371 6.95512 0
      vertex 7.19562 6.93634 -3.63
      vertex 7.13371 6.95512 -3.63
    endloop
  endfacet
  facet normal -0.995685 0.0927945 0
    outer loop
      vertex 125.064 7.19562 -3.63
      vertex 125.07 7.26 0
      vertex 125.07 7.26 -3.63
    endloop
  endfacet
  facet normal -0.995685 0.0927945 0
    outer loop
      vertex 125.07 7.26 0
      vertex 125.064 7.19562 -3.63
      vertex 125.064 7.19562 0
    endloop
  endfacet
  facet normal 0 -1 0
    outer loop
      vertex 111.87 3.96 0
      vertex 119.13 3.96 0.66
      vertex 111.87 3.96 0.66
    endloop
  endfacet
  facet normal 0 -1 -0
    outer loop
      vertex 119.13 3.96 0.66
      vertex 111.87 3.96 0
      vertex 119.13 3.96 0
    endloop
  endfacet
  facet normal 0 -1 0
    outer loop
      vertex 12.87 3.96 0
      vertex 20.13 3.96 0.66
      vertex 12.87 3.96 0.66
    endloop
  endfacet
  facet normal 0 -1 -0
    outer loop
      vertex 20.13 3.96 0.66
      vertex 12.87 3.96 0
      vertex 20.13 3.96 0
    endloop
  endfacet
  facet normal -0.95694 -0.290285 0
    outer loop
      vertex 0.452155 3.66686 0
      vertex 0.114135 4.78116 0.66
      vertex 0.114135 4.78116 0
    endloop
  endfacet
  facet normal -0.95694 -0.290285 0
    outer loop
      vertex 0.114135 4.78116 0.66
      vertex 0.452155 3.66686 0
      vertex 0.452155 3.66686 0.66
    endloop
  endfacet
  facet normal -1 0 0
    outer loop
      vertex 0 24.75 0
      vertex 0 90.42 0.66
      vertex 0 90.42 0
    endloop
  endfacet
  facet normal -1 0 0
    outer loop
      vertex 0 24.75 0.0164997
      vertex 0 90.42 0.66
      vertex 0 24.75 0
    endloop
  endfacet
  facet normal -1 -0 0
    outer loop
      vertex 0 90.42 0.66
      vertex 0 24.75 0.0164997
      vertex 0 24.1065 0.66
    endloop
  endfacet
  facet normal -1 0 0
    outer loop
      vertex 0 8.25 0
      vertex 0 5.94 0
      vertex 0 8.25 0.0164997
    endloop
  endfacet
  facet normal -1 0 0
    outer loop
      vertex 0 5.94 0.66
      vertex 0 8.25 0.0164997
      vertex 0 5.94 0
    endloop
  endfacet
  facet normal -1 0 0
    outer loop
      vertex 0 8.25 0.0164997
      vertex 0 5.94 0.66
      vertex 0 8.8935 0.66
    endloop
  endfacet
  facet normal -0.995185 -0.0980165 0
    outer loop
      vertex 0.114135 4.78116 0
      vertex 0 5.94 0.66
      vertex 0 5.94 0
    endloop
  endfacet
  facet normal -0.995185 -0.0980165 0
    outer loop
      vertex 0 5.94 0.66
      vertex 0.114135 4.78116 0
      vertex 0.114135 4.78116 0.66
    endloop
  endfacet
  facet normal 0 1 -0
    outer loop
      vertex 13.035 96.36 0
      vertex 5.94 96.36 0.66
      vertex 13.035 96.36 0.66
    endloop
  endfacet
  facet normal 0 1 0
    outer loop
      vertex 5.94 96.36 0.66
      vertex 13.035 96.36 0
      vertex 5.94 96.36 0
    endloop
  endfacet
  facet normal 0 1 -0
    outer loop
      vertex 126.06 96.36 0
      vertex 118.965 96.36 0.66
      vertex 126.06 96.36 0.66
    endloop
  endfacet
  facet normal 0 1 0
    outer loop
      vertex 118.965 96.36 0.66
      vertex 126.06 96.36 0
      vertex 118.965 96.36 0
    endloop
  endfacet
  facet normal 0 1 -0
    outer loop
      vertex 112.035 96.36 0
      vertex 19.965 96.36 0.66
      vertex 112.035 96.36 0.66
    endloop
  endfacet
  facet normal 0 1 0
    outer loop
      vertex 19.965 96.36 0.66
      vertex 112.035 96.36 0
      vertex 19.965 96.36 0
    endloop
  endfacet
  facet normal -0.995184 0.0980198 0
    outer loop
      vertex 0 90.42 0
      vertex 0.114135 91.5788 0.66
      vertex 0.114135 91.5788 0
    endloop
  endfacet
  facet normal -0.995184 0.0980198 0
    outer loop
      vertex 0.114135 91.5788 0.66
      vertex 0 90.42 0
      vertex 0 90.42 0.66
    endloop
  endfacet
  facet normal 0.0980031 -0.995186 0
    outer loop
      vertex 126.06 0 0
      vertex 127.219 0.114135 0.66
      vertex 126.06 0 0.66
    endloop
  endfacet
  facet normal 0.0980031 -0.995186 0
    outer loop
      vertex 127.219 0.114135 0.66
      vertex 126.06 0 0
      vertex 127.219 0.114135 0
    endloop
  endfacet
  facet normal -0.634388 0.773014 0
    outer loop
      vertex 2.63991 95.3589 0
      vertex 1.73979 94.6202 0.66
      vertex 2.63991 95.3589 0.66
    endloop
  endfacet
  facet normal -0.634388 0.773014 0
    outer loop
      vertex 1.73979 94.6202 0.66
      vertex 2.63991 95.3589 0
      vertex 1.73979 94.6202 0
    endloop
  endfacet
  facet normal -0.634399 -0.773006 0
    outer loop
      vertex 1.73979 1.73979 0
      vertex 2.63991 1.00107 0.66
      vertex 1.73979 1.73979 0.66
    endloop
  endfacet
  facet normal -0.634399 -0.773006 -0
    outer loop
      vertex 2.63991 1.00107 0.66
      vertex 1.73979 1.73979 0
      vertex 2.63991 1.00107 0
    endloop
  endfacet
  facet normal -0.471386 0.881927 0
    outer loop
      vertex 3.66686 95.9078 0
      vertex 2.63991 95.3589 0.66
      vertex 3.66686 95.9078 0.66
    endloop
  endfacet
  facet normal -0.471386 0.881927 0
    outer loop
      vertex 2.63991 95.3589 0.66
      vertex 3.66686 95.9078 0
      vertex 2.63991 95.3589 0
    endloop
  endfacet
  facet normal 0.634449 -0.772965 0
    outer loop
      vertex 129.36 1.00107 0
      vertex 130.26 1.73979 0.66
      vertex 129.36 1.00107 0.66
    endloop
  endfacet
  facet normal 0.634449 -0.772965 0
    outer loop
      vertex 130.26 1.73979 0.66
      vertex 129.36 1.00107 0
      vertex 130.26 1.73979 0
    endloop
  endfacet
  facet normal 0.471368 0.881937 -0
    outer loop
      vertex 129.36 95.3589 0
      vertex 128.333 95.9078 0.66
      vertex 129.36 95.3589 0.66
    endloop
  endfacet
  facet normal 0.471368 0.881937 0
    outer loop
      vertex 128.333 95.9078 0.66
      vertex 129.36 95.3589 0
      vertex 128.333 95.9078 0
    endloop
  endfacet
  facet normal 1 0 0
    outer loop
      vertex 132 90.42 0.66
      vertex 132 24.75 0.0164997
      vertex 132 90.42 0
    endloop
  endfacet
  facet normal 1 0 -0
    outer loop
      vertex 132 24.75 0.0164997
      vertex 132 90.42 0.66
      vertex 132 24.1065 0.66
    endloop
  endfacet
  facet normal 1 0 0
    outer loop
      vertex 132 90.42 0
      vertex 132 24.75 0.0164997
      vertex 132 24.75 0
    endloop
  endfacet
  facet normal 1 -0 0
    outer loop
      vertex 132 5.94 0.66
      vertex 132 8.25 0.0164997
      vertex 132 8.8935 0.66
    endloop
  endfacet
  facet normal 1 0 0
    outer loop
      vertex 132 5.94 0
      vertex 132 8.25 0.0164997
      vertex 132 5.94 0.66
    endloop
  endfacet
  facet normal 1 0 0
    outer loop
      vertex 132 8.25 0.0164997
      vertex 132 5.94 0
      vertex 132 8.25 0
    endloop
  endfacet
  facet normal 0 -1 0
    outer loop
      vertex 5.94 0 0
      vertex 126.06 0 0.66
      vertex 5.94 0 0.66
    endloop
  endfacet
  facet normal 0 -1 -0
    outer loop
      vertex 126.06 0 0.66
      vertex 5.94 0 0
      vertex 126.06 0 0
    endloop
  endfacet
  facet normal -0.881922 -0.471396 0
    outer loop
      vertex 1.00107 2.63991 0
      vertex 0.452155 3.66686 0.66
      vertex 0.452155 3.66686 0
    endloop
  endfacet
  facet normal -0.881922 -0.471396 0
    outer loop
      vertex 0.452155 3.66686 0.66
      vertex 1.00107 2.63991 0
      vertex 1.00107 2.63991 0.66
    endloop
  endfacet
  facet normal 0.995196 0.097905 0
    outer loop
      vertex 132 90.42 0.66
      vertex 131.886 91.5788 0
      vertex 131.886 91.5788 0.66
    endloop
  endfacet
  facet normal 0.995196 0.097905 0
    outer loop
      vertex 131.886 91.5788 0
      vertex 132 90.42 0.66
      vertex 132 90.42 0
    endloop
  endfacet
  facet normal -0.0980165 -0.995185 0
    outer loop
      vertex 4.78116 0.114135 0
      vertex 5.94 0 0.66
      vertex 4.78116 0.114135 0.66
    endloop
  endfacet
  facet normal -0.0980165 -0.995185 -0
    outer loop
      vertex 5.94 0 0.66
      vertex 4.78116 0.114135 0
      vertex 5.94 0 0
    endloop
  endfacet
  facet normal -0.772999 0.634407 0
    outer loop
      vertex 1.00107 93.7201 0
      vertex 1.73979 94.6202 0.66
      vertex 1.73979 94.6202 0
    endloop
  endfacet
  facet normal -0.772999 0.634407 0
    outer loop
      vertex 1.73979 94.6202 0.66
      vertex 1.00107 93.7201 0
      vertex 1.00107 93.7201 0.66
    endloop
  endfacet
  facet normal 0.772888 -0.634542 0
    outer loop
      vertex 130.26 1.73979 0.66
      vertex 130.999 2.63991 0
      vertex 130.999 2.63991 0.66
    endloop
  endfacet
  facet normal 0.772888 -0.634542 0
    outer loop
      vertex 130.999 2.63991 0
      vertex 130.26 1.73979 0.66
      vertex 130.26 1.73979 0
    endloop
  endfacet
  facet normal 0.290357 -0.956918 0
    outer loop
      vertex 127.219 0.114135 0
      vertex 128.333 0.452155 0.66
      vertex 127.219 0.114135 0.66
    endloop
  endfacet
  facet normal 0.290357 -0.956918 0
    outer loop
      vertex 128.333 0.452155 0.66
      vertex 127.219 0.114135 0
      vertex 128.333 0.452155 0
    endloop
  endfacet
  facet normal 0.956945 0.29027 0
    outer loop
      vertex 131.886 91.5788 0.66
      vertex 131.548 92.6931 0
      vertex 131.548 92.6931 0.66
    endloop
  endfacet
  facet normal 0.956945 0.29027 0
    outer loop
      vertex 131.548 92.6931 0
      vertex 131.886 91.5788 0.66
      vertex 131.886 91.5788 0
    endloop
  endfacet
  facet normal 0.881891 -0.471453 0
    outer loop
      vertex 130.999 2.63991 0.66
      vertex 131.548 3.66686 0
      vertex 131.548 3.66686 0.66
    endloop
  endfacet
  facet normal 0.881891 -0.471453 0
    outer loop
      vertex 131.548 3.66686 0
      vertex 130.999 2.63991 0.66
      vertex 130.999 2.63991 0
    endloop
  endfacet
  facet normal -0.881931 0.471378 0
    outer loop
      vertex 0.452155 92.6931 0
      vertex 1.00107 93.7201 0.66
      vertex 1.00107 93.7201 0
    endloop
  endfacet
  facet normal -0.881931 0.471378 0
    outer loop
      vertex 1.00107 93.7201 0.66
      vertex 0.452155 92.6931 0
      vertex 0.452155 92.6931 0.66
    endloop
  endfacet
  facet normal -0.773006 -0.634399 0
    outer loop
      vertex 1.73979 1.73979 0
      vertex 1.00107 2.63991 0.66
      vertex 1.00107 2.63991 0
    endloop
  endfacet
  facet normal -0.773006 -0.634399 0
    outer loop
      vertex 1.00107 2.63991 0.66
      vertex 1.73979 1.73979 0
      vertex 1.73979 1.73979 0.66
    endloop
  endfacet
  facet normal 0.881901 0.471435 0
    outer loop
      vertex 131.548 92.6931 0.66
      vertex 130.999 93.7201 0
      vertex 130.999 93.7201 0.66
    endloop
  endfacet
  facet normal 0.881901 0.471435 0
    outer loop
      vertex 130.999 93.7201 0
      vertex 131.548 92.6931 0.66
      vertex 131.548 92.6931 0
    endloop
  endfacet
  facet normal -0.290348 0.956921 0
    outer loop
      vertex 4.78116 96.2459 0
      vertex 3.66686 95.9078 0.66
      vertex 4.78116 96.2459 0.66
    endloop
  endfacet
  facet normal -0.290348 0.956921 0
    outer loop
      vertex 3.66686 95.9078 0.66
      vertex 4.78116 96.2459 0
      vertex 3.66686 95.9078 0
    endloop
  endfacet
  facet normal -0.471396 -0.881922 0
    outer loop
      vertex 2.63991 1.00107 0
      vertex 3.66686 0.452155 0.66
      vertex 2.63991 1.00107 0.66
    endloop
  endfacet
  facet normal -0.471396 -0.881922 -0
    outer loop
      vertex 3.66686 0.452155 0.66
      vertex 2.63991 1.00107 0
      vertex 3.66686 0.452155 0
    endloop
  endfacet
  facet normal 0.471378 -0.881931 0
    outer loop
      vertex 128.333 0.452155 0
      vertex 129.36 1.00107 0.66
      vertex 128.333 0.452155 0.66
    endloop
  endfacet
  facet normal 0.471378 -0.881931 0
    outer loop
      vertex 129.36 1.00107 0.66
      vertex 128.333 0.452155 0
      vertex 129.36 1.00107 0
    endloop
  endfacet
  facet normal 0.29042 0.956899 -0
    outer loop
      vertex 128.333 95.9078 0
      vertex 127.219 96.2459 0.66
      vertex 128.333 95.9078 0.66
    endloop
  endfacet
  facet normal 0.29042 0.956899 0
    outer loop
      vertex 127.219 96.2459 0.66
      vertex 128.333 95.9078 0
      vertex 127.219 96.2459 0
    endloop
  endfacet
  facet normal 0.0979733 0.995189 -0
    outer loop
      vertex 127.219 96.2459 0
      vertex 126.06 96.36 0.66
      vertex 127.219 96.2459 0.66
    endloop
  endfacet
  facet normal 0.0979733 0.995189 0
    outer loop
      vertex 126.06 96.36 0.66
      vertex 127.219 96.2459 0
      vertex 126.06 96.36 0
    endloop
  endfacet
  facet normal -0.0979867 0.995188 0
    outer loop
      vertex 5.94 96.36 0
      vertex 4.78116 96.2459 0.66
      vertex 5.94 96.36 0.66
    endloop
  endfacet
  facet normal -0.0979867 0.995188 0
    outer loop
      vertex 4.78116 96.2459 0.66
      vertex 5.94 96.36 0
      vertex 4.78116 96.2459 0
    endloop
  endfacet
  facet normal -0.290285 -0.95694 0
    outer loop
      vertex 3.66686 0.452155 0
      vertex 4.78116 0.114135 0.66
      vertex 3.66686 0.452155 0.66
    endloop
  endfacet
  facet normal -0.290285 -0.95694 -0
    outer loop
      vertex 4.78116 0.114135 0.66
      vertex 3.66686 0.452155 0
      vertex 4.78116 0.114135 0
    endloop
  endfacet
  facet normal -0.95694 0.290285 0
    outer loop
      vertex 0.114135 91.5788 0
      vertex 0.452155 92.6931 0.66
      vertex 0.452155 92.6931 0
    endloop
  endfacet
  facet normal -0.95694 0.290285 0
    outer loop
      vertex 0.452155 92.6931 0.66
      vertex 0.114135 91.5788 0
      vertex 0.114135 91.5788 0.66
    endloop
  endfacet
  facet normal 0.772881 0.634551 0
    outer loop
      vertex 130.999 93.7201 0.66
      vertex 130.26 94.6202 0
      vertex 130.26 94.6202 0.66
    endloop
  endfacet
  facet normal 0.772881 0.634551 0
    outer loop
      vertex 130.26 94.6202 0
      vertex 130.999 93.7201 0.66
      vertex 130.999 93.7201 0
    endloop
  endfacet
  facet normal 0.634439 0.772973 -0
    outer loop
      vertex 130.26 94.6202 0
      vertex 129.36 95.3589 0.66
      vertex 130.26 94.6202 0.66
    endloop
  endfacet
  facet normal 0.634439 0.772973 0
    outer loop
      vertex 129.36 95.3589 0.66
      vertex 130.26 94.6202 0
      vertex 129.36 95.3589 0
    endloop
  endfacet
  facet normal 0.995196 -0.0979017 0
    outer loop
      vertex 131.886 4.78116 0.66
      vertex 132 5.94 0
      vertex 132 5.94 0.66
    endloop
  endfacet
  facet normal 0.995196 -0.0979017 0
    outer loop
      vertex 132 5.94 0
      vertex 131.886 4.78116 0.66
      vertex 131.886 4.78116 0
    endloop
  endfacet
  facet normal 0.956945 -0.29027 0
    outer loop
      vertex 131.548 3.66686 0.66
      vertex 131.886 4.78116 0
      vertex 131.886 4.78116 0.66
    endloop
  endfacet
  facet normal 0.956945 -0.29027 0
    outer loop
      vertex 131.886 4.78116 0
      vertex 131.548 3.66686 0.66
      vertex 131.548 3.66686 0
    endloop
  endfacet
  facet normal -1 0 0
    outer loop
      vertex 20.13 1.32 0
      vertex 20.13 3.96 0.66
      vertex 20.13 3.96 0
    endloop
  endfacet
  facet normal -1 -0 0
    outer loop
      vertex 20.13 3.96 0.66
      vertex 20.13 1.32 0
      vertex 20.13 1.32 0.66
    endloop
  endfacet
  facet normal 1 -0 0
    outer loop
      vertex 12.87 1.32 0.66
      vertex 12.87 3.96 0
      vertex 12.87 3.96 0.66
    endloop
  endfacet
  facet normal 1 0 0
    outer loop
      vertex 12.87 3.96 0
      vertex 12.87 1.32 0.66
      vertex 12.87 1.32 0
    endloop
  endfacet
  facet normal 0 1 -0
    outer loop
      vertex 20.13 1.32 0
      vertex 12.87 1.32 0.66
      vertex 20.13 1.32 0.66
    endloop
  endfacet
  facet normal 0 1 0
    outer loop
      vertex 12.87 1.32 0.66
      vertex 20.13 1.32 0
      vertex 12.87 1.32 0
    endloop
  endfacet
  facet normal -1 0 0
    outer loop
      vertex 119.13 1.32 0
      vertex 119.13 3.96 0.66
      vertex 119.13 3.96 0
    endloop
  endfacet
  facet normal -1 -0 0
    outer loop
      vertex 119.13 3.96 0.66
      vertex 119.13 1.32 0
      vertex 119.13 1.32 0.66
    endloop
  endfacet
  facet normal 1 -0 0
    outer loop
      vertex 111.87 1.32 0.66
      vertex 111.87 3.96 0
      vertex 111.87 3.96 0.66
    endloop
  endfacet
  facet normal 1 0 0
    outer loop
      vertex 111.87 3.96 0
      vertex 111.87 1.32 0.66
      vertex 111.87 1.32 0
    endloop
  endfacet
  facet normal 0 1 -0
    outer loop
      vertex 119.13 1.32 0
      vertex 111.87 1.32 0.66
      vertex 119.13 1.32 0.66
    endloop
  endfacet
  facet normal 0 1 0
    outer loop
      vertex 111.87 1.32 0.66
      vertex 119.13 1.32 0
      vertex 111.87 1.32 0
    endloop
  endfacet
  facet normal 0 1 -0
    outer loop
      vertex 1.98 8.25 0
      vertex 0 8.25 0.0164997
      vertex 1.98 8.25 0.0164997
    endloop
  endfacet
  facet normal 0 1 0
    outer loop
      vertex 0 8.25 0.0164997
      vertex 1.98 8.25 0
      vertex 0 8.25 0
    endloop
  endfacet
  facet normal 0 -1 0
    outer loop
      vertex 0 24.75 0
      vertex 1.98 24.75 0.0164997
      vertex 0 24.75 0.0164997
    endloop
  endfacet
  facet normal 0 -1 -0
    outer loop
      vertex 1.98 24.75 0.0164997
      vertex 0 24.75 0
      vertex 1.98 24.75 0
    endloop
  endfacet
  facet normal 0 0.707107 -0.707107
    outer loop
      vertex 0 8.25 0.0164997
      vertex 1.34186 8.8935 0.66
      vertex 1.98 8.25 0.0164997
    endloop
  endfacet
  facet normal 0 0.707107 -0.707107
    outer loop
      vertex 1.34186 8.8935 0.66
      vertex 0 8.25 0.0164997
      vertex 0 8.8935 0.66
    endloop
  endfacet
  facet normal -1 0 0
    outer loop
      vertex 1.98 8.25 0
      vertex 1.98 24.75 0.0164997
      vertex 1.98 24.75 0
    endloop
  endfacet
  facet normal -1 -0 0
    outer loop
      vertex 1.98 24.75 0.0164997
      vertex 1.98 8.25 0
      vertex 1.98 8.25 0.0164997
    endloop
  endfacet
  facet normal 0 -0.707107 -0.707107
    outer loop
      vertex 0 24.75 0.0164997
      vertex 1.34186 24.1065 0.66
      vertex 0 24.1065 0.66
    endloop
  endfacet
  facet normal 0 -0.707107 -0.707107
    outer loop
      vertex 1.34186 24.1065 0.66
      vertex 0 24.75 0.0164997
      vertex 1.98 24.75 0.0164997
    endloop
  endfacet
  facet normal -0.710058 0 -0.704143
    outer loop
      vertex 1.98 24.75 0.0164997
      vertex 1.34186 8.8935 0.66
      vertex 1.34186 24.1065 0.66
    endloop
  endfacet
  facet normal -0.710058 0 -0.704143
    outer loop
      vertex 1.34186 8.8935 0.66
      vertex 1.98 24.75 0.0164997
      vertex 1.98 8.25 0.0164997
    endloop
  endfacet
  facet normal 0.710135 0 -0.704065
    outer loop
      vertex 130.658 8.8935 0.66
      vertex 130.02 24.75 0.0164997
      vertex 130.658 24.1065 0.66
    endloop
  endfacet
  facet normal 0.710135 0 -0.704065
    outer loop
      vertex 130.02 24.75 0.0164997
      vertex 130.658 8.8935 0.66
      vertex 130.02 8.25 0.0164997
    endloop
  endfacet
  facet normal 0 1 -0
    outer loop
      vertex 132 8.25 0
      vertex 130.02 8.25 0.0164997
      vertex 132 8.25 0.0164997
    endloop
  endfacet
  facet normal 0 1 0
    outer loop
      vertex 130.02 8.25 0.0164997
      vertex 132 8.25 0
      vertex 130.02 8.25 0
    endloop
  endfacet
  facet normal -0 -0.707107 -0.707107
    outer loop
      vertex 132 24.75 0.0164997
      vertex 130.658 24.1065 0.66
      vertex 130.02 24.75 0.0164997
    endloop
  endfacet
  facet normal 0 -0.707107 -0.707107
    outer loop
      vertex 130.658 24.1065 0.66
      vertex 132 24.75 0.0164997
      vertex 132 24.1065 0.66
    endloop
  endfacet
  facet normal 0 -1 0
    outer loop
      vertex 130.02 24.75 0
      vertex 132 24.75 0.0164997
      vertex 130.02 24.75 0.0164997
    endloop
  endfacet
  facet normal 0 -1 -0
    outer loop
      vertex 132 24.75 0.0164997
      vertex 130.02 24.75 0
      vertex 132 24.75 0
    endloop
  endfacet
  facet normal 0 0.707107 -0.707107
    outer loop
      vertex 132 8.25 0.0164997
      vertex 130.658 8.8935 0.66
      vertex 132 8.8935 0.66
    endloop
  endfacet
  facet normal 0 0.707107 -0.707107
    outer loop
      vertex 130.658 8.8935 0.66
      vertex 132 8.25 0.0164997
      vertex 130.02 8.25 0.0164997
    endloop
  endfacet
  facet normal 1 -0 0
    outer loop
      vertex 130.02 8.25 0.0164997
      vertex 130.02 24.75 0
      vertex 130.02 24.75 0.0164997
    endloop
  endfacet
  facet normal 1 0 0
    outer loop
      vertex 130.02 24.75 0
      vertex 130.02 8.25 0.0164997
      vertex 130.02 8.25 0
    endloop
  endfacet
  facet normal -1 0 0
    outer loop
      vertex 13.035 98.0017 -3.63
      vertex 13.035 98.0182 -3.62964
      vertex 13.035 98.0182 -3.63
    endloop
  endfacet
  facet normal -1 0 0
    outer loop
      vertex 13.035 98.0182 -3.62964
      vertex 13.035 98.01 -2.31
      vertex 13.035 98.0182 -2.30964
    endloop
  endfacet
  facet normal -1 -0 0
    outer loop
      vertex 13.035 98.0182 -2.30964
      vertex 13.035 98.01 -2.31
      vertex 13.035 98.0182 -2.30919
    endloop
  endfacet
  facet normal -1 -0 0
    outer loop
      vertex 13.035 98.0182 -3.62964
      vertex 13.035 98.0017 -3.63
      vertex 13.035 98.0015 -3.62963
    endloop
  endfacet
  facet normal -1 0 0
    outer loop
      vertex 13.035 98.0182 -3.62964
      vertex 13.035 98.0015 -3.62963
      vertex 13.035 98.01 -2.31
    endloop
  endfacet
  facet normal -1 0 0
    outer loop
      vertex 13.035 97.8374 -3.62246
      vertex 13.035 98.01 -2.31
      vertex 13.035 98.0015 -3.62963
    endloop
  endfacet
  facet normal -1 0 0
    outer loop
      vertex 13.035 97.6662 -3.59992
      vertex 13.035 98.01 -2.31
      vertex 13.035 97.8374 -3.62246
    endloop
  endfacet
  facet normal -1 -0 0
    outer loop
      vertex 13.035 98.01 -2.31
      vertex 13.035 97.6662 -3.59992
      vertex 13.035 97.7525 -2.28464
    endloop
  endfacet
  facet normal -1 0 0
    outer loop
      vertex 13.035 97.4136 -3.54968
      vertex 13.035 97.7525 -2.28464
      vertex 13.035 97.6662 -3.59992
    endloop
  endfacet
  facet normal -1 0 0
    outer loop
      vertex 13.035 97.245 -3.51229
      vertex 13.035 97.7525 -2.28464
      vertex 13.035 97.4136 -3.54968
    endloop
  endfacet
  facet normal -1 -0 0
    outer loop
      vertex 13.035 97.7525 -2.28464
      vertex 13.035 97.245 -3.51229
      vertex 13.035 97.5049 -2.20952
    endloop
  endfacet
  facet normal -1 0 0
    outer loop
      vertex 13.035 97.0802 -3.46035
      vertex 13.035 97.5049 -2.20952
      vertex 13.035 97.245 -3.51229
    endloop
  endfacet
  facet normal -1 0 0
    outer loop
      vertex 13.035 96.9206 -3.39425
      vertex 13.035 97.5049 -2.20952
      vertex 13.035 97.0802 -3.46035
    endloop
  endfacet
  facet normal -1 0 0
    outer loop
      vertex 13.035 96.7674 -3.31449
      vertex 13.035 97.5049 -2.20952
      vertex 13.035 96.9206 -3.39425
    endloop
  endfacet
  facet normal -1 -0 0
    outer loop
      vertex 13.035 97.5049 -2.20952
      vertex 13.035 96.7674 -3.31449
      vertex 13.035 97.2766 -2.08754
    endloop
  endfacet
  facet normal -1 0 0
    outer loop
      vertex 13.035 96.6217 -3.22168
      vertex 13.035 97.2766 -2.08754
      vertex 13.035 96.7674 -3.31449
    endloop
  endfacet
  facet normal -1 0 0
    outer loop
      vertex 13.035 96.4076 -3.07861
      vertex 13.035 97.2766 -2.08754
      vertex 13.035 96.6217 -3.22168
    endloop
  endfacet
  facet normal -1 -0 0
    outer loop
      vertex 13.035 97.2766 -2.08754
      vertex 13.035 96.4076 -3.07861
      vertex 13.035 97.0766 -1.92338
    endloop
  endfacet
  facet normal -1 0 0
    outer loop
      vertex 13.035 96.2706 -2.97345
      vertex 13.035 97.0766 -1.92338
      vertex 13.035 96.4076 -3.07861
    endloop
  endfacet
  facet normal -1 0 0
    outer loop
      vertex 13.035 96.1432 -2.85676
      vertex 13.035 97.0766 -1.92338
      vertex 13.035 96.2706 -2.97345
    endloop
  endfacet
  facet normal -1 -0 0
    outer loop
      vertex 13.035 97.0766 -1.92338
      vertex 13.035 96.1432 -2.85676
      vertex 13.035 97.0306 -1.87317
    endloop
  endfacet
  facet normal -1 0 0
    outer loop
      vertex 13.035 96.0265 -2.72941
      vertex 13.035 97.0306 -1.87317
      vertex 13.035 96.1432 -2.85676
    endloop
  endfacet
  facet normal -1 -0 0
    outer loop
      vertex 13.035 97.0306 -1.87317
      vertex 13.035 96.0265 -2.72941
      vertex 13.035 96.9599 -1.79603
    endloop
  endfacet
  facet normal -1 0 0
    outer loop
      vertex 13.035 95.9214 -2.59237
      vertex 13.035 96.9599 -1.79603
      vertex 13.035 96.0265 -2.72941
    endloop
  endfacet
  facet normal -1 -0 0
    outer loop
      vertex 13.035 96.9599 -1.79603
      vertex 13.035 95.9214 -2.59237
      vertex 13.035 96.9003 -1.7183
    endloop
  endfacet
  facet normal -1 0 0
    outer loop
      vertex 13.035 95.7783 -2.37825
      vertex 13.035 96.9003 -1.7183
      vertex 13.035 95.9214 -2.59237
    endloop
  endfacet
  facet normal -1 -0 0
    outer loop
      vertex 13.035 96.9003 -1.7183
      vertex 13.035 95.7783 -2.37825
      vertex 13.035 96.8253 -1.57421
    endloop
  endfacet
  facet normal -1 0 0
    outer loop
      vertex 13.035 95.6855 -2.23257
      vertex 13.035 96.8253 -1.57421
      vertex 13.035 95.7783 -2.37825
    endloop
  endfacet
  facet normal -1 0 0
    outer loop
      vertex 13.035 99.8925 -2.75934
      vertex 13.035 99.8925 -2.25419
      vertex 13.035 99.9427 -2.50676
    endloop
  endfacet
  facet normal -1 0 0
    outer loop
      vertex 13.035 99.7494 -2.97345
      vertex 13.035 99.8925 -2.25419
      vertex 13.035 99.8925 -2.75934
    endloop
  endfacet
  facet normal -1 0 0
    outer loop
      vertex 13.035 99.7494 -2.97345
      vertex 13.035 99.7494 -2.04008
      vertex 13.035 99.8925 -2.25419
    endloop
  endfacet
  facet normal -1 0 0
    outer loop
      vertex 13.035 99.6124 -3.07861
      vertex 13.035 99.7494 -2.04008
      vertex 13.035 99.7494 -2.97345
    endloop
  endfacet
  facet normal -1 0 0
    outer loop
      vertex 13.035 99.6124 -3.07861
      vertex 13.035 99.5353 -1.89701
      vertex 13.035 99.7494 -2.04008
    endloop
  endfacet
  facet normal -1 0 0
    outer loop
      vertex 13.035 98.7383 -2.09972
      vertex 13.035 99.6124 -3.07861
      vertex 13.035 99.3982 -3.22168
    endloop
  endfacet
  facet normal -1 0 0
    outer loop
      vertex 13.035 99.6124 -3.07861
      vertex 13.035 98.816 -2.04008
      vertex 13.035 99.5353 -1.89701
    endloop
  endfacet
  facet normal -1 0 0
    outer loop
      vertex 13.035 98.7383 -2.09972
      vertex 13.035 99.3982 -3.22168
      vertex 13.035 99.2526 -3.31449
    endloop
  endfacet
  facet normal -1 0 0
    outer loop
      vertex 13.035 98.5942 -2.17472
      vertex 13.035 99.2526 -3.31449
      vertex 13.035 99.0993 -3.39425
    endloop
  endfacet
  facet normal -1 -0 0
    outer loop
      vertex 13.035 99.5353 -1.89701
      vertex 13.035 98.816 -2.04008
      vertex 13.035 99.2827 -1.84676
    endloop
  endfacet
  facet normal -1 0 0
    outer loop
      vertex 13.035 98.5151 -2.20952
      vertex 13.035 99.0993 -3.39425
      vertex 13.035 98.9398 -3.46035
    endloop
  endfacet
  facet normal -1 0 0
    outer loop
      vertex 13.035 99.2827 -1.84676
      vertex 13.035 98.816 -2.04008
      vertex 13.035 99.0301 -1.89701
    endloop
  endfacet
  facet normal -1 0 0
    outer loop
      vertex 13.035 98.4346 -2.24083
      vertex 13.035 98.9398 -3.46035
      vertex 13.035 98.775 -3.51229
    endloop
  endfacet
  facet normal -1 0 0
    outer loop
      vertex 13.035 99.6124 -3.07861
      vertex 13.035 98.7383 -2.09972
      vertex 13.035 98.816 -2.04008
    endloop
  endfacet
  facet normal -1 0 0
    outer loop
      vertex 13.035 98.4346 -2.24083
      vertex 13.035 98.775 -3.51229
      vertex 13.035 98.6064 -3.54968
    endloop
  endfacet
  facet normal -1 0 0
    outer loop
      vertex 13.035 99.2526 -3.31449
      vertex 13.035 98.5942 -2.17472
      vertex 13.035 98.7383 -2.09972
    endloop
  endfacet
  facet normal -1 0 0
    outer loop
      vertex 13.035 99.0993 -3.39425
      vertex 13.035 98.5151 -2.20952
      vertex 13.035 98.5942 -2.17472
    endloop
  endfacet
  facet normal -1 0 0
    outer loop
      vertex 13.035 98.5942 -2.17472
      vertex 13.035 98.5151 -2.20952
      vertex 13.035 98.5321 -2.20044
    endloop
  endfacet
  facet normal -1 0 0
    outer loop
      vertex 13.035 98.9398 -3.46035
      vertex 13.035 98.4346 -2.24083
      vertex 13.035 98.5151 -2.20952
    endloop
  endfacet
  facet normal -1 0 0
    outer loop
      vertex 13.035 98.5151 -2.20952
      vertex 13.035 98.4346 -2.24083
      vertex 13.035 98.4967 -2.21511
    endloop
  endfacet
  facet normal -1 0 0
    outer loop
      vertex 13.035 98.2797 -2.28968
      vertex 13.035 98.6064 -3.54968
      vertex 13.035 98.3538 -3.59992
    endloop
  endfacet
  facet normal -1 0 0
    outer loop
      vertex 13.035 98.6064 -3.54968
      vertex 13.035 98.2797 -2.28968
      vertex 13.035 98.4346 -2.24083
    endloop
  endfacet
  facet normal -1 0 0
    outer loop
      vertex 13.035 98.1826 -2.30246
      vertex 13.035 98.3538 -3.59992
      vertex 13.035 98.1826 -3.62246
    endloop
  endfacet
  facet normal -1 0 0
    outer loop
      vertex 13.035 98.3538 -3.59992
      vertex 13.035 98.1826 -2.30246
      vertex 13.035 98.2797 -2.28968
    endloop
  endfacet
  facet normal -1 0 0
    outer loop
      vertex 13.035 98.0182 -2.30964
      vertex 13.035 98.1826 -3.62246
      vertex 13.035 98.0182 -3.62964
    endloop
  endfacet
  facet normal -1 0 0
    outer loop
      vertex 13.035 98.1826 -3.62246
      vertex 13.035 98.0182 -2.30964
      vertex 13.035 98.1826 -2.30246
    endloop
  endfacet
  facet normal -1 0 0
    outer loop
      vertex 13.035 97.0766 -1.92338
      vertex 13.035 97.0306 -1.87317
      vertex 13.035 97.0207 -1.85526
    endloop
  endfacet
  facet normal -1 0 0
    outer loop
      vertex 13.035 96.7526 -1.37018
      vertex 13.035 96.7353 -1.33896
      vertex 13.035 96.7154 -1.24752
    endloop
  endfacet
  facet normal -1 0 0
    outer loop
      vertex 13.035 98.0182 0.329187
      vertex 13.035 98.01 0.33
      vertex 13.035 98.0182 0.32964
    endloop
  endfacet
  facet normal -1 0 0
    outer loop
      vertex 13.035 100.48 -0.565375
      vertex 13.035 100.48 -0.0602335
      vertex 13.035 100.531 -0.312804
    endloop
  endfacet
  facet normal -1 0 0
    outer loop
      vertex 13.035 99.2608 -0.565375
      vertex 13.035 100.48 -0.0602335
      vertex 13.035 100.48 -0.565375
    endloop
  endfacet
  facet normal -1 0 0
    outer loop
      vertex 13.035 99.2608 -0.565375
      vertex 13.035 100.48 -0.565375
      vertex 13.035 100.337 -0.779495
    endloop
  endfacet
  facet normal -1 0 0
    outer loop
      vertex 13.035 99.2295 -0.484858
      vertex 13.035 100.48 -0.0602335
      vertex 13.035 99.2608 -0.565375
    endloop
  endfacet
  facet normal -1 0 0
    outer loop
      vertex 13.035 99.1947 -0.405788
      vertex 13.035 100.414 0.0993535
      vertex 13.035 99.2295 -0.484858
    endloop
  endfacet
  facet normal -1 0 0
    outer loop
      vertex 13.035 99.2608 -0.565375
      vertex 13.035 100.337 -0.779495
      vertex 13.035 100.123 -0.922561
    endloop
  endfacet
  facet normal -1 -0 0
    outer loop
      vertex 13.035 100.414 0.0993535
      vertex 13.035 99.1947 -0.405788
      vertex 13.035 100.334 0.252571
    endloop
  endfacet
  facet normal -1 -0 0
    outer loop
      vertex 13.035 100.334 0.252571
      vertex 13.035 99.1947 -0.405788
      vertex 13.035 100.242 0.39825
    endloop
  endfacet
  facet normal -1 0 0
    outer loop
      vertex 13.035 99.2608 -0.565375
      vertex 13.035 100.123 -0.922561
      vertex 13.035 99.8706 -0.972804
    endloop
  endfacet
  facet normal -1 0 0
    outer loop
      vertex 13.035 99.2608 -0.565375
      vertex 13.035 99.8706 -0.972804
      vertex 13.035 99.618 -0.922561
    endloop
  endfacet
  facet normal -1 0 0
    outer loop
      vertex 13.035 99.2608 -0.565375
      vertex 13.035 99.618 -0.922561
      vertex 13.035 99.4039 -0.779495
    endloop
  endfacet
  facet normal -1 -0 0
    outer loop
      vertex 13.035 100.48 -0.0602335
      vertex 13.035 99.2295 -0.484858
      vertex 13.035 100.414 0.0993535
    endloop
  endfacet
  facet normal -1 0 0
    outer loop
      vertex 13.035 99.2295 -0.484858
      vertex 13.035 99.2608 -0.565375
      vertex 13.035 99.2351 -0.503294
    endloop
  endfacet
  facet normal -1 0 0
    outer loop
      vertex 13.035 99.1197 -0.261705
      vertex 13.035 100.242 0.39825
      vertex 13.035 99.1947 -0.405788
    endloop
  endfacet
  facet normal -1 0 0
    outer loop
      vertex 13.035 99.1947 -0.405788
      vertex 13.035 99.2295 -0.484858
      vertex 13.035 99.2204 -0.467864
    endloop
  endfacet
  facet normal -1 -0 0
    outer loop
      vertex 13.035 100.242 0.39825
      vertex 13.035 99.1197 -0.261705
      vertex 13.035 100.099 0.61237
    endloop
  endfacet
  facet normal -1 0 0
    outer loop
      vertex 13.035 99.0601 -0.183973
      vertex 13.035 100.099 0.61237
      vertex 13.035 99.1197 -0.261705
    endloop
  endfacet
  facet normal -1 -0 0
    outer loop
      vertex 13.035 100.099 0.61237
      vertex 13.035 99.0601 -0.183973
      vertex 13.035 100.062 0.66
    endloop
  endfacet
  facet normal -1 0 0
    outer loop
      vertex 13.035 98.9435 -0.0567009
      vertex 13.035 100.062 0.66
      vertex 13.035 99.0601 -0.183973
    endloop
  endfacet
  facet normal -1 0 0
    outer loop
      vertex 13.035 98.9434 -0.056619
      vertex 13.035 100.062 0.66
      vertex 13.035 98.9435 -0.0567009
    endloop
  endfacet
  facet normal -1 0 0
    outer loop
      vertex 13.035 98.9433 -0.0565517
      vertex 13.035 100.062 0.66
      vertex 13.035 98.9434 -0.056619
    endloop
  endfacet
  facet normal -1 0 0
    outer loop
      vertex 13.035 98.816 0.0600774
      vertex 13.035 100.062 0.66
      vertex 13.035 98.9433 -0.0565517
    endloop
  endfacet
  facet normal -1 0 0
    outer loop
      vertex 13.035 98.7383 0.119722
      vertex 13.035 100.062 0.66
      vertex 13.035 98.816 0.0600774
    endloop
  endfacet
  facet normal -1 0 0
    outer loop
      vertex 13.035 98.5942 0.194724
      vertex 13.035 100.062 0.66
      vertex 13.035 98.7383 0.119722
    endloop
  endfacet
  facet normal -1 0 0
    outer loop
      vertex 13.035 98.5151 0.229521
      vertex 13.035 98.5942 0.194724
      vertex 13.035 98.5321 0.220437
    endloop
  endfacet
  facet normal -1 0 0
    outer loop
      vertex 13.035 98.5942 0.194724
      vertex 13.035 98.5151 0.229521
      vertex 13.035 100.062 0.66
    endloop
  endfacet
  facet normal -1 0 0
    outer loop
      vertex 13.035 98.4346 0.260829
      vertex 13.035 98.5151 0.229521
      vertex 13.035 98.4967 0.235113
    endloop
  endfacet
  facet normal -1 0 0
    outer loop
      vertex 13.035 98.5151 0.229521
      vertex 13.035 98.4346 0.260829
      vertex 13.035 100.062 0.66
    endloop
  endfacet
  facet normal -1 0 0
    outer loop
      vertex 13.035 98.2797 0.309677
      vertex 13.035 100.062 0.66
      vertex 13.035 98.4346 0.260829
    endloop
  endfacet
  facet normal -1 0 0
    outer loop
      vertex 13.035 98.1826 0.322462
      vertex 13.035 100.062 0.66
      vertex 13.035 98.2797 0.309677
    endloop
  endfacet
  facet normal -1 0 0
    outer loop
      vertex 13.035 98.0182 0.32964
      vertex 13.035 100.062 0.66
      vertex 13.035 98.1826 0.322462
    endloop
  endfacet
  facet normal -1 0 0
    outer loop
      vertex 13.035 98.01 0.33
      vertex 13.035 100.062 0.66
      vertex 13.035 98.0182 0.32964
    endloop
  endfacet
  facet normal -1 0 0
    outer loop
      vertex 13.035 96.36 0.66
      vertex 13.035 98.01 0.33
      vertex 13.035 97.7525 0.304636
    endloop
  endfacet
  facet normal -1 0 0
    outer loop
      vertex 13.035 95.6058 -2.07935
      vertex 13.035 96.8253 -1.57421
      vertex 13.035 95.6855 -2.23257
    endloop
  endfacet
  facet normal -1 0 -0
    outer loop
      vertex 13.035 96.7905 -1.49514
      vertex 13.035 96.8253 -1.57421
      vertex 13.035 95.6058 -2.07935
    endloop
  endfacet
  facet normal -1 0 0
    outer loop
      vertex 13.035 96.8253 -1.57421
      vertex 13.035 96.7905 -1.49514
      vertex 13.035 96.7996 -1.51213
    endloop
  endfacet
  facet normal -1 0 0
    outer loop
      vertex 13.035 96.36 0
      vertex 13.035 96.7905 -0.484858
      vertex 13.035 96.7154 -0.732481
    endloop
  endfacet
  facet normal -1 0 0
    outer loop
      vertex 13.035 96.36 0
      vertex 13.035 96.9125 -0.256647
      vertex 13.035 96.7905 -0.484858
    endloop
  endfacet
  facet normal -1 0 0
    outer loop
      vertex 13.035 96.36 0
      vertex 13.035 97.0766 -0.056619
      vertex 13.035 96.9125 -0.256647
    endloop
  endfacet
  facet normal -1 0 0
    outer loop
      vertex 13.035 96.36 0.66
      vertex 13.035 97.0766 -0.056619
      vertex 13.035 96.36 0
    endloop
  endfacet
  facet normal -1 0 0
    outer loop
      vertex 13.035 97.0766 -0.056619
      vertex 13.035 96.36 0.66
      vertex 13.035 97.2766 0.10754
    endloop
  endfacet
  facet normal -1 0 0
    outer loop
      vertex 13.035 97.2766 0.10754
      vertex 13.035 96.36 0.66
      vertex 13.035 97.5049 0.229521
    endloop
  endfacet
  facet normal -1 0 0
    outer loop
      vertex 13.035 98.01 0.33
      vertex 13.035 96.36 0.66
      vertex 13.035 100.062 0.66
    endloop
  endfacet
  facet normal -1 0 0
    outer loop
      vertex 13.035 97.5049 0.229521
      vertex 13.035 96.36 0.66
      vertex 13.035 97.7525 0.304636
    endloop
  endfacet
  facet normal -1 0 0
    outer loop
      vertex 13.035 95.5396 -1.91977
      vertex 13.035 96.7905 -1.49514
      vertex 13.035 95.6058 -2.07935
    endloop
  endfacet
  facet normal -1 0 -0
    outer loop
      vertex 13.035 96.7592 -1.41463
      vertex 13.035 96.7905 -1.49514
      vertex 13.035 95.5396 -1.91977
    endloop
  endfacet
  facet normal -1 0 0
    outer loop
      vertex 13.035 96.7905 -1.49514
      vertex 13.035 96.7592 -1.41463
      vertex 13.035 96.7849 -1.47671
    endloop
  endfacet
  facet normal -1 0 0
    outer loop
      vertex 13.035 95.4877 -1.75503
      vertex 13.035 96.7592 -1.41463
      vertex 13.035 95.5396 -1.91977
    endloop
  endfacet
  facet normal -1 -0 0
    outer loop
      vertex 13.035 96.7592 -1.41463
      vertex 13.035 95.4877 -1.75503
      vertex 13.035 96.7353 -1.33896
    endloop
  endfacet
  facet normal -1 0 0
    outer loop
      vertex 13.035 95.4503 -1.58639
      vertex 13.035 96.7353 -1.33896
      vertex 13.035 95.4877 -1.75503
    endloop
  endfacet
  facet normal -1 -0 0
    outer loop
      vertex 13.035 96.7353 -1.33896
      vertex 13.035 95.4503 -1.58639
      vertex 13.035 96.7154 -1.24752
    endloop
  endfacet
  facet normal -1 0 0
    outer loop
      vertex 13.035 95.4001 -1.33382
      vertex 13.035 96.7154 -1.24752
      vertex 13.035 95.4503 -1.58639
    endloop
  endfacet
  facet normal -1 -0 0
    outer loop
      vertex 13.035 96.7154 -1.24752
      vertex 13.035 95.4001 -1.33382
      vertex 13.035 96.69 -0.99
    endloop
  endfacet
  facet normal -1 0 0
    outer loop
      vertex 13.035 95.37 -0.99
      vertex 13.035 96.69 -0.99
      vertex 13.035 95.3775 -1.16257
    endloop
  endfacet
  facet normal -1 0 0
    outer loop
      vertex 13.035 95.3775 -1.16257
      vertex 13.035 96.69 -0.99
      vertex 13.035 95.4001 -1.33382
    endloop
  endfacet
  facet normal -1 0 -0
    outer loop
      vertex 13.035 95.4877 -0.224972
      vertex 13.035 96.36 0
      vertex 13.035 95.4503 -0.393607
    endloop
  endfacet
  facet normal -1 0 -0
    outer loop
      vertex 13.035 95.5396 -0.0602335
      vertex 13.035 96.36 0
      vertex 13.035 95.4877 -0.224972
    endloop
  endfacet
  facet normal -1 -0 0
    outer loop
      vertex 13.035 96.36 0
      vertex 13.035 95.5396 -0.0602335
      vertex 13.035 95.5646 0
    endloop
  endfacet
  facet normal -1 0 -0
    outer loop
      vertex 13.035 95.3775 -0.817432
      vertex 13.035 96.69 -0.99
      vertex 13.035 95.37 -0.99
    endloop
  endfacet
  facet normal -1 0 0
    outer loop
      vertex 13.035 96.7154 -0.732481
      vertex 13.035 95.4503 -0.393607
      vertex 13.035 96.36 0
    endloop
  endfacet
  facet normal -1 0 -0
    outer loop
      vertex 13.035 95.4001 -0.646178
      vertex 13.035 96.69 -0.99
      vertex 13.035 95.3775 -0.817432
    endloop
  endfacet
  facet normal -1 0 -0
    outer loop
      vertex 13.035 95.4503 -0.393607
      vertex 13.035 96.7154 -0.732481
      vertex 13.035 95.4001 -0.646178
    endloop
  endfacet
  facet normal -1 0 0
    outer loop
      vertex 13.035 96.69 -0.99
      vertex 13.035 95.4001 -0.646178
      vertex 13.035 96.7154 -0.732481
    endloop
  endfacet
  facet normal 1 0 0
    outer loop
      vertex 19.965 96.7526 -1.37018
      vertex 19.965 96.7154 -1.24752
      vertex 19.965 96.7353 -1.33896
    endloop
  endfacet
  facet normal 1 0 0
    outer loop
      vertex 19.965 97.0766 -1.92338
      vertex 19.965 97.0207 -1.85526
      vertex 19.965 97.0306 -1.87317
    endloop
  endfacet
  facet normal 1 0 0
    outer loop
      vertex 19.965 98.01 -2.31
      vertex 19.965 98.0182 -2.30964
      vertex 19.965 98.0182 -2.30919
    endloop
  endfacet
  facet normal 1 0 0
    outer loop
      vertex 19.965 98.0182 -2.30964
      vertex 19.965 98.01 -2.31
      vertex 19.965 98.0182 -3.62964
    endloop
  endfacet
  facet normal 1 -0 0
    outer loop
      vertex 19.965 98.0015 -3.62963
      vertex 19.965 98.0182 -3.62964
      vertex 19.965 98.01 -2.31
    endloop
  endfacet
  facet normal 1 0 -0
    outer loop
      vertex 19.965 98.0017 -3.63
      vertex 19.965 98.0182 -3.62964
      vertex 19.965 98.0015 -3.62963
    endloop
  endfacet
  facet normal 1 0 0
    outer loop
      vertex 19.965 98.0182 -3.62964
      vertex 19.965 98.0017 -3.63
      vertex 19.965 98.0182 -3.63
    endloop
  endfacet
  facet normal 1 0 0
    outer loop
      vertex 19.965 98.01 -2.31
      vertex 19.965 97.8374 -3.62246
      vertex 19.965 98.0015 -3.62963
    endloop
  endfacet
  facet normal 1 0 0
    outer loop
      vertex 19.965 97.6662 -3.59992
      vertex 19.965 98.01 -2.31
      vertex 19.965 97.7525 -2.28464
    endloop
  endfacet
  facet normal 1 0 0
    outer loop
      vertex 19.965 98.01 -2.31
      vertex 19.965 97.6662 -3.59992
      vertex 19.965 97.8374 -3.62246
    endloop
  endfacet
  facet normal 1 0 0
    outer loop
      vertex 19.965 97.245 -3.51229
      vertex 19.965 97.7525 -2.28464
      vertex 19.965 97.5049 -2.20952
    endloop
  endfacet
  facet normal 1 0 0
    outer loop
      vertex 19.965 97.7525 -2.28464
      vertex 19.965 97.4136 -3.54968
      vertex 19.965 97.6662 -3.59992
    endloop
  endfacet
  facet normal 1 0 0
    outer loop
      vertex 19.965 96.7674 -3.31449
      vertex 19.965 97.5049 -2.20952
      vertex 19.965 97.2766 -2.08754
    endloop
  endfacet
  facet normal 1 0 0
    outer loop
      vertex 19.965 97.7525 -2.28464
      vertex 19.965 97.245 -3.51229
      vertex 19.965 97.4136 -3.54968
    endloop
  endfacet
  facet normal 1 0 0
    outer loop
      vertex 19.965 97.5049 -2.20952
      vertex 19.965 97.0802 -3.46035
      vertex 19.965 97.245 -3.51229
    endloop
  endfacet
  facet normal 1 0 0
    outer loop
      vertex 19.965 96.4076 -3.07861
      vertex 19.965 97.2766 -2.08754
      vertex 19.965 97.0766 -1.92338
    endloop
  endfacet
  facet normal 1 0 0
    outer loop
      vertex 19.965 96.1432 -2.85676
      vertex 19.965 97.0766 -1.92338
      vertex 19.965 97.0306 -1.87317
    endloop
  endfacet
  facet normal 1 0 0
    outer loop
      vertex 19.965 96.0265 -2.72941
      vertex 19.965 97.0306 -1.87317
      vertex 19.965 96.9599 -1.79603
    endloop
  endfacet
  facet normal 1 0 0
    outer loop
      vertex 19.965 97.5049 -2.20952
      vertex 19.965 96.9206 -3.39425
      vertex 19.965 97.0802 -3.46035
    endloop
  endfacet
  facet normal 1 0 0
    outer loop
      vertex 19.965 95.9214 -2.59237
      vertex 19.965 96.9599 -1.79603
      vertex 19.965 96.9003 -1.7183
    endloop
  endfacet
  facet normal 1 0 0
    outer loop
      vertex 19.965 95.7783 -2.37825
      vertex 19.965 96.9003 -1.7183
      vertex 19.965 96.8253 -1.57421
    endloop
  endfacet
  facet normal 1 0 0
    outer loop
      vertex 19.965 96.7905 -1.49514
      vertex 19.965 96.8253 -1.57421
      vertex 19.965 96.7996 -1.51213
    endloop
  endfacet
  facet normal 1 0 0
    outer loop
      vertex 19.965 96.8253 -1.57421
      vertex 19.965 96.7905 -1.49514
      vertex 19.965 95.6058 -2.07935
    endloop
  endfacet
  facet normal 1 0 0
    outer loop
      vertex 19.965 96.7592 -1.41463
      vertex 19.965 96.7905 -1.49514
      vertex 19.965 96.7849 -1.47671
    endloop
  endfacet
  facet normal 1 0 0
    outer loop
      vertex 19.965 97.5049 -2.20952
      vertex 19.965 96.7674 -3.31449
      vertex 19.965 96.9206 -3.39425
    endloop
  endfacet
  facet normal 1 0 0
    outer loop
      vertex 19.965 96.7905 -1.49514
      vertex 19.965 96.7592 -1.41463
      vertex 19.965 95.5396 -1.91977
    endloop
  endfacet
  facet normal 1 0 0
    outer loop
      vertex 19.965 95.4877 -1.75503
      vertex 19.965 96.7592 -1.41463
      vertex 19.965 96.7353 -1.33896
    endloop
  endfacet
  facet normal 1 0 0
    outer loop
      vertex 19.965 95.4503 -1.58639
      vertex 19.965 96.7353 -1.33896
      vertex 19.965 96.7154 -1.24752
    endloop
  endfacet
  facet normal 1 0 0
    outer loop
      vertex 19.965 95.4001 -1.33382
      vertex 19.965 96.7154 -1.24752
      vertex 19.965 96.69 -0.99
    endloop
  endfacet
  facet normal 1 0 0
    outer loop
      vertex 19.965 97.2766 -2.08754
      vertex 19.965 96.6217 -3.22168
      vertex 19.965 96.7674 -3.31449
    endloop
  endfacet
  facet normal 1 0 0
    outer loop
      vertex 19.965 99.8925 -2.25419
      vertex 19.965 99.8925 -2.75934
      vertex 19.965 99.9427 -2.50676
    endloop
  endfacet
  facet normal 1 0 0
    outer loop
      vertex 19.965 99.7494 -2.04008
      vertex 19.965 99.8925 -2.75934
      vertex 19.965 99.8925 -2.25419
    endloop
  endfacet
  facet normal 1 0 0
    outer loop
      vertex 19.965 99.7494 -2.04008
      vertex 19.965 99.7494 -2.97345
      vertex 19.965 99.8925 -2.75934
    endloop
  endfacet
  facet normal 1 0 0
    outer loop
      vertex 19.965 99.7494 -2.04008
      vertex 19.965 99.6124 -3.07861
      vertex 19.965 99.7494 -2.97345
    endloop
  endfacet
  facet normal 1 0 0
    outer loop
      vertex 19.965 99.5353 -1.89701
      vertex 19.965 99.6124 -3.07861
      vertex 19.965 99.7494 -2.04008
    endloop
  endfacet
  facet normal 1 -0 0
    outer loop
      vertex 19.965 98.816 -2.04008
      vertex 19.965 99.6124 -3.07861
      vertex 19.965 99.5353 -1.89701
    endloop
  endfacet
  facet normal 1 0 0
    outer loop
      vertex 19.965 98.816 -2.04008
      vertex 19.965 99.5353 -1.89701
      vertex 19.965 99.2827 -1.84676
    endloop
  endfacet
  facet normal 1 -0 0
    outer loop
      vertex 19.965 98.7383 -2.09972
      vertex 19.965 99.6124 -3.07861
      vertex 19.965 98.816 -2.04008
    endloop
  endfacet
  facet normal 1 0 0
    outer loop
      vertex 19.965 99.6124 -3.07861
      vertex 19.965 98.7383 -2.09972
      vertex 19.965 99.3982 -3.22168
    endloop
  endfacet
  facet normal 1 0 0
    outer loop
      vertex 19.965 98.816 -2.04008
      vertex 19.965 99.2827 -1.84676
      vertex 19.965 99.0301 -1.89701
    endloop
  endfacet
  facet normal 1 0 0
    outer loop
      vertex 19.965 99.3982 -3.22168
      vertex 19.965 98.7383 -2.09972
      vertex 19.965 99.2526 -3.31449
    endloop
  endfacet
  facet normal 1 -0 0
    outer loop
      vertex 19.965 98.5942 -2.17472
      vertex 19.965 99.2526 -3.31449
      vertex 19.965 98.7383 -2.09972
    endloop
  endfacet
  facet normal 1 0 0
    outer loop
      vertex 19.965 99.2526 -3.31449
      vertex 19.965 98.5942 -2.17472
      vertex 19.965 99.0993 -3.39425
    endloop
  endfacet
  facet normal 1 -0 0
    outer loop
      vertex 19.965 98.5151 -2.20952
      vertex 19.965 99.0993 -3.39425
      vertex 19.965 98.5942 -2.17472
    endloop
  endfacet
  facet normal 1 0 0
    outer loop
      vertex 19.965 99.0993 -3.39425
      vertex 19.965 98.5151 -2.20952
      vertex 19.965 98.9398 -3.46035
    endloop
  endfacet
  facet normal 1 -0 0
    outer loop
      vertex 19.965 98.4346 -2.24083
      vertex 19.965 98.9398 -3.46035
      vertex 19.965 98.5151 -2.20952
    endloop
  endfacet
  facet normal 1 0 0
    outer loop
      vertex 19.965 98.5151 -2.20952
      vertex 19.965 98.5942 -2.17472
      vertex 19.965 98.5321 -2.20044
    endloop
  endfacet
  facet normal 1 0 0
    outer loop
      vertex 19.965 98.9398 -3.46035
      vertex 19.965 98.4346 -2.24083
      vertex 19.965 98.775 -3.51229
    endloop
  endfacet
  facet normal 1 0 0
    outer loop
      vertex 19.965 98.4346 -2.24083
      vertex 19.965 98.5151 -2.20952
      vertex 19.965 98.4967 -2.21511
    endloop
  endfacet
  facet normal 1 0 0
    outer loop
      vertex 19.965 98.775 -3.51229
      vertex 19.965 98.4346 -2.24083
      vertex 19.965 98.6064 -3.54968
    endloop
  endfacet
  facet normal 1 -0 0
    outer loop
      vertex 19.965 98.2797 -2.28968
      vertex 19.965 98.6064 -3.54968
      vertex 19.965 98.4346 -2.24083
    endloop
  endfacet
  facet normal 1 0 0
    outer loop
      vertex 19.965 98.6064 -3.54968
      vertex 19.965 98.2797 -2.28968
      vertex 19.965 98.3538 -3.59992
    endloop
  endfacet
  facet normal 1 -0 0
    outer loop
      vertex 19.965 98.1826 -2.30246
      vertex 19.965 98.3538 -3.59992
      vertex 19.965 98.2797 -2.28968
    endloop
  endfacet
  facet normal 1 0 0
    outer loop
      vertex 19.965 98.1826 -2.30246
      vertex 19.965 98.1826 -3.62246
      vertex 19.965 98.3538 -3.59992
    endloop
  endfacet
  facet normal 1 -0 0
    outer loop
      vertex 19.965 98.0182 -2.30964
      vertex 19.965 98.1826 -3.62246
      vertex 19.965 98.1826 -2.30246
    endloop
  endfacet
  facet normal 1 0 0
    outer loop
      vertex 19.965 98.1826 -3.62246
      vertex 19.965 98.0182 -2.30964
      vertex 19.965 98.0182 -3.62964
    endloop
  endfacet
  facet normal 1 0 0
    outer loop
      vertex 19.965 100.48 -0.0602335
      vertex 19.965 100.48 -0.565375
      vertex 19.965 100.531 -0.312804
    endloop
  endfacet
  facet normal 1 0 0
    outer loop
      vertex 19.965 99.2295 -0.484858
      vertex 19.965 100.48 -0.0602335
      vertex 19.965 100.414 0.0993535
    endloop
  endfacet
  facet normal 1 0 0
    outer loop
      vertex 19.965 100.48 -0.0602335
      vertex 19.965 99.2608 -0.565375
      vertex 19.965 100.48 -0.565375
    endloop
  endfacet
  facet normal 1 0 0
    outer loop
      vertex 19.965 99.1947 -0.405788
      vertex 19.965 100.414 0.0993535
      vertex 19.965 100.334 0.252571
    endloop
  endfacet
  facet normal 1 0 0
    outer loop
      vertex 19.965 99.1947 -0.405788
      vertex 19.965 100.334 0.252571
      vertex 19.965 100.242 0.39825
    endloop
  endfacet
  facet normal 1 0 0
    outer loop
      vertex 19.965 100.48 -0.0602335
      vertex 19.965 99.2295 -0.484858
      vertex 19.965 99.2608 -0.565375
    endloop
  endfacet
  facet normal 1 0 0
    outer loop
      vertex 19.965 99.1197 -0.261705
      vertex 19.965 100.242 0.39825
      vertex 19.965 100.099 0.61237
    endloop
  endfacet
  facet normal 1 0 0
    outer loop
      vertex 19.965 99.0601 -0.183973
      vertex 19.965 100.099 0.61237
      vertex 19.965 100.062 0.66
    endloop
  endfacet
  facet normal 1 0 0
    outer loop
      vertex 19.965 100.48 -0.565375
      vertex 19.965 99.2608 -0.565375
      vertex 19.965 100.337 -0.779495
    endloop
  endfacet
  facet normal 1 0 0
    outer loop
      vertex 19.965 100.337 -0.779495
      vertex 19.965 99.2608 -0.565375
      vertex 19.965 100.123 -0.922561
    endloop
  endfacet
  facet normal 1 0 0
    outer loop
      vertex 19.965 100.123 -0.922561
      vertex 19.965 99.2608 -0.565375
      vertex 19.965 99.8706 -0.972804
    endloop
  endfacet
  facet normal 1 0 0
    outer loop
      vertex 19.965 99.8706 -0.972804
      vertex 19.965 99.2608 -0.565375
      vertex 19.965 99.618 -0.922561
    endloop
  endfacet
  facet normal 1 0 0
    outer loop
      vertex 19.965 99.618 -0.922561
      vertex 19.965 99.2608 -0.565375
      vertex 19.965 99.4039 -0.779495
    endloop
  endfacet
  facet normal 1 0 0
    outer loop
      vertex 19.965 99.2608 -0.565375
      vertex 19.965 99.2295 -0.484858
      vertex 19.965 99.2351 -0.503294
    endloop
  endfacet
  facet normal 1 0 0
    outer loop
      vertex 19.965 100.414 0.0993535
      vertex 19.965 99.1947 -0.405788
      vertex 19.965 99.2295 -0.484858
    endloop
  endfacet
  facet normal 1 0 0
    outer loop
      vertex 19.965 99.2295 -0.484858
      vertex 19.965 99.1947 -0.405788
      vertex 19.965 99.2204 -0.467864
    endloop
  endfacet
  facet normal 1 0 0
    outer loop
      vertex 19.965 100.242 0.39825
      vertex 19.965 99.1197 -0.261705
      vertex 19.965 99.1947 -0.405788
    endloop
  endfacet
  facet normal 1 0 0
    outer loop
      vertex 19.965 100.099 0.61237
      vertex 19.965 99.0601 -0.183973
      vertex 19.965 99.1197 -0.261705
    endloop
  endfacet
  facet normal 1 0 0
    outer loop
      vertex 19.965 100.062 0.66
      vertex 19.965 98.9435 -0.0567009
      vertex 19.965 99.0601 -0.183973
    endloop
  endfacet
  facet normal 1 0 0
    outer loop
      vertex 19.965 100.062 0.66
      vertex 19.965 98.9434 -0.056619
      vertex 19.965 98.9435 -0.0567009
    endloop
  endfacet
  facet normal 1 0 0
    outer loop
      vertex 19.965 100.062 0.66
      vertex 19.965 98.9433 -0.0565517
      vertex 19.965 98.9434 -0.056619
    endloop
  endfacet
  facet normal 1 0 0
    outer loop
      vertex 19.965 100.062 0.66
      vertex 19.965 98.816 0.0600774
      vertex 19.965 98.9433 -0.0565517
    endloop
  endfacet
  facet normal 1 0 0
    outer loop
      vertex 19.965 100.062 0.66
      vertex 19.965 98.7383 0.119722
      vertex 19.965 98.816 0.0600774
    endloop
  endfacet
  facet normal 1 0 0
    outer loop
      vertex 19.965 100.062 0.66
      vertex 19.965 98.5942 0.194724
      vertex 19.965 98.7383 0.119722
    endloop
  endfacet
  facet normal 1 -0 0
    outer loop
      vertex 19.965 98.5151 0.229521
      vertex 19.965 98.5942 0.194724
      vertex 19.965 100.062 0.66
    endloop
  endfacet
  facet normal 1 0 0
    outer loop
      vertex 19.965 98.5942 0.194724
      vertex 19.965 98.5151 0.229521
      vertex 19.965 98.5321 0.220437
    endloop
  endfacet
  facet normal 1 -0 0
    outer loop
      vertex 19.965 98.4346 0.260829
      vertex 19.965 98.5151 0.229521
      vertex 19.965 100.062 0.66
    endloop
  endfacet
  facet normal 1 0 0
    outer loop
      vertex 19.965 98.5151 0.229521
      vertex 19.965 98.4346 0.260829
      vertex 19.965 98.4967 0.235113
    endloop
  endfacet
  facet normal 1 0 0
    outer loop
      vertex 19.965 100.062 0.66
      vertex 19.965 98.2797 0.309677
      vertex 19.965 98.4346 0.260829
    endloop
  endfacet
  facet normal 1 0 0
    outer loop
      vertex 19.965 100.062 0.66
      vertex 19.965 98.1826 0.322462
      vertex 19.965 98.2797 0.309677
    endloop
  endfacet
  facet normal 1 0 0
    outer loop
      vertex 19.965 100.062 0.66
      vertex 19.965 98.0182 0.32964
      vertex 19.965 98.1826 0.322462
    endloop
  endfacet
  facet normal 1 0 0
    outer loop
      vertex 19.965 98.0182 0.32964
      vertex 19.965 98.01 0.33
      vertex 19.965 98.0182 0.329187
    endloop
  endfacet
  facet normal 1 0 0
    outer loop
      vertex 19.965 100.062 0.66
      vertex 19.965 98.01 0.33
      vertex 19.965 98.0182 0.32964
    endloop
  endfacet
  facet normal 1 -0 0
    outer loop
      vertex 19.965 96.36 0.66
      vertex 19.965 98.01 0.33
      vertex 19.965 100.062 0.66
    endloop
  endfacet
  facet normal 1 0 0
    outer loop
      vertex 19.965 97.2766 -2.08754
      vertex 19.965 96.4076 -3.07861
      vertex 19.965 96.6217 -3.22168
    endloop
  endfacet
  facet normal 1 0 0
    outer loop
      vertex 19.965 95.4001 -0.646178
      vertex 19.965 96.69 -0.99
      vertex 19.965 96.7154 -0.732481
    endloop
  endfacet
  facet normal 1 0 0
    outer loop
      vertex 19.965 98.01 0.33
      vertex 19.965 96.36 0.66
      vertex 19.965 97.7525 0.304636
    endloop
  endfacet
  facet normal 1 0 0
    outer loop
      vertex 19.965 96.36 0.66
      vertex 19.965 97.5049 0.229521
      vertex 19.965 97.7525 0.304636
    endloop
  endfacet
  facet normal 1 0 0
    outer loop
      vertex 19.965 96.36 0.66
      vertex 19.965 97.2766 0.10754
      vertex 19.965 97.5049 0.229521
    endloop
  endfacet
  facet normal 1 0 0
    outer loop
      vertex 19.965 96.36 0.66
      vertex 19.965 97.0766 -0.056619
      vertex 19.965 97.2766 0.10754
    endloop
  endfacet
  facet normal 1 -0 0
    outer loop
      vertex 19.965 96.36 0
      vertex 19.965 97.0766 -0.056619
      vertex 19.965 96.36 0.66
    endloop
  endfacet
  facet normal 1 0 0
    outer loop
      vertex 19.965 97.0766 -0.056619
      vertex 19.965 96.36 0
      vertex 19.965 96.9125 -0.256647
    endloop
  endfacet
  facet normal 1 0 0
    outer loop
      vertex 19.965 96.9125 -0.256647
      vertex 19.965 96.36 0
      vertex 19.965 96.7905 -0.484858
    endloop
  endfacet
  facet normal 1 0 0
    outer loop
      vertex 19.965 96.7905 -0.484858
      vertex 19.965 96.36 0
      vertex 19.965 96.7154 -0.732481
    endloop
  endfacet
  facet normal 1 -0 0
    outer loop
      vertex 19.965 95.4503 -0.393607
      vertex 19.965 96.7154 -0.732481
      vertex 19.965 96.36 0
    endloop
  endfacet
  facet normal 1 0 0
    outer loop
      vertex 19.965 97.0766 -1.92338
      vertex 19.965 96.2706 -2.97345
      vertex 19.965 96.4076 -3.07861
    endloop
  endfacet
  facet normal 1 0 0
    outer loop
      vertex 19.965 97.0766 -1.92338
      vertex 19.965 96.1432 -2.85676
      vertex 19.965 96.2706 -2.97345
    endloop
  endfacet
  facet normal 1 0 0
    outer loop
      vertex 19.965 97.0306 -1.87317
      vertex 19.965 96.0265 -2.72941
      vertex 19.965 96.1432 -2.85676
    endloop
  endfacet
  facet normal 1 0 0
    outer loop
      vertex 19.965 96.9599 -1.79603
      vertex 19.965 95.9214 -2.59237
      vertex 19.965 96.0265 -2.72941
    endloop
  endfacet
  facet normal 1 0 0
    outer loop
      vertex 19.965 96.9003 -1.7183
      vertex 19.965 95.7783 -2.37825
      vertex 19.965 95.9214 -2.59237
    endloop
  endfacet
  facet normal 1 0 0
    outer loop
      vertex 19.965 96.8253 -1.57421
      vertex 19.965 95.6855 -2.23257
      vertex 19.965 95.7783 -2.37825
    endloop
  endfacet
  facet normal 1 0 0
    outer loop
      vertex 19.965 96.8253 -1.57421
      vertex 19.965 95.6058 -2.07935
      vertex 19.965 95.6855 -2.23257
    endloop
  endfacet
  facet normal 1 0 0
    outer loop
      vertex 19.965 95.5396 -0.0602335
      vertex 19.965 96.36 0
      vertex 19.965 95.5646 0
    endloop
  endfacet
  facet normal 1 0 0
    outer loop
      vertex 19.965 96.36 0
      vertex 19.965 95.5396 -0.0602335
      vertex 19.965 95.4877 -0.224972
    endloop
  endfacet
  facet normal 1 0 0
    outer loop
      vertex 19.965 96.7154 -0.732481
      vertex 19.965 95.4503 -0.393607
      vertex 19.965 95.4001 -0.646178
    endloop
  endfacet
  facet normal 1 0 0
    outer loop
      vertex 19.965 96.36 0
      vertex 19.965 95.4877 -0.224972
      vertex 19.965 95.4503 -0.393607
    endloop
  endfacet
  facet normal 1 0 0
    outer loop
      vertex 19.965 96.7353 -1.33896
      vertex 19.965 95.4503 -1.58639
      vertex 19.965 95.4877 -1.75503
    endloop
  endfacet
  facet normal 1 0 0
    outer loop
      vertex 19.965 96.7905 -1.49514
      vertex 19.965 95.5396 -1.91977
      vertex 19.965 95.6058 -2.07935
    endloop
  endfacet
  facet normal 1 0 0
    outer loop
      vertex 19.965 96.7592 -1.41463
      vertex 19.965 95.4877 -1.75503
      vertex 19.965 95.5396 -1.91977
    endloop
  endfacet
  facet normal 1 0 0
    outer loop
      vertex 19.965 96.69 -0.99
      vertex 19.965 95.4001 -0.646178
      vertex 19.965 95.3775 -0.817432
    endloop
  endfacet
  facet normal 1 0 0
    outer loop
      vertex 19.965 96.7154 -1.24752
      vertex 19.965 95.4001 -1.33382
      vertex 19.965 95.4503 -1.58639
    endloop
  endfacet
  facet normal 1 0 0
    outer loop
      vertex 19.965 96.69 -0.99
      vertex 19.965 95.3775 -0.817432
      vertex 19.965 95.37 -0.99
    endloop
  endfacet
  facet normal 1 0 0
    outer loop
      vertex 19.965 96.69 -0.99
      vertex 19.965 95.3775 -1.16257
      vertex 19.965 95.4001 -1.33382
    endloop
  endfacet
  facet normal 1 0 0
    outer loop
      vertex 19.965 96.69 -0.99
      vertex 19.965 95.37 -0.99
      vertex 19.965 95.3775 -1.16257
    endloop
  endfacet
  facet normal 0 -0.0436202 -0.999048
    outer loop
      vertex 13.035 98.0182 0.32964
      vertex 19.965 98.1826 0.322462
      vertex 19.965 98.0182 0.32964
    endloop
  endfacet
  facet normal -0 -0.0436202 -0.999048
    outer loop
      vertex 19.965 98.1826 0.322462
      vertex 13.035 98.0182 0.32964
      vertex 13.035 98.1826 0.322462
    endloop
  endfacet
  facet normal 0 -0.130542 -0.991443
    outer loop
      vertex 13.035 98.1826 0.322462
      vertex 19.965 98.2797 0.309677
      vertex 19.965 98.1826 0.322462
    endloop
  endfacet
  facet normal -0 -0.130542 -0.991443
    outer loop
      vertex 19.965 98.2797 0.309677
      vertex 13.035 98.1826 0.322462
      vertex 13.035 98.2797 0.309677
    endloop
  endfacet
  facet normal 0 -0.300752 -0.953702
    outer loop
      vertex 13.035 98.2797 0.309677
      vertex 19.965 98.4346 0.260829
      vertex 19.965 98.2797 0.309677
    endloop
  endfacet
  facet normal -0 -0.300752 -0.953702
    outer loop
      vertex 19.965 98.4346 0.260829
      vertex 13.035 98.2797 0.309677
      vertex 13.035 98.4346 0.260829
    endloop
  endfacet
  facet normal 0 -0.382599 -0.923915
    outer loop
      vertex 13.035 98.4346 0.260829
      vertex 19.965 98.4967 0.235113
      vertex 19.965 98.4346 0.260829
    endloop
  endfacet
  facet normal -0 -0.382599 -0.923915
    outer loop
      vertex 19.965 98.4967 0.235113
      vertex 13.035 98.4346 0.260829
      vertex 13.035 98.4967 0.235113
    endloop
  endfacet
  facet normal 0 -0.382561 -0.92393
    outer loop
      vertex 13.035 98.5321 0.220437
      vertex 19.965 98.5942 0.194724
      vertex 19.965 98.5321 0.220437
    endloop
  endfacet
  facet normal -0 -0.382561 -0.92393
    outer loop
      vertex 19.965 98.5942 0.194724
      vertex 13.035 98.5321 0.220437
      vertex 13.035 98.5942 0.194724
    endloop
  endfacet
  facet normal 0 -0.461692 -0.88704
    outer loop
      vertex 13.035 98.5942 0.194724
      vertex 19.965 98.7383 0.119722
      vertex 19.965 98.5942 0.194724
    endloop
  endfacet
  facet normal -0 -0.461692 -0.88704
    outer loop
      vertex 19.965 98.7383 0.119722
      vertex 13.035 98.5942 0.194724
      vertex 13.035 98.7383 0.119722
    endloop
  endfacet
  facet normal 0 -0.608911 -0.793238
    outer loop
      vertex 13.035 98.7383 0.119722
      vertex 19.965 98.816 0.0600774
      vertex 19.965 98.7383 0.119722
    endloop
  endfacet
  facet normal -0 -0.608911 -0.793238
    outer loop
      vertex 19.965 98.816 0.0600774
      vertex 13.035 98.7383 0.119722
      vertex 13.035 98.816 0.0600774
    endloop
  endfacet
  facet normal 0 -0.675528 -0.737335
    outer loop
      vertex 13.035 98.816 0.0600774
      vertex 19.965 98.9433 -0.0565517
      vertex 19.965 98.816 0.0600774
    endloop
  endfacet
  facet normal -0 -0.675528 -0.737335
    outer loop
      vertex 19.965 98.9433 -0.0565517
      vertex 13.035 98.816 0.0600774
      vertex 13.035 98.9433 -0.0565517
    endloop
  endfacet
  facet normal 0 -0.737345 -0.675517
    outer loop
      vertex 13.035 99.0601 -0.183973
      vertex 19.965 98.9435 -0.0567009
      vertex 13.035 98.9435 -0.0567009
    endloop
  endfacet
  facet normal 0 -0.737345 -0.675517
    outer loop
      vertex 19.965 98.9435 -0.0567009
      vertex 13.035 99.0601 -0.183973
      vertex 19.965 99.0601 -0.183973
    endloop
  endfacet
  facet normal 0 -0.793579 -0.608467
    outer loop
      vertex 13.035 99.1197 -0.261705
      vertex 19.965 99.0601 -0.183973
      vertex 13.035 99.0601 -0.183973
    endloop
  endfacet
  facet normal 0 -0.793579 -0.608467
    outer loop
      vertex 19.965 99.0601 -0.183973
      vertex 13.035 99.1197 -0.261705
      vertex 19.965 99.1197 -0.261705
    endloop
  endfacet
  facet normal 0 -0.887023 -0.461725
    outer loop
      vertex 13.035 99.1947 -0.405788
      vertex 19.965 99.1197 -0.261705
      vertex 13.035 99.1197 -0.261705
    endloop
  endfacet
  facet normal 0 -0.887023 -0.461725
    outer loop
      vertex 19.965 99.1197 -0.261705
      vertex 13.035 99.1947 -0.405788
      vertex 19.965 99.1947 -0.405788
    endloop
  endfacet
  facet normal 0 -0.923946 -0.382522
    outer loop
      vertex 13.035 99.2204 -0.467864
      vertex 19.965 99.1947 -0.405788
      vertex 13.035 99.1947 -0.405788
    endloop
  endfacet
  facet normal 0 -0.923946 -0.382522
    outer loop
      vertex 19.965 99.1947 -0.405788
      vertex 13.035 99.2204 -0.467864
      vertex 19.965 99.2204 -0.467864
    endloop
  endfacet
  facet normal 0 -0.923957 -0.382496
    outer loop
      vertex 13.035 99.2608 -0.565375
      vertex 19.965 99.2351 -0.503294
      vertex 13.035 99.2351 -0.503294
    endloop
  endfacet
  facet normal 0 -0.923957 -0.382496
    outer loop
      vertex 19.965 99.2351 -0.503294
      vertex 13.035 99.2608 -0.565375
      vertex 19.965 99.2608 -0.565375
    endloop
  endfacet
  facet normal 0 -0.831417 -0.55565
    outer loop
      vertex 13.035 99.4039 -0.779495
      vertex 19.965 99.2608 -0.565375
      vertex 13.035 99.2608 -0.565375
    endloop
  endfacet
  facet normal 0 -0.831417 -0.55565
    outer loop
      vertex 19.965 99.2608 -0.565375
      vertex 13.035 99.4039 -0.779495
      vertex 19.965 99.4039 -0.779495
    endloop
  endfacet
  facet normal 0 -0.555594 -0.831454
    outer loop
      vertex 13.035 99.4039 -0.779495
      vertex 19.965 99.618 -0.922561
      vertex 19.965 99.4039 -0.779495
    endloop
  endfacet
  facet normal -0 -0.555594 -0.831454
    outer loop
      vertex 19.965 99.618 -0.922561
      vertex 13.035 99.4039 -0.779495
      vertex 13.035 99.618 -0.922561
    endloop
  endfacet
  facet normal 0 -0.195082 -0.980787
    outer loop
      vertex 13.035 99.618 -0.922561
      vertex 19.965 99.8706 -0.972804
      vertex 19.965 99.618 -0.922561
    endloop
  endfacet
  facet normal -0 -0.195082 -0.980787
    outer loop
      vertex 19.965 99.8706 -0.972804
      vertex 13.035 99.618 -0.922561
      vertex 13.035 99.8706 -0.972804
    endloop
  endfacet
  facet normal 0 0.195231 -0.980757
    outer loop
      vertex 13.035 99.8706 -0.972804
      vertex 19.965 100.123 -0.922561
      vertex 19.965 99.8706 -0.972804
    endloop
  endfacet
  facet normal 0 0.195231 -0.980757
    outer loop
      vertex 19.965 100.123 -0.922561
      vertex 13.035 99.8706 -0.972804
      vertex 13.035 100.123 -0.922561
    endloop
  endfacet
  facet normal 0 0.555774 -0.831334
    outer loop
      vertex 13.035 100.123 -0.922561
      vertex 19.965 100.337 -0.779495
      vertex 19.965 100.123 -0.922561
    endloop
  endfacet
  facet normal 0 0.555774 -0.831334
    outer loop
      vertex 19.965 100.337 -0.779495
      vertex 13.035 100.123 -0.922561
      vertex 13.035 100.337 -0.779495
    endloop
  endfacet
  facet normal 0 0.831596 -0.555381
    outer loop
      vertex 19.965 100.337 -0.779495
      vertex 13.035 100.48 -0.565375
      vertex 19.965 100.48 -0.565375
    endloop
  endfacet
  facet normal 0 0.831596 -0.555381
    outer loop
      vertex 13.035 100.48 -0.565375
      vertex 19.965 100.337 -0.779495
      vertex 13.035 100.337 -0.779495
    endloop
  endfacet
  facet normal 0 0.980216 -0.197929
    outer loop
      vertex 19.965 100.48 -0.565375
      vertex 13.035 100.531 -0.312804
      vertex 19.965 100.531 -0.312804
    endloop
  endfacet
  facet normal 0 0.980216 -0.197929
    outer loop
      vertex 13.035 100.531 -0.312804
      vertex 19.965 100.48 -0.565375
      vertex 13.035 100.48 -0.565375
    endloop
  endfacet
  facet normal 0 0.980216 0.197929
    outer loop
      vertex 19.965 100.531 -0.312804
      vertex 13.035 100.48 -0.0602335
      vertex 19.965 100.48 -0.0602335
    endloop
  endfacet
  facet normal 0 0.980216 0.197929
    outer loop
      vertex 13.035 100.48 -0.0602335
      vertex 19.965 100.531 -0.312804
      vertex 13.035 100.531 -0.312804
    endloop
  endfacet
  facet normal 0 0.92409 0.382174
    outer loop
      vertex 19.965 100.48 -0.0602335
      vertex 13.035 100.414 0.0993535
      vertex 19.965 100.414 0.0993535
    endloop
  endfacet
  facet normal 0 0.92409 0.382174
    outer loop
      vertex 13.035 100.414 0.0993535
      vertex 19.965 100.48 -0.0602335
      vertex 13.035 100.48 -0.0602335
    endloop
  endfacet
  facet normal 0 0.886441 0.462841
    outer loop
      vertex 19.965 100.414 0.0993535
      vertex 13.035 100.334 0.252571
      vertex 19.965 100.334 0.252571
    endloop
  endfacet
  facet normal 0 0.886441 0.462841
    outer loop
      vertex 13.035 100.334 0.252571
      vertex 19.965 100.414 0.0993535
      vertex 13.035 100.414 0.0993535
    endloop
  endfacet
  facet normal 0 0.845509 0.533961
    outer loop
      vertex 19.965 100.334 0.252571
      vertex 13.035 100.242 0.39825
      vertex 19.965 100.242 0.39825
    endloop
  endfacet
  facet normal 0 0.845509 0.533961
    outer loop
      vertex 13.035 100.242 0.39825
      vertex 19.965 100.334 0.252571
      vertex 13.035 100.334 0.252571
    endloop
  endfacet
  facet normal 0 0.831596 0.555381
    outer loop
      vertex 19.965 100.242 0.39825
      vertex 13.035 100.099 0.61237
      vertex 19.965 100.099 0.61237
    endloop
  endfacet
  facet normal 0 0.831596 0.555381
    outer loop
      vertex 13.035 100.099 0.61237
      vertex 19.965 100.242 0.39825
      vertex 13.035 100.242 0.39825
    endloop
  endfacet
  facet normal 0 0.789718 0.61347
    outer loop
      vertex 19.965 100.099 0.61237
      vertex 13.035 100.062 0.66
      vertex 19.965 100.062 0.66
    endloop
  endfacet
  facet normal 0 0.789718 0.61347
    outer loop
      vertex 13.035 100.062 0.66
      vertex 19.965 100.099 0.61237
      vertex 13.035 100.099 0.61237
    endloop
  endfacet
  facet normal 0 -0.923606 0.383344
    outer loop
      vertex 13.035 95.5396 -0.0602335
      vertex 19.965 95.5646 0
      vertex 13.035 95.5646 0
    endloop
  endfacet
  facet normal 0 -0.923606 0.383344
    outer loop
      vertex 19.965 95.5646 0
      vertex 13.035 95.5396 -0.0602335
      vertex 19.965 95.5396 -0.0602335
    endloop
  endfacet
  facet normal 0 -0.953786 0.300485
    outer loop
      vertex 13.035 95.4877 -0.224972
      vertex 19.965 95.5396 -0.0602335
      vertex 13.035 95.5396 -0.0602335
    endloop
  endfacet
  facet normal 0 -0.953786 0.300485
    outer loop
      vertex 19.965 95.5396 -0.0602335
      vertex 13.035 95.4877 -0.224972
      vertex 19.965 95.4877 -0.224972
    endloop
  endfacet
  facet normal 0 -0.976278 0.21652
    outer loop
      vertex 13.035 95.4503 -0.393607
      vertex 19.965 95.4877 -0.224972
      vertex 13.035 95.4877 -0.224972
    endloop
  endfacet
  facet normal 0 -0.976278 0.21652
    outer loop
      vertex 19.965 95.4877 -0.224972
      vertex 13.035 95.4503 -0.393607
      vertex 19.965 95.4503 -0.393607
    endloop
  endfacet
  facet normal 0 -0.980815 0.194943
    outer loop
      vertex 13.035 95.4001 -0.646178
      vertex 19.965 95.4503 -0.393607
      vertex 13.035 95.4503 -0.393607
    endloop
  endfacet
  facet normal 0 -0.980815 0.194943
    outer loop
      vertex 19.965 95.4503 -0.393607
      vertex 13.035 95.4001 -0.646178
      vertex 19.965 95.4001 -0.646178
    endloop
  endfacet
  facet normal 0 -0.991404 0.130833
    outer loop
      vertex 13.035 95.3775 -0.817432
      vertex 19.965 95.4001 -0.646178
      vertex 13.035 95.4001 -0.646178
    endloop
  endfacet
  facet normal 0 -0.991404 0.130833
    outer loop
      vertex 19.965 95.4001 -0.646178
      vertex 13.035 95.3775 -0.817432
      vertex 19.965 95.3775 -0.817432
    endloop
  endfacet
  facet normal 0 -0.999057 0.0434201
    outer loop
      vertex 13.035 95.37 -0.99
      vertex 19.965 95.3775 -0.817432
      vertex 13.035 95.3775 -0.817432
    endloop
  endfacet
  facet normal 0 -0.999057 0.0434201
    outer loop
      vertex 19.965 95.3775 -0.817432
      vertex 13.035 95.37 -0.99
      vertex 19.965 95.37 -0.99
    endloop
  endfacet
  facet normal 0 -0.999057 -0.0434196
    outer loop
      vertex 13.035 95.3775 -1.16257
      vertex 19.965 95.37 -0.99
      vertex 13.035 95.37 -0.99
    endloop
  endfacet
  facet normal 0 -0.999057 -0.0434196
    outer loop
      vertex 19.965 95.37 -0.99
      vertex 13.035 95.3775 -1.16257
      vertex 19.965 95.3775 -1.16257
    endloop
  endfacet
  facet normal 0 -0.991404 -0.130836
    outer loop
      vertex 13.035 95.4001 -1.33382
      vertex 19.965 95.3775 -1.16257
      vertex 13.035 95.3775 -1.16257
    endloop
  endfacet
  facet normal 0 -0.991404 -0.130836
    outer loop
      vertex 19.965 95.3775 -1.16257
      vertex 13.035 95.4001 -1.33382
      vertex 19.965 95.4001 -1.33382
    endloop
  endfacet
  facet normal 0 -0.980814 -0.194944
    outer loop
      vertex 13.035 95.4503 -1.58639
      vertex 19.965 95.4001 -1.33382
      vertex 13.035 95.4001 -1.33382
    endloop
  endfacet
  facet normal 0 -0.980814 -0.194944
    outer loop
      vertex 19.965 95.4001 -1.33382
      vertex 13.035 95.4503 -1.58639
      vertex 19.965 95.4503 -1.58639
    endloop
  endfacet
  facet normal 0 -0.97628 -0.216514
    outer loop
      vertex 13.035 95.4877 -1.75503
      vertex 19.965 95.4503 -1.58639
      vertex 13.035 95.4503 -1.58639
    endloop
  endfacet
  facet normal 0 -0.97628 -0.216514
    outer loop
      vertex 19.965 95.4503 -1.58639
      vertex 13.035 95.4877 -1.75503
      vertex 19.965 95.4877 -1.75503
    endloop
  endfacet
  facet normal 0 -0.953787 -0.300483
    outer loop
      vertex 13.035 95.5396 -1.91977
      vertex 19.965 95.4877 -1.75503
      vertex 13.035 95.4877 -1.75503
    endloop
  endfacet
  facet normal 0 -0.953787 -0.300483
    outer loop
      vertex 19.965 95.4877 -1.75503
      vertex 13.035 95.5396 -1.91977
      vertex 19.965 95.5396 -1.91977
    endloop
  endfacet
  facet normal 0 -0.923675 -0.383176
    outer loop
      vertex 13.035 95.6058 -2.07935
      vertex 19.965 95.5396 -1.91977
      vertex 13.035 95.5396 -1.91977
    endloop
  endfacet
  facet normal 0 -0.923675 -0.383176
    outer loop
      vertex 19.965 95.5396 -1.91977
      vertex 13.035 95.6058 -2.07935
      vertex 19.965 95.6058 -2.07935
    endloop
  endfacet
  facet normal 0 -0.887156 -0.461469
    outer loop
      vertex 13.035 95.6855 -2.23257
      vertex 19.965 95.6058 -2.07935
      vertex 13.035 95.6058 -2.07935
    endloop
  endfacet
  facet normal 0 -0.887156 -0.461469
    outer loop
      vertex 19.965 95.6058 -2.07935
      vertex 13.035 95.6855 -2.23257
      vertex 19.965 95.6855 -2.23257
    endloop
  endfacet
  facet normal 0 -0.843413 -0.537265
    outer loop
      vertex 13.035 95.7783 -2.37825
      vertex 19.965 95.6855 -2.23257
      vertex 13.035 95.6855 -2.23257
    endloop
  endfacet
  facet normal 0 -0.843413 -0.537265
    outer loop
      vertex 19.965 95.6855 -2.23257
      vertex 13.035 95.7783 -2.37825
      vertex 19.965 95.7783 -2.37825
    endloop
  endfacet
  facet normal 0 -0.831417 -0.55565
    outer loop
      vertex 13.035 95.9214 -2.59237
      vertex 19.965 95.7783 -2.37825
      vertex 13.035 95.7783 -2.37825
    endloop
  endfacet
  facet normal 0 -0.831417 -0.55565
    outer loop
      vertex 19.965 95.7783 -2.37825
      vertex 13.035 95.9214 -2.59237
      vertex 19.965 95.9214 -2.59237
    endloop
  endfacet
  facet normal 0 -0.793506 -0.608563
    outer loop
      vertex 13.035 96.0265 -2.72941
      vertex 19.965 95.9214 -2.59237
      vertex 13.035 95.9214 -2.59237
    endloop
  endfacet
  facet normal 0 -0.793506 -0.608563
    outer loop
      vertex 19.965 95.9214 -2.59237
      vertex 13.035 96.0265 -2.72941
      vertex 19.965 96.0265 -2.72941
    endloop
  endfacet
  facet normal 0 -0.737262 -0.675607
    outer loop
      vertex 13.035 96.1432 -2.85676
      vertex 19.965 96.0265 -2.72941
      vertex 13.035 96.0265 -2.72941
    endloop
  endfacet
  facet normal 0 -0.737262 -0.675607
    outer loop
      vertex 19.965 96.0265 -2.72941
      vertex 13.035 96.1432 -2.85676
      vertex 19.965 96.1432 -2.85676
    endloop
  endfacet
  facet normal 0 -0.675431 -0.737423
    outer loop
      vertex 13.035 96.1432 -2.85676
      vertex 19.965 96.2706 -2.97345
      vertex 19.965 96.1432 -2.85676
    endloop
  endfacet
  facet normal -0 -0.675431 -0.737423
    outer loop
      vertex 19.965 96.2706 -2.97345
      vertex 13.035 96.1432 -2.85676
      vertex 13.035 96.2706 -2.97345
    endloop
  endfacet
  facet normal 0 -0.608893 -0.793252
    outer loop
      vertex 13.035 96.2706 -2.97345
      vertex 19.965 96.4076 -3.07861
      vertex 19.965 96.2706 -2.97345
    endloop
  endfacet
  facet normal -0 -0.608893 -0.793252
    outer loop
      vertex 19.965 96.4076 -3.07861
      vertex 13.035 96.2706 -2.97345
      vertex 13.035 96.4076 -3.07861
    endloop
  endfacet
  facet normal 0 -0.555605 -0.831446
    outer loop
      vertex 13.035 96.4076 -3.07861
      vertex 19.965 96.6217 -3.22168
      vertex 19.965 96.4076 -3.07861
    endloop
  endfacet
  facet normal -0 -0.555605 -0.831446
    outer loop
      vertex 19.965 96.6217 -3.22168
      vertex 13.035 96.4076 -3.07861
      vertex 13.035 96.6217 -3.22168
    endloop
  endfacet
  facet normal 0 -0.537254 -0.843421
    outer loop
      vertex 13.035 96.6217 -3.22168
      vertex 19.965 96.7674 -3.31449
      vertex 19.965 96.6217 -3.22168
    endloop
  endfacet
  facet normal -0 -0.537254 -0.843421
    outer loop
      vertex 19.965 96.7674 -3.31449
      vertex 13.035 96.6217 -3.22168
      vertex 13.035 96.7674 -3.31449
    endloop
  endfacet
  facet normal 0 -0.46179 -0.886989
    outer loop
      vertex 13.035 96.7674 -3.31449
      vertex 19.965 96.9206 -3.39425
      vertex 19.965 96.7674 -3.31449
    endloop
  endfacet
  facet normal -0 -0.46179 -0.886989
    outer loop
      vertex 19.965 96.9206 -3.39425
      vertex 13.035 96.7674 -3.31449
      vertex 13.035 96.9206 -3.39425
    endloop
  endfacet
  facet normal 0 -0.382642 -0.923897
    outer loop
      vertex 13.035 96.9206 -3.39425
      vertex 19.965 97.0802 -3.46035
      vertex 19.965 96.9206 -3.39425
    endloop
  endfacet
  facet normal -0 -0.382642 -0.923897
    outer loop
      vertex 19.965 97.0802 -3.46035
      vertex 13.035 96.9206 -3.39425
      vertex 13.035 97.0802 -3.46035
    endloop
  endfacet
  facet normal 0 -0.300594 -0.953752
    outer loop
      vertex 13.035 97.0802 -3.46035
      vertex 19.965 97.245 -3.51229
      vertex 19.965 97.0802 -3.46035
    endloop
  endfacet
  facet normal -0 -0.300594 -0.953752
    outer loop
      vertex 19.965 97.245 -3.51229
      vertex 13.035 97.0802 -3.46035
      vertex 13.035 97.245 -3.51229
    endloop
  endfacet
  facet normal 0 -0.216507 -0.976281
    outer loop
      vertex 13.035 97.245 -3.51229
      vertex 19.965 97.4136 -3.54968
      vertex 19.965 97.245 -3.51229
    endloop
  endfacet
  facet normal -0 -0.216507 -0.976281
    outer loop
      vertex 19.965 97.4136 -3.54968
      vertex 13.035 97.245 -3.51229
      vertex 13.035 97.4136 -3.54968
    endloop
  endfacet
  facet normal 0 -0.195071 -0.980789
    outer loop
      vertex 13.035 97.4136 -3.54968
      vertex 19.965 97.6662 -3.59992
      vertex 19.965 97.4136 -3.54968
    endloop
  endfacet
  facet normal -0 -0.195071 -0.980789
    outer loop
      vertex 19.965 97.6662 -3.59992
      vertex 13.035 97.4136 -3.54968
      vertex 13.035 97.6662 -3.59992
    endloop
  endfacet
  facet normal 0 -0.130532 -0.991444
    outer loop
      vertex 13.035 97.6662 -3.59992
      vertex 19.965 97.8374 -3.62246
      vertex 19.965 97.6662 -3.59992
    endloop
  endfacet
  facet normal -0 -0.130532 -0.991444
    outer loop
      vertex 19.965 97.8374 -3.62246
      vertex 13.035 97.6662 -3.59992
      vertex 13.035 97.8374 -3.62246
    endloop
  endfacet
  facet normal 0 -0.0436512 -0.999047
    outer loop
      vertex 13.035 97.8374 -3.62246
      vertex 19.965 98.0015 -3.62963
      vertex 19.965 97.8374 -3.62246
    endloop
  endfacet
  facet normal -0 -0.0436512 -0.999047
    outer loop
      vertex 19.965 98.0015 -3.62963
      vertex 13.035 97.8374 -3.62246
      vertex 13.035 98.0015 -3.62963
    endloop
  endfacet
  facet normal 0 0.0436324 -0.999048
    outer loop
      vertex 13.035 98.0182 -3.62964
      vertex 19.965 98.1826 -3.62246
      vertex 19.965 98.0182 -3.62964
    endloop
  endfacet
  facet normal 0 0.0436324 -0.999048
    outer loop
      vertex 19.965 98.1826 -3.62246
      vertex 13.035 98.0182 -3.62964
      vertex 13.035 98.1826 -3.62246
    endloop
  endfacet
  facet normal 0 0.130532 -0.991444
    outer loop
      vertex 13.035 98.1826 -3.62246
      vertex 19.965 98.3538 -3.59992
      vertex 19.965 98.1826 -3.62246
    endloop
  endfacet
  facet normal 0 0.130532 -0.991444
    outer loop
      vertex 19.965 98.3538 -3.59992
      vertex 13.035 98.1826 -3.62246
      vertex 13.035 98.3538 -3.59992
    endloop
  endfacet
  facet normal 0 0.195071 -0.980789
    outer loop
      vertex 13.035 98.3538 -3.59992
      vertex 19.965 98.6064 -3.54968
      vertex 19.965 98.3538 -3.59992
    endloop
  endfacet
  facet normal 0 0.195071 -0.980789
    outer loop
      vertex 19.965 98.6064 -3.54968
      vertex 13.035 98.3538 -3.59992
      vertex 13.035 98.6064 -3.54968
    endloop
  endfacet
  facet normal 0 0.216507 -0.976281
    outer loop
      vertex 13.035 98.6064 -3.54968
      vertex 19.965 98.775 -3.51229
      vertex 19.965 98.6064 -3.54968
    endloop
  endfacet
  facet normal 0 0.216507 -0.976281
    outer loop
      vertex 19.965 98.775 -3.51229
      vertex 13.035 98.6064 -3.54968
      vertex 13.035 98.775 -3.51229
    endloop
  endfacet
  facet normal 0 0.300594 -0.953752
    outer loop
      vertex 13.035 98.775 -3.51229
      vertex 19.965 98.9398 -3.46035
      vertex 19.965 98.775 -3.51229
    endloop
  endfacet
  facet normal 0 0.300594 -0.953752
    outer loop
      vertex 19.965 98.9398 -3.46035
      vertex 13.035 98.775 -3.51229
      vertex 13.035 98.9398 -3.46035
    endloop
  endfacet
  facet normal 0 0.382846 -0.923812
    outer loop
      vertex 13.035 98.9398 -3.46035
      vertex 19.965 99.0993 -3.39425
      vertex 19.965 98.9398 -3.46035
    endloop
  endfacet
  facet normal 0 0.382846 -0.923812
    outer loop
      vertex 19.965 99.0993 -3.39425
      vertex 13.035 98.9398 -3.46035
      vertex 13.035 99.0993 -3.39425
    endloop
  endfacet
  facet normal 0 0.461553 -0.887113
    outer loop
      vertex 13.035 99.0993 -3.39425
      vertex 19.965 99.2526 -3.31449
      vertex 19.965 99.0993 -3.39425
    endloop
  endfacet
  facet normal 0 0.461553 -0.887113
    outer loop
      vertex 19.965 99.2526 -3.31449
      vertex 13.035 99.0993 -3.39425
      vertex 13.035 99.2526 -3.31449
    endloop
  endfacet
  facet normal 0 0.537516 -0.843253
    outer loop
      vertex 13.035 99.2526 -3.31449
      vertex 19.965 99.3982 -3.22168
      vertex 19.965 99.2526 -3.31449
    endloop
  endfacet
  facet normal 0 0.537516 -0.843253
    outer loop
      vertex 19.965 99.3982 -3.22168
      vertex 13.035 99.2526 -3.31449
      vertex 13.035 99.3982 -3.22168
    endloop
  endfacet
  facet normal 0 0.555426 -0.831566
    outer loop
      vertex 13.035 99.3982 -3.22168
      vertex 19.965 99.6124 -3.07861
      vertex 19.965 99.3982 -3.22168
    endloop
  endfacet
  facet normal 0 0.555426 -0.831566
    outer loop
      vertex 19.965 99.6124 -3.07861
      vertex 13.035 99.3982 -3.22168
      vertex 13.035 99.6124 -3.07861
    endloop
  endfacet
  facet normal 0 0.608893 -0.793252
    outer loop
      vertex 13.035 99.6124 -3.07861
      vertex 19.965 99.7494 -2.97345
      vertex 19.965 99.6124 -3.07861
    endloop
  endfacet
  facet normal 0 0.608893 -0.793252
    outer loop
      vertex 19.965 99.7494 -2.97345
      vertex 13.035 99.6124 -3.07861
      vertex 13.035 99.7494 -2.97345
    endloop
  endfacet
  facet normal 0 0.831405 -0.555668
    outer loop
      vertex 19.965 99.7494 -2.97345
      vertex 13.035 99.8925 -2.75934
      vertex 19.965 99.8925 -2.75934
    endloop
  endfacet
  facet normal 0 0.831405 -0.555668
    outer loop
      vertex 13.035 99.8925 -2.75934
      vertex 19.965 99.7494 -2.97345
      vertex 13.035 99.7494 -2.97345
    endloop
  endfacet
  facet normal 0 0.980816 -0.194936
    outer loop
      vertex 19.965 99.8925 -2.75934
      vertex 13.035 99.9427 -2.50676
      vertex 19.965 99.9427 -2.50676
    endloop
  endfacet
  facet normal 0 0.980816 -0.194936
    outer loop
      vertex 13.035 99.9427 -2.50676
      vertex 19.965 99.8925 -2.75934
      vertex 13.035 99.8925 -2.75934
    endloop
  endfacet
  facet normal 0 0.980814 0.194944
    outer loop
      vertex 19.965 99.9427 -2.50676
      vertex 13.035 99.8925 -2.25419
      vertex 19.965 99.8925 -2.25419
    endloop
  endfacet
  facet normal 0 0.980814 0.194944
    outer loop
      vertex 13.035 99.8925 -2.25419
      vertex 19.965 99.9427 -2.50676
      vertex 13.035 99.9427 -2.50676
    endloop
  endfacet
  facet normal 0 0.831405 0.555668
    outer loop
      vertex 19.965 99.8925 -2.25419
      vertex 13.035 99.7494 -2.04008
      vertex 19.965 99.7494 -2.04008
    endloop
  endfacet
  facet normal 0 0.831405 0.555668
    outer loop
      vertex 13.035 99.7494 -2.04008
      vertex 19.965 99.8925 -2.25419
      vertex 13.035 99.8925 -2.25419
    endloop
  endfacet
  facet normal -0 0.555605 0.831446
    outer loop
      vertex 13.035 99.7494 -2.04008
      vertex 19.965 99.5353 -1.89701
      vertex 19.965 99.7494 -2.04008
    endloop
  endfacet
  facet normal 0 0.555605 0.831446
    outer loop
      vertex 19.965 99.5353 -1.89701
      vertex 13.035 99.7494 -2.04008
      vertex 13.035 99.5353 -1.89701
    endloop
  endfacet
  facet normal -0 0.195108 0.980782
    outer loop
      vertex 13.035 99.5353 -1.89701
      vertex 19.965 99.2827 -1.84676
      vertex 19.965 99.5353 -1.89701
    endloop
  endfacet
  facet normal 0 0.195108 0.980782
    outer loop
      vertex 19.965 99.2827 -1.84676
      vertex 13.035 99.5353 -1.89701
      vertex 13.035 99.2827 -1.84676
    endloop
  endfacet
  facet normal 0 -0.195108 0.980782
    outer loop
      vertex 13.035 99.2827 -1.84676
      vertex 19.965 99.0301 -1.89701
      vertex 19.965 99.2827 -1.84676
    endloop
  endfacet
  facet normal 0 -0.195108 0.980782
    outer loop
      vertex 19.965 99.0301 -1.89701
      vertex 13.035 99.2827 -1.84676
      vertex 13.035 99.0301 -1.89701
    endloop
  endfacet
  facet normal 0 -0.555605 0.831446
    outer loop
      vertex 13.035 99.0301 -1.89701
      vertex 19.965 98.816 -2.04008
      vertex 19.965 99.0301 -1.89701
    endloop
  endfacet
  facet normal 0 -0.555605 0.831446
    outer loop
      vertex 19.965 98.816 -2.04008
      vertex 13.035 99.0301 -1.89701
      vertex 13.035 98.816 -2.04008
    endloop
  endfacet
  facet normal 0 -0.608882 0.793261
    outer loop
      vertex 13.035 98.816 -2.04008
      vertex 19.965 98.7383 -2.09972
      vertex 19.965 98.816 -2.04008
    endloop
  endfacet
  facet normal 0 -0.608882 0.793261
    outer loop
      vertex 19.965 98.7383 -2.09972
      vertex 13.035 98.816 -2.04008
      vertex 13.035 98.7383 -2.09972
    endloop
  endfacet
  facet normal 0 -0.461682 0.887045
    outer loop
      vertex 13.035 98.7383 -2.09972
      vertex 19.965 98.5942 -2.17472
      vertex 19.965 98.7383 -2.09972
    endloop
  endfacet
  facet normal 0 -0.461682 0.887045
    outer loop
      vertex 19.965 98.5942 -2.17472
      vertex 13.035 98.7383 -2.09972
      vertex 13.035 98.5942 -2.17472
    endloop
  endfacet
  facet normal 0 -0.38265 0.923894
    outer loop
      vertex 13.035 98.4967 -2.21511
      vertex 19.965 98.4346 -2.24083
      vertex 19.965 98.4967 -2.21511
    endloop
  endfacet
  facet normal 0 -0.38265 0.923894
    outer loop
      vertex 19.965 98.4346 -2.24083
      vertex 13.035 98.4967 -2.21511
      vertex 13.035 98.4346 -2.24083
    endloop
  endfacet
  facet normal 0 -0.38265 0.923894
    outer loop
      vertex 13.035 98.5942 -2.17472
      vertex 19.965 98.5321 -2.20044
      vertex 19.965 98.5942 -2.17472
    endloop
  endfacet
  facet normal 0 -0.38265 0.923894
    outer loop
      vertex 19.965 98.5321 -2.20044
      vertex 13.035 98.5942 -2.17472
      vertex 13.035 98.5321 -2.20044
    endloop
  endfacet
  facet normal 0 -0.300763 0.953699
    outer loop
      vertex 13.035 98.4346 -2.24083
      vertex 19.965 98.2797 -2.28968
      vertex 19.965 98.4346 -2.24083
    endloop
  endfacet
  facet normal 0 -0.300763 0.953699
    outer loop
      vertex 19.965 98.2797 -2.28968
      vertex 13.035 98.4346 -2.24083
      vertex 13.035 98.2797 -2.28968
    endloop
  endfacet
  facet normal 0 -0.130491 0.991449
    outer loop
      vertex 13.035 98.2797 -2.28968
      vertex 19.965 98.1826 -2.30246
      vertex 19.965 98.2797 -2.28968
    endloop
  endfacet
  facet normal 0 -0.130491 0.991449
    outer loop
      vertex 19.965 98.1826 -2.30246
      vertex 13.035 98.2797 -2.28968
      vertex 13.035 98.1826 -2.30246
    endloop
  endfacet
  facet normal 0 -0.0436324 0.999048
    outer loop
      vertex 13.035 98.1826 -2.30246
      vertex 19.965 98.0182 -2.30964
      vertex 19.965 98.1826 -2.30246
    endloop
  endfacet
  facet normal 0 -0.0436324 0.999048
    outer loop
      vertex 19.965 98.0182 -2.30964
      vertex 13.035 98.1826 -2.30246
      vertex 13.035 98.0182 -2.30964
    endloop
  endfacet
  facet normal 0 0.73721 0.675664
    outer loop
      vertex 19.965 97.0306 -1.87317
      vertex 13.035 96.9599 -1.79603
      vertex 19.965 96.9599 -1.79603
    endloop
  endfacet
  facet normal 0 0.73721 0.675664
    outer loop
      vertex 13.035 96.9599 -1.79603
      vertex 19.965 97.0306 -1.87317
      vertex 13.035 97.0306 -1.87317
    endloop
  endfacet
  facet normal 0 0.793572 0.608477
    outer loop
      vertex 19.965 96.9599 -1.79603
      vertex 13.035 96.9003 -1.7183
      vertex 19.965 96.9003 -1.7183
    endloop
  endfacet
  facet normal 0 0.793572 0.608477
    outer loop
      vertex 13.035 96.9003 -1.7183
      vertex 19.965 96.9599 -1.79603
      vertex 13.035 96.9599 -1.79603
    endloop
  endfacet
  facet normal 0 0.887032 0.461707
    outer loop
      vertex 19.965 96.9003 -1.7183
      vertex 13.035 96.8253 -1.57421
      vertex 19.965 96.8253 -1.57421
    endloop
  endfacet
  facet normal 0 0.887032 0.461707
    outer loop
      vertex 13.035 96.8253 -1.57421
      vertex 19.965 96.9003 -1.7183
      vertex 13.035 96.9003 -1.7183
    endloop
  endfacet
  facet normal 0 0.923955 0.382501
    outer loop
      vertex 19.965 96.7849 -1.47671
      vertex 13.035 96.7592 -1.41463
      vertex 19.965 96.7592 -1.41463
    endloop
  endfacet
  facet normal 0 0.923955 0.382501
    outer loop
      vertex 13.035 96.7592 -1.41463
      vertex 19.965 96.7849 -1.47671
      vertex 13.035 96.7849 -1.47671
    endloop
  endfacet
  facet normal 0 0.923955 0.382501
    outer loop
      vertex 19.965 96.8253 -1.57421
      vertex 13.035 96.7996 -1.51213
      vertex 19.965 96.7996 -1.51213
    endloop
  endfacet
  facet normal 0 0.923955 0.382501
    outer loop
      vertex 13.035 96.7996 -1.51213
      vertex 19.965 96.8253 -1.57421
      vertex 13.035 96.8253 -1.57421
    endloop
  endfacet
  facet normal 0 0.953567 0.30118
    outer loop
      vertex 19.965 96.7592 -1.41463
      vertex 13.035 96.7353 -1.33896
      vertex 19.965 96.7353 -1.33896
    endloop
  endfacet
  facet normal 0 0.953567 0.30118
    outer loop
      vertex 13.035 96.7353 -1.33896
      vertex 19.965 96.7592 -1.41463
      vertex 13.035 96.7592 -1.41463
    endloop
  endfacet
  facet normal 0 -0.879707 -0.475517
    outer loop
      vertex 13.035 98.0017 -3.63
      vertex 19.965 98.0015 -3.62963
      vertex 13.035 98.0015 -3.62963
    endloop
  endfacet
  facet normal 0 -0.879707 -0.475517
    outer loop
      vertex 19.965 98.0015 -3.62963
      vertex 13.035 98.0017 -3.63
      vertex 19.965 98.0017 -3.63
    endloop
  endfacet
  facet normal 0 -0.874685 -0.484691
    outer loop
      vertex 13.035 96.7526 -1.37018
      vertex 19.965 96.7353 -1.33896
      vertex 13.035 96.7353 -1.33896
    endloop
  endfacet
  facet normal 0 -0.874685 -0.484691
    outer loop
      vertex 19.965 96.7353 -1.33896
      vertex 13.035 96.7526 -1.37018
      vertex 19.965 96.7526 -1.37018
    endloop
  endfacet
  facet normal 0 -0.875193 -0.483775
    outer loop
      vertex 13.035 97.0306 -1.87317
      vertex 19.965 97.0207 -1.85526
      vertex 13.035 97.0207 -1.85526
    endloop
  endfacet
  facet normal 0 -0.875193 -0.483775
    outer loop
      vertex 19.965 97.0207 -1.85526
      vertex 13.035 97.0306 -1.87317
      vertex 19.965 97.0306 -1.87317
    endloop
  endfacet
  facet normal 0 1 -0
    outer loop
      vertex 19.965 98.0182 -3.63
      vertex 13.035 98.0182 -3.62964
      vertex 19.965 98.0182 -3.62964
    endloop
  endfacet
  facet normal 0 1 0
    outer loop
      vertex 13.035 98.0182 -3.62964
      vertex 19.965 98.0182 -3.63
      vertex 13.035 98.0182 -3.63
    endloop
  endfacet
  facet normal 0 1 -0
    outer loop
      vertex 19.965 98.0182 -2.30964
      vertex 13.035 98.0182 -2.30919
      vertex 19.965 98.0182 -2.30919
    endloop
  endfacet
  facet normal 0 1 0
    outer loop
      vertex 13.035 98.0182 -2.30919
      vertex 19.965 98.0182 -2.30964
      vertex 13.035 98.0182 -2.30964
    endloop
  endfacet
  facet normal 0 1 -0
    outer loop
      vertex 19.965 98.0182 0.329187
      vertex 13.035 98.0182 0.32964
      vertex 19.965 98.0182 0.32964
    endloop
  endfacet
  facet normal 0 1 0
    outer loop
      vertex 13.035 98.0182 0.32964
      vertex 19.965 98.0182 0.329187
      vertex 13.035 98.0182 0.329187
    endloop
  endfacet
  facet normal 0 0 -1
    outer loop
      vertex 13.035 98.0017 -3.63
      vertex 19.965 98.0182 -3.63
      vertex 19.965 98.0017 -3.63
    endloop
  endfacet
  facet normal -0 0 -1
    outer loop
      vertex 19.965 98.0182 -3.63
      vertex 13.035 98.0017 -3.63
      vertex 13.035 98.0182 -3.63
    endloop
  endfacet
  facet normal 0 -0.471127 0.882066
    outer loop
      vertex 13.035 98.5321 -2.20044
      vertex 19.965 98.5151 -2.20952
      vertex 19.965 98.5321 -2.20044
    endloop
  endfacet
  facet normal 0 -0.471127 0.882066
    outer loop
      vertex 19.965 98.5151 -2.20952
      vertex 13.035 98.5321 -2.20044
      vertex 13.035 98.5151 -2.20952
    endloop
  endfacet
  facet normal 0 0.0980266 -0.995184
    outer loop
      vertex 13.035 97.7525 0.304636
      vertex 19.965 98.01 0.33
      vertex 19.965 97.7525 0.304636
    endloop
  endfacet
  facet normal 0 0.0980266 -0.995184
    outer loop
      vertex 19.965 98.01 0.33
      vertex 13.035 97.7525 0.304636
      vertex 13.035 98.01 0.33
    endloop
  endfacet
  facet normal -0 0.0980113 0.995185
    outer loop
      vertex 13.035 98.01 -2.31
      vertex 19.965 97.7525 -2.28464
      vertex 19.965 98.01 -2.31
    endloop
  endfacet
  facet normal 0 0.0980113 0.995185
    outer loop
      vertex 19.965 97.7525 -2.28464
      vertex 13.035 98.01 -2.31
      vertex 13.035 97.7525 -2.28464
    endloop
  endfacet
  facet normal 0 0.995171 0.0981568
    outer loop
      vertex 19.965 96.7154 -1.24752
      vertex 13.035 96.69 -0.99
      vertex 19.965 96.69 -0.99
    endloop
  endfacet
  facet normal 0 0.995171 0.0981568
    outer loop
      vertex 13.035 96.69 -0.99
      vertex 19.965 96.7154 -1.24752
      vertex 13.035 96.7154 -1.24752
    endloop
  endfacet
  facet normal 0 0.290307 -0.956934
    outer loop
      vertex 13.035 97.5049 0.229521
      vertex 19.965 97.7525 0.304636
      vertex 19.965 97.5049 0.229521
    endloop
  endfacet
  facet normal 0 0.290307 -0.956934
    outer loop
      vertex 19.965 97.7525 0.304636
      vertex 13.035 97.5049 0.229521
      vertex 13.035 97.7525 0.304636
    endloop
  endfacet
  facet normal 0 -0.290781 -0.95679
    outer loop
      vertex 13.035 98.4967 0.235113
      vertex 19.965 98.5151 0.229521
      vertex 19.965 98.4967 0.235113
    endloop
  endfacet
  facet normal -0 -0.290781 -0.95679
    outer loop
      vertex 19.965 98.5151 0.229521
      vertex 13.035 98.4967 0.235113
      vertex 13.035 98.5151 0.229521
    endloop
  endfacet
  facet normal 0 0.956806 0.290728
    outer loop
      vertex 19.965 96.7905 -1.49514
      vertex 13.035 96.7849 -1.47671
      vertex 19.965 96.7849 -1.47671
    endloop
  endfacet
  facet normal 0 0.956806 0.290728
    outer loop
      vertex 13.035 96.7849 -1.47671
      vertex 19.965 96.7905 -1.49514
      vertex 13.035 96.7905 -1.49514
    endloop
  endfacet
  facet normal 0 0.956959 0.290224
    outer loop
      vertex 19.965 96.7526 -1.37018
      vertex 13.035 96.7154 -1.24752
      vertex 19.965 96.7154 -1.24752
    endloop
  endfacet
  facet normal 0 0.956959 0.290224
    outer loop
      vertex 13.035 96.7154 -1.24752
      vertex 19.965 96.7526 -1.37018
      vertex 13.035 96.7526 -1.37018
    endloop
  endfacet
  facet normal 0 -0.881565 -0.472063
    outer loop
      vertex 13.035 99.2295 -0.484858
      vertex 19.965 99.2204 -0.467864
      vertex 13.035 99.2204 -0.467864
    endloop
  endfacet
  facet normal 0 -0.881565 -0.472063
    outer loop
      vertex 19.965 99.2204 -0.467864
      vertex 13.035 99.2295 -0.484858
      vertex 19.965 99.2295 -0.484858
    endloop
  endfacet
  facet normal 0 0.956957 -0.290229
    outer loop
      vertex 19.965 96.7154 -0.732481
      vertex 13.035 96.7905 -0.484858
      vertex 19.965 96.7905 -0.484858
    endloop
  endfacet
  facet normal 0 0.956957 -0.290229
    outer loop
      vertex 13.035 96.7905 -0.484858
      vertex 19.965 96.7154 -0.732481
      vertex 13.035 96.7154 -0.732481
    endloop
  endfacet
  facet normal 0 -0.290686 0.956819
    outer loop
      vertex 13.035 98.5151 -2.20952
      vertex 19.965 98.4967 -2.21511
      vertex 19.965 98.5151 -2.20952
    endloop
  endfacet
  facet normal 0 -0.290686 0.956819
    outer loop
      vertex 19.965 98.4967 -2.21511
      vertex 13.035 98.5151 -2.20952
      vertex 13.035 98.4967 -2.21511
    endloop
  endfacet
  facet normal 0 -0.0986626 -0.995121
    outer loop
      vertex 13.035 98.01 0.33
      vertex 19.965 98.0182 0.329187
      vertex 19.965 98.01 0.33
    endloop
  endfacet
  facet normal -0 -0.0986626 -0.995121
    outer loop
      vertex 19.965 98.0182 0.329187
      vertex 13.035 98.01 0.33
      vertex 13.035 98.0182 0.329187
    endloop
  endfacet
  facet normal 0 -0.0983021 0.995157
    outer loop
      vertex 13.035 98.0182 -2.30919
      vertex 19.965 98.01 -2.31
      vertex 19.965 98.0182 -2.30919
    endloop
  endfacet
  facet normal 0 -0.0983021 0.995157
    outer loop
      vertex 19.965 98.01 -2.31
      vertex 13.035 98.0182 -2.30919
      vertex 13.035 98.01 -2.31
    endloop
  endfacet
  facet normal 0 0.773036 0.634362
    outer loop
      vertex 19.965 97.0766 -1.92338
      vertex 13.035 97.0207 -1.85526
      vertex 19.965 97.0207 -1.85526
    endloop
  endfacet
  facet normal 0 0.773036 0.634362
    outer loop
      vertex 13.035 97.0207 -1.85526
      vertex 19.965 97.0766 -1.92338
      vertex 13.035 97.0766 -1.92338
    endloop
  endfacet
  facet normal 0 0.773122 -0.634258
    outer loop
      vertex 19.965 96.9125 -0.256647
      vertex 13.035 97.0766 -0.056619
      vertex 19.965 97.0766 -0.056619
    endloop
  endfacet
  facet normal 0 0.773122 -0.634258
    outer loop
      vertex 13.035 97.0766 -0.056619
      vertex 19.965 96.9125 -0.256647
      vertex 13.035 96.9125 -0.256647
    endloop
  endfacet
  facet normal 0 -0.956832 -0.290641
    outer loop
      vertex 13.035 99.2351 -0.503294
      vertex 19.965 99.2295 -0.484858
      vertex 13.035 99.2295 -0.484858
    endloop
  endfacet
  facet normal 0 -0.956832 -0.290641
    outer loop
      vertex 19.965 99.2295 -0.484858
      vertex 13.035 99.2351 -0.503294
      vertex 19.965 99.2351 -0.503294
    endloop
  endfacet
  facet normal 0 0.881519 0.472149
    outer loop
      vertex 19.965 96.7996 -1.51213
      vertex 13.035 96.7905 -1.49514
      vertex 19.965 96.7905 -1.49514
    endloop
  endfacet
  facet normal 0 0.881519 0.472149
    outer loop
      vertex 13.035 96.7905 -1.49514
      vertex 19.965 96.7996 -1.51213
      vertex 13.035 96.7996 -1.51213
    endloop
  endfacet
  facet normal 0 -0.633617 -0.773647
    outer loop
      vertex 13.035 98.9435 -0.0567009
      vertex 19.965 98.9434 -0.056619
      vertex 13.035 98.9434 -0.056619
    endloop
  endfacet
  facet normal 0 -0.633617 -0.773647
    outer loop
      vertex 19.965 98.9434 -0.056619
      vertex 13.035 98.9435 -0.0567009
      vertex 19.965 98.9435 -0.0567009
    endloop
  endfacet
  facet normal 0 0.881891 -0.471453
    outer loop
      vertex 19.965 96.7905 -0.484858
      vertex 13.035 96.9125 -0.256647
      vertex 19.965 96.9125 -0.256647
    endloop
  endfacet
  facet normal 0 0.881891 -0.471453
    outer loop
      vertex 13.035 96.9125 -0.256647
      vertex 19.965 96.7905 -0.484858
      vertex 13.035 96.7905 -0.484858
    endloop
  endfacet
  facet normal 0 -0.558332 -0.829617
    outer loop
      vertex 13.035 98.9433 -0.0565517
      vertex 19.965 98.9434 -0.056619
      vertex 19.965 98.9433 -0.0565517
    endloop
  endfacet
  facet normal -0 -0.558332 -0.829617
    outer loop
      vertex 19.965 98.9434 -0.056619
      vertex 13.035 98.9433 -0.0565517
      vertex 13.035 98.9434 -0.056619
    endloop
  endfacet
  facet normal 0 0.634447 -0.772966
    outer loop
      vertex 13.035 97.0766 -0.056619
      vertex 19.965 97.2766 0.10754
      vertex 19.965 97.0766 -0.056619
    endloop
  endfacet
  facet normal 0 0.634447 -0.772966
    outer loop
      vertex 19.965 97.2766 0.10754
      vertex 13.035 97.0766 -0.056619
      vertex 13.035 97.2766 0.10754
    endloop
  endfacet
  facet normal 0 0.471253 -0.881998
    outer loop
      vertex 13.035 97.2766 0.10754
      vertex 19.965 97.5049 0.229521
      vertex 19.965 97.2766 0.10754
    endloop
  endfacet
  facet normal 0 0.471253 -0.881998
    outer loop
      vertex 19.965 97.5049 0.229521
      vertex 13.035 97.2766 0.10754
      vertex 13.035 97.5049 0.229521
    endloop
  endfacet
  facet normal 0 -0.471288 -0.881979
    outer loop
      vertex 13.035 98.5151 0.229521
      vertex 19.965 98.5321 0.220437
      vertex 19.965 98.5151 0.229521
    endloop
  endfacet
  facet normal -0 -0.471288 -0.881979
    outer loop
      vertex 19.965 98.5321 0.220437
      vertex 13.035 98.5151 0.229521
      vertex 13.035 98.5321 0.220437
    endloop
  endfacet
  facet normal -0 0.47125 0.882
    outer loop
      vertex 13.035 97.5049 -2.20952
      vertex 19.965 97.2766 -2.08754
      vertex 19.965 97.5049 -2.20952
    endloop
  endfacet
  facet normal 0 0.47125 0.882
    outer loop
      vertex 19.965 97.2766 -2.08754
      vertex 13.035 97.5049 -2.20952
      vertex 13.035 97.2766 -2.08754
    endloop
  endfacet
  facet normal -0 0.634449 0.772965
    outer loop
      vertex 13.035 97.2766 -2.08754
      vertex 19.965 97.0766 -1.92338
      vertex 19.965 97.2766 -2.08754
    endloop
  endfacet
  facet normal 0 0.634449 0.772965
    outer loop
      vertex 19.965 97.0766 -1.92338
      vertex 13.035 97.2766 -2.08754
      vertex 13.035 97.0766 -1.92338
    endloop
  endfacet
  facet normal 0 0.995171 -0.0981572
    outer loop
      vertex 19.965 96.69 -0.99
      vertex 13.035 96.7154 -0.732481
      vertex 19.965 96.7154 -0.732481
    endloop
  endfacet
  facet normal 0 0.995171 -0.0981572
    outer loop
      vertex 13.035 96.7154 -0.732481
      vertex 19.965 96.69 -0.99
      vertex 13.035 96.69 -0.99
    endloop
  endfacet
  facet normal -0 0.290325 0.956928
    outer loop
      vertex 13.035 97.7525 -2.28464
      vertex 19.965 97.5049 -2.20952
      vertex 19.965 97.7525 -2.28464
    endloop
  endfacet
  facet normal 0 0.290325 0.956928
    outer loop
      vertex 19.965 97.5049 -2.20952
      vertex 13.035 97.7525 -2.28464
      vertex 13.035 97.5049 -2.20952
    endloop
  endfacet
  facet normal -1 0 0
    outer loop
      vertex 112.035 98.0017 -3.63
      vertex 112.035 98.0182 -3.62964
      vertex 112.035 98.0182 -3.63
    endloop
  endfacet
  facet normal -1 0 0
    outer loop
      vertex 112.035 98.0182 -3.62964
      vertex 112.035 98.01 -2.31
      vertex 112.035 98.0182 -2.30964
    endloop
  endfacet
  facet normal -1 -0 0
    outer loop
      vertex 112.035 98.0182 -2.30964
      vertex 112.035 98.01 -2.31
      vertex 112.035 98.0182 -2.30919
    endloop
  endfacet
  facet normal -1 -0 0
    outer loop
      vertex 112.035 98.0182 -3.62964
      vertex 112.035 98.0017 -3.63
      vertex 112.035 98.0015 -3.62963
    endloop
  endfacet
  facet normal -1 0 0
    outer loop
      vertex 112.035 98.0182 -3.62964
      vertex 112.035 98.0015 -3.62963
      vertex 112.035 98.01 -2.31
    endloop
  endfacet
  facet normal -1 0 0
    outer loop
      vertex 112.035 97.8374 -3.62246
      vertex 112.035 98.01 -2.31
      vertex 112.035 98.0015 -3.62963
    endloop
  endfacet
  facet normal -1 0 0
    outer loop
      vertex 112.035 97.6662 -3.59992
      vertex 112.035 98.01 -2.31
      vertex 112.035 97.8374 -3.62246
    endloop
  endfacet
  facet normal -1 -0 0
    outer loop
      vertex 112.035 98.01 -2.31
      vertex 112.035 97.6662 -3.59992
      vertex 112.035 97.7525 -2.28464
    endloop
  endfacet
  facet normal -1 0 0
    outer loop
      vertex 112.035 97.4136 -3.54968
      vertex 112.035 97.7525 -2.28464
      vertex 112.035 97.6662 -3.59992
    endloop
  endfacet
  facet normal -1 0 0
    outer loop
      vertex 112.035 97.245 -3.51229
      vertex 112.035 97.7525 -2.28464
      vertex 112.035 97.4136 -3.54968
    endloop
  endfacet
  facet normal -1 -0 0
    outer loop
      vertex 112.035 97.7525 -2.28464
      vertex 112.035 97.245 -3.51229
      vertex 112.035 97.5049 -2.20952
    endloop
  endfacet
  facet normal -1 0 0
    outer loop
      vertex 112.035 97.0802 -3.46035
      vertex 112.035 97.5049 -2.20952
      vertex 112.035 97.245 -3.51229
    endloop
  endfacet
  facet normal -1 0 0
    outer loop
      vertex 112.035 96.9206 -3.39425
      vertex 112.035 97.5049 -2.20952
      vertex 112.035 97.0802 -3.46035
    endloop
  endfacet
  facet normal -1 0 0
    outer loop
      vertex 112.035 96.7674 -3.31449
      vertex 112.035 97.5049 -2.20952
      vertex 112.035 96.9206 -3.39425
    endloop
  endfacet
  facet normal -1 -0 0
    outer loop
      vertex 112.035 97.5049 -2.20952
      vertex 112.035 96.7674 -3.31449
      vertex 112.035 97.2766 -2.08754
    endloop
  endfacet
  facet normal -1 0 0
    outer loop
      vertex 112.035 96.6217 -3.22168
      vertex 112.035 97.2766 -2.08754
      vertex 112.035 96.7674 -3.31449
    endloop
  endfacet
  facet normal -1 0 0
    outer loop
      vertex 112.035 96.4076 -3.07861
      vertex 112.035 97.2766 -2.08754
      vertex 112.035 96.6217 -3.22168
    endloop
  endfacet
  facet normal -1 -0 0
    outer loop
      vertex 112.035 97.2766 -2.08754
      vertex 112.035 96.4076 -3.07861
      vertex 112.035 97.0766 -1.92338
    endloop
  endfacet
  facet normal -1 0 0
    outer loop
      vertex 112.035 96.2706 -2.97345
      vertex 112.035 97.0766 -1.92338
      vertex 112.035 96.4076 -3.07861
    endloop
  endfacet
  facet normal -1 0 0
    outer loop
      vertex 112.035 96.1432 -2.85676
      vertex 112.035 97.0766 -1.92338
      vertex 112.035 96.2706 -2.97345
    endloop
  endfacet
  facet normal -1 -0 0
    outer loop
      vertex 112.035 97.0766 -1.92338
      vertex 112.035 96.1432 -2.85676
      vertex 112.035 97.0306 -1.87317
    endloop
  endfacet
  facet normal -1 0 0
    outer loop
      vertex 112.035 96.0265 -2.72941
      vertex 112.035 97.0306 -1.87317
      vertex 112.035 96.1432 -2.85676
    endloop
  endfacet
  facet normal -1 -0 0
    outer loop
      vertex 112.035 97.0306 -1.87317
      vertex 112.035 96.0265 -2.72941
      vertex 112.035 96.9599 -1.79603
    endloop
  endfacet
  facet normal -1 0 0
    outer loop
      vertex 112.035 95.9214 -2.59237
      vertex 112.035 96.9599 -1.79603
      vertex 112.035 96.0265 -2.72941
    endloop
  endfacet
  facet normal -1 -0 0
    outer loop
      vertex 112.035 96.9599 -1.79603
      vertex 112.035 95.9214 -2.59237
      vertex 112.035 96.9003 -1.7183
    endloop
  endfacet
  facet normal -1 0 0
    outer loop
      vertex 112.035 95.7783 -2.37825
      vertex 112.035 96.9003 -1.7183
      vertex 112.035 95.9214 -2.59237
    endloop
  endfacet
  facet normal -1 -0 0
    outer loop
      vertex 112.035 96.9003 -1.7183
      vertex 112.035 95.7783 -2.37825
      vertex 112.035 96.8253 -1.57421
    endloop
  endfacet
  facet normal -1 0 0
    outer loop
      vertex 112.035 95.6855 -2.23257
      vertex 112.035 96.8253 -1.57421
      vertex 112.035 95.7783 -2.37825
    endloop
  endfacet
  facet normal -1 0 0
    outer loop
      vertex 112.035 99.8925 -2.75934
      vertex 112.035 99.8925 -2.25419
      vertex 112.035 99.9427 -2.50676
    endloop
  endfacet
  facet normal -1 0 0
    outer loop
      vertex 112.035 99.7494 -2.97345
      vertex 112.035 99.8925 -2.25419
      vertex 112.035 99.8925 -2.75934
    endloop
  endfacet
  facet normal -1 0 0
    outer loop
      vertex 112.035 99.7494 -2.97345
      vertex 112.035 99.7494 -2.04008
      vertex 112.035 99.8925 -2.25419
    endloop
  endfacet
  facet normal -1 0 0
    outer loop
      vertex 112.035 99.6124 -3.07861
      vertex 112.035 99.7494 -2.04008
      vertex 112.035 99.7494 -2.97345
    endloop
  endfacet
  facet normal -1 0 0
    outer loop
      vertex 112.035 99.6124 -3.07861
      vertex 112.035 99.5353 -1.89701
      vertex 112.035 99.7494 -2.04008
    endloop
  endfacet
  facet normal -1 0 0
    outer loop
      vertex 112.035 98.7383 -2.09972
      vertex 112.035 99.6124 -3.07861
      vertex 112.035 99.3982 -3.22168
    endloop
  endfacet
  facet normal -1 0 0
    outer loop
      vertex 112.035 99.6124 -3.07861
      vertex 112.035 98.816 -2.04008
      vertex 112.035 99.5353 -1.89701
    endloop
  endfacet
  facet normal -1 0 0
    outer loop
      vertex 112.035 98.7383 -2.09972
      vertex 112.035 99.3982 -3.22168
      vertex 112.035 99.2526 -3.31449
    endloop
  endfacet
  facet normal -1 0 0
    outer loop
      vertex 112.035 98.5942 -2.17472
      vertex 112.035 99.2526 -3.31449
      vertex 112.035 99.0993 -3.39425
    endloop
  endfacet
  facet normal -1 -0 0
    outer loop
      vertex 112.035 99.5353 -1.89701
      vertex 112.035 98.816 -2.04008
      vertex 112.035 99.2827 -1.84676
    endloop
  endfacet
  facet normal -1 0 0
    outer loop
      vertex 112.035 98.5151 -2.20952
      vertex 112.035 99.0993 -3.39425
      vertex 112.035 98.9398 -3.46035
    endloop
  endfacet
  facet normal -1 0 0
    outer loop
      vertex 112.035 99.2827 -1.84676
      vertex 112.035 98.816 -2.04008
      vertex 112.035 99.0301 -1.89701
    endloop
  endfacet
  facet normal -1 0 0
    outer loop
      vertex 112.035 98.4346 -2.24083
      vertex 112.035 98.9398 -3.46035
      vertex 112.035 98.775 -3.51229
    endloop
  endfacet
  facet normal -1 0 0
    outer loop
      vertex 112.035 99.6124 -3.07861
      vertex 112.035 98.7383 -2.09972
      vertex 112.035 98.816 -2.04008
    endloop
  endfacet
  facet normal -1 0 0
    outer loop
      vertex 112.035 98.4346 -2.24083
      vertex 112.035 98.775 -3.51229
      vertex 112.035 98.6064 -3.54968
    endloop
  endfacet
  facet normal -1 0 0
    outer loop
      vertex 112.035 99.2526 -3.31449
      vertex 112.035 98.5942 -2.17472
      vertex 112.035 98.7383 -2.09972
    endloop
  endfacet
  facet normal -1 0 0
    outer loop
      vertex 112.035 99.0993 -3.39425
      vertex 112.035 98.5151 -2.20952
      vertex 112.035 98.5942 -2.17472
    endloop
  endfacet
  facet normal -1 0 0
    outer loop
      vertex 112.035 98.5942 -2.17472
      vertex 112.035 98.5151 -2.20952
      vertex 112.035 98.5321 -2.20044
    endloop
  endfacet
  facet normal -1 0 0
    outer loop
      vertex 112.035 98.9398 -3.46035
      vertex 112.035 98.4346 -2.24083
      vertex 112.035 98.5151 -2.20952
    endloop
  endfacet
  facet normal -1 0 0
    outer loop
      vertex 112.035 98.5151 -2.20952
      vertex 112.035 98.4346 -2.24083
      vertex 112.035 98.4967 -2.21511
    endloop
  endfacet
  facet normal -1 0 0
    outer loop
      vertex 112.035 98.2797 -2.28968
      vertex 112.035 98.6064 -3.54968
      vertex 112.035 98.3538 -3.59992
    endloop
  endfacet
  facet normal -1 0 0
    outer loop
      vertex 112.035 98.6064 -3.54968
      vertex 112.035 98.2797 -2.28968
      vertex 112.035 98.4346 -2.24083
    endloop
  endfacet
  facet normal -1 0 0
    outer loop
      vertex 112.035 98.1826 -2.30246
      vertex 112.035 98.3538 -3.59992
      vertex 112.035 98.1826 -3.62246
    endloop
  endfacet
  facet normal -1 0 0
    outer loop
      vertex 112.035 98.3538 -3.59992
      vertex 112.035 98.1826 -2.30246
      vertex 112.035 98.2797 -2.28968
    endloop
  endfacet
  facet normal -1 0 0
    outer loop
      vertex 112.035 98.0182 -2.30964
      vertex 112.035 98.1826 -3.62246
      vertex 112.035 98.0182 -3.62964
    endloop
  endfacet
  facet normal -1 0 0
    outer loop
      vertex 112.035 98.1826 -3.62246
      vertex 112.035 98.0182 -2.30964
      vertex 112.035 98.1826 -2.30246
    endloop
  endfacet
  facet normal -1 0 0
    outer loop
      vertex 112.035 97.0766 -1.92338
      vertex 112.035 97.0306 -1.87317
      vertex 112.035 97.0207 -1.85526
    endloop
  endfacet
  facet normal -1 0 0
    outer loop
      vertex 112.035 96.7526 -1.37018
      vertex 112.035 96.7353 -1.33896
      vertex 112.035 96.7154 -1.24752
    endloop
  endfacet
  facet normal -1 0 0
    outer loop
      vertex 112.035 98.0182 0.329187
      vertex 112.035 98.01 0.33
      vertex 112.035 98.0182 0.32964
    endloop
  endfacet
  facet normal -1 0 0
    outer loop
      vertex 112.035 100.48 -0.565375
      vertex 112.035 100.48 -0.0602335
      vertex 112.035 100.531 -0.312804
    endloop
  endfacet
  facet normal -1 0 0
    outer loop
      vertex 112.035 99.2608 -0.565375
      vertex 112.035 100.48 -0.0602335
      vertex 112.035 100.48 -0.565375
    endloop
  endfacet
  facet normal -1 0 0
    outer loop
      vertex 112.035 99.2608 -0.565375
      vertex 112.035 100.48 -0.565375
      vertex 112.035 100.337 -0.779495
    endloop
  endfacet
  facet normal -1 0 0
    outer loop
      vertex 112.035 99.2295 -0.484858
      vertex 112.035 100.48 -0.0602335
      vertex 112.035 99.2608 -0.565375
    endloop
  endfacet
  facet normal -1 0 0
    outer loop
      vertex 112.035 99.1947 -0.405788
      vertex 112.035 100.414 0.0993535
      vertex 112.035 99.2295 -0.484858
    endloop
  endfacet
  facet normal -1 0 0
    outer loop
      vertex 112.035 99.2608 -0.565375
      vertex 112.035 100.337 -0.779495
      vertex 112.035 100.123 -0.922561
    endloop
  endfacet
  facet normal -1 -0 0
    outer loop
      vertex 112.035 100.414 0.0993535
      vertex 112.035 99.1947 -0.405788
      vertex 112.035 100.334 0.252571
    endloop
  endfacet
  facet normal -1 -0 0
    outer loop
      vertex 112.035 100.334 0.252571
      vertex 112.035 99.1947 -0.405788
      vertex 112.035 100.242 0.39825
    endloop
  endfacet
  facet normal -1 0 0
    outer loop
      vertex 112.035 99.2608 -0.565375
      vertex 112.035 100.123 -0.922561
      vertex 112.035 99.8706 -0.972804
    endloop
  endfacet
  facet normal -1 0 0
    outer loop
      vertex 112.035 99.2608 -0.565375
      vertex 112.035 99.8706 -0.972804
      vertex 112.035 99.618 -0.922561
    endloop
  endfacet
  facet normal -1 0 0
    outer loop
      vertex 112.035 99.2608 -0.565375
      vertex 112.035 99.618 -0.922561
      vertex 112.035 99.4039 -0.779495
    endloop
  endfacet
  facet normal -1 -0 0
    outer loop
      vertex 112.035 100.48 -0.0602335
      vertex 112.035 99.2295 -0.484858
      vertex 112.035 100.414 0.0993535
    endloop
  endfacet
  facet normal -1 0 0
    outer loop
      vertex 112.035 99.2295 -0.484858
      vertex 112.035 99.2608 -0.565375
      vertex 112.035 99.2351 -0.503294
    endloop
  endfacet
  facet normal -1 0 0
    outer loop
      vertex 112.035 99.1197 -0.261705
      vertex 112.035 100.242 0.39825
      vertex 112.035 99.1947 -0.405788
    endloop
  endfacet
  facet normal -1 0 0
    outer loop
      vertex 112.035 99.1947 -0.405788
      vertex 112.035 99.2295 -0.484858
      vertex 112.035 99.2204 -0.467864
    endloop
  endfacet
  facet normal -1 -0 0
    outer loop
      vertex 112.035 100.242 0.39825
      vertex 112.035 99.1197 -0.261705
      vertex 112.035 100.099 0.61237
    endloop
  endfacet
  facet normal -1 0 0
    outer loop
      vertex 112.035 99.0601 -0.183973
      vertex 112.035 100.099 0.61237
      vertex 112.035 99.1197 -0.261705
    endloop
  endfacet
  facet normal -1 -0 0
    outer loop
      vertex 112.035 100.099 0.61237
      vertex 112.035 99.0601 -0.183973
      vertex 112.035 100.062 0.66
    endloop
  endfacet
  facet normal -1 0 0
    outer loop
      vertex 112.035 98.9435 -0.0567009
      vertex 112.035 100.062 0.66
      vertex 112.035 99.0601 -0.183973
    endloop
  endfacet
  facet normal -1 0 0
    outer loop
      vertex 112.035 98.9434 -0.056619
      vertex 112.035 100.062 0.66
      vertex 112.035 98.9435 -0.0567009
    endloop
  endfacet
  facet normal -1 0 0
    outer loop
      vertex 112.035 98.9433 -0.0565517
      vertex 112.035 100.062 0.66
      vertex 112.035 98.9434 -0.056619
    endloop
  endfacet
  facet normal -1 0 0
    outer loop
      vertex 112.035 98.816 0.0600774
      vertex 112.035 100.062 0.66
      vertex 112.035 98.9433 -0.0565517
    endloop
  endfacet
  facet normal -1 0 0
    outer loop
      vertex 112.035 98.7383 0.119722
      vertex 112.035 100.062 0.66
      vertex 112.035 98.816 0.0600774
    endloop
  endfacet
  facet normal -1 0 0
    outer loop
      vertex 112.035 98.5942 0.194724
      vertex 112.035 100.062 0.66
      vertex 112.035 98.7383 0.119722
    endloop
  endfacet
  facet normal -1 0 0
    outer loop
      vertex 112.035 98.5151 0.229521
      vertex 112.035 98.5942 0.194724
      vertex 112.035 98.5321 0.220437
    endloop
  endfacet
  facet normal -1 0 0
    outer loop
      vertex 112.035 98.5942 0.194724
      vertex 112.035 98.5151 0.229521
      vertex 112.035 100.062 0.66
    endloop
  endfacet
  facet normal -1 0 0
    outer loop
      vertex 112.035 98.4346 0.260829
      vertex 112.035 98.5151 0.229521
      vertex 112.035 98.4967 0.235113
    endloop
  endfacet
  facet normal -1 0 0
    outer loop
      vertex 112.035 98.5151 0.229521
      vertex 112.035 98.4346 0.260829
      vertex 112.035 100.062 0.66
    endloop
  endfacet
  facet normal -1 0 0
    outer loop
      vertex 112.035 98.2797 0.309677
      vertex 112.035 100.062 0.66
      vertex 112.035 98.4346 0.260829
    endloop
  endfacet
  facet normal -1 0 0
    outer loop
      vertex 112.035 98.1826 0.322462
      vertex 112.035 100.062 0.66
      vertex 112.035 98.2797 0.309677
    endloop
  endfacet
  facet normal -1 0 0
    outer loop
      vertex 112.035 98.0182 0.32964
      vertex 112.035 100.062 0.66
      vertex 112.035 98.1826 0.322462
    endloop
  endfacet
  facet normal -1 0 0
    outer loop
      vertex 112.035 98.01 0.33
      vertex 112.035 100.062 0.66
      vertex 112.035 98.0182 0.32964
    endloop
  endfacet
  facet normal -1 0 0
    outer loop
      vertex 112.035 96.36 0.66
      vertex 112.035 98.01 0.33
      vertex 112.035 97.7525 0.304636
    endloop
  endfacet
  facet normal -1 0 0
    outer loop
      vertex 112.035 95.6058 -2.07935
      vertex 112.035 96.8253 -1.57421
      vertex 112.035 95.6855 -2.23257
    endloop
  endfacet
  facet normal -1 0 -0
    outer loop
      vertex 112.035 96.7905 -1.49514
      vertex 112.035 96.8253 -1.57421
      vertex 112.035 95.6058 -2.07935
    endloop
  endfacet
  facet normal -1 0 0
    outer loop
      vertex 112.035 96.8253 -1.57421
      vertex 112.035 96.7905 -1.49514
      vertex 112.035 96.7996 -1.51213
    endloop
  endfacet
  facet normal -1 0 0
    outer loop
      vertex 112.035 96.36 0
      vertex 112.035 96.7905 -0.484858
      vertex 112.035 96.7154 -0.732481
    endloop
  endfacet
  facet normal -1 0 0
    outer loop
      vertex 112.035 96.36 0
      vertex 112.035 96.9125 -0.256647
      vertex 112.035 96.7905 -0.484858
    endloop
  endfacet
  facet normal -1 0 0
    outer loop
      vertex 112.035 96.36 0
      vertex 112.035 97.0766 -0.056619
      vertex 112.035 96.9125 -0.256647
    endloop
  endfacet
  facet normal -1 0 0
    outer loop
      vertex 112.035 96.36 0.66
      vertex 112.035 97.0766 -0.056619
      vertex 112.035 96.36 0
    endloop
  endfacet
  facet normal -1 0 0
    outer loop
      vertex 112.035 97.0766 -0.056619
      vertex 112.035 96.36 0.66
      vertex 112.035 97.2766 0.10754
    endloop
  endfacet
  facet normal -1 0 0
    outer loop
      vertex 112.035 97.2766 0.10754
      vertex 112.035 96.36 0.66
      vertex 112.035 97.5049 0.229521
    endloop
  endfacet
  facet normal -1 0 0
    outer loop
      vertex 112.035 98.01 0.33
      vertex 112.035 96.36 0.66
      vertex 112.035 100.062 0.66
    endloop
  endfacet
  facet normal -1 0 0
    outer loop
      vertex 112.035 97.5049 0.229521
      vertex 112.035 96.36 0.66
      vertex 112.035 97.7525 0.304636
    endloop
  endfacet
  facet normal -1 0 0
    outer loop
      vertex 112.035 95.5396 -1.91977
      vertex 112.035 96.7905 -1.49514
      vertex 112.035 95.6058 -2.07935
    endloop
  endfacet
  facet normal -1 0 -0
    outer loop
      vertex 112.035 96.7592 -1.41463
      vertex 112.035 96.7905 -1.49514
      vertex 112.035 95.5396 -1.91977
    endloop
  endfacet
  facet normal -1 0 0
    outer loop
      vertex 112.035 96.7905 -1.49514
      vertex 112.035 96.7592 -1.41463
      vertex 112.035 96.7849 -1.47671
    endloop
  endfacet
  facet normal -1 0 0
    outer loop
      vertex 112.035 95.4877 -1.75503
      vertex 112.035 96.7592 -1.41463
      vertex 112.035 95.5396 -1.91977
    endloop
  endfacet
  facet normal -1 -0 0
    outer loop
      vertex 112.035 96.7592 -1.41463
      vertex 112.035 95.4877 -1.75503
      vertex 112.035 96.7353 -1.33896
    endloop
  endfacet
  facet normal -1 0 0
    outer loop
      vertex 112.035 95.4503 -1.58639
      vertex 112.035 96.7353 -1.33896
      vertex 112.035 95.4877 -1.75503
    endloop
  endfacet
  facet normal -1 -0 0
    outer loop
      vertex 112.035 96.7353 -1.33896
      vertex 112.035 95.4503 -1.58639
      vertex 112.035 96.7154 -1.24752
    endloop
  endfacet
  facet normal -1 0 0
    outer loop
      vertex 112.035 95.4001 -1.33382
      vertex 112.035 96.7154 -1.24752
      vertex 112.035 95.4503 -1.58639
    endloop
  endfacet
  facet normal -1 -0 0
    outer loop
      vertex 112.035 96.7154 -1.24752
      vertex 112.035 95.4001 -1.33382
      vertex 112.035 96.69 -0.99
    endloop
  endfacet
  facet normal -1 0 0
    outer loop
      vertex 112.035 95.37 -0.99
      vertex 112.035 96.69 -0.99
      vertex 112.035 95.3775 -1.16257
    endloop
  endfacet
  facet normal -1 0 0
    outer loop
      vertex 112.035 95.3775 -1.16257
      vertex 112.035 96.69 -0.99
      vertex 112.035 95.4001 -1.33382
    endloop
  endfacet
  facet normal -1 0 -0
    outer loop
      vertex 112.035 95.4877 -0.224972
      vertex 112.035 96.36 0
      vertex 112.035 95.4503 -0.393607
    endloop
  endfacet
  facet normal -1 0 -0
    outer loop
      vertex 112.035 95.5396 -0.0602335
      vertex 112.035 96.36 0
      vertex 112.035 95.4877 -0.224972
    endloop
  endfacet
  facet normal -1 -0 0
    outer loop
      vertex 112.035 96.36 0
      vertex 112.035 95.5396 -0.0602335
      vertex 112.035 95.5646 0
    endloop
  endfacet
  facet normal -1 0 -0
    outer loop
      vertex 112.035 95.3775 -0.817432
      vertex 112.035 96.69 -0.99
      vertex 112.035 95.37 -0.99
    endloop
  endfacet
  facet normal -1 0 0
    outer loop
      vertex 112.035 96.7154 -0.732481
      vertex 112.035 95.4503 -0.393607
      vertex 112.035 96.36 0
    endloop
  endfacet
  facet normal -1 0 -0
    outer loop
      vertex 112.035 95.4001 -0.646178
      vertex 112.035 96.69 -0.99
      vertex 112.035 95.3775 -0.817432
    endloop
  endfacet
  facet normal -1 0 -0
    outer loop
      vertex 112.035 95.4503 -0.393607
      vertex 112.035 96.7154 -0.732481
      vertex 112.035 95.4001 -0.646178
    endloop
  endfacet
  facet normal -1 0 0
    outer loop
      vertex 112.035 96.69 -0.99
      vertex 112.035 95.4001 -0.646178
      vertex 112.035 96.7154 -0.732481
    endloop
  endfacet
  facet normal 1 0 0
    outer loop
      vertex 118.965 96.7526 -1.37018
      vertex 118.965 96.7154 -1.24752
      vertex 118.965 96.7353 -1.33896
    endloop
  endfacet
  facet normal 1 0 0
    outer loop
      vertex 118.965 97.0766 -1.92338
      vertex 118.965 97.0207 -1.85526
      vertex 118.965 97.0306 -1.87317
    endloop
  endfacet
  facet normal 1 0 0
    outer loop
      vertex 118.965 98.01 -2.31
      vertex 118.965 98.0182 -2.30964
      vertex 118.965 98.0182 -2.30919
    endloop
  endfacet
  facet normal 1 0 0
    outer loop
      vertex 118.965 98.0182 -2.30964
      vertex 118.965 98.01 -2.31
      vertex 118.965 98.0182 -3.62964
    endloop
  endfacet
  facet normal 1 -0 0
    outer loop
      vertex 118.965 98.0015 -3.62963
      vertex 118.965 98.0182 -3.62964
      vertex 118.965 98.01 -2.31
    endloop
  endfacet
  facet normal 1 0 -0
    outer loop
      vertex 118.965 98.0017 -3.63
      vertex 118.965 98.0182 -3.62964
      vertex 118.965 98.0015 -3.62963
    endloop
  endfacet
  facet normal 1 0 0
    outer loop
      vertex 118.965 98.0182 -3.62964
      vertex 118.965 98.0017 -3.63
      vertex 118.965 98.0182 -3.63
    endloop
  endfacet
  facet normal 1 0 0
    outer loop
      vertex 118.965 98.01 -2.31
      vertex 118.965 97.8374 -3.62246
      vertex 118.965 98.0015 -3.62963
    endloop
  endfacet
  facet normal 1 0 0
    outer loop
      vertex 118.965 97.6662 -3.59992
      vertex 118.965 98.01 -2.31
      vertex 118.965 97.7525 -2.28464
    endloop
  endfacet
  facet normal 1 0 0
    outer loop
      vertex 118.965 98.01 -2.31
      vertex 118.965 97.6662 -3.59992
      vertex 118.965 97.8374 -3.62246
    endloop
  endfacet
  facet normal 1 0 0
    outer loop
      vertex 118.965 97.245 -3.51229
      vertex 118.965 97.7525 -2.28464
      vertex 118.965 97.5049 -2.20952
    endloop
  endfacet
  facet normal 1 0 0
    outer loop
      vertex 118.965 97.7525 -2.28464
      vertex 118.965 97.4136 -3.54968
      vertex 118.965 97.6662 -3.59992
    endloop
  endfacet
  facet normal 1 0 0
    outer loop
      vertex 118.965 96.7674 -3.31449
      vertex 118.965 97.5049 -2.20952
      vertex 118.965 97.2766 -2.08754
    endloop
  endfacet
  facet normal 1 0 0
    outer loop
      vertex 118.965 97.7525 -2.28464
      vertex 118.965 97.245 -3.51229
      vertex 118.965 97.4136 -3.54968
    endloop
  endfacet
  facet normal 1 0 0
    outer loop
      vertex 118.965 97.5049 -2.20952
      vertex 118.965 97.0802 -3.46035
      vertex 118.965 97.245 -3.51229
    endloop
  endfacet
  facet normal 1 0 0
    outer loop
      vertex 118.965 96.4076 -3.07861
      vertex 118.965 97.2766 -2.08754
      vertex 118.965 97.0766 -1.92338
    endloop
  endfacet
  facet normal 1 0 0
    outer loop
      vertex 118.965 96.1432 -2.85676
      vertex 118.965 97.0766 -1.92338
      vertex 118.965 97.0306 -1.87317
    endloop
  endfacet
  facet normal 1 0 0
    outer loop
      vertex 118.965 96.0265 -2.72941
      vertex 118.965 97.0306 -1.87317
      vertex 118.965 96.9599 -1.79603
    endloop
  endfacet
  facet normal 1 0 0
    outer loop
      vertex 118.965 97.5049 -2.20952
      vertex 118.965 96.9206 -3.39425
      vertex 118.965 97.0802 -3.46035
    endloop
  endfacet
  facet normal 1 0 0
    outer loop
      vertex 118.965 95.9214 -2.59237
      vertex 118.965 96.9599 -1.79603
      vertex 118.965 96.9003 -1.7183
    endloop
  endfacet
  facet normal 1 0 0
    outer loop
      vertex 118.965 95.7783 -2.37825
      vertex 118.965 96.9003 -1.7183
      vertex 118.965 96.8253 -1.57421
    endloop
  endfacet
  facet normal 1 0 0
    outer loop
      vertex 118.965 96.7905 -1.49514
      vertex 118.965 96.8253 -1.57421
      vertex 118.965 96.7996 -1.51213
    endloop
  endfacet
  facet normal 1 0 0
    outer loop
      vertex 118.965 96.8253 -1.57421
      vertex 118.965 96.7905 -1.49514
      vertex 118.965 95.6058 -2.07935
    endloop
  endfacet
  facet normal 1 0 0
    outer loop
      vertex 118.965 96.7592 -1.41463
      vertex 118.965 96.7905 -1.49514
      vertex 118.965 96.7849 -1.47671
    endloop
  endfacet
  facet normal 1 0 0
    outer loop
      vertex 118.965 97.5049 -2.20952
      vertex 118.965 96.7674 -3.31449
      vertex 118.965 96.9206 -3.39425
    endloop
  endfacet
  facet normal 1 0 0
    outer loop
      vertex 118.965 96.7905 -1.49514
      vertex 118.965 96.7592 -1.41463
      vertex 118.965 95.5396 -1.91977
    endloop
  endfacet
  facet normal 1 0 0
    outer loop
      vertex 118.965 95.4877 -1.75503
      vertex 118.965 96.7592 -1.41463
      vertex 118.965 96.7353 -1.33896
    endloop
  endfacet
  facet normal 1 0 0
    outer loop
      vertex 118.965 95.4503 -1.58639
      vertex 118.965 96.7353 -1.33896
      vertex 118.965 96.7154 -1.24752
    endloop
  endfacet
  facet normal 1 0 0
    outer loop
      vertex 118.965 95.4001 -1.33382
      vertex 118.965 96.7154 -1.24752
      vertex 118.965 96.69 -0.99
    endloop
  endfacet
  facet normal 1 0 0
    outer loop
      vertex 118.965 97.2766 -2.08754
      vertex 118.965 96.6217 -3.22168
      vertex 118.965 96.7674 -3.31449
    endloop
  endfacet
  facet normal 1 0 0
    outer loop
      vertex 118.965 99.8925 -2.25419
      vertex 118.965 99.8925 -2.75934
      vertex 118.965 99.9427 -2.50676
    endloop
  endfacet
  facet normal 1 0 0
    outer loop
      vertex 118.965 99.7494 -2.04008
      vertex 118.965 99.8925 -2.75934
      vertex 118.965 99.8925 -2.25419
    endloop
  endfacet
  facet normal 1 0 0
    outer loop
      vertex 118.965 99.7494 -2.04008
      vertex 118.965 99.7494 -2.97345
      vertex 118.965 99.8925 -2.75934
    endloop
  endfacet
  facet normal 1 0 0
    outer loop
      vertex 118.965 99.7494 -2.04008
      vertex 118.965 99.6124 -3.07861
      vertex 118.965 99.7494 -2.97345
    endloop
  endfacet
  facet normal 1 0 0
    outer loop
      vertex 118.965 99.5353 -1.89701
      vertex 118.965 99.6124 -3.07861
      vertex 118.965 99.7494 -2.04008
    endloop
  endfacet
  facet normal 1 -0 0
    outer loop
      vertex 118.965 98.816 -2.04008
      vertex 118.965 99.6124 -3.07861
      vertex 118.965 99.5353 -1.89701
    endloop
  endfacet
  facet normal 1 0 0
    outer loop
      vertex 118.965 98.816 -2.04008
      vertex 118.965 99.5353 -1.89701
      vertex 118.965 99.2827 -1.84676
    endloop
  endfacet
  facet normal 1 -0 0
    outer loop
      vertex 118.965 98.7383 -2.09972
      vertex 118.965 99.6124 -3.07861
      vertex 118.965 98.816 -2.04008
    endloop
  endfacet
  facet normal 1 0 0
    outer loop
      vertex 118.965 99.6124 -3.07861
      vertex 118.965 98.7383 -2.09972
      vertex 118.965 99.3982 -3.22168
    endloop
  endfacet
  facet normal 1 0 0
    outer loop
      vertex 118.965 98.816 -2.04008
      vertex 118.965 99.2827 -1.84676
      vertex 118.965 99.0301 -1.89701
    endloop
  endfacet
  facet normal 1 0 0
    outer loop
      vertex 118.965 99.3982 -3.22168
      vertex 118.965 98.7383 -2.09972
      vertex 118.965 99.2526 -3.31449
    endloop
  endfacet
  facet normal 1 -0 0
    outer loop
      vertex 118.965 98.5942 -2.17472
      vertex 118.965 99.2526 -3.31449
      vertex 118.965 98.7383 -2.09972
    endloop
  endfacet
  facet normal 1 0 0
    outer loop
      vertex 118.965 99.2526 -3.31449
      vertex 118.965 98.5942 -2.17472
      vertex 118.965 99.0993 -3.39425
    endloop
  endfacet
  facet normal 1 -0 0
    outer loop
      vertex 118.965 98.5151 -2.20952
      vertex 118.965 99.0993 -3.39425
      vertex 118.965 98.5942 -2.17472
    endloop
  endfacet
  facet normal 1 0 0
    outer loop
      vertex 118.965 99.0993 -3.39425
      vertex 118.965 98.5151 -2.20952
      vertex 118.965 98.9398 -3.46035
    endloop
  endfacet
  facet normal 1 -0 0
    outer loop
      vertex 118.965 98.4346 -2.24083
      vertex 118.965 98.9398 -3.46035
      vertex 118.965 98.5151 -2.20952
    endloop
  endfacet
  facet normal 1 0 0
    outer loop
      vertex 118.965 98.5151 -2.20952
      vertex 118.965 98.5942 -2.17472
      vertex 118.965 98.5321 -2.20044
    endloop
  endfacet
  facet normal 1 0 0
    outer loop
      vertex 118.965 98.9398 -3.46035
      vertex 118.965 98.4346 -2.24083
      vertex 118.965 98.775 -3.51229
    endloop
  endfacet
  facet normal 1 0 0
    outer loop
      vertex 118.965 98.4346 -2.24083
      vertex 118.965 98.5151 -2.20952
      vertex 118.965 98.4967 -2.21511
    endloop
  endfacet
  facet normal 1 0 0
    outer loop
      vertex 118.965 98.775 -3.51229
      vertex 118.965 98.4346 -2.24083
      vertex 118.965 98.6064 -3.54968
    endloop
  endfacet
  facet normal 1 -0 0
    outer loop
      vertex 118.965 98.2797 -2.28968
      vertex 118.965 98.6064 -3.54968
      vertex 118.965 98.4346 -2.24083
    endloop
  endfacet
  facet normal 1 0 0
    outer loop
      vertex 118.965 98.6064 -3.54968
      vertex 118.965 98.2797 -2.28968
      vertex 118.965 98.3538 -3.59992
    endloop
  endfacet
  facet normal 1 -0 0
    outer loop
      vertex 118.965 98.1826 -2.30246
      vertex 118.965 98.3538 -3.59992
      vertex 118.965 98.2797 -2.28968
    endloop
  endfacet
  facet normal 1 0 0
    outer loop
      vertex 118.965 98.1826 -2.30246
      vertex 118.965 98.1826 -3.62246
      vertex 118.965 98.3538 -3.59992
    endloop
  endfacet
  facet normal 1 -0 0
    outer loop
      vertex 118.965 98.0182 -2.30964
      vertex 118.965 98.1826 -3.62246
      vertex 118.965 98.1826 -2.30246
    endloop
  endfacet
  facet normal 1 0 0
    outer loop
      vertex 118.965 98.1826 -3.62246
      vertex 118.965 98.0182 -2.30964
      vertex 118.965 98.0182 -3.62964
    endloop
  endfacet
  facet normal 1 0 0
    outer loop
      vertex 118.965 100.48 -0.0602335
      vertex 118.965 100.48 -0.565375
      vertex 118.965 100.531 -0.312804
    endloop
  endfacet
  facet normal 1 0 0
    outer loop
      vertex 118.965 99.2295 -0.484858
      vertex 118.965 100.48 -0.0602335
      vertex 118.965 100.414 0.0993535
    endloop
  endfacet
  facet normal 1 0 0
    outer loop
      vertex 118.965 100.48 -0.0602335
      vertex 118.965 99.2608 -0.565375
      vertex 118.965 100.48 -0.565375
    endloop
  endfacet
  facet normal 1 0 0
    outer loop
      vertex 118.965 99.1947 -0.405788
      vertex 118.965 100.414 0.0993535
      vertex 118.965 100.334 0.252571
    endloop
  endfacet
  facet normal 1 0 0
    outer loop
      vertex 118.965 99.1947 -0.405788
      vertex 118.965 100.334 0.252571
      vertex 118.965 100.242 0.39825
    endloop
  endfacet
  facet normal 1 0 0
    outer loop
      vertex 118.965 100.48 -0.0602335
      vertex 118.965 99.2295 -0.484858
      vertex 118.965 99.2608 -0.565375
    endloop
  endfacet
  facet normal 1 0 0
    outer loop
      vertex 118.965 99.1197 -0.261705
      vertex 118.965 100.242 0.39825
      vertex 118.965 100.099 0.61237
    endloop
  endfacet
  facet normal 1 0 0
    outer loop
      vertex 118.965 99.0601 -0.183973
      vertex 118.965 100.099 0.61237
      vertex 118.965 100.062 0.66
    endloop
  endfacet
  facet normal 1 0 0
    outer loop
      vertex 118.965 100.48 -0.565375
      vertex 118.965 99.2608 -0.565375
      vertex 118.965 100.337 -0.779495
    endloop
  endfacet
  facet normal 1 0 0
    outer loop
      vertex 118.965 100.337 -0.779495
      vertex 118.965 99.2608 -0.565375
      vertex 118.965 100.123 -0.922561
    endloop
  endfacet
  facet normal 1 0 0
    outer loop
      vertex 118.965 100.123 -0.922561
      vertex 118.965 99.2608 -0.565375
      vertex 118.965 99.8706 -0.972804
    endloop
  endfacet
  facet normal 1 0 0
    outer loop
      vertex 118.965 99.8706 -0.972804
      vertex 118.965 99.2608 -0.565375
      vertex 118.965 99.618 -0.922561
    endloop
  endfacet
  facet normal 1 0 0
    outer loop
      vertex 118.965 99.618 -0.922561
      vertex 118.965 99.2608 -0.565375
      vertex 118.965 99.4039 -0.779495
    endloop
  endfacet
  facet normal 1 0 0
    outer loop
      vertex 118.965 99.2608 -0.565375
      vertex 118.965 99.2295 -0.484858
      vertex 118.965 99.2351 -0.503294
    endloop
  endfacet
  facet normal 1 0 0
    outer loop
      vertex 118.965 100.414 0.0993535
      vertex 118.965 99.1947 -0.405788
      vertex 118.965 99.2295 -0.484858
    endloop
  endfacet
  facet normal 1 0 0
    outer loop
      vertex 118.965 99.2295 -0.484858
      vertex 118.965 99.1947 -0.405788
      vertex 118.965 99.2204 -0.467864
    endloop
  endfacet
  facet normal 1 0 0
    outer loop
      vertex 118.965 100.242 0.39825
      vertex 118.965 99.1197 -0.261705
      vertex 118.965 99.1947 -0.405788
    endloop
  endfacet
  facet normal 1 0 0
    outer loop
      vertex 118.965 100.099 0.61237
      vertex 118.965 99.0601 -0.183973
      vertex 118.965 99.1197 -0.261705
    endloop
  endfacet
  facet normal 1 0 0
    outer loop
      vertex 118.965 100.062 0.66
      vertex 118.965 98.9435 -0.0567009
      vertex 118.965 99.0601 -0.183973
    endloop
  endfacet
  facet normal 1 0 0
    outer loop
      vertex 118.965 100.062 0.66
      vertex 118.965 98.9434 -0.056619
      vertex 118.965 98.9435 -0.0567009
    endloop
  endfacet
  facet normal 1 0 0
    outer loop
      vertex 118.965 100.062 0.66
      vertex 118.965 98.9433 -0.0565517
      vertex 118.965 98.9434 -0.056619
    endloop
  endfacet
  facet normal 1 0 0
    outer loop
      vertex 118.965 100.062 0.66
      vertex 118.965 98.816 0.0600774
      vertex 118.965 98.9433 -0.0565517
    endloop
  endfacet
  facet normal 1 0 0
    outer loop
      vertex 118.965 100.062 0.66
      vertex 118.965 98.7383 0.119722
      vertex 118.965 98.816 0.0600774
    endloop
  endfacet
  facet normal 1 0 0
    outer loop
      vertex 118.965 100.062 0.66
      vertex 118.965 98.5942 0.194724
      vertex 118.965 98.7383 0.119722
    endloop
  endfacet
  facet normal 1 -0 0
    outer loop
      vertex 118.965 98.5151 0.229521
      vertex 118.965 98.5942 0.194724
      vertex 118.965 100.062 0.66
    endloop
  endfacet
  facet normal 1 0 0
    outer loop
      vertex 118.965 98.5942 0.194724
      vertex 118.965 98.5151 0.229521
      vertex 118.965 98.5321 0.220437
    endloop
  endfacet
  facet normal 1 -0 0
    outer loop
      vertex 118.965 98.4346 0.260829
      vertex 118.965 98.5151 0.229521
      vertex 118.965 100.062 0.66
    endloop
  endfacet
  facet normal 1 0 0
    outer loop
      vertex 118.965 98.5151 0.229521
      vertex 118.965 98.4346 0.260829
      vertex 118.965 98.4967 0.235113
    endloop
  endfacet
  facet normal 1 0 0
    outer loop
      vertex 118.965 100.062 0.66
      vertex 118.965 98.2797 0.309677
      vertex 118.965 98.4346 0.260829
    endloop
  endfacet
  facet normal 1 0 0
    outer loop
      vertex 118.965 100.062 0.66
      vertex 118.965 98.1826 0.322462
      vertex 118.965 98.2797 0.309677
    endloop
  endfacet
  facet normal 1 0 0
    outer loop
      vertex 118.965 100.062 0.66
      vertex 118.965 98.0182 0.32964
      vertex 118.965 98.1826 0.322462
    endloop
  endfacet
  facet normal 1 0 0
    outer loop
      vertex 118.965 98.0182 0.32964
      vertex 118.965 98.01 0.33
      vertex 118.965 98.0182 0.329187
    endloop
  endfacet
  facet normal 1 0 0
    outer loop
      vertex 118.965 100.062 0.66
      vertex 118.965 98.01 0.33
      vertex 118.965 98.0182 0.32964
    endloop
  endfacet
  facet normal 1 -0 0
    outer loop
      vertex 118.965 96.36 0.66
      vertex 118.965 98.01 0.33
      vertex 118.965 100.062 0.66
    endloop
  endfacet
  facet normal 1 0 0
    outer loop
      vertex 118.965 97.2766 -2.08754
      vertex 118.965 96.4076 -3.07861
      vertex 118.965 96.6217 -3.22168
    endloop
  endfacet
  facet normal 1 0 0
    outer loop
      vertex 118.965 95.4001 -0.646178
      vertex 118.965 96.69 -0.99
      vertex 118.965 96.7154 -0.732481
    endloop
  endfacet
  facet normal 1 0 0
    outer loop
      vertex 118.965 98.01 0.33
      vertex 118.965 96.36 0.66
      vertex 118.965 97.7525 0.304636
    endloop
  endfacet
  facet normal 1 0 0
    outer loop
      vertex 118.965 96.36 0.66
      vertex 118.965 97.5049 0.229521
      vertex 118.965 97.7525 0.304636
    endloop
  endfacet
  facet normal 1 0 0
    outer loop
      vertex 118.965 96.36 0.66
      vertex 118.965 97.2766 0.10754
      vertex 118.965 97.5049 0.229521
    endloop
  endfacet
  facet normal 1 0 0
    outer loop
      vertex 118.965 96.36 0.66
      vertex 118.965 97.0766 -0.056619
      vertex 118.965 97.2766 0.10754
    endloop
  endfacet
  facet normal 1 -0 0
    outer loop
      vertex 118.965 96.36 0
      vertex 118.965 97.0766 -0.056619
      vertex 118.965 96.36 0.66
    endloop
  endfacet
  facet normal 1 0 0
    outer loop
      vertex 118.965 97.0766 -0.056619
      vertex 118.965 96.36 0
      vertex 118.965 96.9125 -0.256647
    endloop
  endfacet
  facet normal 1 0 0
    outer loop
      vertex 118.965 96.9125 -0.256647
      vertex 118.965 96.36 0
      vertex 118.965 96.7905 -0.484858
    endloop
  endfacet
  facet normal 1 0 0
    outer loop
      vertex 118.965 96.7905 -0.484858
      vertex 118.965 96.36 0
      vertex 118.965 96.7154 -0.732481
    endloop
  endfacet
  facet normal 1 -0 0
    outer loop
      vertex 118.965 95.4503 -0.393607
      vertex 118.965 96.7154 -0.732481
      vertex 118.965 96.36 0
    endloop
  endfacet
  facet normal 1 0 0
    outer loop
      vertex 118.965 97.0766 -1.92338
      vertex 118.965 96.2706 -2.97345
      vertex 118.965 96.4076 -3.07861
    endloop
  endfacet
  facet normal 1 0 0
    outer loop
      vertex 118.965 97.0766 -1.92338
      vertex 118.965 96.1432 -2.85676
      vertex 118.965 96.2706 -2.97345
    endloop
  endfacet
  facet normal 1 0 0
    outer loop
      vertex 118.965 97.0306 -1.87317
      vertex 118.965 96.0265 -2.72941
      vertex 118.965 96.1432 -2.85676
    endloop
  endfacet
  facet normal 1 0 0
    outer loop
      vertex 118.965 96.9599 -1.79603
      vertex 118.965 95.9214 -2.59237
      vertex 118.965 96.0265 -2.72941
    endloop
  endfacet
  facet normal 1 0 0
    outer loop
      vertex 118.965 96.9003 -1.7183
      vertex 118.965 95.7783 -2.37825
      vertex 118.965 95.9214 -2.59237
    endloop
  endfacet
  facet normal 1 0 0
    outer loop
      vertex 118.965 96.8253 -1.57421
      vertex 118.965 95.6855 -2.23257
      vertex 118.965 95.7783 -2.37825
    endloop
  endfacet
  facet normal 1 0 0
    outer loop
      vertex 118.965 96.8253 -1.57421
      vertex 118.965 95.6058 -2.07935
      vertex 118.965 95.6855 -2.23257
    endloop
  endfacet
  facet normal 1 0 0
    outer loop
      vertex 118.965 95.5396 -0.0602335
      vertex 118.965 96.36 0
      vertex 118.965 95.5646 0
    endloop
  endfacet
  facet normal 1 0 0
    outer loop
      vertex 118.965 96.36 0
      vertex 118.965 95.5396 -0.0602335
      vertex 118.965 95.4877 -0.224972
    endloop
  endfacet
  facet normal 1 0 0
    outer loop
      vertex 118.965 96.7154 -0.732481
      vertex 118.965 95.4503 -0.393607
      vertex 118.965 95.4001 -0.646178
    endloop
  endfacet
  facet normal 1 0 0
    outer loop
      vertex 118.965 96.36 0
      vertex 118.965 95.4877 -0.224972
      vertex 118.965 95.4503 -0.393607
    endloop
  endfacet
  facet normal 1 0 0
    outer loop
      vertex 118.965 96.7353 -1.33896
      vertex 118.965 95.4503 -1.58639
      vertex 118.965 95.4877 -1.75503
    endloop
  endfacet
  facet normal 1 0 0
    outer loop
      vertex 118.965 96.7905 -1.49514
      vertex 118.965 95.5396 -1.91977
      vertex 118.965 95.6058 -2.07935
    endloop
  endfacet
  facet normal 1 0 0
    outer loop
      vertex 118.965 96.7592 -1.41463
      vertex 118.965 95.4877 -1.75503
      vertex 118.965 95.5396 -1.91977
    endloop
  endfacet
  facet normal 1 0 0
    outer loop
      vertex 118.965 96.69 -0.99
      vertex 118.965 95.4001 -0.646178
      vertex 118.965 95.3775 -0.817432
    endloop
  endfacet
  facet normal 1 0 0
    outer loop
      vertex 118.965 96.7154 -1.24752
      vertex 118.965 95.4001 -1.33382
      vertex 118.965 95.4503 -1.58639
    endloop
  endfacet
  facet normal 1 0 0
    outer loop
      vertex 118.965 96.69 -0.99
      vertex 118.965 95.3775 -0.817432
      vertex 118.965 95.37 -0.99
    endloop
  endfacet
  facet normal 1 0 0
    outer loop
      vertex 118.965 96.69 -0.99
      vertex 118.965 95.3775 -1.16257
      vertex 118.965 95.4001 -1.33382
    endloop
  endfacet
  facet normal 1 0 0
    outer loop
      vertex 118.965 96.69 -0.99
      vertex 118.965 95.37 -0.99
      vertex 118.965 95.3775 -1.16257
    endloop
  endfacet
  facet normal 0 -0.0436202 -0.999048
    outer loop
      vertex 112.035 98.0182 0.32964
      vertex 118.965 98.1826 0.322462
      vertex 118.965 98.0182 0.32964
    endloop
  endfacet
  facet normal -0 -0.0436202 -0.999048
    outer loop
      vertex 118.965 98.1826 0.322462
      vertex 112.035 98.0182 0.32964
      vertex 112.035 98.1826 0.322462
    endloop
  endfacet
  facet normal 0 -0.130542 -0.991443
    outer loop
      vertex 112.035 98.1826 0.322462
      vertex 118.965 98.2797 0.309677
      vertex 118.965 98.1826 0.322462
    endloop
  endfacet
  facet normal -0 -0.130542 -0.991443
    outer loop
      vertex 118.965 98.2797 0.309677
      vertex 112.035 98.1826 0.322462
      vertex 112.035 98.2797 0.309677
    endloop
  endfacet
  facet normal 0 -0.300752 -0.953702
    outer loop
      vertex 112.035 98.2797 0.309677
      vertex 118.965 98.4346 0.260829
      vertex 118.965 98.2797 0.309677
    endloop
  endfacet
  facet normal -0 -0.300752 -0.953702
    outer loop
      vertex 118.965 98.4346 0.260829
      vertex 112.035 98.2797 0.309677
      vertex 112.035 98.4346 0.260829
    endloop
  endfacet
  facet normal 0 -0.382599 -0.923915
    outer loop
      vertex 112.035 98.4346 0.260829
      vertex 118.965 98.4967 0.235113
      vertex 118.965 98.4346 0.260829
    endloop
  endfacet
  facet normal -0 -0.382599 -0.923915
    outer loop
      vertex 118.965 98.4967 0.235113
      vertex 112.035 98.4346 0.260829
      vertex 112.035 98.4967 0.235113
    endloop
  endfacet
  facet normal 0 -0.382561 -0.92393
    outer loop
      vertex 112.035 98.5321 0.220437
      vertex 118.965 98.5942 0.194724
      vertex 118.965 98.5321 0.220437
    endloop
  endfacet
  facet normal -0 -0.382561 -0.92393
    outer loop
      vertex 118.965 98.5942 0.194724
      vertex 112.035 98.5321 0.220437
      vertex 112.035 98.5942 0.194724
    endloop
  endfacet
  facet normal 0 -0.461692 -0.88704
    outer loop
      vertex 112.035 98.5942 0.194724
      vertex 118.965 98.7383 0.119722
      vertex 118.965 98.5942 0.194724
    endloop
  endfacet
  facet normal -0 -0.461692 -0.88704
    outer loop
      vertex 118.965 98.7383 0.119722
      vertex 112.035 98.5942 0.194724
      vertex 112.035 98.7383 0.119722
    endloop
  endfacet
  facet normal 0 -0.608911 -0.793238
    outer loop
      vertex 112.035 98.7383 0.119722
      vertex 118.965 98.816 0.0600774
      vertex 118.965 98.7383 0.119722
    endloop
  endfacet
  facet normal -0 -0.608911 -0.793238
    outer loop
      vertex 118.965 98.816 0.0600774
      vertex 112.035 98.7383 0.119722
      vertex 112.035 98.816 0.0600774
    endloop
  endfacet
  facet normal 0 -0.675528 -0.737335
    outer loop
      vertex 112.035 98.816 0.0600774
      vertex 118.965 98.9433 -0.0565517
      vertex 118.965 98.816 0.0600774
    endloop
  endfacet
  facet normal -0 -0.675528 -0.737335
    outer loop
      vertex 118.965 98.9433 -0.0565517
      vertex 112.035 98.816 0.0600774
      vertex 112.035 98.9433 -0.0565517
    endloop
  endfacet
  facet normal 0 -0.737345 -0.675517
    outer loop
      vertex 112.035 99.0601 -0.183973
      vertex 118.965 98.9435 -0.0567009
      vertex 112.035 98.9435 -0.0567009
    endloop
  endfacet
  facet normal 0 -0.737345 -0.675517
    outer loop
      vertex 118.965 98.9435 -0.0567009
      vertex 112.035 99.0601 -0.183973
      vertex 118.965 99.0601 -0.183973
    endloop
  endfacet
  facet normal 0 -0.793579 -0.608467
    outer loop
      vertex 112.035 99.1197 -0.261705
      vertex 118.965 99.0601 -0.183973
      vertex 112.035 99.0601 -0.183973
    endloop
  endfacet
  facet normal 0 -0.793579 -0.608467
    outer loop
      vertex 118.965 99.0601 -0.183973
      vertex 112.035 99.1197 -0.261705
      vertex 118.965 99.1197 -0.261705
    endloop
  endfacet
  facet normal 0 -0.887023 -0.461725
    outer loop
      vertex 112.035 99.1947 -0.405788
      vertex 118.965 99.1197 -0.261705
      vertex 112.035 99.1197 -0.261705
    endloop
  endfacet
  facet normal 0 -0.887023 -0.461725
    outer loop
      vertex 118.965 99.1197 -0.261705
      vertex 112.035 99.1947 -0.405788
      vertex 118.965 99.1947 -0.405788
    endloop
  endfacet
  facet normal 0 -0.923946 -0.382522
    outer loop
      vertex 112.035 99.2204 -0.467864
      vertex 118.965 99.1947 -0.405788
      vertex 112.035 99.1947 -0.405788
    endloop
  endfacet
  facet normal 0 -0.923946 -0.382522
    outer loop
      vertex 118.965 99.1947 -0.405788
      vertex 112.035 99.2204 -0.467864
      vertex 118.965 99.2204 -0.467864
    endloop
  endfacet
  facet normal 0 -0.923957 -0.382496
    outer loop
      vertex 112.035 99.2608 -0.565375
      vertex 118.965 99.2351 -0.503294
      vertex 112.035 99.2351 -0.503294
    endloop
  endfacet
  facet normal 0 -0.923957 -0.382496
    outer loop
      vertex 118.965 99.2351 -0.503294
      vertex 112.035 99.2608 -0.565375
      vertex 118.965 99.2608 -0.565375
    endloop
  endfacet
  facet normal 0 -0.831417 -0.55565
    outer loop
      vertex 112.035 99.4039 -0.779495
      vertex 118.965 99.2608 -0.565375
      vertex 112.035 99.2608 -0.565375
    endloop
  endfacet
  facet normal 0 -0.831417 -0.55565
    outer loop
      vertex 118.965 99.2608 -0.565375
      vertex 112.035 99.4039 -0.779495
      vertex 118.965 99.4039 -0.779495
    endloop
  endfacet
  facet normal 0 -0.555594 -0.831454
    outer loop
      vertex 112.035 99.4039 -0.779495
      vertex 118.965 99.618 -0.922561
      vertex 118.965 99.4039 -0.779495
    endloop
  endfacet
  facet normal -0 -0.555594 -0.831454
    outer loop
      vertex 118.965 99.618 -0.922561
      vertex 112.035 99.4039 -0.779495
      vertex 112.035 99.618 -0.922561
    endloop
  endfacet
  facet normal 0 -0.195082 -0.980787
    outer loop
      vertex 112.035 99.618 -0.922561
      vertex 118.965 99.8706 -0.972804
      vertex 118.965 99.618 -0.922561
    endloop
  endfacet
  facet normal -0 -0.195082 -0.980787
    outer loop
      vertex 118.965 99.8706 -0.972804
      vertex 112.035 99.618 -0.922561
      vertex 112.035 99.8706 -0.972804
    endloop
  endfacet
  facet normal 0 0.195231 -0.980757
    outer loop
      vertex 112.035 99.8706 -0.972804
      vertex 118.965 100.123 -0.922561
      vertex 118.965 99.8706 -0.972804
    endloop
  endfacet
  facet normal 0 0.195231 -0.980757
    outer loop
      vertex 118.965 100.123 -0.922561
      vertex 112.035 99.8706 -0.972804
      vertex 112.035 100.123 -0.922561
    endloop
  endfacet
  facet normal 0 0.555774 -0.831334
    outer loop
      vertex 112.035 100.123 -0.922561
      vertex 118.965 100.337 -0.779495
      vertex 118.965 100.123 -0.922561
    endloop
  endfacet
  facet normal 0 0.555774 -0.831334
    outer loop
      vertex 118.965 100.337 -0.779495
      vertex 112.035 100.123 -0.922561
      vertex 112.035 100.337 -0.779495
    endloop
  endfacet
  facet normal 0 0.831596 -0.555381
    outer loop
      vertex 118.965 100.337 -0.779495
      vertex 112.035 100.48 -0.565375
      vertex 118.965 100.48 -0.565375
    endloop
  endfacet
  facet normal 0 0.831596 -0.555381
    outer loop
      vertex 112.035 100.48 -0.565375
      vertex 118.965 100.337 -0.779495
      vertex 112.035 100.337 -0.779495
    endloop
  endfacet
  facet normal 0 0.980216 -0.197929
    outer loop
      vertex 118.965 100.48 -0.565375
      vertex 112.035 100.531 -0.312804
      vertex 118.965 100.531 -0.312804
    endloop
  endfacet
  facet normal 0 0.980216 -0.197929
    outer loop
      vertex 112.035 100.531 -0.312804
      vertex 118.965 100.48 -0.565375
      vertex 112.035 100.48 -0.565375
    endloop
  endfacet
  facet normal 0 0.980216 0.197929
    outer loop
      vertex 118.965 100.531 -0.312804
      vertex 112.035 100.48 -0.0602335
      vertex 118.965 100.48 -0.0602335
    endloop
  endfacet
  facet normal 0 0.980216 0.197929
    outer loop
      vertex 112.035 100.48 -0.0602335
      vertex 118.965 100.531 -0.312804
      vertex 112.035 100.531 -0.312804
    endloop
  endfacet
  facet normal 0 0.92409 0.382174
    outer loop
      vertex 118.965 100.48 -0.0602335
      vertex 112.035 100.414 0.0993535
      vertex 118.965 100.414 0.0993535
    endloop
  endfacet
  facet normal 0 0.92409 0.382174
    outer loop
      vertex 112.035 100.414 0.0993535
      vertex 118.965 100.48 -0.0602335
      vertex 112.035 100.48 -0.0602335
    endloop
  endfacet
  facet normal 0 0.886441 0.462841
    outer loop
      vertex 118.965 100.414 0.0993535
      vertex 112.035 100.334 0.252571
      vertex 118.965 100.334 0.252571
    endloop
  endfacet
  facet normal 0 0.886441 0.462841
    outer loop
      vertex 112.035 100.334 0.252571
      vertex 118.965 100.414 0.0993535
      vertex 112.035 100.414 0.0993535
    endloop
  endfacet
  facet normal 0 0.845509 0.533961
    outer loop
      vertex 118.965 100.334 0.252571
      vertex 112.035 100.242 0.39825
      vertex 118.965 100.242 0.39825
    endloop
  endfacet
  facet normal 0 0.845509 0.533961
    outer loop
      vertex 112.035 100.242 0.39825
      vertex 118.965 100.334 0.252571
      vertex 112.035 100.334 0.252571
    endloop
  endfacet
  facet normal 0 0.831596 0.555381
    outer loop
      vertex 118.965 100.242 0.39825
      vertex 112.035 100.099 0.61237
      vertex 118.965 100.099 0.61237
    endloop
  endfacet
  facet normal 0 0.831596 0.555381
    outer loop
      vertex 112.035 100.099 0.61237
      vertex 118.965 100.242 0.39825
      vertex 112.035 100.242 0.39825
    endloop
  endfacet
  facet normal 0 0.789718 0.61347
    outer loop
      vertex 118.965 100.099 0.61237
      vertex 112.035 100.062 0.66
      vertex 118.965 100.062 0.66
    endloop
  endfacet
  facet normal 0 0.789718 0.61347
    outer loop
      vertex 112.035 100.062 0.66
      vertex 118.965 100.099 0.61237
      vertex 112.035 100.099 0.61237
    endloop
  endfacet
  facet normal 0 -0.923606 0.383344
    outer loop
      vertex 112.035 95.5396 -0.0602335
      vertex 118.965 95.5646 0
      vertex 112.035 95.5646 0
    endloop
  endfacet
  facet normal 0 -0.923606 0.383344
    outer loop
      vertex 118.965 95.5646 0
      vertex 112.035 95.5396 -0.0602335
      vertex 118.965 95.5396 -0.0602335
    endloop
  endfacet
  facet normal 0 -0.953786 0.300485
    outer loop
      vertex 112.035 95.4877 -0.224972
      vertex 118.965 95.5396 -0.0602335
      vertex 112.035 95.5396 -0.0602335
    endloop
  endfacet
  facet normal 0 -0.953786 0.300485
    outer loop
      vertex 118.965 95.5396 -0.0602335
      vertex 112.035 95.4877 -0.224972
      vertex 118.965 95.4877 -0.224972
    endloop
  endfacet
  facet normal 0 -0.976278 0.21652
    outer loop
      vertex 112.035 95.4503 -0.393607
      vertex 118.965 95.4877 -0.224972
      vertex 112.035 95.4877 -0.224972
    endloop
  endfacet
  facet normal 0 -0.976278 0.21652
    outer loop
      vertex 118.965 95.4877 -0.224972
      vertex 112.035 95.4503 -0.393607
      vertex 118.965 95.4503 -0.393607
    endloop
  endfacet
  facet normal 0 -0.980815 0.194943
    outer loop
      vertex 112.035 95.4001 -0.646178
      vertex 118.965 95.4503 -0.393607
      vertex 112.035 95.4503 -0.393607
    endloop
  endfacet
  facet normal 0 -0.980815 0.194943
    outer loop
      vertex 118.965 95.4503 -0.393607
      vertex 112.035 95.4001 -0.646178
      vertex 118.965 95.4001 -0.646178
    endloop
  endfacet
  facet normal 0 -0.991404 0.130833
    outer loop
      vertex 112.035 95.3775 -0.817432
      vertex 118.965 95.4001 -0.646178
      vertex 112.035 95.4001 -0.646178
    endloop
  endfacet
  facet normal 0 -0.991404 0.130833
    outer loop
      vertex 118.965 95.4001 -0.646178
      vertex 112.035 95.3775 -0.817432
      vertex 118.965 95.3775 -0.817432
    endloop
  endfacet
  facet normal 0 -0.999057 0.0434201
    outer loop
      vertex 112.035 95.37 -0.99
      vertex 118.965 95.3775 -0.817432
      vertex 112.035 95.3775 -0.817432
    endloop
  endfacet
  facet normal 0 -0.999057 0.0434201
    outer loop
      vertex 118.965 95.3775 -0.817432
      vertex 112.035 95.37 -0.99
      vertex 118.965 95.37 -0.99
    endloop
  endfacet
  facet normal 0 -0.999057 -0.0434196
    outer loop
      vertex 112.035 95.3775 -1.16257
      vertex 118.965 95.37 -0.99
      vertex 112.035 95.37 -0.99
    endloop
  endfacet
  facet normal 0 -0.999057 -0.0434196
    outer loop
      vertex 118.965 95.37 -0.99
      vertex 112.035 95.3775 -1.16257
      vertex 118.965 95.3775 -1.16257
    endloop
  endfacet
  facet normal 0 -0.991404 -0.130836
    outer loop
      vertex 112.035 95.4001 -1.33382
      vertex 118.965 95.3775 -1.16257
      vertex 112.035 95.3775 -1.16257
    endloop
  endfacet
  facet normal 0 -0.991404 -0.130836
    outer loop
      vertex 118.965 95.3775 -1.16257
      vertex 112.035 95.4001 -1.33382
      vertex 118.965 95.4001 -1.33382
    endloop
  endfacet
  facet normal 0 -0.980814 -0.194944
    outer loop
      vertex 112.035 95.4503 -1.58639
      vertex 118.965 95.4001 -1.33382
      vertex 112.035 95.4001 -1.33382
    endloop
  endfacet
  facet normal 0 -0.980814 -0.194944
    outer loop
      vertex 118.965 95.4001 -1.33382
      vertex 112.035 95.4503 -1.58639
      vertex 118.965 95.4503 -1.58639
    endloop
  endfacet
  facet normal 0 -0.97628 -0.216514
    outer loop
      vertex 112.035 95.4877 -1.75503
      vertex 118.965 95.4503 -1.58639
      vertex 112.035 95.4503 -1.58639
    endloop
  endfacet
  facet normal 0 -0.97628 -0.216514
    outer loop
      vertex 118.965 95.4503 -1.58639
      vertex 112.035 95.4877 -1.75503
      vertex 118.965 95.4877 -1.75503
    endloop
  endfacet
  facet normal 0 -0.953787 -0.300483
    outer loop
      vertex 112.035 95.5396 -1.91977
      vertex 118.965 95.4877 -1.75503
      vertex 112.035 95.4877 -1.75503
    endloop
  endfacet
  facet normal 0 -0.953787 -0.300483
    outer loop
      vertex 118.965 95.4877 -1.75503
      vertex 112.035 95.5396 -1.91977
      vertex 118.965 95.5396 -1.91977
    endloop
  endfacet
  facet normal 0 -0.923675 -0.383176
    outer loop
      vertex 112.035 95.6058 -2.07935
      vertex 118.965 95.5396 -1.91977
      vertex 112.035 95.5396 -1.91977
    endloop
  endfacet
  facet normal 0 -0.923675 -0.383176
    outer loop
      vertex 118.965 95.5396 -1.91977
      vertex 112.035 95.6058 -2.07935
      vertex 118.965 95.6058 -2.07935
    endloop
  endfacet
  facet normal 0 -0.887156 -0.461469
    outer loop
      vertex 112.035 95.6855 -2.23257
      vertex 118.965 95.6058 -2.07935
      vertex 112.035 95.6058 -2.07935
    endloop
  endfacet
  facet normal 0 -0.887156 -0.461469
    outer loop
      vertex 118.965 95.6058 -2.07935
      vertex 112.035 95.6855 -2.23257
      vertex 118.965 95.6855 -2.23257
    endloop
  endfacet
  facet normal 0 -0.843413 -0.537265
    outer loop
      vertex 112.035 95.7783 -2.37825
      vertex 118.965 95.6855 -2.23257
      vertex 112.035 95.6855 -2.23257
    endloop
  endfacet
  facet normal 0 -0.843413 -0.537265
    outer loop
      vertex 118.965 95.6855 -2.23257
      vertex 112.035 95.7783 -2.37825
      vertex 118.965 95.7783 -2.37825
    endloop
  endfacet
  facet normal 0 -0.831417 -0.55565
    outer loop
      vertex 112.035 95.9214 -2.59237
      vertex 118.965 95.7783 -2.37825
      vertex 112.035 95.7783 -2.37825
    endloop
  endfacet
  facet normal 0 -0.831417 -0.55565
    outer loop
      vertex 118.965 95.7783 -2.37825
      vertex 112.035 95.9214 -2.59237
      vertex 118.965 95.9214 -2.59237
    endloop
  endfacet
  facet normal 0 -0.793506 -0.608563
    outer loop
      vertex 112.035 96.0265 -2.72941
      vertex 118.965 95.9214 -2.59237
      vertex 112.035 95.9214 -2.59237
    endloop
  endfacet
  facet normal 0 -0.793506 -0.608563
    outer loop
      vertex 118.965 95.9214 -2.59237
      vertex 112.035 96.0265 -2.72941
      vertex 118.965 96.0265 -2.72941
    endloop
  endfacet
  facet normal 0 -0.737262 -0.675607
    outer loop
      vertex 112.035 96.1432 -2.85676
      vertex 118.965 96.0265 -2.72941
      vertex 112.035 96.0265 -2.72941
    endloop
  endfacet
  facet normal 0 -0.737262 -0.675607
    outer loop
      vertex 118.965 96.0265 -2.72941
      vertex 112.035 96.1432 -2.85676
      vertex 118.965 96.1432 -2.85676
    endloop
  endfacet
  facet normal 0 -0.675431 -0.737423
    outer loop
      vertex 112.035 96.1432 -2.85676
      vertex 118.965 96.2706 -2.97345
      vertex 118.965 96.1432 -2.85676
    endloop
  endfacet
  facet normal -0 -0.675431 -0.737423
    outer loop
      vertex 118.965 96.2706 -2.97345
      vertex 112.035 96.1432 -2.85676
      vertex 112.035 96.2706 -2.97345
    endloop
  endfacet
  facet normal 0 -0.608893 -0.793252
    outer loop
      vertex 112.035 96.2706 -2.97345
      vertex 118.965 96.4076 -3.07861
      vertex 118.965 96.2706 -2.97345
    endloop
  endfacet
  facet normal -0 -0.608893 -0.793252
    outer loop
      vertex 118.965 96.4076 -3.07861
      vertex 112.035 96.2706 -2.97345
      vertex 112.035 96.4076 -3.07861
    endloop
  endfacet
  facet normal 0 -0.555605 -0.831446
    outer loop
      vertex 112.035 96.4076 -3.07861
      vertex 118.965 96.6217 -3.22168
      vertex 118.965 96.4076 -3.07861
    endloop
  endfacet
  facet normal -0 -0.555605 -0.831446
    outer loop
      vertex 118.965 96.6217 -3.22168
      vertex 112.035 96.4076 -3.07861
      vertex 112.035 96.6217 -3.22168
    endloop
  endfacet
  facet normal 0 -0.537254 -0.843421
    outer loop
      vertex 112.035 96.6217 -3.22168
      vertex 118.965 96.7674 -3.31449
      vertex 118.965 96.6217 -3.22168
    endloop
  endfacet
  facet normal -0 -0.537254 -0.843421
    outer loop
      vertex 118.965 96.7674 -3.31449
      vertex 112.035 96.6217 -3.22168
      vertex 112.035 96.7674 -3.31449
    endloop
  endfacet
  facet normal 0 -0.46179 -0.886989
    outer loop
      vertex 112.035 96.7674 -3.31449
      vertex 118.965 96.9206 -3.39425
      vertex 118.965 96.7674 -3.31449
    endloop
  endfacet
  facet normal -0 -0.46179 -0.886989
    outer loop
      vertex 118.965 96.9206 -3.39425
      vertex 112.035 96.7674 -3.31449
      vertex 112.035 96.9206 -3.39425
    endloop
  endfacet
  facet normal 0 -0.382642 -0.923897
    outer loop
      vertex 112.035 96.9206 -3.39425
      vertex 118.965 97.0802 -3.46035
      vertex 118.965 96.9206 -3.39425
    endloop
  endfacet
  facet normal -0 -0.382642 -0.923897
    outer loop
      vertex 118.965 97.0802 -3.46035
      vertex 112.035 96.9206 -3.39425
      vertex 112.035 97.0802 -3.46035
    endloop
  endfacet
  facet normal 0 -0.300594 -0.953752
    outer loop
      vertex 112.035 97.0802 -3.46035
      vertex 118.965 97.245 -3.51229
      vertex 118.965 97.0802 -3.46035
    endloop
  endfacet
  facet normal -0 -0.300594 -0.953752
    outer loop
      vertex 118.965 97.245 -3.51229
      vertex 112.035 97.0802 -3.46035
      vertex 112.035 97.245 -3.51229
    endloop
  endfacet
  facet normal 0 -0.216507 -0.976281
    outer loop
      vertex 112.035 97.245 -3.51229
      vertex 118.965 97.4136 -3.54968
      vertex 118.965 97.245 -3.51229
    endloop
  endfacet
  facet normal -0 -0.216507 -0.976281
    outer loop
      vertex 118.965 97.4136 -3.54968
      vertex 112.035 97.245 -3.51229
      vertex 112.035 97.4136 -3.54968
    endloop
  endfacet
  facet normal 0 -0.195071 -0.980789
    outer loop
      vertex 112.035 97.4136 -3.54968
      vertex 118.965 97.6662 -3.59992
      vertex 118.965 97.4136 -3.54968
    endloop
  endfacet
  facet normal -0 -0.195071 -0.980789
    outer loop
      vertex 118.965 97.6662 -3.59992
      vertex 112.035 97.4136 -3.54968
      vertex 112.035 97.6662 -3.59992
    endloop
  endfacet
  facet normal 0 -0.130532 -0.991444
    outer loop
      vertex 112.035 97.6662 -3.59992
      vertex 118.965 97.8374 -3.62246
      vertex 118.965 97.6662 -3.59992
    endloop
  endfacet
  facet normal -0 -0.130532 -0.991444
    outer loop
      vertex 118.965 97.8374 -3.62246
      vertex 112.035 97.6662 -3.59992
      vertex 112.035 97.8374 -3.62246
    endloop
  endfacet
  facet normal 0 -0.0436512 -0.999047
    outer loop
      vertex 112.035 97.8374 -3.62246
      vertex 118.965 98.0015 -3.62963
      vertex 118.965 97.8374 -3.62246
    endloop
  endfacet
  facet normal -0 -0.0436512 -0.999047
    outer loop
      vertex 118.965 98.0015 -3.62963
      vertex 112.035 97.8374 -3.62246
      vertex 112.035 98.0015 -3.62963
    endloop
  endfacet
  facet normal 0 0.0436324 -0.999048
    outer loop
      vertex 112.035 98.0182 -3.62964
      vertex 118.965 98.1826 -3.62246
      vertex 118.965 98.0182 -3.62964
    endloop
  endfacet
  facet normal 0 0.0436324 -0.999048
    outer loop
      vertex 118.965 98.1826 -3.62246
      vertex 112.035 98.0182 -3.62964
      vertex 112.035 98.1826 -3.62246
    endloop
  endfacet
  facet normal 0 0.130532 -0.991444
    outer loop
      vertex 112.035 98.1826 -3.62246
      vertex 118.965 98.3538 -3.59992
      vertex 118.965 98.1826 -3.62246
    endloop
  endfacet
  facet normal 0 0.130532 -0.991444
    outer loop
      vertex 118.965 98.3538 -3.59992
      vertex 112.035 98.1826 -3.62246
      vertex 112.035 98.3538 -3.59992
    endloop
  endfacet
  facet normal 0 0.195071 -0.980789
    outer loop
      vertex 112.035 98.3538 -3.59992
      vertex 118.965 98.6064 -3.54968
      vertex 118.965 98.3538 -3.59992
    endloop
  endfacet
  facet normal 0 0.195071 -0.980789
    outer loop
      vertex 118.965 98.6064 -3.54968
      vertex 112.035 98.3538 -3.59992
      vertex 112.035 98.6064 -3.54968
    endloop
  endfacet
  facet normal 0 0.216507 -0.976281
    outer loop
      vertex 112.035 98.6064 -3.54968
      vertex 118.965 98.775 -3.51229
      vertex 118.965 98.6064 -3.54968
    endloop
  endfacet
  facet normal 0 0.216507 -0.976281
    outer loop
      vertex 118.965 98.775 -3.51229
      vertex 112.035 98.6064 -3.54968
      vertex 112.035 98.775 -3.51229
    endloop
  endfacet
  facet normal 0 0.300594 -0.953752
    outer loop
      vertex 112.035 98.775 -3.51229
      vertex 118.965 98.9398 -3.46035
      vertex 118.965 98.775 -3.51229
    endloop
  endfacet
  facet normal 0 0.300594 -0.953752
    outer loop
      vertex 118.965 98.9398 -3.46035
      vertex 112.035 98.775 -3.51229
      vertex 112.035 98.9398 -3.46035
    endloop
  endfacet
  facet normal 0 0.382846 -0.923812
    outer loop
      vertex 112.035 98.9398 -3.46035
      vertex 118.965 99.0993 -3.39425
      vertex 118.965 98.9398 -3.46035
    endloop
  endfacet
  facet normal 0 0.382846 -0.923812
    outer loop
      vertex 118.965 99.0993 -3.39425
      vertex 112.035 98.9398 -3.46035
      vertex 112.035 99.0993 -3.39425
    endloop
  endfacet
  facet normal 0 0.461553 -0.887113
    outer loop
      vertex 112.035 99.0993 -3.39425
      vertex 118.965 99.2526 -3.31449
      vertex 118.965 99.0993 -3.39425
    endloop
  endfacet
  facet normal 0 0.461553 -0.887113
    outer loop
      vertex 118.965 99.2526 -3.31449
      vertex 112.035 99.0993 -3.39425
      vertex 112.035 99.2526 -3.31449
    endloop
  endfacet
  facet normal 0 0.537516 -0.843253
    outer loop
      vertex 112.035 99.2526 -3.31449
      vertex 118.965 99.3982 -3.22168
      vertex 118.965 99.2526 -3.31449
    endloop
  endfacet
  facet normal 0 0.537516 -0.843253
    outer loop
      vertex 118.965 99.3982 -3.22168
      vertex 112.035 99.2526 -3.31449
      vertex 112.035 99.3982 -3.22168
    endloop
  endfacet
  facet normal 0 0.555426 -0.831566
    outer loop
      vertex 112.035 99.3982 -3.22168
      vertex 118.965 99.6124 -3.07861
      vertex 118.965 99.3982 -3.22168
    endloop
  endfacet
  facet normal 0 0.555426 -0.831566
    outer loop
      vertex 118.965 99.6124 -3.07861
      vertex 112.035 99.3982 -3.22168
      vertex 112.035 99.6124 -3.07861
    endloop
  endfacet
  facet normal 0 0.608893 -0.793252
    outer loop
      vertex 112.035 99.6124 -3.07861
      vertex 118.965 99.7494 -2.97345
      vertex 118.965 99.6124 -3.07861
    endloop
  endfacet
  facet normal 0 0.608893 -0.793252
    outer loop
      vertex 118.965 99.7494 -2.97345
      vertex 112.035 99.6124 -3.07861
      vertex 112.035 99.7494 -2.97345
    endloop
  endfacet
  facet normal 0 0.831405 -0.555668
    outer loop
      vertex 118.965 99.7494 -2.97345
      vertex 112.035 99.8925 -2.75934
      vertex 118.965 99.8925 -2.75934
    endloop
  endfacet
  facet normal 0 0.831405 -0.555668
    outer loop
      vertex 112.035 99.8925 -2.75934
      vertex 118.965 99.7494 -2.97345
      vertex 112.035 99.7494 -2.97345
    endloop
  endfacet
  facet normal 0 0.980816 -0.194936
    outer loop
      vertex 118.965 99.8925 -2.75934
      vertex 112.035 99.9427 -2.50676
      vertex 118.965 99.9427 -2.50676
    endloop
  endfacet
  facet normal 0 0.980816 -0.194936
    outer loop
      vertex 112.035 99.9427 -2.50676
      vertex 118.965 99.8925 -2.75934
      vertex 112.035 99.8925 -2.75934
    endloop
  endfacet
  facet normal 0 0.980814 0.194944
    outer loop
      vertex 118.965 99.9427 -2.50676
      vertex 112.035 99.8925 -2.25419
      vertex 118.965 99.8925 -2.25419
    endloop
  endfacet
  facet normal 0 0.980814 0.194944
    outer loop
      vertex 112.035 99.8925 -2.25419
      vertex 118.965 99.9427 -2.50676
      vertex 112.035 99.9427 -2.50676
    endloop
  endfacet
  facet normal 0 0.831405 0.555668
    outer loop
      vertex 118.965 99.8925 -2.25419
      vertex 112.035 99.7494 -2.04008
      vertex 118.965 99.7494 -2.04008
    endloop
  endfacet
  facet normal 0 0.831405 0.555668
    outer loop
      vertex 112.035 99.7494 -2.04008
      vertex 118.965 99.8925 -2.25419
      vertex 112.035 99.8925 -2.25419
    endloop
  endfacet
  facet normal -0 0.555605 0.831446
    outer loop
      vertex 112.035 99.7494 -2.04008
      vertex 118.965 99.5353 -1.89701
      vertex 118.965 99.7494 -2.04008
    endloop
  endfacet
  facet normal 0 0.555605 0.831446
    outer loop
      vertex 118.965 99.5353 -1.89701
      vertex 112.035 99.7494 -2.04008
      vertex 112.035 99.5353 -1.89701
    endloop
  endfacet
  facet normal -0 0.195108 0.980782
    outer loop
      vertex 112.035 99.5353 -1.89701
      vertex 118.965 99.2827 -1.84676
      vertex 118.965 99.5353 -1.89701
    endloop
  endfacet
  facet normal 0 0.195108 0.980782
    outer loop
      vertex 118.965 99.2827 -1.84676
      vertex 112.035 99.5353 -1.89701
      vertex 112.035 99.2827 -1.84676
    endloop
  endfacet
  facet normal 0 -0.195108 0.980782
    outer loop
      vertex 112.035 99.2827 -1.84676
      vertex 118.965 99.0301 -1.89701
      vertex 118.965 99.2827 -1.84676
    endloop
  endfacet
  facet normal 0 -0.195108 0.980782
    outer loop
      vertex 118.965 99.0301 -1.89701
      vertex 112.035 99.2827 -1.84676
      vertex 112.035 99.0301 -1.89701
    endloop
  endfacet
  facet normal 0 -0.555605 0.831446
    outer loop
      vertex 112.035 99.0301 -1.89701
      vertex 118.965 98.816 -2.04008
      vertex 118.965 99.0301 -1.89701
    endloop
  endfacet
  facet normal 0 -0.555605 0.831446
    outer loop
      vertex 118.965 98.816 -2.04008
      vertex 112.035 99.0301 -1.89701
      vertex 112.035 98.816 -2.04008
    endloop
  endfacet
  facet normal 0 -0.608882 0.793261
    outer loop
      vertex 112.035 98.816 -2.04008
      vertex 118.965 98.7383 -2.09972
      vertex 118.965 98.816 -2.04008
    endloop
  endfacet
  facet normal 0 -0.608882 0.793261
    outer loop
      vertex 118.965 98.7383 -2.09972
      vertex 112.035 98.816 -2.04008
      vertex 112.035 98.7383 -2.09972
    endloop
  endfacet
  facet normal 0 -0.461682 0.887045
    outer loop
      vertex 112.035 98.7383 -2.09972
      vertex 118.965 98.5942 -2.17472
      vertex 118.965 98.7383 -2.09972
    endloop
  endfacet
  facet normal 0 -0.461682 0.887045
    outer loop
      vertex 118.965 98.5942 -2.17472
      vertex 112.035 98.7383 -2.09972
      vertex 112.035 98.5942 -2.17472
    endloop
  endfacet
  facet normal 0 -0.38265 0.923894
    outer loop
      vertex 112.035 98.4967 -2.21511
      vertex 118.965 98.4346 -2.24083
      vertex 118.965 98.4967 -2.21511
    endloop
  endfacet
  facet normal 0 -0.38265 0.923894
    outer loop
      vertex 118.965 98.4346 -2.24083
      vertex 112.035 98.4967 -2.21511
      vertex 112.035 98.4346 -2.24083
    endloop
  endfacet
  facet normal 0 -0.38265 0.923894
    outer loop
      vertex 112.035 98.5942 -2.17472
      vertex 118.965 98.5321 -2.20044
      vertex 118.965 98.5942 -2.17472
    endloop
  endfacet
  facet normal 0 -0.38265 0.923894
    outer loop
      vertex 118.965 98.5321 -2.20044
      vertex 112.035 98.5942 -2.17472
      vertex 112.035 98.5321 -2.20044
    endloop
  endfacet
  facet normal 0 -0.300763 0.953699
    outer loop
      vertex 112.035 98.4346 -2.24083
      vertex 118.965 98.2797 -2.28968
      vertex 118.965 98.4346 -2.24083
    endloop
  endfacet
  facet normal 0 -0.300763 0.953699
    outer loop
      vertex 118.965 98.2797 -2.28968
      vertex 112.035 98.4346 -2.24083
      vertex 112.035 98.2797 -2.28968
    endloop
  endfacet
  facet normal 0 -0.130491 0.991449
    outer loop
      vertex 112.035 98.2797 -2.28968
      vertex 118.965 98.1826 -2.30246
      vertex 118.965 98.2797 -2.28968
    endloop
  endfacet
  facet normal 0 -0.130491 0.991449
    outer loop
      vertex 118.965 98.1826 -2.30246
      vertex 112.035 98.2797 -2.28968
      vertex 112.035 98.1826 -2.30246
    endloop
  endfacet
  facet normal 0 -0.0436324 0.999048
    outer loop
      vertex 112.035 98.1826 -2.30246
      vertex 118.965 98.0182 -2.30964
      vertex 118.965 98.1826 -2.30246
    endloop
  endfacet
  facet normal 0 -0.0436324 0.999048
    outer loop
      vertex 118.965 98.0182 -2.30964
      vertex 112.035 98.1826 -2.30246
      vertex 112.035 98.0182 -2.30964
    endloop
  endfacet
  facet normal 0 0.73721 0.675664
    outer loop
      vertex 118.965 97.0306 -1.87317
      vertex 112.035 96.9599 -1.79603
      vertex 118.965 96.9599 -1.79603
    endloop
  endfacet
  facet normal 0 0.73721 0.675664
    outer loop
      vertex 112.035 96.9599 -1.79603
      vertex 118.965 97.0306 -1.87317
      vertex 112.035 97.0306 -1.87317
    endloop
  endfacet
  facet normal 0 0.793572 0.608477
    outer loop
      vertex 118.965 96.9599 -1.79603
      vertex 112.035 96.9003 -1.7183
      vertex 118.965 96.9003 -1.7183
    endloop
  endfacet
  facet normal 0 0.793572 0.608477
    outer loop
      vertex 112.035 96.9003 -1.7183
      vertex 118.965 96.9599 -1.79603
      vertex 112.035 96.9599 -1.79603
    endloop
  endfacet
  facet normal 0 0.887032 0.461707
    outer loop
      vertex 118.965 96.9003 -1.7183
      vertex 112.035 96.8253 -1.57421
      vertex 118.965 96.8253 -1.57421
    endloop
  endfacet
  facet normal 0 0.887032 0.461707
    outer loop
      vertex 112.035 96.8253 -1.57421
      vertex 118.965 96.9003 -1.7183
      vertex 112.035 96.9003 -1.7183
    endloop
  endfacet
  facet normal 0 0.923955 0.382501
    outer loop
      vertex 118.965 96.7849 -1.47671
      vertex 112.035 96.7592 -1.41463
      vertex 118.965 96.7592 -1.41463
    endloop
  endfacet
  facet normal 0 0.923955 0.382501
    outer loop
      vertex 112.035 96.7592 -1.41463
      vertex 118.965 96.7849 -1.47671
      vertex 112.035 96.7849 -1.47671
    endloop
  endfacet
  facet normal 0 0.923955 0.382501
    outer loop
      vertex 118.965 96.8253 -1.57421
      vertex 112.035 96.7996 -1.51213
      vertex 118.965 96.7996 -1.51213
    endloop
  endfacet
  facet normal 0 0.923955 0.382501
    outer loop
      vertex 112.035 96.7996 -1.51213
      vertex 118.965 96.8253 -1.57421
      vertex 112.035 96.8253 -1.57421
    endloop
  endfacet
  facet normal 0 0.953567 0.30118
    outer loop
      vertex 118.965 96.7592 -1.41463
      vertex 112.035 96.7353 -1.33896
      vertex 118.965 96.7353 -1.33896
    endloop
  endfacet
  facet normal 0 0.953567 0.30118
    outer loop
      vertex 112.035 96.7353 -1.33896
      vertex 118.965 96.7592 -1.41463
      vertex 112.035 96.7592 -1.41463
    endloop
  endfacet
  facet normal 0 -0.879707 -0.475517
    outer loop
      vertex 112.035 98.0017 -3.63
      vertex 118.965 98.0015 -3.62963
      vertex 112.035 98.0015 -3.62963
    endloop
  endfacet
  facet normal 0 -0.879707 -0.475517
    outer loop
      vertex 118.965 98.0015 -3.62963
      vertex 112.035 98.0017 -3.63
      vertex 118.965 98.0017 -3.63
    endloop
  endfacet
  facet normal 0 -0.874685 -0.484691
    outer loop
      vertex 112.035 96.7526 -1.37018
      vertex 118.965 96.7353 -1.33896
      vertex 112.035 96.7353 -1.33896
    endloop
  endfacet
  facet normal 0 -0.874685 -0.484691
    outer loop
      vertex 118.965 96.7353 -1.33896
      vertex 112.035 96.7526 -1.37018
      vertex 118.965 96.7526 -1.37018
    endloop
  endfacet
  facet normal 0 -0.875193 -0.483775
    outer loop
      vertex 112.035 97.0306 -1.87317
      vertex 118.965 97.0207 -1.85526
      vertex 112.035 97.0207 -1.85526
    endloop
  endfacet
  facet normal 0 -0.875193 -0.483775
    outer loop
      vertex 118.965 97.0207 -1.85526
      vertex 112.035 97.0306 -1.87317
      vertex 118.965 97.0306 -1.87317
    endloop
  endfacet
  facet normal 0 1 -0
    outer loop
      vertex 118.965 98.0182 -3.63
      vertex 112.035 98.0182 -3.62964
      vertex 118.965 98.0182 -3.62964
    endloop
  endfacet
  facet normal 0 1 0
    outer loop
      vertex 112.035 98.0182 -3.62964
      vertex 118.965 98.0182 -3.63
      vertex 112.035 98.0182 -3.63
    endloop
  endfacet
  facet normal 0 1 -0
    outer loop
      vertex 118.965 98.0182 -2.30964
      vertex 112.035 98.0182 -2.30919
      vertex 118.965 98.0182 -2.30919
    endloop
  endfacet
  facet normal 0 1 0
    outer loop
      vertex 112.035 98.0182 -2.30919
      vertex 118.965 98.0182 -2.30964
      vertex 112.035 98.0182 -2.30964
    endloop
  endfacet
  facet normal 0 1 -0
    outer loop
      vertex 118.965 98.0182 0.329187
      vertex 112.035 98.0182 0.32964
      vertex 118.965 98.0182 0.32964
    endloop
  endfacet
  facet normal 0 1 0
    outer loop
      vertex 112.035 98.0182 0.32964
      vertex 118.965 98.0182 0.329187
      vertex 112.035 98.0182 0.329187
    endloop
  endfacet
  facet normal 0 0 -1
    outer loop
      vertex 112.035 98.0017 -3.63
      vertex 118.965 98.0182 -3.63
      vertex 118.965 98.0017 -3.63
    endloop
  endfacet
  facet normal -0 0 -1
    outer loop
      vertex 118.965 98.0182 -3.63
      vertex 112.035 98.0017 -3.63
      vertex 112.035 98.0182 -3.63
    endloop
  endfacet
  facet normal 0 -0.471127 0.882066
    outer loop
      vertex 112.035 98.5321 -2.20044
      vertex 118.965 98.5151 -2.20952
      vertex 118.965 98.5321 -2.20044
    endloop
  endfacet
  facet normal 0 -0.471127 0.882066
    outer loop
      vertex 118.965 98.5151 -2.20952
      vertex 112.035 98.5321 -2.20044
      vertex 112.035 98.5151 -2.20952
    endloop
  endfacet
  facet normal 0 0.0980266 -0.995184
    outer loop
      vertex 112.035 97.7525 0.304636
      vertex 118.965 98.01 0.33
      vertex 118.965 97.7525 0.304636
    endloop
  endfacet
  facet normal 0 0.0980266 -0.995184
    outer loop
      vertex 118.965 98.01 0.33
      vertex 112.035 97.7525 0.304636
      vertex 112.035 98.01 0.33
    endloop
  endfacet
  facet normal -0 0.0980113 0.995185
    outer loop
      vertex 112.035 98.01 -2.31
      vertex 118.965 97.7525 -2.28464
      vertex 118.965 98.01 -2.31
    endloop
  endfacet
  facet normal 0 0.0980113 0.995185
    outer loop
      vertex 118.965 97.7525 -2.28464
      vertex 112.035 98.01 -2.31
      vertex 112.035 97.7525 -2.28464
    endloop
  endfacet
  facet normal 0 0.995171 0.0981568
    outer loop
      vertex 118.965 96.7154 -1.24752
      vertex 112.035 96.69 -0.99
      vertex 118.965 96.69 -0.99
    endloop
  endfacet
  facet normal 0 0.995171 0.0981568
    outer loop
      vertex 112.035 96.69 -0.99
      vertex 118.965 96.7154 -1.24752
      vertex 112.035 96.7154 -1.24752
    endloop
  endfacet
  facet normal 0 0.290307 -0.956934
    outer loop
      vertex 112.035 97.5049 0.229521
      vertex 118.965 97.7525 0.304636
      vertex 118.965 97.5049 0.229521
    endloop
  endfacet
  facet normal 0 0.290307 -0.956934
    outer loop
      vertex 118.965 97.7525 0.304636
      vertex 112.035 97.5049 0.229521
      vertex 112.035 97.7525 0.304636
    endloop
  endfacet
  facet normal 0 -0.290781 -0.95679
    outer loop
      vertex 112.035 98.4967 0.235113
      vertex 118.965 98.5151 0.229521
      vertex 118.965 98.4967 0.235113
    endloop
  endfacet
  facet normal -0 -0.290781 -0.95679
    outer loop
      vertex 118.965 98.5151 0.229521
      vertex 112.035 98.4967 0.235113
      vertex 112.035 98.5151 0.229521
    endloop
  endfacet
  facet normal 0 0.956806 0.290728
    outer loop
      vertex 118.965 96.7905 -1.49514
      vertex 112.035 96.7849 -1.47671
      vertex 118.965 96.7849 -1.47671
    endloop
  endfacet
  facet normal 0 0.956806 0.290728
    outer loop
      vertex 112.035 96.7849 -1.47671
      vertex 118.965 96.7905 -1.49514
      vertex 112.035 96.7905 -1.49514
    endloop
  endfacet
  facet normal 0 0.956959 0.290224
    outer loop
      vertex 118.965 96.7526 -1.37018
      vertex 112.035 96.7154 -1.24752
      vertex 118.965 96.7154 -1.24752
    endloop
  endfacet
  facet normal 0 0.956959 0.290224
    outer loop
      vertex 112.035 96.7154 -1.24752
      vertex 118.965 96.7526 -1.37018
      vertex 112.035 96.7526 -1.37018
    endloop
  endfacet
  facet normal 0 -0.881565 -0.472063
    outer loop
      vertex 112.035 99.2295 -0.484858
      vertex 118.965 99.2204 -0.467864
      vertex 112.035 99.2204 -0.467864
    endloop
  endfacet
  facet normal 0 -0.881565 -0.472063
    outer loop
      vertex 118.965 99.2204 -0.467864
      vertex 112.035 99.2295 -0.484858
      vertex 118.965 99.2295 -0.484858
    endloop
  endfacet
  facet normal 0 0.956957 -0.290229
    outer loop
      vertex 118.965 96.7154 -0.732481
      vertex 112.035 96.7905 -0.484858
      vertex 118.965 96.7905 -0.484858
    endloop
  endfacet
  facet normal 0 0.956957 -0.290229
    outer loop
      vertex 112.035 96.7905 -0.484858
      vertex 118.965 96.7154 -0.732481
      vertex 112.035 96.7154 -0.732481
    endloop
  endfacet
  facet normal 0 -0.290686 0.956819
    outer loop
      vertex 112.035 98.5151 -2.20952
      vertex 118.965 98.4967 -2.21511
      vertex 118.965 98.5151 -2.20952
    endloop
  endfacet
  facet normal 0 -0.290686 0.956819
    outer loop
      vertex 118.965 98.4967 -2.21511
      vertex 112.035 98.5151 -2.20952
      vertex 112.035 98.4967 -2.21511
    endloop
  endfacet
  facet normal 0 -0.0986626 -0.995121
    outer loop
      vertex 112.035 98.01 0.33
      vertex 118.965 98.0182 0.329187
      vertex 118.965 98.01 0.33
    endloop
  endfacet
  facet normal -0 -0.0986626 -0.995121
    outer loop
      vertex 118.965 98.0182 0.329187
      vertex 112.035 98.01 0.33
      vertex 112.035 98.0182 0.329187
    endloop
  endfacet
  facet normal 0 -0.0983021 0.995157
    outer loop
      vertex 112.035 98.0182 -2.30919
      vertex 118.965 98.01 -2.31
      vertex 118.965 98.0182 -2.30919
    endloop
  endfacet
  facet normal 0 -0.0983021 0.995157
    outer loop
      vertex 118.965 98.01 -2.31
      vertex 112.035 98.0182 -2.30919
      vertex 112.035 98.01 -2.31
    endloop
  endfacet
  facet normal 0 0.773036 0.634362
    outer loop
      vertex 118.965 97.0766 -1.92338
      vertex 112.035 97.0207 -1.85526
      vertex 118.965 97.0207 -1.85526
    endloop
  endfacet
  facet normal 0 0.773036 0.634362
    outer loop
      vertex 112.035 97.0207 -1.85526
      vertex 118.965 97.0766 -1.92338
      vertex 112.035 97.0766 -1.92338
    endloop
  endfacet
  facet normal 0 0.773122 -0.634258
    outer loop
      vertex 118.965 96.9125 -0.256647
      vertex 112.035 97.0766 -0.056619
      vertex 118.965 97.0766 -0.056619
    endloop
  endfacet
  facet normal 0 0.773122 -0.634258
    outer loop
      vertex 112.035 97.0766 -0.056619
      vertex 118.965 96.9125 -0.256647
      vertex 112.035 96.9125 -0.256647
    endloop
  endfacet
  facet normal 0 -0.956832 -0.290641
    outer loop
      vertex 112.035 99.2351 -0.503294
      vertex 118.965 99.2295 -0.484858
      vertex 112.035 99.2295 -0.484858
    endloop
  endfacet
  facet normal 0 -0.956832 -0.290641
    outer loop
      vertex 118.965 99.2295 -0.484858
      vertex 112.035 99.2351 -0.503294
      vertex 118.965 99.2351 -0.503294
    endloop
  endfacet
  facet normal 0 0.881519 0.472149
    outer loop
      vertex 118.965 96.7996 -1.51213
      vertex 112.035 96.7905 -1.49514
      vertex 118.965 96.7905 -1.49514
    endloop
  endfacet
  facet normal 0 0.881519 0.472149
    outer loop
      vertex 112.035 96.7905 -1.49514
      vertex 118.965 96.7996 -1.51213
      vertex 112.035 96.7996 -1.51213
    endloop
  endfacet
  facet normal 0 -0.633617 -0.773647
    outer loop
      vertex 112.035 98.9435 -0.0567009
      vertex 118.965 98.9434 -0.056619
      vertex 112.035 98.9434 -0.056619
    endloop
  endfacet
  facet normal 0 -0.633617 -0.773647
    outer loop
      vertex 118.965 98.9434 -0.056619
      vertex 112.035 98.9435 -0.0567009
      vertex 118.965 98.9435 -0.0567009
    endloop
  endfacet
  facet normal 0 0.881891 -0.471453
    outer loop
      vertex 118.965 96.7905 -0.484858
      vertex 112.035 96.9125 -0.256647
      vertex 118.965 96.9125 -0.256647
    endloop
  endfacet
  facet normal 0 0.881891 -0.471453
    outer loop
      vertex 112.035 96.9125 -0.256647
      vertex 118.965 96.7905 -0.484858
      vertex 112.035 96.7905 -0.484858
    endloop
  endfacet
  facet normal 0 -0.558332 -0.829617
    outer loop
      vertex 112.035 98.9433 -0.0565517
      vertex 118.965 98.9434 -0.056619
      vertex 118.965 98.9433 -0.0565517
    endloop
  endfacet
  facet normal -0 -0.558332 -0.829617
    outer loop
      vertex 118.965 98.9434 -0.056619
      vertex 112.035 98.9433 -0.0565517
      vertex 112.035 98.9434 -0.056619
    endloop
  endfacet
  facet normal 0 0.634447 -0.772966
    outer loop
      vertex 112.035 97.0766 -0.056619
      vertex 118.965 97.2766 0.10754
      vertex 118.965 97.0766 -0.056619
    endloop
  endfacet
  facet normal 0 0.634447 -0.772966
    outer loop
      vertex 118.965 97.2766 0.10754
      vertex 112.035 97.0766 -0.056619
      vertex 112.035 97.2766 0.10754
    endloop
  endfacet
  facet normal 0 0.471253 -0.881998
    outer loop
      vertex 112.035 97.2766 0.10754
      vertex 118.965 97.5049 0.229521
      vertex 118.965 97.2766 0.10754
    endloop
  endfacet
  facet normal 0 0.471253 -0.881998
    outer loop
      vertex 118.965 97.5049 0.229521
      vertex 112.035 97.2766 0.10754
      vertex 112.035 97.5049 0.229521
    endloop
  endfacet
  facet normal 0 -0.471288 -0.881979
    outer loop
      vertex 112.035 98.5151 0.229521
      vertex 118.965 98.5321 0.220437
      vertex 118.965 98.5151 0.229521
    endloop
  endfacet
  facet normal -0 -0.471288 -0.881979
    outer loop
      vertex 118.965 98.5321 0.220437
      vertex 112.035 98.5151 0.229521
      vertex 112.035 98.5321 0.220437
    endloop
  endfacet
  facet normal -0 0.47125 0.882
    outer loop
      vertex 112.035 97.5049 -2.20952
      vertex 118.965 97.2766 -2.08754
      vertex 118.965 97.5049 -2.20952
    endloop
  endfacet
  facet normal 0 0.47125 0.882
    outer loop
      vertex 118.965 97.2766 -2.08754
      vertex 112.035 97.5049 -2.20952
      vertex 112.035 97.2766 -2.08754
    endloop
  endfacet
  facet normal -0 0.634449 0.772965
    outer loop
      vertex 112.035 97.2766 -2.08754
      vertex 118.965 97.0766 -1.92338
      vertex 118.965 97.2766 -2.08754
    endloop
  endfacet
  facet normal 0 0.634449 0.772965
    outer loop
      vertex 118.965 97.0766 -1.92338
      vertex 112.035 97.2766 -2.08754
      vertex 112.035 97.0766 -1.92338
    endloop
  endfacet
  facet normal 0 0.995171 -0.0981572
    outer loop
      vertex 118.965 96.69 -0.99
      vertex 112.035 96.7154 -0.732481
      vertex 118.965 96.7154 -0.732481
    endloop
  endfacet
  facet normal 0 0.995171 -0.0981572
    outer loop
      vertex 112.035 96.7154 -0.732481
      vertex 118.965 96.69 -0.99
      vertex 112.035 96.69 -0.99
    endloop
  endfacet
  facet normal -0 0.290325 0.956928
    outer loop
      vertex 112.035 97.7525 -2.28464
      vertex 118.965 97.5049 -2.20952
      vertex 118.965 97.7525 -2.28464
    endloop
  endfacet
  facet normal 0 0.290325 0.956928
    outer loop
      vertex 118.965 97.5049 -2.20952
      vertex 112.035 97.7525 -2.28464
      vertex 112.035 97.5049 -2.20952
    endloop
  endfacet
  facet normal 0 0 1
    outer loop
      vertex 19.965 100.062 0.66
      vertex 13.035 100.062 0.66
      vertex 19.965 96.36 0.66
    endloop
  endfacet
  facet normal 0 0 1
    outer loop
      vertex 118.965 100.062 0.66
      vertex 112.035 100.062 0.66
      vertex 118.965 96.36 0.66
    endloop
  endfacet
  facet normal 0 0 1
    outer loop
      vertex 126.06 96.36 0.66
      vertex 132 90.42 0.66
      vertex 131.886 91.5788 0.66
    endloop
  endfacet
  facet normal 0 0 1
    outer loop
      vertex 126.06 96.36 0.66
      vertex 131.886 91.5788 0.66
      vertex 131.548 92.6931 0.66
    endloop
  endfacet
  facet normal 0 0 1
    outer loop
      vertex 130.26 94.6202 0.66
      vertex 131.548 92.6931 0.66
      vertex 130.999 93.7201 0.66
    endloop
  endfacet
  facet normal 0 0 1
    outer loop
      vertex 132 90.42 0.66
      vertex 130.658 24.1065 0.66
      vertex 132 24.1065 0.66
    endloop
  endfacet
  facet normal 0 0 1
    outer loop
      vertex 132 90.42 0.66
      vertex 118.965 96.36 0.66
      vertex 112.035 96.36 0.66
    endloop
  endfacet
  facet normal 0 0 1
    outer loop
      vertex 126.06 96.36 0.66
      vertex 131.548 92.6931 0.66
      vertex 130.26 94.6202 0.66
    endloop
  endfacet
  facet normal -0 0 1
    outer loop
      vertex 130.658 8.8935 0.66
      vertex 132 5.94 0.66
      vertex 132 8.8935 0.66
    endloop
  endfacet
  facet normal 0 0 1
    outer loop
      vertex 132 5.94 0.66
      vertex 130.658 8.8935 0.66
      vertex 131.886 4.78116 0.66
    endloop
  endfacet
  facet normal 0 0 1
    outer loop
      vertex 131.886 4.78116 0.66
      vertex 130.658 8.8935 0.66
      vertex 131.548 3.66686 0.66
    endloop
  endfacet
  facet normal 0 0 1
    outer loop
      vertex 131.548 3.66686 0.66
      vertex 130.658 8.8935 0.66
      vertex 130.999 2.63991 0.66
    endloop
  endfacet
  facet normal 0 0 1
    outer loop
      vertex 130.658 8.8935 0.66
      vertex 130.26 1.73979 0.66
      vertex 130.999 2.63991 0.66
    endloop
  endfacet
  facet normal 0 0 1
    outer loop
      vertex 132 90.42 0.66
      vertex 112.035 96.36 0.66
      vertex 130.658 24.1065 0.66
    endloop
  endfacet
  facet normal 0 0 1
    outer loop
      vertex 126.06 96.36 0.66
      vertex 130.26 94.6202 0.66
      vertex 129.36 95.3589 0.66
    endloop
  endfacet
  facet normal 0 -0 1
    outer loop
      vertex 126.06 0 0.66
      vertex 130.658 8.8935 0.66
      vertex 119.13 3.96 0.66
    endloop
  endfacet
  facet normal 0 0 1
    outer loop
      vertex 126.06 96.36 0.66
      vertex 129.36 95.3589 0.66
      vertex 128.333 95.9078 0.66
    endloop
  endfacet
  facet normal 0 -0 1
    outer loop
      vertex 127.219 0.114135 0.66
      vertex 130.658 8.8935 0.66
      vertex 126.06 0 0.66
    endloop
  endfacet
  facet normal 0 0 1
    outer loop
      vertex 126.06 96.36 0.66
      vertex 128.333 95.9078 0.66
      vertex 127.219 96.2459 0.66
    endloop
  endfacet
  facet normal 0 0 1
    outer loop
      vertex 130.658 8.8935 0.66
      vertex 129.36 1.00107 0.66
      vertex 130.26 1.73979 0.66
    endloop
  endfacet
  facet normal 0 0 1
    outer loop
      vertex 132 90.42 0.66
      vertex 126.06 96.36 0.66
      vertex 118.965 96.36 0.66
    endloop
  endfacet
  facet normal 0 0 1
    outer loop
      vertex 130.658 8.8935 0.66
      vertex 128.333 0.452155 0.66
      vertex 129.36 1.00107 0.66
    endloop
  endfacet
  facet normal 0 0 1
    outer loop
      vertex 130.658 8.8935 0.66
      vertex 127.219 0.114135 0.66
      vertex 128.333 0.452155 0.66
    endloop
  endfacet
  facet normal 0 0 1
    outer loop
      vertex 111.87 3.96 0.66
      vertex 130.658 24.1065 0.66
      vertex 112.035 96.36 0.66
    endloop
  endfacet
  facet normal 0 0 1
    outer loop
      vertex 112.035 96.36 0.66
      vertex 118.965 96.36 0.66
      vertex 112.035 100.062 0.66
    endloop
  endfacet
  facet normal 0 -0 1
    outer loop
      vertex 119.13 3.96 0.66
      vertex 130.658 24.1065 0.66
      vertex 111.87 3.96 0.66
    endloop
  endfacet
  facet normal 0 0 1
    outer loop
      vertex 130.658 24.1065 0.66
      vertex 119.13 3.96 0.66
      vertex 130.658 8.8935 0.66
    endloop
  endfacet
  facet normal 0 0 1
    outer loop
      vertex 111.87 3.96 0.66
      vertex 20.13 3.96 0.66
      vertex 111.87 1.32 0.66
    endloop
  endfacet
  facet normal 0 0 1
    outer loop
      vertex 112.035 96.36 0.66
      vertex 20.13 3.96 0.66
      vertex 111.87 3.96 0.66
    endloop
  endfacet
  facet normal -0 0 1
    outer loop
      vertex 19.965 96.36 0.66
      vertex 20.13 3.96 0.66
      vertex 112.035 96.36 0.66
    endloop
  endfacet
  facet normal 0 0 1
    outer loop
      vertex 13.035 96.36 0.66
      vertex 19.965 96.36 0.66
      vertex 13.035 100.062 0.66
    endloop
  endfacet
  facet normal 0 0 1
    outer loop
      vertex 1.34186 24.1065 0.66
      vertex 19.965 96.36 0.66
      vertex 13.035 96.36 0.66
    endloop
  endfacet
  facet normal 0 0 1
    outer loop
      vertex 19.965 96.36 0.66
      vertex 1.34186 24.1065 0.66
      vertex 20.13 3.96 0.66
    endloop
  endfacet
  facet normal 0 0 1
    outer loop
      vertex 20.13 3.96 0.66
      vertex 1.34186 24.1065 0.66
      vertex 12.87 3.96 0.66
    endloop
  endfacet
  facet normal 0 0 1
    outer loop
      vertex 1.34186 24.1065 0.66
      vertex 13.035 96.36 0.66
      vertex 5.94 96.36 0.66
    endloop
  endfacet
  facet normal -0 0 1
    outer loop
      vertex 119.13 1.32 0.66
      vertex 126.06 0 0.66
      vertex 119.13 3.96 0.66
    endloop
  endfacet
  facet normal -0 0 1
    outer loop
      vertex 111.87 1.32 0.66
      vertex 126.06 0 0.66
      vertex 119.13 1.32 0.66
    endloop
  endfacet
  facet normal 0 0 1
    outer loop
      vertex 20.13 1.32 0.66
      vertex 111.87 1.32 0.66
      vertex 20.13 3.96 0.66
    endloop
  endfacet
  facet normal 0 0 1
    outer loop
      vertex 111.87 1.32 0.66
      vertex 20.13 1.32 0.66
      vertex 126.06 0 0.66
    endloop
  endfacet
  facet normal 0 0 1
    outer loop
      vertex 5.94 0 0.66
      vertex 20.13 1.32 0.66
      vertex 12.87 1.32 0.66
    endloop
  endfacet
  facet normal 0 0 1
    outer loop
      vertex 20.13 1.32 0.66
      vertex 5.94 0 0.66
      vertex 126.06 0 0.66
    endloop
  endfacet
  facet normal -0 0 1
    outer loop
      vertex 1.34186 8.8935 0.66
      vertex 12.87 3.96 0.66
      vertex 1.34186 24.1065 0.66
    endloop
  endfacet
  facet normal 0 0 1
    outer loop
      vertex 0 90.42 0.66
      vertex 5.94 96.36 0.66
      vertex 4.78116 96.2459 0.66
    endloop
  endfacet
  facet normal 0 -0 1
    outer loop
      vertex 5.94 0 0.66
      vertex 12.87 3.96 0.66
      vertex 1.34186 8.8935 0.66
    endloop
  endfacet
  facet normal 0 0 1
    outer loop
      vertex 0 90.42 0.66
      vertex 4.78116 96.2459 0.66
      vertex 3.66686 95.9078 0.66
    endloop
  endfacet
  facet normal 0 0 1
    outer loop
      vertex 12.87 3.96 0.66
      vertex 5.94 0 0.66
      vertex 12.87 1.32 0.66
    endloop
  endfacet
  facet normal 0 0 1
    outer loop
      vertex 0 90.42 0.66
      vertex 3.66686 95.9078 0.66
      vertex 2.63991 95.3589 0.66
    endloop
  endfacet
  facet normal 0 0 1
    outer loop
      vertex 5.94 0 0.66
      vertex 1.34186 8.8935 0.66
      vertex 4.78116 0.114135 0.66
    endloop
  endfacet
  facet normal 0 0 1
    outer loop
      vertex 0 90.42 0.66
      vertex 2.63991 95.3589 0.66
      vertex 1.73979 94.6202 0.66
    endloop
  endfacet
  facet normal 0 0 1
    outer loop
      vertex 4.78116 0.114135 0.66
      vertex 1.34186 8.8935 0.66
      vertex 3.66686 0.452155 0.66
    endloop
  endfacet
  facet normal 0 0 1
    outer loop
      vertex 3.66686 0.452155 0.66
      vertex 1.34186 8.8935 0.66
      vertex 2.63991 1.00107 0.66
    endloop
  endfacet
  facet normal 0 0 1
    outer loop
      vertex 0 90.42 0.66
      vertex 1.73979 94.6202 0.66
      vertex 1.00107 93.7201 0.66
    endloop
  endfacet
  facet normal 0 0 1
    outer loop
      vertex 0 90.42 0.66
      vertex 1.00107 93.7201 0.66
      vertex 0.452155 92.6931 0.66
    endloop
  endfacet
  facet normal 0 0 1
    outer loop
      vertex 0 90.42 0.66
      vertex 0.452155 92.6931 0.66
      vertex 0.114135 91.5788 0.66
    endloop
  endfacet
  facet normal 0 0 1
    outer loop
      vertex 5.94 96.36 0.66
      vertex 0 90.42 0.66
      vertex 1.34186 24.1065 0.66
    endloop
  endfacet
  facet normal 0 0 1
    outer loop
      vertex 1.34186 24.1065 0.66
      vertex 0 90.42 0.66
      vertex 0 24.1065 0.66
    endloop
  endfacet
  facet normal 0 0 1
    outer loop
      vertex 2.63991 1.00107 0.66
      vertex 1.34186 8.8935 0.66
      vertex 1.73979 1.73979 0.66
    endloop
  endfacet
  facet normal 0 0 1
    outer loop
      vertex 1.34186 8.8935 0.66
      vertex 1.00107 2.63991 0.66
      vertex 1.73979 1.73979 0.66
    endloop
  endfacet
  facet normal 0 0 1
    outer loop
      vertex 1.34186 8.8935 0.66
      vertex 0.452155 3.66686 0.66
      vertex 1.00107 2.63991 0.66
    endloop
  endfacet
  facet normal 0 0 1
    outer loop
      vertex 1.34186 8.8935 0.66
      vertex 0.114135 4.78116 0.66
      vertex 0.452155 3.66686 0.66
    endloop
  endfacet
  facet normal 0 0 1
    outer loop
      vertex 0 5.94 0.66
      vertex 1.34186 8.8935 0.66
      vertex 0 8.8935 0.66
    endloop
  endfacet
  facet normal 0 0 1
    outer loop
      vertex 1.34186 8.8935 0.66
      vertex 0 5.94 0.66
      vertex 0.114135 4.78116 0.66
    endloop
  endfacet
endsolid OpenSCAD_Model
