solid OpenSCAD_Model
  facet normal -0.956941 -0.290282 0
    outer loop
      vertex 5.96512 6.14371 -3.63
      vertex 5.94634 6.20562 0
      vertex 5.94634 6.20562 -3.63
    endloop
  endfacet
  facet normal -0.956941 -0.290282 0
    outer loop
      vertex 5.94634 6.20562 0
      vertex 5.96512 6.14371 -3.63
      vertex 5.96512 6.14371 0
    endloop
  endfacet
  facet normal -0.995186 -0.0980037 0
    outer loop
      vertex 5.94634 6.20562 -3.63
      vertex 5.94 6.27 0
      vertex 5.94 6.27 -3.63
    endloop
  endfacet
  facet normal -0.995186 -0.0980037 0
    outer loop
      vertex 5.94 6.27 0
      vertex 5.94634 6.20562 -3.63
      vertex 5.94634 6.20562 0
    endloop
  endfacet
  facet normal 1 -0 0
    outer loop
      vertex 192.06 6.27 0
      vertex 192.06 125.73 -3.63
      vertex 192.06 125.73 0
    endloop
  endfacet
  facet normal 1 0 0
    outer loop
      vertex 192.06 125.73 -3.63
      vertex 192.06 6.27 0
      vertex 192.06 6.27 -3.63
    endloop
  endfacet
  facet normal 0 1 -0
    outer loop
      vertex 191.73 126.06 -3.63
      vertex 6.27 126.06 0
      vertex 191.73 126.06 0
    endloop
  endfacet
  facet normal 0 1 0
    outer loop
      vertex 6.27 126.06 0
      vertex 191.73 126.06 -3.63
      vertex 6.27 126.06 -3.63
    endloop
  endfacet
  facet normal -0.634373 -0.773027 0
    outer loop
      vertex 6.03665 6.03665 -3.63
      vertex 6.08666 5.99561 0
      vertex 6.03665 6.03665 0
    endloop
  endfacet
  facet normal -0.634373 -0.773027 -0
    outer loop
      vertex 6.08666 5.99561 0
      vertex 6.03665 6.03665 -3.63
      vertex 6.08666 5.99561 -3.63
    endloop
  endfacet
  facet normal 0.477772 0.878484 -0
    outer loop
      vertex 191.913 126.004 -3.63
      vertex 191.856 126.035 0
      vertex 191.913 126.004 0
    endloop
  endfacet
  facet normal 0.477772 0.878484 0
    outer loop
      vertex 191.856 126.035 0
      vertex 191.913 126.004 -3.63
      vertex 191.856 126.035 -3.63
    endloop
  endfacet
  facet normal -0.634004 0.77333 0
    outer loop
      vertex 6.08666 126.004 -3.63
      vertex 6.03665 125.963 0
      vertex 6.08666 126.004 0
    endloop
  endfacet
  facet normal -0.634004 0.77333 0
    outer loop
      vertex 6.03665 125.963 0
      vertex 6.08666 126.004 -3.63
      vertex 6.03665 125.963 -3.63
    endloop
  endfacet
  facet normal 0 0 -1
    outer loop
      vertex 191.73 5.94 -3.63
      vertex 192.06 6.27 -3.63
      vertex 192.054 6.20562 -3.63
    endloop
  endfacet
  facet normal 0 0 -1
    outer loop
      vertex 192.06 6.27 -3.63
      vertex 190.74 7.59 -3.63
      vertex 192.06 125.73 -3.63
    endloop
  endfacet
  facet normal 0 0 -1
    outer loop
      vertex 191.73 5.94 -3.63
      vertex 192.054 6.20562 -3.63
      vertex 192.035 6.14371 -3.63
    endloop
  endfacet
  facet normal 0 0 -1
    outer loop
      vertex 190.74 124.41 -3.63
      vertex 192.06 125.73 -3.63
      vertex 190.74 7.59 -3.63
    endloop
  endfacet
  facet normal 0 0 -1
    outer loop
      vertex 191.73 5.94 -3.63
      vertex 192.035 6.14371 -3.63
      vertex 192.004 6.08666 -3.63
    endloop
  endfacet
  facet normal 0 0 -1
    outer loop
      vertex 190.734 124.474 -3.63
      vertex 192.06 125.73 -3.63
      vertex 190.74 124.41 -3.63
    endloop
  endfacet
  facet normal 0 0 -1
    outer loop
      vertex 191.73 5.94 -3.63
      vertex 192.004 6.08666 -3.63
      vertex 191.963 6.03665 -3.63
    endloop
  endfacet
  facet normal 0 0 -1
    outer loop
      vertex 190.715 124.536 -3.63
      vertex 192.06 125.73 -3.63
      vertex 190.734 124.474 -3.63
    endloop
  endfacet
  facet normal 0 0 -1
    outer loop
      vertex 191.73 5.94 -3.63
      vertex 191.963 6.03665 -3.63
      vertex 191.913 5.99561 -3.63
    endloop
  endfacet
  facet normal 0 0 -1
    outer loop
      vertex 190.684 124.593 -3.63
      vertex 192.06 125.73 -3.63
      vertex 190.715 124.536 -3.63
    endloop
  endfacet
  facet normal 0 0 -1
    outer loop
      vertex 191.73 5.94 -3.63
      vertex 191.913 5.99561 -3.63
      vertex 191.856 5.96512 -3.63
    endloop
  endfacet
  facet normal 0 0 -1
    outer loop
      vertex 190.643 124.643 -3.63
      vertex 192.06 125.73 -3.63
      vertex 190.684 124.593 -3.63
    endloop
  endfacet
  facet normal 0 0 -1
    outer loop
      vertex 191.73 5.94 -3.63
      vertex 191.856 5.96512 -3.63
      vertex 191.794 5.94634 -3.63
    endloop
  endfacet
  facet normal 0 -0 -1
    outer loop
      vertex 191.73 126.06 -3.63
      vertex 192.06 125.73 -3.63
      vertex 190.643 124.643 -3.63
    endloop
  endfacet
  facet normal -0 0 -1
    outer loop
      vertex 192.06 6.27 -3.63
      vertex 191.73 5.94 -3.63
      vertex 190.643 7.35665 -3.63
    endloop
  endfacet
  facet normal 0 0 -1
    outer loop
      vertex 192.054 125.794 -3.63
      vertex 191.73 126.06 -3.63
      vertex 192.035 125.856 -3.63
    endloop
  endfacet
  facet normal 0 0 -1
    outer loop
      vertex 192.035 125.856 -3.63
      vertex 191.73 126.06 -3.63
      vertex 192.004 125.913 -3.63
    endloop
  endfacet
  facet normal 0 0 -1
    outer loop
      vertex 192.06 6.27 -3.63
      vertex 190.734 7.52562 -3.63
      vertex 190.74 7.59 -3.63
    endloop
  endfacet
  facet normal 0 0 -1
    outer loop
      vertex 192.06 6.27 -3.63
      vertex 190.715 7.46371 -3.63
      vertex 190.734 7.52562 -3.63
    endloop
  endfacet
  facet normal 0 0 -1
    outer loop
      vertex 192.06 6.27 -3.63
      vertex 190.684 7.40666 -3.63
      vertex 190.715 7.46371 -3.63
    endloop
  endfacet
  facet normal 0 0 -1
    outer loop
      vertex 192.06 6.27 -3.63
      vertex 190.643 7.35665 -3.63
      vertex 190.684 7.40666 -3.63
    endloop
  endfacet
  facet normal 0 0 -1
    outer loop
      vertex 191.73 5.94 -3.63
      vertex 190.593 7.31561 -3.63
      vertex 190.643 7.35665 -3.63
    endloop
  endfacet
  facet normal 0 0 -1
    outer loop
      vertex 191.73 5.94 -3.63
      vertex 190.536 7.28512 -3.63
      vertex 190.593 7.31561 -3.63
    endloop
  endfacet
  facet normal 0 0 -1
    outer loop
      vertex 191.73 5.94 -3.63
      vertex 190.474 7.26634 -3.63
      vertex 190.536 7.28512 -3.63
    endloop
  endfacet
  facet normal 0 0 -1
    outer loop
      vertex 191.73 5.94 -3.63
      vertex 190.41 7.26 -3.63
      vertex 190.474 7.26634 -3.63
    endloop
  endfacet
  facet normal 0 0 -1
    outer loop
      vertex 191.73 5.94 -3.63
      vertex 7.59 7.26 -3.63
      vertex 190.41 7.26 -3.63
    endloop
  endfacet
  facet normal -0 0 -1
    outer loop
      vertex 7.26634 7.52562 -3.63
      vertex 5.94 6.27 -3.63
      vertex 7.26 7.59 -3.63
    endloop
  endfacet
  facet normal -0 0 -1
    outer loop
      vertex 7.28512 7.46371 -3.63
      vertex 5.94 6.27 -3.63
      vertex 7.26634 7.52562 -3.63
    endloop
  endfacet
  facet normal -0 0 -1
    outer loop
      vertex 7.31561 7.40666 -3.63
      vertex 5.94 6.27 -3.63
      vertex 7.28512 7.46371 -3.63
    endloop
  endfacet
  facet normal -0 0 -1
    outer loop
      vertex 7.35665 7.35665 -3.63
      vertex 5.94 6.27 -3.63
      vertex 7.31561 7.40666 -3.63
    endloop
  endfacet
  facet normal 0 0 -1
    outer loop
      vertex 5.94 6.27 -3.63
      vertex 7.35665 7.35665 -3.63
      vertex 6.27 5.94 -3.63
    endloop
  endfacet
  facet normal -0 0 -1
    outer loop
      vertex 7.40666 7.31561 -3.63
      vertex 6.27 5.94 -3.63
      vertex 7.35665 7.35665 -3.63
    endloop
  endfacet
  facet normal -0 0 -1
    outer loop
      vertex 7.46371 7.28512 -3.63
      vertex 6.27 5.94 -3.63
      vertex 7.40666 7.31561 -3.63
    endloop
  endfacet
  facet normal -0 0 -1
    outer loop
      vertex 7.52562 7.26634 -3.63
      vertex 6.27 5.94 -3.63
      vertex 7.46371 7.28512 -3.63
    endloop
  endfacet
  facet normal -0 0 -1
    outer loop
      vertex 7.59 7.26 -3.63
      vertex 6.27 5.94 -3.63
      vertex 7.52562 7.26634 -3.63
    endloop
  endfacet
  facet normal 0 0 -1
    outer loop
      vertex 6.27 5.94 -3.63
      vertex 7.59 7.26 -3.63
      vertex 191.73 5.94 -3.63
    endloop
  endfacet
  facet normal 0 0 -1
    outer loop
      vertex 192.004 125.913 -3.63
      vertex 191.73 126.06 -3.63
      vertex 191.963 125.963 -3.63
    endloop
  endfacet
  facet normal 0 0 -1
    outer loop
      vertex 191.913 126.004 -3.63
      vertex 191.73 126.06 -3.63
      vertex 191.856 126.035 -3.63
    endloop
  endfacet
  facet normal 0 0 -1
    outer loop
      vertex 191.856 126.035 -3.63
      vertex 191.73 126.06 -3.63
      vertex 191.794 126.054 -3.63
    endloop
  endfacet
  facet normal 0 0 -1
    outer loop
      vertex 191.963 125.963 -3.63
      vertex 191.73 126.06 -3.63
      vertex 191.913 126.004 -3.63
    endloop
  endfacet
  facet normal 0 0 -1
    outer loop
      vertex 192.06 125.73 -3.63
      vertex 191.73 126.06 -3.63
      vertex 192.054 125.794 -3.63
    endloop
  endfacet
  facet normal 0 0 -1
    outer loop
      vertex 190.593 124.684 -3.63
      vertex 191.73 126.06 -3.63
      vertex 190.643 124.643 -3.63
    endloop
  endfacet
  facet normal 0 0 -1
    outer loop
      vertex 190.536 124.715 -3.63
      vertex 191.73 126.06 -3.63
      vertex 190.593 124.684 -3.63
    endloop
  endfacet
  facet normal 0 0 -1
    outer loop
      vertex 190.474 124.734 -3.63
      vertex 191.73 126.06 -3.63
      vertex 190.536 124.715 -3.63
    endloop
  endfacet
  facet normal 0 0 -1
    outer loop
      vertex 190.41 124.74 -3.63
      vertex 191.73 126.06 -3.63
      vertex 190.474 124.734 -3.63
    endloop
  endfacet
  facet normal 0 0 -1
    outer loop
      vertex 7.59 124.74 -3.63
      vertex 191.73 126.06 -3.63
      vertex 190.41 124.74 -3.63
    endloop
  endfacet
  facet normal 0 0 -1
    outer loop
      vertex 7.59 124.74 -3.63
      vertex 6.27 126.06 -3.63
      vertex 191.73 126.06 -3.63
    endloop
  endfacet
  facet normal 0 0 -1
    outer loop
      vertex 7.52562 124.734 -3.63
      vertex 6.27 126.06 -3.63
      vertex 7.59 124.74 -3.63
    endloop
  endfacet
  facet normal 0 0 -1
    outer loop
      vertex 7.46371 124.715 -3.63
      vertex 6.27 126.06 -3.63
      vertex 7.52562 124.734 -3.63
    endloop
  endfacet
  facet normal 0 0 -1
    outer loop
      vertex 7.40666 124.684 -3.63
      vertex 6.27 126.06 -3.63
      vertex 7.46371 124.715 -3.63
    endloop
  endfacet
  facet normal 0 0 -1
    outer loop
      vertex 7.35665 124.643 -3.63
      vertex 6.27 126.06 -3.63
      vertex 7.40666 124.684 -3.63
    endloop
  endfacet
  facet normal 0 0 -1
    outer loop
      vertex 5.94 125.73 -3.63
      vertex 7.35665 124.643 -3.63
      vertex 7.31561 124.593 -3.63
    endloop
  endfacet
  facet normal 0 0 -1
    outer loop
      vertex 5.94 125.73 -3.63
      vertex 7.31561 124.593 -3.63
      vertex 7.28512 124.536 -3.63
    endloop
  endfacet
  facet normal 0 0 -1
    outer loop
      vertex 5.94 125.73 -3.63
      vertex 7.28512 124.536 -3.63
      vertex 7.26634 124.474 -3.63
    endloop
  endfacet
  facet normal 0 0 -1
    outer loop
      vertex 5.94 125.73 -3.63
      vertex 7.26634 124.474 -3.63
      vertex 7.26 124.41 -3.63
    endloop
  endfacet
  facet normal -0 0 -1
    outer loop
      vertex 7.26 7.59 -3.63
      vertex 5.94 6.27 -3.63
      vertex 7.26 124.41 -3.63
    endloop
  endfacet
  facet normal 0 0 -1
    outer loop
      vertex 5.94 6.27 -3.63
      vertex 6.27 5.94 -3.63
      vertex 6.20562 5.94634 -3.63
    endloop
  endfacet
  facet normal 0 0 -1
    outer loop
      vertex 5.94 125.73 -3.63
      vertex 7.26 124.41 -3.63
      vertex 5.94 6.27 -3.63
    endloop
  endfacet
  facet normal 0 0 -1
    outer loop
      vertex 5.94 6.27 -3.63
      vertex 6.20562 5.94634 -3.63
      vertex 6.14371 5.96512 -3.63
    endloop
  endfacet
  facet normal 0 0 -1
    outer loop
      vertex 7.35665 124.643 -3.63
      vertex 5.94 125.73 -3.63
      vertex 6.27 126.06 -3.63
    endloop
  endfacet
  facet normal 0 0 -1
    outer loop
      vertex 5.94 6.27 -3.63
      vertex 6.14371 5.96512 -3.63
      vertex 6.08666 5.99561 -3.63
    endloop
  endfacet
  facet normal 0 0 -1
    outer loop
      vertex 6.27 126.06 -3.63
      vertex 5.94 125.73 -3.63
      vertex 6.20562 126.054 -3.63
    endloop
  endfacet
  facet normal 0 0 -1
    outer loop
      vertex 5.94 6.27 -3.63
      vertex 6.08666 5.99561 -3.63
      vertex 6.03665 6.03665 -3.63
    endloop
  endfacet
  facet normal 0 0 -1
    outer loop
      vertex 6.20562 126.054 -3.63
      vertex 5.94 125.73 -3.63
      vertex 6.14371 126.035 -3.63
    endloop
  endfacet
  facet normal 0 0 -1
    outer loop
      vertex 5.94 6.27 -3.63
      vertex 6.03665 6.03665 -3.63
      vertex 5.99561 6.08666 -3.63
    endloop
  endfacet
  facet normal 0 0 -1
    outer loop
      vertex 6.14371 126.035 -3.63
      vertex 5.94 125.73 -3.63
      vertex 6.08666 126.004 -3.63
    endloop
  endfacet
  facet normal 0 0 -1
    outer loop
      vertex 5.94 6.27 -3.63
      vertex 5.99561 6.08666 -3.63
      vertex 5.96512 6.14371 -3.63
    endloop
  endfacet
  facet normal 0 0 -1
    outer loop
      vertex 6.08666 126.004 -3.63
      vertex 5.94 125.73 -3.63
      vertex 6.03665 125.963 -3.63
    endloop
  endfacet
  facet normal 0 0 -1
    outer loop
      vertex 5.94 6.27 -3.63
      vertex 5.96512 6.14371 -3.63
      vertex 5.94634 6.20562 -3.63
    endloop
  endfacet
  facet normal 0 0 -1
    outer loop
      vertex 6.03665 125.963 -3.63
      vertex 5.94 125.73 -3.63
      vertex 5.99561 125.913 -3.63
    endloop
  endfacet
  facet normal 0 0 -1
    outer loop
      vertex 5.99561 125.913 -3.63
      vertex 5.94 125.73 -3.63
      vertex 5.96512 125.856 -3.63
    endloop
  endfacet
  facet normal 0 0 -1
    outer loop
      vertex 5.96512 125.856 -3.63
      vertex 5.94 125.73 -3.63
      vertex 5.94634 125.794 -3.63
    endloop
  endfacet
  facet normal -1 0 0
    outer loop
      vertex 5.94 6.27 -3.63
      vertex 5.94 125.73 0
      vertex 5.94 125.73 -3.63
    endloop
  endfacet
  facet normal -1 -0 0
    outer loop
      vertex 5.94 125.73 0
      vertex 5.94 6.27 -3.63
      vertex 5.94 6.27 0
    endloop
  endfacet
  facet normal 0.09858 -0.995129 0
    outer loop
      vertex 191.73 5.94 -3.63
      vertex 191.794 5.94634 0
      vertex 191.73 5.94 0
    endloop
  endfacet
  facet normal 0.09858 -0.995129 0
    outer loop
      vertex 191.794 5.94634 0
      vertex 191.73 5.94 -3.63
      vertex 191.794 5.94634 -3.63
    endloop
  endfacet
  facet normal -0.293391 0.955992 0
    outer loop
      vertex 6.20562 126.054 -3.63
      vertex 6.14371 126.035 0
      vertex 6.20562 126.054 0
    endloop
  endfacet
  facet normal -0.293391 0.955992 0
    outer loop
      vertex 6.14371 126.035 0
      vertex 6.20562 126.054 -3.63
      vertex 6.14371 126.035 -3.63
    endloop
  endfacet
  facet normal 0 -1 0
    outer loop
      vertex 6.27 5.94 -3.63
      vertex 191.73 5.94 0
      vertex 6.27 5.94 0
    endloop
  endfacet
  facet normal 0 -1 -0
    outer loop
      vertex 191.73 5.94 0
      vertex 6.27 5.94 -3.63
      vertex 191.73 5.94 -3.63
    endloop
  endfacet
  facet normal 0.634449 -0.772965 0
    outer loop
      vertex 191.913 5.99561 -3.63
      vertex 191.963 6.03665 0
      vertex 191.913 5.99561 0
    endloop
  endfacet
  facet normal 0.634449 -0.772965 0
    outer loop
      vertex 191.963 6.03665 0
      vertex 191.913 5.99561 -3.63
      vertex 191.963 6.03665 -3.63
    endloop
  endfacet
  facet normal 0.77333 -0.634004 0
    outer loop
      vertex 191.963 6.03665 0
      vertex 192.004 6.08666 -3.63
      vertex 192.004 6.08666 0
    endloop
  endfacet
  facet normal 0.77333 -0.634004 0
    outer loop
      vertex 192.004 6.08666 -3.63
      vertex 191.963 6.03665 0
      vertex 191.963 6.03665 -3.63
    endloop
  endfacet
  facet normal 0.773268 0.63408 0
    outer loop
      vertex 192.004 125.913 0
      vertex 191.963 125.963 -3.63
      vertex 191.963 125.963 0
    endloop
  endfacet
  facet normal 0.773268 0.63408 0
    outer loop
      vertex 191.963 125.963 -3.63
      vertex 192.004 125.913 0
      vertex 192.004 125.913 -3.63
    endloop
  endfacet
  facet normal -0.772965 0.634449 0
    outer loop
      vertex 5.99561 125.913 -3.63
      vertex 6.03665 125.963 0
      vertex 6.03665 125.963 -3.63
    endloop
  endfacet
  facet normal -0.772965 0.634449 0
    outer loop
      vertex 6.03665 125.963 0
      vertex 5.99561 125.913 -3.63
      vertex 5.99561 125.913 0
    endloop
  endfacet
  facet normal 0.878484 0.477772 0
    outer loop
      vertex 192.035 125.856 0
      vertex 192.004 125.913 -3.63
      vertex 192.004 125.913 0
    endloop
  endfacet
  facet normal 0.878484 0.477772 0
    outer loop
      vertex 192.004 125.913 -3.63
      vertex 192.035 125.856 0
      vertex 192.035 125.856 -3.63
    endloop
  endfacet
  facet normal 0.471672 -0.881774 0
    outer loop
      vertex 191.856 5.96512 -3.63
      vertex 191.913 5.99561 0
      vertex 191.856 5.96512 0
    endloop
  endfacet
  facet normal 0.471672 -0.881774 0
    outer loop
      vertex 191.913 5.99561 0
      vertex 191.856 5.96512 -3.63
      vertex 191.913 5.99561 -3.63
    endloop
  endfacet
  facet normal 0.955992 -0.293391 0
    outer loop
      vertex 192.035 6.14371 0
      vertex 192.054 6.20562 -3.63
      vertex 192.054 6.20562 0
    endloop
  endfacet
  facet normal 0.955992 -0.293391 0
    outer loop
      vertex 192.054 6.20562 -3.63
      vertex 192.035 6.14371 0
      vertex 192.035 6.14371 -3.63
    endloop
  endfacet
  facet normal -0.477449 0.87866 0
    outer loop
      vertex 6.14371 126.035 -3.63
      vertex 6.08666 126.004 0
      vertex 6.14371 126.035 0
    endloop
  endfacet
  facet normal -0.477449 0.87866 0
    outer loop
      vertex 6.08666 126.004 0
      vertex 6.14371 126.035 -3.63
      vertex 6.08666 126.004 -3.63
    endloop
  endfacet
  facet normal 0.995634 0.0933407 0
    outer loop
      vertex 192.06 125.73 0
      vertex 192.054 125.794 -3.63
      vertex 192.054 125.794 0
    endloop
  endfacet
  facet normal 0.995634 0.0933407 0
    outer loop
      vertex 192.054 125.794 -3.63
      vertex 192.06 125.73 0
      vertex 192.06 125.73 -3.63
    endloop
  endfacet
  facet normal -0.881774 0.471672 0
    outer loop
      vertex 5.96512 125.856 -3.63
      vertex 5.99561 125.913 0
      vertex 5.99561 125.913 -3.63
    endloop
  endfacet
  facet normal -0.881774 0.471672 0
    outer loop
      vertex 5.99561 125.913 0
      vertex 5.96512 125.856 -3.63
      vertex 5.96512 125.856 0
    endloop
  endfacet
  facet normal 0.956112 0.293002 0
    outer loop
      vertex 192.054 125.794 0
      vertex 192.035 125.856 -3.63
      vertex 192.035 125.856 0
    endloop
  endfacet
  facet normal 0.956112 0.293002 0
    outer loop
      vertex 192.035 125.856 -3.63
      vertex 192.054 125.794 0
      vertex 192.054 125.794 -3.63
    endloop
  endfacet
  facet normal 0.63408 0.773268 -0
    outer loop
      vertex 191.963 125.963 -3.63
      vertex 191.913 126.004 0
      vertex 191.963 125.963 0
    endloop
  endfacet
  facet normal 0.63408 0.773268 0
    outer loop
      vertex 191.913 126.004 0
      vertex 191.963 125.963 -3.63
      vertex 191.913 126.004 -3.63
    endloop
  endfacet
  facet normal -0.957058 0.289896 0
    outer loop
      vertex 5.94634 125.794 -3.63
      vertex 5.96512 125.856 0
      vertex 5.96512 125.856 -3.63
    endloop
  endfacet
  facet normal -0.957058 0.289896 0
    outer loop
      vertex 5.96512 125.856 0
      vertex 5.94634 125.794 -3.63
      vertex 5.94634 125.794 0
    endloop
  endfacet
  facet normal -0.995129 0.09858 0
    outer loop
      vertex 5.94 125.73 -3.63
      vertex 5.94634 125.794 0
      vertex 5.94634 125.794 -3.63
    endloop
  endfacet
  facet normal -0.995129 0.09858 0
    outer loop
      vertex 5.94634 125.794 0
      vertex 5.94 125.73 -3.63
      vertex 5.94 125.73 0
    endloop
  endfacet
  facet normal 0.293002 0.956112 -0
    outer loop
      vertex 191.856 126.035 -3.63
      vertex 191.794 126.054 0
      vertex 191.856 126.035 0
    endloop
  endfacet
  facet normal 0.293002 0.956112 0
    outer loop
      vertex 191.794 126.054 0
      vertex 191.856 126.035 -3.63
      vertex 191.794 126.054 -3.63
    endloop
  endfacet
  facet normal 0.289896 -0.957058 0
    outer loop
      vertex 191.794 5.94634 -3.63
      vertex 191.856 5.96512 0
      vertex 191.794 5.94634 0
    endloop
  endfacet
  facet normal 0.289896 -0.957058 0
    outer loop
      vertex 191.856 5.96512 0
      vertex 191.794 5.94634 -3.63
      vertex 191.856 5.96512 -3.63
    endloop
  endfacet
  facet normal -0.773027 -0.634373 0
    outer loop
      vertex 6.03665 6.03665 -3.63
      vertex 5.99561 6.08666 0
      vertex 5.99561 6.08666 -3.63
    endloop
  endfacet
  facet normal -0.773027 -0.634373 0
    outer loop
      vertex 5.99561 6.08666 0
      vertex 6.03665 6.03665 -3.63
      vertex 6.03665 6.03665 0
    endloop
  endfacet
  facet normal -0.47135 -0.881946 0
    outer loop
      vertex 6.08666 5.99561 -3.63
      vertex 6.14371 5.96512 0
      vertex 6.08666 5.99561 0
    endloop
  endfacet
  facet normal -0.47135 -0.881946 -0
    outer loop
      vertex 6.14371 5.96512 0
      vertex 6.08666 5.99561 -3.63
      vertex 6.14371 5.96512 -3.63
    endloop
  endfacet
  facet normal 0.0933407 0.995634 -0
    outer loop
      vertex 191.794 126.054 -3.63
      vertex 191.73 126.06 0
      vertex 191.794 126.054 0
    endloop
  endfacet
  facet normal 0.0933407 0.995634 0
    outer loop
      vertex 191.73 126.06 0
      vertex 191.794 126.054 -3.63
      vertex 191.73 126.06 -3.63
    endloop
  endfacet
  facet normal -0.0927945 0.995685 0
    outer loop
      vertex 6.27 126.06 -3.63
      vertex 6.20562 126.054 0
      vertex 6.27 126.06 0
    endloop
  endfacet
  facet normal -0.0927945 0.995685 0
    outer loop
      vertex 6.20562 126.054 0
      vertex 6.27 126.06 -3.63
      vertex 6.20562 126.054 -3.63
    endloop
  endfacet
  facet normal -0.0980037 -0.995186 0
    outer loop
      vertex 6.20562 5.94634 -3.63
      vertex 6.27 5.94 0
      vertex 6.20562 5.94634 0
    endloop
  endfacet
  facet normal -0.0980037 -0.995186 -0
    outer loop
      vertex 6.27 5.94 0
      vertex 6.20562 5.94634 -3.63
      vertex 6.27 5.94 -3.63
    endloop
  endfacet
  facet normal 0.87866 -0.477449 0
    outer loop
      vertex 192.004 6.08666 0
      vertex 192.035 6.14371 -3.63
      vertex 192.035 6.14371 0
    endloop
  endfacet
  facet normal 0.87866 -0.477449 0
    outer loop
      vertex 192.035 6.14371 -3.63
      vertex 192.004 6.08666 0
      vertex 192.004 6.08666 -3.63
    endloop
  endfacet
  facet normal -0.290282 -0.956941 0
    outer loop
      vertex 6.14371 5.96512 -3.63
      vertex 6.20562 5.94634 0
      vertex 6.14371 5.96512 0
    endloop
  endfacet
  facet normal -0.290282 -0.956941 -0
    outer loop
      vertex 6.20562 5.94634 0
      vertex 6.14371 5.96512 -3.63
      vertex 6.20562 5.94634 -3.63
    endloop
  endfacet
  facet normal 0.995685 -0.0927945 0
    outer loop
      vertex 192.054 6.20562 0
      vertex 192.06 6.27 -3.63
      vertex 192.06 6.27 0
    endloop
  endfacet
  facet normal 0.995685 -0.0927945 0
    outer loop
      vertex 192.06 6.27 -3.63
      vertex 192.054 6.20562 0
      vertex 192.054 6.20562 -3.63
    endloop
  endfacet
  facet normal -0.881946 -0.47135 0
    outer loop
      vertex 5.99561 6.08666 -3.63
      vertex 5.96512 6.14371 0
      vertex 5.96512 6.14371 -3.63
    endloop
  endfacet
  facet normal -0.881946 -0.47135 0
    outer loop
      vertex 5.96512 6.14371 0
      vertex 5.99561 6.08666 -3.63
      vertex 5.99561 6.08666 0
    endloop
  endfacet
  facet normal 0 0 -1
    outer loop
      vertex 196.02 8.25 0
      vertex 198 5.94 0
      vertex 197.886 4.78116 0
    endloop
  endfacet
  facet normal 0 0 -1
    outer loop
      vertex 192.035 6.14371 0
      vertex 197.886 4.78116 0
      vertex 197.548 3.66686 0
    endloop
  endfacet
  facet normal 0 0 -1
    outer loop
      vertex 192.035 6.14371 0
      vertex 197.548 3.66686 0
      vertex 196.999 2.63991 0
    endloop
  endfacet
  facet normal 0 0 -1
    outer loop
      vertex 192.035 6.14371 0
      vertex 196.999 2.63991 0
      vertex 196.26 1.73979 0
    endloop
  endfacet
  facet normal 0 0 -1
    outer loop
      vertex 198 5.94 0
      vertex 196.02 8.25 0
      vertex 198 8.25 0
    endloop
  endfacet
  facet normal 0 0 -1
    outer loop
      vertex 197.886 4.78116 0
      vertex 192.035 6.14371 0
      vertex 192.054 6.20562 0
    endloop
  endfacet
  facet normal 0 0 -1
    outer loop
      vertex 192.035 6.14371 0
      vertex 196.26 1.73979 0
      vertex 195.36 1.00107 0
    endloop
  endfacet
  facet normal 0 0 -1
    outer loop
      vertex 196.02 24.75 0
      vertex 198 123.42 0
      vertex 198 24.75 0
    endloop
  endfacet
  facet normal 0 0 -1
    outer loop
      vertex 192.06 125.73 0
      vertex 198 123.42 0
      vertex 196.02 24.75 0
    endloop
  endfacet
  facet normal 0 0 -1
    outer loop
      vertex 198 123.42 0
      vertex 192.06 125.73 0
      vertex 197.886 124.579 0
    endloop
  endfacet
  facet normal 0 0 -1
    outer loop
      vertex 197.548 125.693 0
      vertex 192.06 125.73 0
      vertex 196.999 126.72 0
    endloop
  endfacet
  facet normal 0 0 -1
    outer loop
      vertex 197.886 124.579 0
      vertex 192.06 125.73 0
      vertex 197.548 125.693 0
    endloop
  endfacet
  facet normal -0 0 -1
    outer loop
      vertex 196.02 8.25 0
      vertex 192.06 6.27 0
      vertex 196.02 24.75 0
    endloop
  endfacet
  facet normal 0 0 -1
    outer loop
      vertex 192.06 125.73 0
      vertex 196.02 24.75 0
      vertex 192.06 6.27 0
    endloop
  endfacet
  facet normal 0 0 -1
    outer loop
      vertex 191.913 5.99561 0
      vertex 195.36 1.00107 0
      vertex 194.333 0.452155 0
    endloop
  endfacet
  facet normal -0 0 -1
    outer loop
      vertex 196.999 126.72 0
      vertex 192.06 125.73 0
      vertex 196.26 127.62 0
    endloop
  endfacet
  facet normal 0 0 -1
    outer loop
      vertex 191.856 5.96512 0
      vertex 194.333 0.452155 0
      vertex 193.219 0.114135 0
    endloop
  endfacet
  facet normal 0 0 -1
    outer loop
      vertex 192.054 125.794 0
      vertex 196.26 127.62 0
      vertex 192.06 125.73 0
    endloop
  endfacet
  facet normal 0 0 -1
    outer loop
      vertex 191.794 5.94634 0
      vertex 193.219 0.114135 0
      vertex 192.06 0 0
    endloop
  endfacet
  facet normal -0 0 -1
    outer loop
      vertex 196.26 127.62 0
      vertex 192.054 125.794 0
      vertex 195.36 128.359 0
    endloop
  endfacet
  facet normal 0 0 -1
    outer loop
      vertex 192.035 125.856 0
      vertex 195.36 128.359 0
      vertex 192.054 125.794 0
    endloop
  endfacet
  facet normal -0 0 -1
    outer loop
      vertex 195.36 128.359 0
      vertex 192.035 125.856 0
      vertex 194.333 128.908 0
    endloop
  endfacet
  facet normal 0 0 -1
    outer loop
      vertex 192.004 125.913 0
      vertex 194.333 128.908 0
      vertex 192.035 125.856 0
    endloop
  endfacet
  facet normal 0 0 -1
    outer loop
      vertex 191.963 125.963 0
      vertex 194.333 128.908 0
      vertex 192.004 125.913 0
    endloop
  endfacet
  facet normal -0 0 -1
    outer loop
      vertex 194.333 128.908 0
      vertex 191.963 125.963 0
      vertex 193.219 129.246 0
    endloop
  endfacet
  facet normal 0 0 -1
    outer loop
      vertex 191.913 126.004 0
      vertex 193.219 129.246 0
      vertex 191.963 125.963 0
    endloop
  endfacet
  facet normal 0 0 -1
    outer loop
      vertex 191.856 126.035 0
      vertex 193.219 129.246 0
      vertex 191.913 126.004 0
    endloop
  endfacet
  facet normal -0 0 -1
    outer loop
      vertex 193.219 129.246 0
      vertex 191.856 126.035 0
      vertex 192.06 129.36 0
    endloop
  endfacet
  facet normal 0 0 -1
    outer loop
      vertex 191.794 126.054 0
      vertex 192.06 129.36 0
      vertex 191.856 126.035 0
    endloop
  endfacet
  facet normal 0 0 -1
    outer loop
      vertex 191.73 126.06 0
      vertex 192.06 129.36 0
      vertex 191.794 126.054 0
    endloop
  endfacet
  facet normal 0 0 -1
    outer loop
      vertex 184.965 128.565 0
      vertex 192.06 129.36 0
      vertex 191.73 126.06 0
    endloop
  endfacet
  facet normal -0 0 -1
    outer loop
      vertex 192.06 129.36 0
      vertex 184.965 128.565 0
      vertex 184.965 129.36 0
    endloop
  endfacet
  facet normal 0 0 -1
    outer loop
      vertex 191.73 126.06 0
      vertex 178.035 128.565 0
      vertex 184.965 128.565 0
    endloop
  endfacet
  facet normal 0 0 -1
    outer loop
      vertex 178.035 128.565 0
      vertex 19.965 128.565 0
      vertex 178.035 129.36 0
    endloop
  endfacet
  facet normal 0 0 -1
    outer loop
      vertex 191.73 126.06 0
      vertex 19.965 128.565 0
      vertex 178.035 128.565 0
    endloop
  endfacet
  facet normal 0 0 -1
    outer loop
      vertex 6.27 126.06 0
      vertex 19.965 128.565 0
      vertex 191.73 126.06 0
    endloop
  endfacet
  facet normal -0 0 -1
    outer loop
      vertex 19.965 128.565 0
      vertex 6.27 126.06 0
      vertex 13.035 128.565 0
    endloop
  endfacet
  facet normal 0 0 -1
    outer loop
      vertex 5.94 129.36 0
      vertex 13.035 128.565 0
      vertex 6.27 126.06 0
    endloop
  endfacet
  facet normal 0 0 -1
    outer loop
      vertex 5.94 129.36 0
      vertex 6.27 126.06 0
      vertex 6.20562 126.054 0
    endloop
  endfacet
  facet normal 0 0 -1
    outer loop
      vertex 5.94 129.36 0
      vertex 6.20562 126.054 0
      vertex 6.14371 126.035 0
    endloop
  endfacet
  facet normal 0 0 -1
    outer loop
      vertex 13.035 128.565 0
      vertex 5.94 129.36 0
      vertex 13.035 129.36 0
    endloop
  endfacet
  facet normal 0 0 -1
    outer loop
      vertex 4.78116 129.246 0
      vertex 6.14371 126.035 0
      vertex 6.08666 126.004 0
    endloop
  endfacet
  facet normal 0 0 -1
    outer loop
      vertex 4.78116 129.246 0
      vertex 6.08666 126.004 0
      vertex 6.03665 125.963 0
    endloop
  endfacet
  facet normal 0 0 -1
    outer loop
      vertex 3.66686 128.908 0
      vertex 6.03665 125.963 0
      vertex 5.99561 125.913 0
    endloop
  endfacet
  facet normal 0 0 -1
    outer loop
      vertex 3.66686 128.908 0
      vertex 5.99561 125.913 0
      vertex 5.96512 125.856 0
    endloop
  endfacet
  facet normal 0 0 -1
    outer loop
      vertex 2.63991 128.359 0
      vertex 5.96512 125.856 0
      vertex 5.94634 125.794 0
    endloop
  endfacet
  facet normal 0 0 -1
    outer loop
      vertex 1.73979 127.62 0
      vertex 5.94634 125.794 0
      vertex 5.94 125.73 0
    endloop
  endfacet
  facet normal 0 0 -1
    outer loop
      vertex 196.02 8.25 0
      vertex 192.054 6.20562 0
      vertex 192.06 6.27 0
    endloop
  endfacet
  facet normal 0 0 -1
    outer loop
      vertex 197.886 4.78116 0
      vertex 192.054 6.20562 0
      vertex 196.02 8.25 0
    endloop
  endfacet
  facet normal 0 0 -1
    outer loop
      vertex 195.36 1.00107 0
      vertex 192.004 6.08666 0
      vertex 192.035 6.14371 0
    endloop
  endfacet
  facet normal 0 0 -1
    outer loop
      vertex 195.36 1.00107 0
      vertex 191.963 6.03665 0
      vertex 192.004 6.08666 0
    endloop
  endfacet
  facet normal 0 0 -1
    outer loop
      vertex 195.36 1.00107 0
      vertex 191.913 5.99561 0
      vertex 191.963 6.03665 0
    endloop
  endfacet
  facet normal 0 0 -1
    outer loop
      vertex 194.333 0.452155 0
      vertex 191.856 5.96512 0
      vertex 191.913 5.99561 0
    endloop
  endfacet
  facet normal 0 0 -1
    outer loop
      vertex 193.219 0.114135 0
      vertex 191.794 5.94634 0
      vertex 191.856 5.96512 0
    endloop
  endfacet
  facet normal 0 0 -1
    outer loop
      vertex 192.06 0 0
      vertex 191.73 5.94 0
      vertex 191.794 5.94634 0
    endloop
  endfacet
  facet normal 0 0 -1
    outer loop
      vertex 185.13 3.96 0
      vertex 192.06 0 0
      vertex 185.13 1.32 0
    endloop
  endfacet
  facet normal 0 0 -1
    outer loop
      vertex 192.06 0 0
      vertex 177.87 1.32 0
      vertex 185.13 1.32 0
    endloop
  endfacet
  facet normal 0 0 -1
    outer loop
      vertex 177.87 1.32 0
      vertex 20.13 1.32 0
      vertex 177.87 3.96 0
    endloop
  endfacet
  facet normal 0 0 -1
    outer loop
      vertex 192.06 0 0
      vertex 20.13 1.32 0
      vertex 177.87 1.32 0
    endloop
  endfacet
  facet normal 0 0 -1
    outer loop
      vertex 5.94 0 0
      vertex 20.13 1.32 0
      vertex 192.06 0 0
    endloop
  endfacet
  facet normal 0 0 -1
    outer loop
      vertex 5.94 0 0
      vertex 12.87 3.96 0
      vertex 12.87 1.32 0
    endloop
  endfacet
  facet normal -0 0 -1
    outer loop
      vertex 12.87 3.96 0
      vertex 5.94 0 0
      vertex 6.27 5.94 0
    endloop
  endfacet
  facet normal -0 0 -1
    outer loop
      vertex 6.27 5.94 0
      vertex 5.94 0 0
      vertex 6.20562 5.94634 0
    endloop
  endfacet
  facet normal 0 0 -1
    outer loop
      vertex 4.78116 0.114135 0
      vertex 6.20562 5.94634 0
      vertex 5.94 0 0
    endloop
  endfacet
  facet normal -0 0 -1
    outer loop
      vertex 20.13 1.32 0
      vertex 5.94 0 0
      vertex 12.87 1.32 0
    endloop
  endfacet
  facet normal -0 0 -1
    outer loop
      vertex 6.20562 5.94634 0
      vertex 4.78116 0.114135 0
      vertex 6.14371 5.96512 0
    endloop
  endfacet
  facet normal 0 0 -1
    outer loop
      vertex 3.66686 0.452155 0
      vertex 6.14371 5.96512 0
      vertex 4.78116 0.114135 0
    endloop
  endfacet
  facet normal -0 0 -1
    outer loop
      vertex 6.14371 5.96512 0
      vertex 3.66686 0.452155 0
      vertex 6.08666 5.99561 0
    endloop
  endfacet
  facet normal 0 0 -1
    outer loop
      vertex 2.63991 1.00107 0
      vertex 6.08666 5.99561 0
      vertex 3.66686 0.452155 0
    endloop
  endfacet
  facet normal -0 0 -1
    outer loop
      vertex 6.08666 5.99561 0
      vertex 2.63991 1.00107 0
      vertex 6.03665 6.03665 0
    endloop
  endfacet
  facet normal 0 0 -1
    outer loop
      vertex 1.73979 1.73979 0
      vertex 6.03665 6.03665 0
      vertex 2.63991 1.00107 0
    endloop
  endfacet
  facet normal 0 0 -1
    outer loop
      vertex 1.00107 2.63991 0
      vertex 6.03665 6.03665 0
      vertex 1.73979 1.73979 0
    endloop
  endfacet
  facet normal 0 0 -1
    outer loop
      vertex 5.94 6.27 0
      vertex 1.98 24.75 0
      vertex 5.94 125.73 0
    endloop
  endfacet
  facet normal -0 0 -1
    outer loop
      vertex 6.03665 6.03665 0
      vertex 1.00107 2.63991 0
      vertex 5.99561 6.08666 0
    endloop
  endfacet
  facet normal 0 0 -1
    outer loop
      vertex 0 123.42 0
      vertex 5.94 125.73 0
      vertex 1.98 24.75 0
    endloop
  endfacet
  facet normal 0 0 -1
    outer loop
      vertex 0.452155 3.66686 0
      vertex 5.99561 6.08666 0
      vertex 1.00107 2.63991 0
    endloop
  endfacet
  facet normal 0 -0 -1
    outer loop
      vertex 0.114135 124.579 0
      vertex 5.94 125.73 0
      vertex 0 123.42 0
    endloop
  endfacet
  facet normal -0 0 -1
    outer loop
      vertex 5.99561 6.08666 0
      vertex 0.452155 3.66686 0
      vertex 5.96512 6.14371 0
    endloop
  endfacet
  facet normal 0 0 -1
    outer loop
      vertex 6.14371 126.035 0
      vertex 4.78116 129.246 0
      vertex 5.94 129.36 0
    endloop
  endfacet
  facet normal 0 0 -1
    outer loop
      vertex 5.94 6.27 0
      vertex 1.98 8.25 0
      vertex 1.98 24.75 0
    endloop
  endfacet
  facet normal 0 0 -1
    outer loop
      vertex 0.114135 4.78116 0
      vertex 5.96512 6.14371 0
      vertex 0.452155 3.66686 0
    endloop
  endfacet
  facet normal -0 0 -1
    outer loop
      vertex 5.96512 6.14371 0
      vertex 0.114135 4.78116 0
      vertex 5.94634 6.20562 0
    endloop
  endfacet
  facet normal 0 -0 -1
    outer loop
      vertex 1.98 8.25 0
      vertex 5.94634 6.20562 0
      vertex 0.114135 4.78116 0
    endloop
  endfacet
  facet normal 0 0 -1
    outer loop
      vertex 5.94634 6.20562 0
      vertex 1.98 8.25 0
      vertex 5.94 6.27 0
    endloop
  endfacet
  facet normal 0 0 -1
    outer loop
      vertex 0 5.94 0
      vertex 1.98 8.25 0
      vertex 0.114135 4.78116 0
    endloop
  endfacet
  facet normal -0 0 -1
    outer loop
      vertex 1.98 8.25 0
      vertex 0 5.94 0
      vertex 0 8.25 0
    endloop
  endfacet
  facet normal 0 0 -1
    outer loop
      vertex 192.06 0 0
      vertex 185.13 3.96 0
      vertex 191.73 5.94 0
    endloop
  endfacet
  facet normal 0 0 -1
    outer loop
      vertex 177.87 3.96 0
      vertex 191.73 5.94 0
      vertex 185.13 3.96 0
    endloop
  endfacet
  facet normal 0 0 -1
    outer loop
      vertex 20.13 3.96 0
      vertex 177.87 3.96 0
      vertex 20.13 1.32 0
    endloop
  endfacet
  facet normal 0 0 -1
    outer loop
      vertex 177.87 3.96 0
      vertex 20.13 3.96 0
      vertex 191.73 5.94 0
    endloop
  endfacet
  facet normal 0 0 -1
    outer loop
      vertex 6.27 5.94 0
      vertex 20.13 3.96 0
      vertex 12.87 3.96 0
    endloop
  endfacet
  facet normal 0 0 -1
    outer loop
      vertex 20.13 3.96 0
      vertex 6.27 5.94 0
      vertex 191.73 5.94 0
    endloop
  endfacet
  facet normal -0 0 -1
    outer loop
      vertex 178.035 129.36 0
      vertex 19.965 128.565 0
      vertex 19.965 129.36 0
    endloop
  endfacet
  facet normal 0 0 -1
    outer loop
      vertex 6.03665 125.963 0
      vertex 3.66686 128.908 0
      vertex 4.78116 129.246 0
    endloop
  endfacet
  facet normal 0 0 -1
    outer loop
      vertex 5.96512 125.856 0
      vertex 2.63991 128.359 0
      vertex 3.66686 128.908 0
    endloop
  endfacet
  facet normal 0 0 -1
    outer loop
      vertex 5.94634 125.794 0
      vertex 1.73979 127.62 0
      vertex 2.63991 128.359 0
    endloop
  endfacet
  facet normal 0 0 -1
    outer loop
      vertex 5.94 125.73 0
      vertex 1.00107 126.72 0
      vertex 1.73979 127.62 0
    endloop
  endfacet
  facet normal -0 0 -1
    outer loop
      vertex 5.94 125.73 0
      vertex 0.452155 125.693 0
      vertex 1.00107 126.72 0
    endloop
  endfacet
  facet normal 0 0 -1
    outer loop
      vertex 0 123.42 0
      vertex 1.98 24.75 0
      vertex 0 24.75 0
    endloop
  endfacet
  facet normal 0 0 -1
    outer loop
      vertex 5.94 125.73 0
      vertex 0.114135 124.579 0
      vertex 0.452155 125.693 0
    endloop
  endfacet
  facet normal 0 0 -1
    outer loop
      vertex 190.41 7.26 0
      vertex 190.74 7.59 0
      vertex 190.734 7.52562 0
    endloop
  endfacet
  facet normal -0 0 -1
    outer loop
      vertex 190.74 7.59 0
      vertex 190.41 7.26 0
      vertex 190.74 124.41 0
    endloop
  endfacet
  facet normal 0 0 -1
    outer loop
      vertex 190.41 7.26 0
      vertex 190.734 7.52562 0
      vertex 190.715 7.46371 0
    endloop
  endfacet
  facet normal 0 0 -1
    outer loop
      vertex 190.41 124.74 0
      vertex 190.74 124.41 0
      vertex 190.41 7.26 0
    endloop
  endfacet
  facet normal 0 0 -1
    outer loop
      vertex 190.41 7.26 0
      vertex 190.715 7.46371 0
      vertex 190.684 7.40666 0
    endloop
  endfacet
  facet normal 0 0 -1
    outer loop
      vertex 190.74 124.41 0
      vertex 190.41 124.74 0
      vertex 190.734 124.474 0
    endloop
  endfacet
  facet normal 0 0 -1
    outer loop
      vertex 190.41 7.26 0
      vertex 190.684 7.40666 0
      vertex 190.643 7.35665 0
    endloop
  endfacet
  facet normal 0 0 -1
    outer loop
      vertex 190.734 124.474 0
      vertex 190.41 124.74 0
      vertex 190.715 124.536 0
    endloop
  endfacet
  facet normal 0 0 -1
    outer loop
      vertex 190.41 7.26 0
      vertex 190.643 7.35665 0
      vertex 190.593 7.31561 0
    endloop
  endfacet
  facet normal 0 0 -1
    outer loop
      vertex 190.715 124.536 0
      vertex 190.41 124.74 0
      vertex 190.684 124.593 0
    endloop
  endfacet
  facet normal 0 0 -1
    outer loop
      vertex 190.41 7.26 0
      vertex 190.593 7.31561 0
      vertex 190.536 7.28512 0
    endloop
  endfacet
  facet normal 0 0 -1
    outer loop
      vertex 190.684 124.593 0
      vertex 190.41 124.74 0
      vertex 190.643 124.643 0
    endloop
  endfacet
  facet normal 0 0 -1
    outer loop
      vertex 190.41 7.26 0
      vertex 190.536 7.28512 0
      vertex 190.474 7.26634 0
    endloop
  endfacet
  facet normal 0 0 -1
    outer loop
      vertex 190.643 124.643 0
      vertex 190.41 124.74 0
      vertex 190.593 124.684 0
    endloop
  endfacet
  facet normal 0 0 -1
    outer loop
      vertex 190.593 124.684 0
      vertex 190.41 124.74 0
      vertex 190.536 124.715 0
    endloop
  endfacet
  facet normal 0 0 -1
    outer loop
      vertex 190.536 124.715 0
      vertex 190.41 124.74 0
      vertex 190.474 124.734 0
    endloop
  endfacet
  facet normal 0 0 -1
    outer loop
      vertex 7.59 7.26 0
      vertex 190.41 124.74 0
      vertex 190.41 7.26 0
    endloop
  endfacet
  facet normal 0 0 -1
    outer loop
      vertex 7.59 7.26 0
      vertex 7.59 124.74 0
      vertex 190.41 124.74 0
    endloop
  endfacet
  facet normal 0 0 -1
    outer loop
      vertex 7.26 7.59 0
      vertex 7.59 7.26 0
      vertex 7.52562 7.26634 0
    endloop
  endfacet
  facet normal 0 0 -1
    outer loop
      vertex 7.59 7.26 0
      vertex 7.26 7.59 0
      vertex 7.59 124.74 0
    endloop
  endfacet
  facet normal 0 0 -1
    outer loop
      vertex 7.26 7.59 0
      vertex 7.52562 7.26634 0
      vertex 7.46371 7.28512 0
    endloop
  endfacet
  facet normal 0 0 -1
    outer loop
      vertex 7.26 124.41 0
      vertex 7.59 124.74 0
      vertex 7.26 7.59 0
    endloop
  endfacet
  facet normal 0 0 -1
    outer loop
      vertex 7.26 7.59 0
      vertex 7.46371 7.28512 0
      vertex 7.40666 7.31561 0
    endloop
  endfacet
  facet normal 0 0 -1
    outer loop
      vertex 7.59 124.74 0
      vertex 7.26 124.41 0
      vertex 7.52562 124.734 0
    endloop
  endfacet
  facet normal 0 0 -1
    outer loop
      vertex 7.26 7.59 0
      vertex 7.40666 7.31561 0
      vertex 7.35665 7.35665 0
    endloop
  endfacet
  facet normal 0 0 -1
    outer loop
      vertex 7.52562 124.734 0
      vertex 7.26 124.41 0
      vertex 7.46371 124.715 0
    endloop
  endfacet
  facet normal 0 0 -1
    outer loop
      vertex 7.26 7.59 0
      vertex 7.35665 7.35665 0
      vertex 7.31561 7.40666 0
    endloop
  endfacet
  facet normal 0 0 -1
    outer loop
      vertex 7.46371 124.715 0
      vertex 7.26 124.41 0
      vertex 7.40666 124.684 0
    endloop
  endfacet
  facet normal 0 0 -1
    outer loop
      vertex 7.26 7.59 0
      vertex 7.31561 7.40666 0
      vertex 7.28512 7.46371 0
    endloop
  endfacet
  facet normal 0 0 -1
    outer loop
      vertex 7.40666 124.684 0
      vertex 7.26 124.41 0
      vertex 7.35665 124.643 0
    endloop
  endfacet
  facet normal 0 0 -1
    outer loop
      vertex 7.26 7.59 0
      vertex 7.28512 7.46371 0
      vertex 7.26634 7.52562 0
    endloop
  endfacet
  facet normal 0 0 -1
    outer loop
      vertex 7.35665 124.643 0
      vertex 7.26 124.41 0
      vertex 7.31561 124.593 0
    endloop
  endfacet
  facet normal 0 0 -1
    outer loop
      vertex 7.31561 124.593 0
      vertex 7.26 124.41 0
      vertex 7.28512 124.536 0
    endloop
  endfacet
  facet normal 0 0 -1
    outer loop
      vertex 7.28512 124.536 0
      vertex 7.26 124.41 0
      vertex 7.26634 124.474 0
    endloop
  endfacet
  facet normal 0.956941 0.290282 0
    outer loop
      vertex 7.28512 7.46371 0
      vertex 7.26634 7.52562 -3.63
      vertex 7.26634 7.52562 0
    endloop
  endfacet
  facet normal 0.956941 0.290282 0
    outer loop
      vertex 7.26634 7.52562 -3.63
      vertex 7.28512 7.46371 0
      vertex 7.28512 7.46371 -3.63
    endloop
  endfacet
  facet normal 0.995186 0.0980037 0
    outer loop
      vertex 7.26634 7.52562 0
      vertex 7.26 7.59 -3.63
      vertex 7.26 7.59 0
    endloop
  endfacet
  facet normal 0.995186 0.0980037 0
    outer loop
      vertex 7.26 7.59 -3.63
      vertex 7.26634 7.52562 0
      vertex 7.26634 7.52562 -3.63
    endloop
  endfacet
  facet normal -1 0 0
    outer loop
      vertex 190.74 7.59 -3.63
      vertex 190.74 124.41 0
      vertex 190.74 124.41 -3.63
    endloop
  endfacet
  facet normal -1 -0 0
    outer loop
      vertex 190.74 124.41 0
      vertex 190.74 7.59 -3.63
      vertex 190.74 7.59 0
    endloop
  endfacet
  facet normal 0 -1 0
    outer loop
      vertex 7.59 124.74 -3.63
      vertex 190.41 124.74 0
      vertex 7.59 124.74 0
    endloop
  endfacet
  facet normal 0 -1 -0
    outer loop
      vertex 190.41 124.74 0
      vertex 7.59 124.74 -3.63
      vertex 190.41 124.74 -3.63
    endloop
  endfacet
  facet normal 0.634373 0.773027 -0
    outer loop
      vertex 7.40666 7.31561 -3.63
      vertex 7.35665 7.35665 0
      vertex 7.40666 7.31561 0
    endloop
  endfacet
  facet normal 0.634373 0.773027 0
    outer loop
      vertex 7.35665 7.35665 0
      vertex 7.40666 7.31561 -3.63
      vertex 7.35665 7.35665 -3.63
    endloop
  endfacet
  facet normal -0.477772 -0.878484 0
    outer loop
      vertex 190.536 124.715 -3.63
      vertex 190.593 124.684 0
      vertex 190.536 124.715 0
    endloop
  endfacet
  facet normal -0.477772 -0.878484 -0
    outer loop
      vertex 190.593 124.684 0
      vertex 190.536 124.715 -3.63
      vertex 190.593 124.684 -3.63
    endloop
  endfacet
  facet normal 0.634004 -0.77333 0
    outer loop
      vertex 7.35665 124.643 -3.63
      vertex 7.40666 124.684 0
      vertex 7.35665 124.643 0
    endloop
  endfacet
  facet normal 0.634004 -0.77333 0
    outer loop
      vertex 7.40666 124.684 0
      vertex 7.35665 124.643 -3.63
      vertex 7.40666 124.684 -3.63
    endloop
  endfacet
  facet normal 1 -0 0
    outer loop
      vertex 7.26 7.59 0
      vertex 7.26 124.41 -3.63
      vertex 7.26 124.41 0
    endloop
  endfacet
  facet normal 1 0 0
    outer loop
      vertex 7.26 124.41 -3.63
      vertex 7.26 7.59 0
      vertex 7.26 7.59 -3.63
    endloop
  endfacet
  facet normal -0.09858 0.995129 0
    outer loop
      vertex 190.474 7.26634 -3.63
      vertex 190.41 7.26 0
      vertex 190.474 7.26634 0
    endloop
  endfacet
  facet normal -0.09858 0.995129 0
    outer loop
      vertex 190.41 7.26 0
      vertex 190.474 7.26634 -3.63
      vertex 190.41 7.26 -3.63
    endloop
  endfacet
  facet normal 0.293391 -0.955992 0
    outer loop
      vertex 7.46371 124.715 -3.63
      vertex 7.52562 124.734 0
      vertex 7.46371 124.715 0
    endloop
  endfacet
  facet normal 0.293391 -0.955992 0
    outer loop
      vertex 7.52562 124.734 0
      vertex 7.46371 124.715 -3.63
      vertex 7.52562 124.734 -3.63
    endloop
  endfacet
  facet normal 0 1 -0
    outer loop
      vertex 190.41 7.26 -3.63
      vertex 7.59 7.26 0
      vertex 190.41 7.26 0
    endloop
  endfacet
  facet normal 0 1 0
    outer loop
      vertex 7.59 7.26 0
      vertex 190.41 7.26 -3.63
      vertex 7.59 7.26 -3.63
    endloop
  endfacet
  facet normal -0.634449 0.772965 0
    outer loop
      vertex 190.643 7.35665 -3.63
      vertex 190.593 7.31561 0
      vertex 190.643 7.35665 0
    endloop
  endfacet
  facet normal -0.634449 0.772965 0
    outer loop
      vertex 190.593 7.31561 0
      vertex 190.643 7.35665 -3.63
      vertex 190.593 7.31561 -3.63
    endloop
  endfacet
  facet normal -0.77333 0.634004 0
    outer loop
      vertex 190.643 7.35665 -3.63
      vertex 190.684 7.40666 0
      vertex 190.684 7.40666 -3.63
    endloop
  endfacet
  facet normal -0.77333 0.634004 0
    outer loop
      vertex 190.684 7.40666 0
      vertex 190.643 7.35665 -3.63
      vertex 190.643 7.35665 0
    endloop
  endfacet
  facet normal -0.773268 -0.63408 0
    outer loop
      vertex 190.684 124.593 -3.63
      vertex 190.643 124.643 0
      vertex 190.643 124.643 -3.63
    endloop
  endfacet
  facet normal -0.773268 -0.63408 0
    outer loop
      vertex 190.643 124.643 0
      vertex 190.684 124.593 -3.63
      vertex 190.684 124.593 0
    endloop
  endfacet
  facet normal 0.772965 -0.634449 0
    outer loop
      vertex 7.31561 124.593 0
      vertex 7.35665 124.643 -3.63
      vertex 7.35665 124.643 0
    endloop
  endfacet
  facet normal 0.772965 -0.634449 0
    outer loop
      vertex 7.35665 124.643 -3.63
      vertex 7.31561 124.593 0
      vertex 7.31561 124.593 -3.63
    endloop
  endfacet
  facet normal -0.878484 -0.477772 0
    outer loop
      vertex 190.715 124.536 -3.63
      vertex 190.684 124.593 0
      vertex 190.684 124.593 -3.63
    endloop
  endfacet
  facet normal -0.878484 -0.477772 0
    outer loop
      vertex 190.684 124.593 0
      vertex 190.715 124.536 -3.63
      vertex 190.715 124.536 0
    endloop
  endfacet
  facet normal -0.471672 0.881774 0
    outer loop
      vertex 190.593 7.31561 -3.63
      vertex 190.536 7.28512 0
      vertex 190.593 7.31561 0
    endloop
  endfacet
  facet normal -0.471672 0.881774 0
    outer loop
      vertex 190.536 7.28512 0
      vertex 190.593 7.31561 -3.63
      vertex 190.536 7.28512 -3.63
    endloop
  endfacet
  facet normal -0.955992 0.293391 0
    outer loop
      vertex 190.715 7.46371 -3.63
      vertex 190.734 7.52562 0
      vertex 190.734 7.52562 -3.63
    endloop
  endfacet
  facet normal -0.955992 0.293391 0
    outer loop
      vertex 190.734 7.52562 0
      vertex 190.715 7.46371 -3.63
      vertex 190.715 7.46371 0
    endloop
  endfacet
  facet normal 0.881946 0.47135 0
    outer loop
      vertex 7.31561 7.40666 0
      vertex 7.28512 7.46371 -3.63
      vertex 7.28512 7.46371 0
    endloop
  endfacet
  facet normal 0.881946 0.47135 0
    outer loop
      vertex 7.28512 7.46371 -3.63
      vertex 7.31561 7.40666 0
      vertex 7.31561 7.40666 -3.63
    endloop
  endfacet
  facet normal 0.477449 -0.87866 0
    outer loop
      vertex 7.40666 124.684 -3.63
      vertex 7.46371 124.715 0
      vertex 7.40666 124.684 0
    endloop
  endfacet
  facet normal 0.477449 -0.87866 0
    outer loop
      vertex 7.46371 124.715 0
      vertex 7.40666 124.684 -3.63
      vertex 7.46371 124.715 -3.63
    endloop
  endfacet
  facet normal -0.995634 -0.0933407 0
    outer loop
      vertex 190.74 124.41 -3.63
      vertex 190.734 124.474 0
      vertex 190.734 124.474 -3.63
    endloop
  endfacet
  facet normal -0.995634 -0.0933407 0
    outer loop
      vertex 190.734 124.474 0
      vertex 190.74 124.41 -3.63
      vertex 190.74 124.41 0
    endloop
  endfacet
  facet normal 0.881774 -0.471672 0
    outer loop
      vertex 7.28512 124.536 0
      vertex 7.31561 124.593 -3.63
      vertex 7.31561 124.593 0
    endloop
  endfacet
  facet normal 0.881774 -0.471672 0
    outer loop
      vertex 7.31561 124.593 -3.63
      vertex 7.28512 124.536 0
      vertex 7.28512 124.536 -3.63
    endloop
  endfacet
  facet normal -0.956112 -0.293002 0
    outer loop
      vertex 190.734 124.474 -3.63
      vertex 190.715 124.536 0
      vertex 190.715 124.536 -3.63
    endloop
  endfacet
  facet normal -0.956112 -0.293002 0
    outer loop
      vertex 190.715 124.536 0
      vertex 190.734 124.474 -3.63
      vertex 190.734 124.474 0
    endloop
  endfacet
  facet normal -0.63408 -0.773268 0
    outer loop
      vertex 190.593 124.684 -3.63
      vertex 190.643 124.643 0
      vertex 190.593 124.684 0
    endloop
  endfacet
  facet normal -0.63408 -0.773268 -0
    outer loop
      vertex 190.643 124.643 0
      vertex 190.593 124.684 -3.63
      vertex 190.643 124.643 -3.63
    endloop
  endfacet
  facet normal 0.957058 -0.289896 0
    outer loop
      vertex 7.26634 124.474 0
      vertex 7.28512 124.536 -3.63
      vertex 7.28512 124.536 0
    endloop
  endfacet
  facet normal 0.957058 -0.289896 0
    outer loop
      vertex 7.28512 124.536 -3.63
      vertex 7.26634 124.474 0
      vertex 7.26634 124.474 -3.63
    endloop
  endfacet
  facet normal 0.995129 -0.09858 0
    outer loop
      vertex 7.26 124.41 0
      vertex 7.26634 124.474 -3.63
      vertex 7.26634 124.474 0
    endloop
  endfacet
  facet normal 0.995129 -0.09858 0
    outer loop
      vertex 7.26634 124.474 -3.63
      vertex 7.26 124.41 0
      vertex 7.26 124.41 -3.63
    endloop
  endfacet
  facet normal -0.293002 -0.956112 0
    outer loop
      vertex 190.474 124.734 -3.63
      vertex 190.536 124.715 0
      vertex 190.474 124.734 0
    endloop
  endfacet
  facet normal -0.293002 -0.956112 -0
    outer loop
      vertex 190.536 124.715 0
      vertex 190.474 124.734 -3.63
      vertex 190.536 124.715 -3.63
    endloop
  endfacet
  facet normal -0.289896 0.957058 0
    outer loop
      vertex 190.536 7.28512 -3.63
      vertex 190.474 7.26634 0
      vertex 190.536 7.28512 0
    endloop
  endfacet
  facet normal -0.289896 0.957058 0
    outer loop
      vertex 190.474 7.26634 0
      vertex 190.536 7.28512 -3.63
      vertex 190.474 7.26634 -3.63
    endloop
  endfacet
  facet normal 0.773027 0.634373 0
    outer loop
      vertex 7.35665 7.35665 0
      vertex 7.31561 7.40666 -3.63
      vertex 7.31561 7.40666 0
    endloop
  endfacet
  facet normal 0.773027 0.634373 0
    outer loop
      vertex 7.31561 7.40666 -3.63
      vertex 7.35665 7.35665 0
      vertex 7.35665 7.35665 -3.63
    endloop
  endfacet
  facet normal 0.47135 0.881946 -0
    outer loop
      vertex 7.46371 7.28512 -3.63
      vertex 7.40666 7.31561 0
      vertex 7.46371 7.28512 0
    endloop
  endfacet
  facet normal 0.47135 0.881946 0
    outer loop
      vertex 7.40666 7.31561 0
      vertex 7.46371 7.28512 -3.63
      vertex 7.40666 7.31561 -3.63
    endloop
  endfacet
  facet normal -0.0933407 -0.995634 0
    outer loop
      vertex 190.41 124.74 -3.63
      vertex 190.474 124.734 0
      vertex 190.41 124.74 0
    endloop
  endfacet
  facet normal -0.0933407 -0.995634 -0
    outer loop
      vertex 190.474 124.734 0
      vertex 190.41 124.74 -3.63
      vertex 190.474 124.734 -3.63
    endloop
  endfacet
  facet normal 0.0927945 -0.995685 0
    outer loop
      vertex 7.52562 124.734 -3.63
      vertex 7.59 124.74 0
      vertex 7.52562 124.734 0
    endloop
  endfacet
  facet normal 0.0927945 -0.995685 0
    outer loop
      vertex 7.59 124.74 0
      vertex 7.52562 124.734 -3.63
      vertex 7.59 124.74 -3.63
    endloop
  endfacet
  facet normal 0.0980037 0.995186 -0
    outer loop
      vertex 7.59 7.26 -3.63
      vertex 7.52562 7.26634 0
      vertex 7.59 7.26 0
    endloop
  endfacet
  facet normal 0.0980037 0.995186 0
    outer loop
      vertex 7.52562 7.26634 0
      vertex 7.59 7.26 -3.63
      vertex 7.52562 7.26634 -3.63
    endloop
  endfacet
  facet normal -0.87866 0.477449 0
    outer loop
      vertex 190.684 7.40666 -3.63
      vertex 190.715 7.46371 0
      vertex 190.715 7.46371 -3.63
    endloop
  endfacet
  facet normal -0.87866 0.477449 0
    outer loop
      vertex 190.715 7.46371 0
      vertex 190.684 7.40666 -3.63
      vertex 190.684 7.40666 0
    endloop
  endfacet
  facet normal 0.290282 0.956941 -0
    outer loop
      vertex 7.52562 7.26634 -3.63
      vertex 7.46371 7.28512 0
      vertex 7.52562 7.26634 0
    endloop
  endfacet
  facet normal 0.290282 0.956941 0
    outer loop
      vertex 7.46371 7.28512 0
      vertex 7.52562 7.26634 -3.63
      vertex 7.46371 7.28512 -3.63
    endloop
  endfacet
  facet normal -0.995685 0.0927945 0
    outer loop
      vertex 190.734 7.52562 -3.63
      vertex 190.74 7.59 0
      vertex 190.74 7.59 -3.63
    endloop
  endfacet
  facet normal -0.995685 0.0927945 0
    outer loop
      vertex 190.74 7.59 0
      vertex 190.734 7.52562 -3.63
      vertex 190.734 7.52562 0
    endloop
  endfacet
  facet normal -0.95694 -0.290285 0
    outer loop
      vertex 0.452155 3.66686 0
      vertex 0.114135 4.78116 0.66
      vertex 0.114135 4.78116 0
    endloop
  endfacet
  facet normal -0.95694 -0.290285 0
    outer loop
      vertex 0.114135 4.78116 0.66
      vertex 0.452155 3.66686 0
      vertex 0.452155 3.66686 0.66
    endloop
  endfacet
  facet normal -0.29027 0.956945 0
    outer loop
      vertex 4.78116 129.246 0
      vertex 3.66686 128.908 0.66
      vertex 4.78116 129.246 0.66
    endloop
  endfacet
  facet normal -0.29027 0.956945 0
    outer loop
      vertex 3.66686 128.908 0.66
      vertex 4.78116 129.246 0
      vertex 3.66686 128.908 0
    endloop
  endfacet
  facet normal -0.881931 0.471378 0
    outer loop
      vertex 0.452155 125.693 0
      vertex 1.00107 126.72 0.66
      vertex 1.00107 126.72 0
    endloop
  endfacet
  facet normal -0.881931 0.471378 0
    outer loop
      vertex 1.00107 126.72 0.66
      vertex 0.452155 125.693 0
      vertex 0.452155 125.693 0.66
    endloop
  endfacet
  facet normal -0.995185 -0.0980165 0
    outer loop
      vertex 0.114135 4.78116 0
      vertex 0 5.94 0.66
      vertex 0 5.94 0
    endloop
  endfacet
  facet normal -0.995185 -0.0980165 0
    outer loop
      vertex 0 5.94 0.66
      vertex 0.114135 4.78116 0
      vertex 0.114135 4.78116 0.66
    endloop
  endfacet
  facet normal 0.290341 0.956923 -0
    outer loop
      vertex 194.333 128.908 0
      vertex 193.219 129.246 0.66
      vertex 194.333 128.908 0.66
    endloop
  endfacet
  facet normal 0.290341 0.956923 0
    outer loop
      vertex 193.219 129.246 0.66
      vertex 194.333 128.908 0
      vertex 193.219 129.246 0
    endloop
  endfacet
  facet normal 1 0 0
    outer loop
      vertex 198 123.42 0.66
      vertex 198 24.75 0.0164997
      vertex 198 123.42 0
    endloop
  endfacet
  facet normal 1 0 -0
    outer loop
      vertex 198 24.75 0.0164997
      vertex 198 123.42 0.66
      vertex 198 24.1065 0.66
    endloop
  endfacet
  facet normal 1 0 0
    outer loop
      vertex 198 123.42 0
      vertex 198 24.75 0.0164997
      vertex 198 24.75 0
    endloop
  endfacet
  facet normal 1 -0 0
    outer loop
      vertex 198 5.94 0.66
      vertex 198 8.25 0.0164997
      vertex 198 8.8935 0.66
    endloop
  endfacet
  facet normal 1 0 0
    outer loop
      vertex 198 5.94 0
      vertex 198 8.25 0.0164997
      vertex 198 5.94 0.66
    endloop
  endfacet
  facet normal 1 0 0
    outer loop
      vertex 198 8.25 0.0164997
      vertex 198 5.94 0
      vertex 198 8.25 0
    endloop
  endfacet
  facet normal 0 1 -0
    outer loop
      vertex 13.035 129.36 0
      vertex 5.94 129.36 0.66
      vertex 13.035 129.36 0.66
    endloop
  endfacet
  facet normal 0 1 0
    outer loop
      vertex 5.94 129.36 0.66
      vertex 13.035 129.36 0
      vertex 5.94 129.36 0
    endloop
  endfacet
  facet normal 0 1 -0
    outer loop
      vertex 192.06 129.36 0
      vertex 184.965 129.36 0.66
      vertex 192.06 129.36 0.66
    endloop
  endfacet
  facet normal 0 1 0
    outer loop
      vertex 184.965 129.36 0.66
      vertex 192.06 129.36 0
      vertex 184.965 129.36 0
    endloop
  endfacet
  facet normal 0 1 -0
    outer loop
      vertex 178.035 129.36 0
      vertex 19.965 129.36 0.66
      vertex 178.035 129.36 0.66
    endloop
  endfacet
  facet normal 0 1 0
    outer loop
      vertex 19.965 129.36 0.66
      vertex 178.035 129.36 0
      vertex 19.965 129.36 0
    endloop
  endfacet
  facet normal -0.634399 -0.773006 0
    outer loop
      vertex 1.73979 1.73979 0
      vertex 2.63991 1.00107 0.66
      vertex 1.73979 1.73979 0.66
    endloop
  endfacet
  facet normal -0.634399 -0.773006 -0
    outer loop
      vertex 2.63991 1.00107 0.66
      vertex 1.73979 1.73979 0
      vertex 2.63991 1.00107 0
    endloop
  endfacet
  facet normal -0.634542 0.772888 0
    outer loop
      vertex 2.63991 128.359 0
      vertex 1.73979 127.62 0.66
      vertex 2.63991 128.359 0.66
    endloop
  endfacet
  facet normal -0.634542 0.772888 0
    outer loop
      vertex 1.73979 127.62 0.66
      vertex 2.63991 128.359 0
      vertex 1.73979 127.62 0
    endloop
  endfacet
  facet normal -1 0 0
    outer loop
      vertex 0 8.25 0
      vertex 0 5.94 0
      vertex 0 8.25 0.0164997
    endloop
  endfacet
  facet normal -1 0 0
    outer loop
      vertex 0 5.94 0.66
      vertex 0 8.25 0.0164997
      vertex 0 5.94 0
    endloop
  endfacet
  facet normal -1 0 0
    outer loop
      vertex 0 8.25 0.0164997
      vertex 0 5.94 0.66
      vertex 0 8.8935 0.66
    endloop
  endfacet
  facet normal -1 0 0
    outer loop
      vertex 0 24.75 0
      vertex 0 123.42 0.66
      vertex 0 123.42 0
    endloop
  endfacet
  facet normal -1 0 0
    outer loop
      vertex 0 24.75 0.0164997
      vertex 0 123.42 0.66
      vertex 0 24.75 0
    endloop
  endfacet
  facet normal -1 -0 0
    outer loop
      vertex 0 123.42 0.66
      vertex 0 24.75 0.0164997
      vertex 0 24.1065 0.66
    endloop
  endfacet
  facet normal 0.0980031 -0.995186 0
    outer loop
      vertex 192.06 0 0
      vertex 193.219 0.114135 0.66
      vertex 192.06 0 0.66
    endloop
  endfacet
  facet normal 0.0980031 -0.995186 0
    outer loop
      vertex 193.219 0.114135 0.66
      vertex 192.06 0 0
      vertex 193.219 0.114135 0
    endloop
  endfacet
  facet normal 0 -1 0
    outer loop
      vertex 5.94 0 0
      vertex 192.06 0 0.66
      vertex 5.94 0 0.66
    endloop
  endfacet
  facet normal 0 -1 -0
    outer loop
      vertex 192.06 0 0.66
      vertex 5.94 0 0
      vertex 192.06 0 0
    endloop
  endfacet
  facet normal -0.772965 0.634449 0
    outer loop
      vertex 1.00107 126.72 0
      vertex 1.73979 127.62 0.66
      vertex 1.73979 127.62 0
    endloop
  endfacet
  facet normal -0.772965 0.634449 0
    outer loop
      vertex 1.73979 127.62 0.66
      vertex 1.00107 126.72 0
      vertex 1.00107 126.72 0.66
    endloop
  endfacet
  facet normal 0.881901 0.471435 0
    outer loop
      vertex 197.548 125.693 0.66
      vertex 196.999 126.72 0
      vertex 196.999 126.72 0.66
    endloop
  endfacet
  facet normal 0.881901 0.471435 0
    outer loop
      vertex 196.999 126.72 0
      vertex 197.548 125.693 0.66
      vertex 197.548 125.693 0
    endloop
  endfacet
  facet normal 0.471378 -0.881931 0
    outer loop
      vertex 194.333 0.452155 0
      vertex 195.36 1.00107 0.66
      vertex 194.333 0.452155 0.66
    endloop
  endfacet
  facet normal 0.471378 -0.881931 0
    outer loop
      vertex 195.36 1.00107 0.66
      vertex 194.333 0.452155 0
      vertex 195.36 1.00107 0
    endloop
  endfacet
  facet normal 0.956945 -0.29027 0
    outer loop
      vertex 197.548 3.66686 0.66
      vertex 197.886 4.78116 0
      vertex 197.886 4.78116 0.66
    endloop
  endfacet
  facet normal 0.956945 -0.29027 0
    outer loop
      vertex 197.886 4.78116 0
      vertex 197.548 3.66686 0.66
      vertex 197.548 3.66686 0
    endloop
  endfacet
  facet normal 0.772888 -0.634542 0
    outer loop
      vertex 196.26 1.73979 0.66
      vertex 196.999 2.63991 0
      vertex 196.999 2.63991 0.66
    endloop
  endfacet
  facet normal 0.772888 -0.634542 0
    outer loop
      vertex 196.999 2.63991 0
      vertex 196.26 1.73979 0.66
      vertex 196.26 1.73979 0
    endloop
  endfacet
  facet normal 0.634449 -0.772965 0
    outer loop
      vertex 195.36 1.00107 0
      vertex 196.26 1.73979 0.66
      vertex 195.36 1.00107 0.66
    endloop
  endfacet
  facet normal 0.634449 -0.772965 0
    outer loop
      vertex 196.26 1.73979 0.66
      vertex 195.36 1.00107 0
      vertex 196.26 1.73979 0
    endloop
  endfacet
  facet normal 0.471435 0.881901 -0
    outer loop
      vertex 195.36 128.359 0
      vertex 194.333 128.908 0.66
      vertex 195.36 128.359 0.66
    endloop
  endfacet
  facet normal 0.471435 0.881901 0
    outer loop
      vertex 194.333 128.908 0.66
      vertex 195.36 128.359 0
      vertex 194.333 128.908 0
    endloop
  endfacet
  facet normal 0.634593 0.772847 -0
    outer loop
      vertex 196.26 127.62 0
      vertex 195.36 128.359 0.66
      vertex 196.26 127.62 0.66
    endloop
  endfacet
  facet normal 0.634593 0.772847 0
    outer loop
      vertex 195.36 128.359 0.66
      vertex 196.26 127.62 0
      vertex 195.36 128.359 0
    endloop
  endfacet
  facet normal -0.471453 0.881891 0
    outer loop
      vertex 3.66686 128.908 0
      vertex 2.63991 128.359 0.66
      vertex 3.66686 128.908 0.66
    endloop
  endfacet
  facet normal -0.471453 0.881891 0
    outer loop
      vertex 2.63991 128.359 0.66
      vertex 3.66686 128.908 0
      vertex 2.63991 128.359 0
    endloop
  endfacet
  facet normal -0.956918 0.290357 0
    outer loop
      vertex 0.114135 124.579 0
      vertex 0.452155 125.693 0.66
      vertex 0.452155 125.693 0
    endloop
  endfacet
  facet normal -0.956918 0.290357 0
    outer loop
      vertex 0.452155 125.693 0.66
      vertex 0.114135 124.579 0
      vertex 0.114135 124.579 0.66
    endloop
  endfacet
  facet normal 0.995197 0.0978883 0
    outer loop
      vertex 198 123.42 0.66
      vertex 197.886 124.579 0
      vertex 197.886 124.579 0.66
    endloop
  endfacet
  facet normal 0.995197 0.0978883 0
    outer loop
      vertex 197.886 124.579 0
      vertex 198 123.42 0.66
      vertex 198 123.42 0
    endloop
  endfacet
  facet normal 0.956923 0.290341 0
    outer loop
      vertex 197.886 124.579 0.66
      vertex 197.548 125.693 0
      vertex 197.548 125.693 0.66
    endloop
  endfacet
  facet normal 0.956923 0.290341 0
    outer loop
      vertex 197.548 125.693 0
      vertex 197.886 124.579 0.66
      vertex 197.886 124.579 0
    endloop
  endfacet
  facet normal -0.773006 -0.634399 0
    outer loop
      vertex 1.73979 1.73979 0
      vertex 1.00107 2.63991 0.66
      vertex 1.00107 2.63991 0
    endloop
  endfacet
  facet normal -0.773006 -0.634399 0
    outer loop
      vertex 1.00107 2.63991 0.66
      vertex 1.73979 1.73979 0
      vertex 1.73979 1.73979 0.66
    endloop
  endfacet
  facet normal -0.995186 0.0980031 0
    outer loop
      vertex 0 123.42 0
      vertex 0.114135 124.579 0.66
      vertex 0.114135 124.579 0
    endloop
  endfacet
  facet normal -0.995186 0.0980031 0
    outer loop
      vertex 0.114135 124.579 0.66
      vertex 0 123.42 0
      vertex 0 123.42 0.66
    endloop
  endfacet
  facet normal 0.772847 0.634593 0
    outer loop
      vertex 196.999 126.72 0.66
      vertex 196.26 127.62 0
      vertex 196.26 127.62 0.66
    endloop
  endfacet
  facet normal 0.772847 0.634593 0
    outer loop
      vertex 196.26 127.62 0
      vertex 196.999 126.72 0.66
      vertex 196.999 126.72 0
    endloop
  endfacet
  facet normal 0.290357 -0.956918 0
    outer loop
      vertex 193.219 0.114135 0
      vertex 194.333 0.452155 0.66
      vertex 193.219 0.114135 0.66
    endloop
  endfacet
  facet normal 0.290357 -0.956918 0
    outer loop
      vertex 194.333 0.452155 0.66
      vertex 193.219 0.114135 0
      vertex 194.333 0.452155 0
    endloop
  endfacet
  facet normal -0.471396 -0.881922 0
    outer loop
      vertex 2.63991 1.00107 0
      vertex 3.66686 0.452155 0.66
      vertex 2.63991 1.00107 0.66
    endloop
  endfacet
  facet normal -0.471396 -0.881922 -0
    outer loop
      vertex 3.66686 0.452155 0.66
      vertex 2.63991 1.00107 0
      vertex 3.66686 0.452155 0
    endloop
  endfacet
  facet normal 0.0978883 0.995197 -0
    outer loop
      vertex 193.219 129.246 0
      vertex 192.06 129.36 0.66
      vertex 193.219 129.246 0.66
    endloop
  endfacet
  facet normal 0.0978883 0.995197 0
    outer loop
      vertex 192.06 129.36 0.66
      vertex 193.219 129.246 0
      vertex 192.06 129.36 0
    endloop
  endfacet
  facet normal -0.0979017 0.995196 0
    outer loop
      vertex 5.94 129.36 0
      vertex 4.78116 129.246 0.66
      vertex 5.94 129.36 0.66
    endloop
  endfacet
  facet normal -0.0979017 0.995196 0
    outer loop
      vertex 4.78116 129.246 0.66
      vertex 5.94 129.36 0
      vertex 4.78116 129.246 0
    endloop
  endfacet
  facet normal -0.0980165 -0.995185 0
    outer loop
      vertex 4.78116 0.114135 0
      vertex 5.94 0 0.66
      vertex 4.78116 0.114135 0.66
    endloop
  endfacet
  facet normal -0.0980165 -0.995185 -0
    outer loop
      vertex 5.94 0 0.66
      vertex 4.78116 0.114135 0
      vertex 5.94 0 0
    endloop
  endfacet
  facet normal -0.881922 -0.471396 0
    outer loop
      vertex 1.00107 2.63991 0
      vertex 0.452155 3.66686 0.66
      vertex 0.452155 3.66686 0
    endloop
  endfacet
  facet normal -0.881922 -0.471396 0
    outer loop
      vertex 0.452155 3.66686 0.66
      vertex 1.00107 2.63991 0
      vertex 1.00107 2.63991 0.66
    endloop
  endfacet
  facet normal 0.881891 -0.471453 0
    outer loop
      vertex 196.999 2.63991 0.66
      vertex 197.548 3.66686 0
      vertex 197.548 3.66686 0.66
    endloop
  endfacet
  facet normal 0.881891 -0.471453 0
    outer loop
      vertex 197.548 3.66686 0
      vertex 196.999 2.63991 0.66
      vertex 196.999 2.63991 0
    endloop
  endfacet
  facet normal -0.290285 -0.95694 0
    outer loop
      vertex 3.66686 0.452155 0
      vertex 4.78116 0.114135 0.66
      vertex 3.66686 0.452155 0.66
    endloop
  endfacet
  facet normal -0.290285 -0.95694 -0
    outer loop
      vertex 4.78116 0.114135 0.66
      vertex 3.66686 0.452155 0
      vertex 4.78116 0.114135 0
    endloop
  endfacet
  facet normal 0.995196 -0.0979017 0
    outer loop
      vertex 197.886 4.78116 0.66
      vertex 198 5.94 0
      vertex 198 5.94 0.66
    endloop
  endfacet
  facet normal 0.995196 -0.0979017 0
    outer loop
      vertex 198 5.94 0
      vertex 197.886 4.78116 0.66
      vertex 197.886 4.78116 0
    endloop
  endfacet
  facet normal -1 0 0
    outer loop
      vertex 20.13 1.32 0
      vertex 20.13 3.96 0.66
      vertex 20.13 3.96 0
    endloop
  endfacet
  facet normal -1 -0 0
    outer loop
      vertex 20.13 3.96 0.66
      vertex 20.13 1.32 0
      vertex 20.13 1.32 0.66
    endloop
  endfacet
  facet normal 1 -0 0
    outer loop
      vertex 12.87 1.32 0.66
      vertex 12.87 3.96 0
      vertex 12.87 3.96 0.66
    endloop
  endfacet
  facet normal 1 0 0
    outer loop
      vertex 12.87 3.96 0
      vertex 12.87 1.32 0.66
      vertex 12.87 1.32 0
    endloop
  endfacet
  facet normal 0 -1 0
    outer loop
      vertex 12.87 3.96 0
      vertex 20.13 3.96 0.66
      vertex 12.87 3.96 0.66
    endloop
  endfacet
  facet normal 0 -1 -0
    outer loop
      vertex 20.13 3.96 0.66
      vertex 12.87 3.96 0
      vertex 20.13 3.96 0
    endloop
  endfacet
  facet normal 0 1 -0
    outer loop
      vertex 20.13 1.32 0
      vertex 12.87 1.32 0.66
      vertex 20.13 1.32 0.66
    endloop
  endfacet
  facet normal 0 1 0
    outer loop
      vertex 12.87 1.32 0.66
      vertex 20.13 1.32 0
      vertex 12.87 1.32 0
    endloop
  endfacet
  facet normal -1 0 0
    outer loop
      vertex 185.13 1.32 0
      vertex 185.13 3.96 0.66
      vertex 185.13 3.96 0
    endloop
  endfacet
  facet normal -1 -0 0
    outer loop
      vertex 185.13 3.96 0.66
      vertex 185.13 1.32 0
      vertex 185.13 1.32 0.66
    endloop
  endfacet
  facet normal 1 -0 0
    outer loop
      vertex 177.87 1.32 0.66
      vertex 177.87 3.96 0
      vertex 177.87 3.96 0.66
    endloop
  endfacet
  facet normal 1 0 0
    outer loop
      vertex 177.87 3.96 0
      vertex 177.87 1.32 0.66
      vertex 177.87 1.32 0
    endloop
  endfacet
  facet normal 0 -1 0
    outer loop
      vertex 177.87 3.96 0
      vertex 185.13 3.96 0.66
      vertex 177.87 3.96 0.66
    endloop
  endfacet
  facet normal 0 -1 -0
    outer loop
      vertex 185.13 3.96 0.66
      vertex 177.87 3.96 0
      vertex 185.13 3.96 0
    endloop
  endfacet
  facet normal 0 1 -0
    outer loop
      vertex 185.13 1.32 0
      vertex 177.87 1.32 0.66
      vertex 185.13 1.32 0.66
    endloop
  endfacet
  facet normal 0 1 0
    outer loop
      vertex 177.87 1.32 0.66
      vertex 185.13 1.32 0
      vertex 177.87 1.32 0
    endloop
  endfacet
  facet normal 0 1 -0
    outer loop
      vertex 1.98 8.25 0
      vertex 0 8.25 0.0164997
      vertex 1.98 8.25 0.0164997
    endloop
  endfacet
  facet normal 0 1 0
    outer loop
      vertex 0 8.25 0.0164997
      vertex 1.98 8.25 0
      vertex 0 8.25 0
    endloop
  endfacet
  facet normal 0 -1 0
    outer loop
      vertex 0 24.75 0
      vertex 1.98 24.75 0.0164997
      vertex 0 24.75 0.0164997
    endloop
  endfacet
  facet normal 0 -1 -0
    outer loop
      vertex 1.98 24.75 0.0164997
      vertex 0 24.75 0
      vertex 1.98 24.75 0
    endloop
  endfacet
  facet normal 0 0.707107 -0.707107
    outer loop
      vertex 0 8.25 0.0164997
      vertex 1.34186 8.8935 0.66
      vertex 1.98 8.25 0.0164997
    endloop
  endfacet
  facet normal 0 0.707107 -0.707107
    outer loop
      vertex 1.34186 8.8935 0.66
      vertex 0 8.25 0.0164997
      vertex 0 8.8935 0.66
    endloop
  endfacet
  facet normal -1 0 0
    outer loop
      vertex 1.98 8.25 0
      vertex 1.98 24.75 0.0164997
      vertex 1.98 24.75 0
    endloop
  endfacet
  facet normal -1 -0 0
    outer loop
      vertex 1.98 24.75 0.0164997
      vertex 1.98 8.25 0
      vertex 1.98 8.25 0.0164997
    endloop
  endfacet
  facet normal 0 -0.707107 -0.707107
    outer loop
      vertex 0 24.75 0.0164997
      vertex 1.34186 24.1065 0.66
      vertex 0 24.1065 0.66
    endloop
  endfacet
  facet normal 0 -0.707107 -0.707107
    outer loop
      vertex 1.34186 24.1065 0.66
      vertex 0 24.75 0.0164997
      vertex 1.98 24.75 0.0164997
    endloop
  endfacet
  facet normal -0.710058 0 -0.704143
    outer loop
      vertex 1.98 24.75 0.0164997
      vertex 1.34186 8.8935 0.66
      vertex 1.34186 24.1065 0.66
    endloop
  endfacet
  facet normal -0.710058 0 -0.704143
    outer loop
      vertex 1.34186 8.8935 0.66
      vertex 1.98 24.75 0.0164997
      vertex 1.98 8.25 0.0164997
    endloop
  endfacet
  facet normal 0.710135 0 -0.704065
    outer loop
      vertex 196.658 8.8935 0.66
      vertex 196.02 24.75 0.0164997
      vertex 196.658 24.1065 0.66
    endloop
  endfacet
  facet normal 0.710135 0 -0.704065
    outer loop
      vertex 196.02 24.75 0.0164997
      vertex 196.658 8.8935 0.66
      vertex 196.02 8.25 0.0164997
    endloop
  endfacet
  facet normal 0 1 -0
    outer loop
      vertex 198 8.25 0
      vertex 196.02 8.25 0.0164997
      vertex 198 8.25 0.0164997
    endloop
  endfacet
  facet normal 0 1 0
    outer loop
      vertex 196.02 8.25 0.0164997
      vertex 198 8.25 0
      vertex 196.02 8.25 0
    endloop
  endfacet
  facet normal -0 -0.707107 -0.707107
    outer loop
      vertex 198 24.75 0.0164997
      vertex 196.658 24.1065 0.66
      vertex 196.02 24.75 0.0164997
    endloop
  endfacet
  facet normal 0 -0.707107 -0.707107
    outer loop
      vertex 196.658 24.1065 0.66
      vertex 198 24.75 0.0164997
      vertex 198 24.1065 0.66
    endloop
  endfacet
  facet normal 0 -1 0
    outer loop
      vertex 196.02 24.75 0
      vertex 198 24.75 0.0164997
      vertex 196.02 24.75 0.0164997
    endloop
  endfacet
  facet normal 0 -1 -0
    outer loop
      vertex 198 24.75 0.0164997
      vertex 196.02 24.75 0
      vertex 198 24.75 0
    endloop
  endfacet
  facet normal 0 0.707107 -0.707107
    outer loop
      vertex 198 8.25 0.0164997
      vertex 196.658 8.8935 0.66
      vertex 198 8.8935 0.66
    endloop
  endfacet
  facet normal 0 0.707107 -0.707107
    outer loop
      vertex 196.658 8.8935 0.66
      vertex 198 8.25 0.0164997
      vertex 196.02 8.25 0.0164997
    endloop
  endfacet
  facet normal 1 -0 0
    outer loop
      vertex 196.02 8.25 0.0164997
      vertex 196.02 24.75 0
      vertex 196.02 24.75 0.0164997
    endloop
  endfacet
  facet normal 1 0 0
    outer loop
      vertex 196.02 24.75 0
      vertex 196.02 8.25 0.0164997
      vertex 196.02 8.25 0
    endloop
  endfacet
  facet normal -1 0 0
    outer loop
      vertex 13.035 129.767 -3.31449
      vertex 13.035 130.505 -2.20952
      vertex 13.035 129.921 -3.39425
    endloop
  endfacet
  facet normal -1 -0 0
    outer loop
      vertex 13.035 130.505 -2.20952
      vertex 13.035 129.767 -3.31449
      vertex 13.035 130.277 -2.08754
    endloop
  endfacet
  facet normal -1 0 0
    outer loop
      vertex 13.035 129.622 -3.22168
      vertex 13.035 130.277 -2.08754
      vertex 13.035 129.767 -3.31449
    endloop
  endfacet
  facet normal -1 0 0
    outer loop
      vertex 13.035 129.408 -3.07861
      vertex 13.035 130.277 -2.08754
      vertex 13.035 129.622 -3.22168
    endloop
  endfacet
  facet normal -1 -0 0
    outer loop
      vertex 13.035 130.277 -2.08754
      vertex 13.035 129.408 -3.07861
      vertex 13.035 130.137 -1.97869
    endloop
  endfacet
  facet normal -1 0 0
    outer loop
      vertex 13.035 129.271 -2.97345
      vertex 13.035 130.137 -1.97869
      vertex 13.035 129.408 -3.07861
    endloop
  endfacet
  facet normal -1 -0 0
    outer loop
      vertex 13.035 130.137 -1.97869
      vertex 13.035 129.271 -2.97345
      vertex 13.035 130.077 -1.92344
    endloop
  endfacet
  facet normal -1 -0 0
    outer loop
      vertex 13.035 130.077 -1.92344
      vertex 13.035 129.271 -2.97345
      vertex 13.035 130.077 -1.92338
    endloop
  endfacet
  facet normal -1 0 0
    outer loop
      vertex 13.035 129.143 -2.85676
      vertex 13.035 130.077 -1.92338
      vertex 13.035 129.271 -2.97345
    endloop
  endfacet
  facet normal -1 0 0
    outer loop
      vertex 13.035 129.027 -2.72941
      vertex 13.035 130.077 -1.92338
      vertex 13.035 129.143 -2.85676
    endloop
  endfacet
  facet normal -1 -0 0
    outer loop
      vertex 13.035 130.077 -1.92338
      vertex 13.035 129.027 -2.72941
      vertex 13.035 130.077 -1.92331
    endloop
  endfacet
  facet normal -1 -0 0
    outer loop
      vertex 13.035 130.077 -1.92331
      vertex 13.035 129.027 -2.72941
      vertex 13.035 129.96 -1.79603
    endloop
  endfacet
  facet normal -1 0 0
    outer loop
      vertex 13.035 128.921 -2.59237
      vertex 13.035 129.96 -1.79603
      vertex 13.035 129.027 -2.72941
    endloop
  endfacet
  facet normal -1 -0 0
    outer loop
      vertex 13.035 129.96 -1.79603
      vertex 13.035 128.921 -2.59237
      vertex 13.035 129.9 -1.7183
    endloop
  endfacet
  facet normal -1 0 0
    outer loop
      vertex 13.035 128.778 -2.37825
      vertex 13.035 129.9 -1.7183
      vertex 13.035 128.921 -2.59237
    endloop
  endfacet
  facet normal -1 -0 0
    outer loop
      vertex 13.035 129.9 -1.7183
      vertex 13.035 128.778 -2.37825
      vertex 13.035 129.825 -1.57421
    endloop
  endfacet
  facet normal -1 0 0
    outer loop
      vertex 13.035 128.686 -2.23257
      vertex 13.035 129.825 -1.57421
      vertex 13.035 128.778 -2.37825
    endloop
  endfacet
  facet normal -1 0 0
    outer loop
      vertex 13.035 128.606 -2.07935
      vertex 13.035 129.825 -1.57421
      vertex 13.035 128.686 -2.23257
    endloop
  endfacet
  facet normal -1 0 0
    outer loop
      vertex 13.035 131.002 -3.63
      vertex 13.035 131.018 -3.62964
      vertex 13.035 131.018 -3.63
    endloop
  endfacet
  facet normal -1 0 0
    outer loop
      vertex 13.035 131.018 -3.62964
      vertex 13.035 131.01 -2.31
      vertex 13.035 131.018 -2.30964
    endloop
  endfacet
  facet normal -1 -0 0
    outer loop
      vertex 13.035 131.018 -2.30964
      vertex 13.035 131.01 -2.31
      vertex 13.035 131.018 -2.30919
    endloop
  endfacet
  facet normal -1 -0 0
    outer loop
      vertex 13.035 131.018 -3.62964
      vertex 13.035 131.002 -3.63
      vertex 13.035 131.002 -3.62963
    endloop
  endfacet
  facet normal -1 0 0
    outer loop
      vertex 13.035 131.018 -3.62964
      vertex 13.035 131.002 -3.62963
      vertex 13.035 131.01 -2.31
    endloop
  endfacet
  facet normal -1 0 0
    outer loop
      vertex 13.035 130.837 -3.62246
      vertex 13.035 131.01 -2.31
      vertex 13.035 131.002 -3.62963
    endloop
  endfacet
  facet normal -1 0 0
    outer loop
      vertex 13.035 130.666 -3.59992
      vertex 13.035 131.01 -2.31
      vertex 13.035 130.837 -3.62246
    endloop
  endfacet
  facet normal -1 -0 0
    outer loop
      vertex 13.035 131.01 -2.31
      vertex 13.035 130.666 -3.59992
      vertex 13.035 130.752 -2.28464
    endloop
  endfacet
  facet normal -1 0 0
    outer loop
      vertex 13.035 130.414 -3.54968
      vertex 13.035 130.752 -2.28464
      vertex 13.035 130.666 -3.59992
    endloop
  endfacet
  facet normal -1 0 0
    outer loop
      vertex 13.035 130.245 -3.51229
      vertex 13.035 130.752 -2.28464
      vertex 13.035 130.414 -3.54968
    endloop
  endfacet
  facet normal -1 -0 0
    outer loop
      vertex 13.035 130.752 -2.28464
      vertex 13.035 130.245 -3.51229
      vertex 13.035 130.505 -2.20952
    endloop
  endfacet
  facet normal -1 0 0
    outer loop
      vertex 13.035 130.08 -3.46035
      vertex 13.035 130.505 -2.20952
      vertex 13.035 130.245 -3.51229
    endloop
  endfacet
  facet normal -1 0 0
    outer loop
      vertex 13.035 129.921 -3.39425
      vertex 13.035 130.505 -2.20952
      vertex 13.035 130.08 -3.46035
    endloop
  endfacet
  facet normal -1 0 0
    outer loop
      vertex 13.035 130.277 -2.08754
      vertex 13.035 130.137 -1.97869
      vertex 13.035 130.132 -1.96857
    endloop
  endfacet
  facet normal -1 0 0
    outer loop
      vertex 13.035 132.892 -2.75934
      vertex 13.035 132.892 -2.25419
      vertex 13.035 132.943 -2.50676
    endloop
  endfacet
  facet normal -1 0 0
    outer loop
      vertex 13.035 132.749 -2.97345
      vertex 13.035 132.892 -2.25419
      vertex 13.035 132.892 -2.75934
    endloop
  endfacet
  facet normal -1 0 0
    outer loop
      vertex 13.035 132.749 -2.97345
      vertex 13.035 132.749 -2.04008
      vertex 13.035 132.892 -2.25419
    endloop
  endfacet
  facet normal -1 0 0
    outer loop
      vertex 13.035 132.612 -3.07861
      vertex 13.035 132.749 -2.04008
      vertex 13.035 132.749 -2.97345
    endloop
  endfacet
  facet normal -1 0 0
    outer loop
      vertex 13.035 132.612 -3.07861
      vertex 13.035 132.535 -1.89701
      vertex 13.035 132.749 -2.04008
    endloop
  endfacet
  facet normal -1 0 0
    outer loop
      vertex 13.035 131.738 -2.09972
      vertex 13.035 132.612 -3.07861
      vertex 13.035 132.398 -3.22168
    endloop
  endfacet
  facet normal -1 0 0
    outer loop
      vertex 13.035 132.612 -3.07861
      vertex 13.035 131.816 -2.04008
      vertex 13.035 132.535 -1.89701
    endloop
  endfacet
  facet normal -1 0 0
    outer loop
      vertex 13.035 131.738 -2.09972
      vertex 13.035 132.398 -3.22168
      vertex 13.035 132.253 -3.31449
    endloop
  endfacet
  facet normal -1 0 0
    outer loop
      vertex 13.035 131.594 -2.17472
      vertex 13.035 132.253 -3.31449
      vertex 13.035 132.099 -3.39425
    endloop
  endfacet
  facet normal -1 -0 0
    outer loop
      vertex 13.035 132.535 -1.89701
      vertex 13.035 131.816 -2.04008
      vertex 13.035 132.283 -1.84676
    endloop
  endfacet
  facet normal -1 0 0
    outer loop
      vertex 13.035 131.515 -2.20952
      vertex 13.035 132.099 -3.39425
      vertex 13.035 131.94 -3.46035
    endloop
  endfacet
  facet normal -1 0 0
    outer loop
      vertex 13.035 132.283 -1.84676
      vertex 13.035 131.816 -2.04008
      vertex 13.035 132.03 -1.89701
    endloop
  endfacet
  facet normal -1 0 0
    outer loop
      vertex 13.035 131.435 -2.24083
      vertex 13.035 131.94 -3.46035
      vertex 13.035 131.775 -3.51229
    endloop
  endfacet
  facet normal -1 0 0
    outer loop
      vertex 13.035 132.612 -3.07861
      vertex 13.035 131.738 -2.09972
      vertex 13.035 131.816 -2.04008
    endloop
  endfacet
  facet normal -1 0 0
    outer loop
      vertex 13.035 131.435 -2.24083
      vertex 13.035 131.775 -3.51229
      vertex 13.035 131.606 -3.54968
    endloop
  endfacet
  facet normal -1 0 0
    outer loop
      vertex 13.035 132.253 -3.31449
      vertex 13.035 131.594 -2.17472
      vertex 13.035 131.738 -2.09972
    endloop
  endfacet
  facet normal -1 0 0
    outer loop
      vertex 13.035 132.099 -3.39425
      vertex 13.035 131.515 -2.20952
      vertex 13.035 131.594 -2.17472
    endloop
  endfacet
  facet normal -1 0 0
    outer loop
      vertex 13.035 131.594 -2.17472
      vertex 13.035 131.515 -2.20952
      vertex 13.035 131.532 -2.20044
    endloop
  endfacet
  facet normal -1 0 0
    outer loop
      vertex 13.035 131.94 -3.46035
      vertex 13.035 131.435 -2.24083
      vertex 13.035 131.515 -2.20952
    endloop
  endfacet
  facet normal -1 0 0
    outer loop
      vertex 13.035 131.515 -2.20952
      vertex 13.035 131.435 -2.24083
      vertex 13.035 131.497 -2.21511
    endloop
  endfacet
  facet normal -1 0 0
    outer loop
      vertex 13.035 131.28 -2.28968
      vertex 13.035 131.606 -3.54968
      vertex 13.035 131.354 -3.59992
    endloop
  endfacet
  facet normal -1 0 0
    outer loop
      vertex 13.035 131.606 -3.54968
      vertex 13.035 131.28 -2.28968
      vertex 13.035 131.435 -2.24083
    endloop
  endfacet
  facet normal -1 0 0
    outer loop
      vertex 13.035 131.183 -2.30246
      vertex 13.035 131.354 -3.59992
      vertex 13.035 131.183 -3.62246
    endloop
  endfacet
  facet normal -1 0 0
    outer loop
      vertex 13.035 131.354 -3.59992
      vertex 13.035 131.183 -2.30246
      vertex 13.035 131.28 -2.28968
    endloop
  endfacet
  facet normal -1 0 0
    outer loop
      vertex 13.035 131.018 -2.30964
      vertex 13.035 131.183 -3.62246
      vertex 13.035 131.018 -3.62964
    endloop
  endfacet
  facet normal -1 0 0
    outer loop
      vertex 13.035 131.183 -3.62246
      vertex 13.035 131.018 -2.30964
      vertex 13.035 131.183 -2.30246
    endloop
  endfacet
  facet normal -1 0 0
    outer loop
      vertex 13.035 129.706 -1.15646
      vertex 13.035 129.696 -1.13745
      vertex 13.035 129.69 -0.99
    endloop
  endfacet
  facet normal -1 0 0
    outer loop
      vertex 13.035 131.018 0.329187
      vertex 13.035 131.01 0.33
      vertex 13.035 131.018 0.32964
    endloop
  endfacet
  facet normal -1 0 0
    outer loop
      vertex 13.035 133.48 -0.565375
      vertex 13.035 133.48 -0.0602335
      vertex 13.035 133.531 -0.312804
    endloop
  endfacet
  facet normal -1 0 0
    outer loop
      vertex 13.035 132.261 -0.565375
      vertex 13.035 133.48 -0.0602335
      vertex 13.035 133.48 -0.565375
    endloop
  endfacet
  facet normal -1 0 0
    outer loop
      vertex 13.035 132.261 -0.565375
      vertex 13.035 133.48 -0.565375
      vertex 13.035 133.337 -0.779495
    endloop
  endfacet
  facet normal -1 0 0
    outer loop
      vertex 13.035 132.23 -0.484858
      vertex 13.035 133.48 -0.0602335
      vertex 13.035 132.261 -0.565375
    endloop
  endfacet
  facet normal -1 0 0
    outer loop
      vertex 13.035 132.195 -0.405788
      vertex 13.035 133.414 0.0993535
      vertex 13.035 132.23 -0.484858
    endloop
  endfacet
  facet normal -1 0 0
    outer loop
      vertex 13.035 132.261 -0.565375
      vertex 13.035 133.337 -0.779495
      vertex 13.035 133.123 -0.922561
    endloop
  endfacet
  facet normal -1 -0 0
    outer loop
      vertex 13.035 133.414 0.0993535
      vertex 13.035 132.195 -0.405788
      vertex 13.035 133.334 0.252571
    endloop
  endfacet
  facet normal -1 -0 0
    outer loop
      vertex 13.035 133.334 0.252571
      vertex 13.035 132.195 -0.405788
      vertex 13.035 133.242 0.39825
    endloop
  endfacet
  facet normal -1 0 0
    outer loop
      vertex 13.035 132.261 -0.565375
      vertex 13.035 133.123 -0.922561
      vertex 13.035 132.871 -0.972804
    endloop
  endfacet
  facet normal -1 0 0
    outer loop
      vertex 13.035 132.261 -0.565375
      vertex 13.035 132.871 -0.972804
      vertex 13.035 132.618 -0.922561
    endloop
  endfacet
  facet normal -1 0 0
    outer loop
      vertex 13.035 132.261 -0.565375
      vertex 13.035 132.618 -0.922561
      vertex 13.035 132.404 -0.779495
    endloop
  endfacet
  facet normal -1 -0 0
    outer loop
      vertex 13.035 133.48 -0.0602335
      vertex 13.035 132.23 -0.484858
      vertex 13.035 133.414 0.0993535
    endloop
  endfacet
  facet normal -1 0 0
    outer loop
      vertex 13.035 132.23 -0.484858
      vertex 13.035 132.261 -0.565375
      vertex 13.035 132.235 -0.503294
    endloop
  endfacet
  facet normal -1 0 0
    outer loop
      vertex 13.035 132.12 -0.261705
      vertex 13.035 133.242 0.39825
      vertex 13.035 132.195 -0.405788
    endloop
  endfacet
  facet normal -1 0 0
    outer loop
      vertex 13.035 132.195 -0.405788
      vertex 13.035 132.23 -0.484858
      vertex 13.035 132.22 -0.467864
    endloop
  endfacet
  facet normal -1 -0 0
    outer loop
      vertex 13.035 133.242 0.39825
      vertex 13.035 132.12 -0.261705
      vertex 13.035 133.099 0.61237
    endloop
  endfacet
  facet normal -1 0 0
    outer loop
      vertex 13.035 132.06 -0.183973
      vertex 13.035 133.099 0.61237
      vertex 13.035 132.12 -0.261705
    endloop
  endfacet
  facet normal -1 -0 0
    outer loop
      vertex 13.035 133.099 0.61237
      vertex 13.035 132.06 -0.183973
      vertex 13.035 133.062 0.66
    endloop
  endfacet
  facet normal -1 0 0
    outer loop
      vertex 13.035 131.943 -0.0567009
      vertex 13.035 133.062 0.66
      vertex 13.035 132.06 -0.183973
    endloop
  endfacet
  facet normal -1 0 0
    outer loop
      vertex 13.035 131.943 -0.056619
      vertex 13.035 133.062 0.66
      vertex 13.035 131.943 -0.0567009
    endloop
  endfacet
  facet normal -1 0 0
    outer loop
      vertex 13.035 131.943 -0.0565517
      vertex 13.035 133.062 0.66
      vertex 13.035 131.943 -0.056619
    endloop
  endfacet
  facet normal -1 0 0
    outer loop
      vertex 13.035 131.816 0.0600774
      vertex 13.035 133.062 0.66
      vertex 13.035 131.943 -0.0565517
    endloop
  endfacet
  facet normal -1 0 0
    outer loop
      vertex 13.035 131.738 0.119722
      vertex 13.035 133.062 0.66
      vertex 13.035 131.816 0.0600774
    endloop
  endfacet
  facet normal -1 0 0
    outer loop
      vertex 13.035 131.594 0.194724
      vertex 13.035 133.062 0.66
      vertex 13.035 131.738 0.119722
    endloop
  endfacet
  facet normal -1 0 0
    outer loop
      vertex 13.035 131.515 0.229521
      vertex 13.035 131.594 0.194724
      vertex 13.035 131.532 0.220437
    endloop
  endfacet
  facet normal -1 0 0
    outer loop
      vertex 13.035 131.594 0.194724
      vertex 13.035 131.515 0.229521
      vertex 13.035 133.062 0.66
    endloop
  endfacet
  facet normal -1 0 0
    outer loop
      vertex 13.035 131.435 0.260829
      vertex 13.035 131.515 0.229521
      vertex 13.035 131.497 0.235113
    endloop
  endfacet
  facet normal -1 0 0
    outer loop
      vertex 13.035 131.515 0.229521
      vertex 13.035 131.435 0.260829
      vertex 13.035 133.062 0.66
    endloop
  endfacet
  facet normal -1 0 0
    outer loop
      vertex 13.035 131.28 0.309677
      vertex 13.035 133.062 0.66
      vertex 13.035 131.435 0.260829
    endloop
  endfacet
  facet normal -1 0 0
    outer loop
      vertex 13.035 131.183 0.322462
      vertex 13.035 133.062 0.66
      vertex 13.035 131.28 0.309677
    endloop
  endfacet
  facet normal -1 0 0
    outer loop
      vertex 13.035 131.018 0.32964
      vertex 13.035 133.062 0.66
      vertex 13.035 131.183 0.322462
    endloop
  endfacet
  facet normal -1 0 0
    outer loop
      vertex 13.035 131.01 0.33
      vertex 13.035 133.062 0.66
      vertex 13.035 131.018 0.32964
    endloop
  endfacet
  facet normal -1 0 0
    outer loop
      vertex 13.035 129.36 0.66
      vertex 13.035 131.01 0.33
      vertex 13.035 130.752 0.304636
    endloop
  endfacet
  facet normal -1 0 -0
    outer loop
      vertex 13.035 129.79 -1.49514
      vertex 13.035 129.825 -1.57421
      vertex 13.035 128.606 -2.07935
    endloop
  endfacet
  facet normal -1 0 0
    outer loop
      vertex 13.035 129.825 -1.57421
      vertex 13.035 129.79 -1.49514
      vertex 13.035 129.8 -1.51213
    endloop
  endfacet
  facet normal -1 0 0
    outer loop
      vertex 13.035 128.54 -1.91977
      vertex 13.035 129.79 -1.49514
      vertex 13.035 128.606 -2.07935
    endloop
  endfacet
  facet normal -1 0 0
    outer loop
      vertex 13.035 129.36 0
      vertex 13.035 129.79 -0.484858
      vertex 13.035 129.715 -0.732481
    endloop
  endfacet
  facet normal -1 0 0
    outer loop
      vertex 13.035 129.36 0
      vertex 13.035 129.912 -0.256647
      vertex 13.035 129.79 -0.484858
    endloop
  endfacet
  facet normal -1 0 0
    outer loop
      vertex 13.035 129.36 0
      vertex 13.035 130.077 -0.056619
      vertex 13.035 129.912 -0.256647
    endloop
  endfacet
  facet normal -1 0 0
    outer loop
      vertex 13.035 129.36 0.66
      vertex 13.035 130.077 -0.056619
      vertex 13.035 129.36 0
    endloop
  endfacet
  facet normal -1 0 0
    outer loop
      vertex 13.035 130.077 -0.056619
      vertex 13.035 129.36 0.66
      vertex 13.035 130.277 0.10754
    endloop
  endfacet
  facet normal -1 0 0
    outer loop
      vertex 13.035 130.277 0.10754
      vertex 13.035 129.36 0.66
      vertex 13.035 130.505 0.229521
    endloop
  endfacet
  facet normal -1 0 0
    outer loop
      vertex 13.035 131.01 0.33
      vertex 13.035 129.36 0.66
      vertex 13.035 133.062 0.66
    endloop
  endfacet
  facet normal -1 0 0
    outer loop
      vertex 13.035 130.505 0.229521
      vertex 13.035 129.36 0.66
      vertex 13.035 130.752 0.304636
    endloop
  endfacet
  facet normal -1 0 -0
    outer loop
      vertex 13.035 129.759 -1.41463
      vertex 13.035 129.79 -1.49514
      vertex 13.035 128.54 -1.91977
    endloop
  endfacet
  facet normal -1 0 0
    outer loop
      vertex 13.035 129.79 -1.49514
      vertex 13.035 129.759 -1.41463
      vertex 13.035 129.785 -1.47671
    endloop
  endfacet
  facet normal -1 0 0
    outer loop
      vertex 13.035 128.488 -1.75503
      vertex 13.035 129.759 -1.41463
      vertex 13.035 128.54 -1.91977
    endloop
  endfacet
  facet normal -1 -0 0
    outer loop
      vertex 13.035 129.759 -1.41463
      vertex 13.035 128.488 -1.75503
      vertex 13.035 129.71 -1.2597
    endloop
  endfacet
  facet normal -1 0 0
    outer loop
      vertex 13.035 128.45 -1.58639
      vertex 13.035 129.71 -1.2597
      vertex 13.035 128.488 -1.75503
    endloop
  endfacet
  facet normal -1 0 0
    outer loop
      vertex 13.035 128.4 -1.33382
      vertex 13.035 129.71 -1.2597
      vertex 13.035 128.45 -1.58639
    endloop
  endfacet
  facet normal -1 -0 0
    outer loop
      vertex 13.035 129.71 -1.2597
      vertex 13.035 128.4 -1.33382
      vertex 13.035 129.698 -1.16257
    endloop
  endfacet
  facet normal -1 -0 0
    outer loop
      vertex 13.035 129.698 -1.16257
      vertex 13.035 128.4 -1.33382
      vertex 13.035 129.696 -1.13745
    endloop
  endfacet
  facet normal -1 0 0
    outer loop
      vertex 13.035 128.378 -1.16257
      vertex 13.035 129.696 -1.13745
      vertex 13.035 128.4 -1.33382
    endloop
  endfacet
  facet normal -1 0 0
    outer loop
      vertex 13.035 128.37 -0.99
      vertex 13.035 129.69 -0.99
      vertex 13.035 128.378 -1.16257
    endloop
  endfacet
  facet normal -1 -0 0
    outer loop
      vertex 13.035 129.696 -1.13745
      vertex 13.035 128.378 -1.16257
      vertex 13.035 129.69 -0.99
    endloop
  endfacet
  facet normal -1 0 -0
    outer loop
      vertex 13.035 128.488 -0.224972
      vertex 13.035 129.36 0
      vertex 13.035 128.45 -0.393607
    endloop
  endfacet
  facet normal -1 0 -0
    outer loop
      vertex 13.035 128.54 -0.0602335
      vertex 13.035 129.36 0
      vertex 13.035 128.488 -0.224972
    endloop
  endfacet
  facet normal -1 -0 0
    outer loop
      vertex 13.035 129.36 0
      vertex 13.035 128.54 -0.0602335
      vertex 13.035 128.565 0
    endloop
  endfacet
  facet normal -1 0 -0
    outer loop
      vertex 13.035 128.378 -0.817432
      vertex 13.035 129.69 -0.99
      vertex 13.035 128.37 -0.99
    endloop
  endfacet
  facet normal -1 0 0
    outer loop
      vertex 13.035 129.715 -0.732481
      vertex 13.035 128.45 -0.393607
      vertex 13.035 129.36 0
    endloop
  endfacet
  facet normal -1 0 -0
    outer loop
      vertex 13.035 128.4 -0.646178
      vertex 13.035 129.69 -0.99
      vertex 13.035 128.378 -0.817432
    endloop
  endfacet
  facet normal -1 0 -0
    outer loop
      vertex 13.035 128.45 -0.393607
      vertex 13.035 129.715 -0.732481
      vertex 13.035 128.4 -0.646178
    endloop
  endfacet
  facet normal -1 0 0
    outer loop
      vertex 13.035 129.69 -0.99
      vertex 13.035 128.4 -0.646178
      vertex 13.035 129.715 -0.732481
    endloop
  endfacet
  facet normal 1 0 0
    outer loop
      vertex 19.965 129.706 -1.15646
      vertex 19.965 129.69 -0.99
      vertex 19.965 129.696 -1.13745
    endloop
  endfacet
  facet normal 1 0 0
    outer loop
      vertex 19.965 131.01 -2.31
      vertex 19.965 131.018 -2.30964
      vertex 19.965 131.018 -2.30919
    endloop
  endfacet
  facet normal 1 0 0
    outer loop
      vertex 19.965 131.018 -2.30964
      vertex 19.965 131.01 -2.31
      vertex 19.965 131.018 -3.62964
    endloop
  endfacet
  facet normal 1 -0 0
    outer loop
      vertex 19.965 131.002 -3.62963
      vertex 19.965 131.018 -3.62964
      vertex 19.965 131.01 -2.31
    endloop
  endfacet
  facet normal 1 0 0
    outer loop
      vertex 19.965 131.002 -3.63
      vertex 19.965 131.018 -3.62964
      vertex 19.965 131.002 -3.62963
    endloop
  endfacet
  facet normal 1 0 0
    outer loop
      vertex 19.965 131.018 -3.62964
      vertex 19.965 131.002 -3.63
      vertex 19.965 131.018 -3.63
    endloop
  endfacet
  facet normal 1 0 0
    outer loop
      vertex 19.965 131.01 -2.31
      vertex 19.965 130.837 -3.62246
      vertex 19.965 131.002 -3.62963
    endloop
  endfacet
  facet normal 1 0 0
    outer loop
      vertex 19.965 130.666 -3.59992
      vertex 19.965 131.01 -2.31
      vertex 19.965 130.752 -2.28464
    endloop
  endfacet
  facet normal 1 0 0
    outer loop
      vertex 19.965 131.01 -2.31
      vertex 19.965 130.666 -3.59992
      vertex 19.965 130.837 -3.62246
    endloop
  endfacet
  facet normal 1 0 0
    outer loop
      vertex 19.965 130.245 -3.51229
      vertex 19.965 130.752 -2.28464
      vertex 19.965 130.505 -2.20952
    endloop
  endfacet
  facet normal 1 0 0
    outer loop
      vertex 19.965 130.752 -2.28464
      vertex 19.965 130.414 -3.54968
      vertex 19.965 130.666 -3.59992
    endloop
  endfacet
  facet normal 1 0 0
    outer loop
      vertex 19.965 129.767 -3.31449
      vertex 19.965 130.505 -2.20952
      vertex 19.965 130.277 -2.08754
    endloop
  endfacet
  facet normal 1 0 0
    outer loop
      vertex 19.965 130.752 -2.28464
      vertex 19.965 130.245 -3.51229
      vertex 19.965 130.414 -3.54968
    endloop
  endfacet
  facet normal 1 0 0
    outer loop
      vertex 19.965 129.408 -3.07861
      vertex 19.965 130.277 -2.08754
      vertex 19.965 130.137 -1.97869
    endloop
  endfacet
  facet normal 1 -0 -0
    outer loop
      vertex 19.965 130.137 -1.97869
      vertex 19.965 130.277 -2.08754
      vertex 19.965 130.132 -1.96857
    endloop
  endfacet
  facet normal 1 0 0
    outer loop
      vertex 19.965 132.892 -2.25419
      vertex 19.965 132.892 -2.75934
      vertex 19.965 132.943 -2.50676
    endloop
  endfacet
  facet normal 1 0 0
    outer loop
      vertex 19.965 132.749 -2.04008
      vertex 19.965 132.892 -2.75934
      vertex 19.965 132.892 -2.25419
    endloop
  endfacet
  facet normal 1 0 0
    outer loop
      vertex 19.965 132.749 -2.04008
      vertex 19.965 132.749 -2.97345
      vertex 19.965 132.892 -2.75934
    endloop
  endfacet
  facet normal 1 0 0
    outer loop
      vertex 19.965 132.749 -2.04008
      vertex 19.965 132.612 -3.07861
      vertex 19.965 132.749 -2.97345
    endloop
  endfacet
  facet normal 1 0 0
    outer loop
      vertex 19.965 132.535 -1.89701
      vertex 19.965 132.612 -3.07861
      vertex 19.965 132.749 -2.04008
    endloop
  endfacet
  facet normal 1 -0 0
    outer loop
      vertex 19.965 131.816 -2.04008
      vertex 19.965 132.612 -3.07861
      vertex 19.965 132.535 -1.89701
    endloop
  endfacet
  facet normal 1 0 0
    outer loop
      vertex 19.965 131.816 -2.04008
      vertex 19.965 132.535 -1.89701
      vertex 19.965 132.283 -1.84676
    endloop
  endfacet
  facet normal 1 -0 0
    outer loop
      vertex 19.965 131.738 -2.09972
      vertex 19.965 132.612 -3.07861
      vertex 19.965 131.816 -2.04008
    endloop
  endfacet
  facet normal 1 0 0
    outer loop
      vertex 19.965 132.612 -3.07861
      vertex 19.965 131.738 -2.09972
      vertex 19.965 132.398 -3.22168
    endloop
  endfacet
  facet normal 1 0 0
    outer loop
      vertex 19.965 131.816 -2.04008
      vertex 19.965 132.283 -1.84676
      vertex 19.965 132.03 -1.89701
    endloop
  endfacet
  facet normal 1 0 0
    outer loop
      vertex 19.965 132.398 -3.22168
      vertex 19.965 131.738 -2.09972
      vertex 19.965 132.253 -3.31449
    endloop
  endfacet
  facet normal 1 -0 0
    outer loop
      vertex 19.965 131.594 -2.17472
      vertex 19.965 132.253 -3.31449
      vertex 19.965 131.738 -2.09972
    endloop
  endfacet
  facet normal 1 0 0
    outer loop
      vertex 19.965 132.253 -3.31449
      vertex 19.965 131.594 -2.17472
      vertex 19.965 132.099 -3.39425
    endloop
  endfacet
  facet normal 1 -0 0
    outer loop
      vertex 19.965 131.515 -2.20952
      vertex 19.965 132.099 -3.39425
      vertex 19.965 131.594 -2.17472
    endloop
  endfacet
  facet normal 1 0 0
    outer loop
      vertex 19.965 132.099 -3.39425
      vertex 19.965 131.515 -2.20952
      vertex 19.965 131.94 -3.46035
    endloop
  endfacet
  facet normal 1 -0 0
    outer loop
      vertex 19.965 131.435 -2.24083
      vertex 19.965 131.94 -3.46035
      vertex 19.965 131.515 -2.20952
    endloop
  endfacet
  facet normal 1 0 0
    outer loop
      vertex 19.965 131.515 -2.20952
      vertex 19.965 131.594 -2.17472
      vertex 19.965 131.532 -2.20044
    endloop
  endfacet
  facet normal 1 0 0
    outer loop
      vertex 19.965 131.94 -3.46035
      vertex 19.965 131.435 -2.24083
      vertex 19.965 131.775 -3.51229
    endloop
  endfacet
  facet normal 1 0 0
    outer loop
      vertex 19.965 131.435 -2.24083
      vertex 19.965 131.515 -2.20952
      vertex 19.965 131.497 -2.21511
    endloop
  endfacet
  facet normal 1 0 0
    outer loop
      vertex 19.965 131.775 -3.51229
      vertex 19.965 131.435 -2.24083
      vertex 19.965 131.606 -3.54968
    endloop
  endfacet
  facet normal 1 -0 0
    outer loop
      vertex 19.965 131.28 -2.28968
      vertex 19.965 131.606 -3.54968
      vertex 19.965 131.435 -2.24083
    endloop
  endfacet
  facet normal 1 0 0
    outer loop
      vertex 19.965 131.606 -3.54968
      vertex 19.965 131.28 -2.28968
      vertex 19.965 131.354 -3.59992
    endloop
  endfacet
  facet normal 1 -0 0
    outer loop
      vertex 19.965 131.183 -2.30246
      vertex 19.965 131.354 -3.59992
      vertex 19.965 131.28 -2.28968
    endloop
  endfacet
  facet normal 1 0 0
    outer loop
      vertex 19.965 131.183 -2.30246
      vertex 19.965 131.183 -3.62246
      vertex 19.965 131.354 -3.59992
    endloop
  endfacet
  facet normal 1 -0 0
    outer loop
      vertex 19.965 131.018 -2.30964
      vertex 19.965 131.183 -3.62246
      vertex 19.965 131.183 -2.30246
    endloop
  endfacet
  facet normal 1 0 0
    outer loop
      vertex 19.965 131.183 -3.62246
      vertex 19.965 131.018 -2.30964
      vertex 19.965 131.018 -3.62964
    endloop
  endfacet
  facet normal 1 0 0
    outer loop
      vertex 19.965 130.505 -2.20952
      vertex 19.965 130.08 -3.46035
      vertex 19.965 130.245 -3.51229
    endloop
  endfacet
  facet normal 1 0 0
    outer loop
      vertex 19.965 129.271 -2.97345
      vertex 19.965 130.137 -1.97869
      vertex 19.965 130.077 -1.92344
    endloop
  endfacet
  facet normal 1 0 0
    outer loop
      vertex 19.965 129.271 -2.97345
      vertex 19.965 130.077 -1.92344
      vertex 19.965 130.077 -1.92338
    endloop
  endfacet
  facet normal 1 0 0
    outer loop
      vertex 19.965 129.027 -2.72941
      vertex 19.965 130.077 -1.92338
      vertex 19.965 130.077 -1.92331
    endloop
  endfacet
  facet normal 1 0 0
    outer loop
      vertex 19.965 129.027 -2.72941
      vertex 19.965 130.077 -1.92331
      vertex 19.965 129.96 -1.79603
    endloop
  endfacet
  facet normal 1 0 0
    outer loop
      vertex 19.965 130.505 -2.20952
      vertex 19.965 129.921 -3.39425
      vertex 19.965 130.08 -3.46035
    endloop
  endfacet
  facet normal 1 0 0
    outer loop
      vertex 19.965 128.921 -2.59237
      vertex 19.965 129.96 -1.79603
      vertex 19.965 129.9 -1.7183
    endloop
  endfacet
  facet normal 1 0 0
    outer loop
      vertex 19.965 128.778 -2.37825
      vertex 19.965 129.9 -1.7183
      vertex 19.965 129.825 -1.57421
    endloop
  endfacet
  facet normal 1 0 0
    outer loop
      vertex 19.965 129.79 -1.49514
      vertex 19.965 129.825 -1.57421
      vertex 19.965 129.8 -1.51213
    endloop
  endfacet
  facet normal 1 0 0
    outer loop
      vertex 19.965 129.825 -1.57421
      vertex 19.965 129.79 -1.49514
      vertex 19.965 128.606 -2.07935
    endloop
  endfacet
  facet normal 1 0 0
    outer loop
      vertex 19.965 129.759 -1.41463
      vertex 19.965 129.79 -1.49514
      vertex 19.965 129.785 -1.47671
    endloop
  endfacet
  facet normal 1 0 0
    outer loop
      vertex 19.965 130.505 -2.20952
      vertex 19.965 129.767 -3.31449
      vertex 19.965 129.921 -3.39425
    endloop
  endfacet
  facet normal 1 0 0
    outer loop
      vertex 19.965 129.79 -1.49514
      vertex 19.965 129.759 -1.41463
      vertex 19.965 128.54 -1.91977
    endloop
  endfacet
  facet normal 1 0 0
    outer loop
      vertex 19.965 128.488 -1.75503
      vertex 19.965 129.759 -1.41463
      vertex 19.965 129.71 -1.2597
    endloop
  endfacet
  facet normal 1 0 0
    outer loop
      vertex 19.965 128.4 -1.33382
      vertex 19.965 129.71 -1.2597
      vertex 19.965 129.698 -1.16257
    endloop
  endfacet
  facet normal 1 0 0
    outer loop
      vertex 19.965 128.4 -1.33382
      vertex 19.965 129.698 -1.16257
      vertex 19.965 129.696 -1.13745
    endloop
  endfacet
  facet normal 1 0 0
    outer loop
      vertex 19.965 128.378 -1.16257
      vertex 19.965 129.696 -1.13745
      vertex 19.965 129.69 -0.99
    endloop
  endfacet
  facet normal 1 0 0
    outer loop
      vertex 19.965 130.277 -2.08754
      vertex 19.965 129.622 -3.22168
      vertex 19.965 129.767 -3.31449
    endloop
  endfacet
  facet normal 1 0 0
    outer loop
      vertex 19.965 133.48 -0.0602335
      vertex 19.965 133.48 -0.565375
      vertex 19.965 133.531 -0.312804
    endloop
  endfacet
  facet normal 1 0 0
    outer loop
      vertex 19.965 132.23 -0.484858
      vertex 19.965 133.48 -0.0602335
      vertex 19.965 133.414 0.0993535
    endloop
  endfacet
  facet normal 1 0 0
    outer loop
      vertex 19.965 133.48 -0.0602335
      vertex 19.965 132.261 -0.565375
      vertex 19.965 133.48 -0.565375
    endloop
  endfacet
  facet normal 1 0 0
    outer loop
      vertex 19.965 132.195 -0.405788
      vertex 19.965 133.414 0.0993535
      vertex 19.965 133.334 0.252571
    endloop
  endfacet
  facet normal 1 0 0
    outer loop
      vertex 19.965 132.195 -0.405788
      vertex 19.965 133.334 0.252571
      vertex 19.965 133.242 0.39825
    endloop
  endfacet
  facet normal 1 0 0
    outer loop
      vertex 19.965 133.48 -0.0602335
      vertex 19.965 132.23 -0.484858
      vertex 19.965 132.261 -0.565375
    endloop
  endfacet
  facet normal 1 0 0
    outer loop
      vertex 19.965 132.12 -0.261705
      vertex 19.965 133.242 0.39825
      vertex 19.965 133.099 0.61237
    endloop
  endfacet
  facet normal 1 0 0
    outer loop
      vertex 19.965 132.06 -0.183973
      vertex 19.965 133.099 0.61237
      vertex 19.965 133.062 0.66
    endloop
  endfacet
  facet normal 1 0 0
    outer loop
      vertex 19.965 133.48 -0.565375
      vertex 19.965 132.261 -0.565375
      vertex 19.965 133.337 -0.779495
    endloop
  endfacet
  facet normal 1 0 0
    outer loop
      vertex 19.965 133.337 -0.779495
      vertex 19.965 132.261 -0.565375
      vertex 19.965 133.123 -0.922561
    endloop
  endfacet
  facet normal 1 0 0
    outer loop
      vertex 19.965 133.123 -0.922561
      vertex 19.965 132.261 -0.565375
      vertex 19.965 132.871 -0.972804
    endloop
  endfacet
  facet normal 1 0 0
    outer loop
      vertex 19.965 132.871 -0.972804
      vertex 19.965 132.261 -0.565375
      vertex 19.965 132.618 -0.922561
    endloop
  endfacet
  facet normal 1 0 0
    outer loop
      vertex 19.965 132.618 -0.922561
      vertex 19.965 132.261 -0.565375
      vertex 19.965 132.404 -0.779495
    endloop
  endfacet
  facet normal 1 0 0
    outer loop
      vertex 19.965 132.261 -0.565375
      vertex 19.965 132.23 -0.484858
      vertex 19.965 132.235 -0.503294
    endloop
  endfacet
  facet normal 1 0 0
    outer loop
      vertex 19.965 133.414 0.0993535
      vertex 19.965 132.195 -0.405788
      vertex 19.965 132.23 -0.484858
    endloop
  endfacet
  facet normal 1 0 0
    outer loop
      vertex 19.965 132.23 -0.484858
      vertex 19.965 132.195 -0.405788
      vertex 19.965 132.22 -0.467864
    endloop
  endfacet
  facet normal 1 0 0
    outer loop
      vertex 19.965 133.242 0.39825
      vertex 19.965 132.12 -0.261705
      vertex 19.965 132.195 -0.405788
    endloop
  endfacet
  facet normal 1 0 0
    outer loop
      vertex 19.965 133.099 0.61237
      vertex 19.965 132.06 -0.183973
      vertex 19.965 132.12 -0.261705
    endloop
  endfacet
  facet normal 1 0 0
    outer loop
      vertex 19.965 133.062 0.66
      vertex 19.965 131.943 -0.0567009
      vertex 19.965 132.06 -0.183973
    endloop
  endfacet
  facet normal 1 0 0
    outer loop
      vertex 19.965 133.062 0.66
      vertex 19.965 131.943 -0.056619
      vertex 19.965 131.943 -0.0567009
    endloop
  endfacet
  facet normal 1 0 0
    outer loop
      vertex 19.965 133.062 0.66
      vertex 19.965 131.943 -0.0565517
      vertex 19.965 131.943 -0.056619
    endloop
  endfacet
  facet normal 1 0 0
    outer loop
      vertex 19.965 133.062 0.66
      vertex 19.965 131.816 0.0600774
      vertex 19.965 131.943 -0.0565517
    endloop
  endfacet
  facet normal 1 0 0
    outer loop
      vertex 19.965 133.062 0.66
      vertex 19.965 131.738 0.119722
      vertex 19.965 131.816 0.0600774
    endloop
  endfacet
  facet normal 1 0 0
    outer loop
      vertex 19.965 133.062 0.66
      vertex 19.965 131.594 0.194724
      vertex 19.965 131.738 0.119722
    endloop
  endfacet
  facet normal 1 -0 0
    outer loop
      vertex 19.965 131.515 0.229521
      vertex 19.965 131.594 0.194724
      vertex 19.965 133.062 0.66
    endloop
  endfacet
  facet normal 1 0 0
    outer loop
      vertex 19.965 131.594 0.194724
      vertex 19.965 131.515 0.229521
      vertex 19.965 131.532 0.220437
    endloop
  endfacet
  facet normal 1 -0 0
    outer loop
      vertex 19.965 131.435 0.260829
      vertex 19.965 131.515 0.229521
      vertex 19.965 133.062 0.66
    endloop
  endfacet
  facet normal 1 0 0
    outer loop
      vertex 19.965 131.515 0.229521
      vertex 19.965 131.435 0.260829
      vertex 19.965 131.497 0.235113
    endloop
  endfacet
  facet normal 1 0 0
    outer loop
      vertex 19.965 133.062 0.66
      vertex 19.965 131.28 0.309677
      vertex 19.965 131.435 0.260829
    endloop
  endfacet
  facet normal 1 0 0
    outer loop
      vertex 19.965 133.062 0.66
      vertex 19.965 131.183 0.322462
      vertex 19.965 131.28 0.309677
    endloop
  endfacet
  facet normal 1 0 0
    outer loop
      vertex 19.965 133.062 0.66
      vertex 19.965 131.018 0.32964
      vertex 19.965 131.183 0.322462
    endloop
  endfacet
  facet normal 1 0 0
    outer loop
      vertex 19.965 131.018 0.32964
      vertex 19.965 131.01 0.33
      vertex 19.965 131.018 0.329187
    endloop
  endfacet
  facet normal 1 0 0
    outer loop
      vertex 19.965 133.062 0.66
      vertex 19.965 131.01 0.33
      vertex 19.965 131.018 0.32964
    endloop
  endfacet
  facet normal 1 -0 0
    outer loop
      vertex 19.965 129.36 0.66
      vertex 19.965 131.01 0.33
      vertex 19.965 133.062 0.66
    endloop
  endfacet
  facet normal 1 0 0
    outer loop
      vertex 19.965 130.277 -2.08754
      vertex 19.965 129.408 -3.07861
      vertex 19.965 129.622 -3.22168
    endloop
  endfacet
  facet normal 1 0 0
    outer loop
      vertex 19.965 128.4 -0.646178
      vertex 19.965 129.69 -0.99
      vertex 19.965 129.715 -0.732481
    endloop
  endfacet
  facet normal 1 0 0
    outer loop
      vertex 19.965 131.01 0.33
      vertex 19.965 129.36 0.66
      vertex 19.965 130.752 0.304636
    endloop
  endfacet
  facet normal 1 0 0
    outer loop
      vertex 19.965 129.36 0.66
      vertex 19.965 130.505 0.229521
      vertex 19.965 130.752 0.304636
    endloop
  endfacet
  facet normal 1 0 0
    outer loop
      vertex 19.965 129.36 0.66
      vertex 19.965 130.277 0.10754
      vertex 19.965 130.505 0.229521
    endloop
  endfacet
  facet normal 1 0 0
    outer loop
      vertex 19.965 129.36 0.66
      vertex 19.965 130.077 -0.056619
      vertex 19.965 130.277 0.10754
    endloop
  endfacet
  facet normal 1 -0 0
    outer loop
      vertex 19.965 129.36 0
      vertex 19.965 130.077 -0.056619
      vertex 19.965 129.36 0.66
    endloop
  endfacet
  facet normal 1 0 0
    outer loop
      vertex 19.965 130.077 -0.056619
      vertex 19.965 129.36 0
      vertex 19.965 129.912 -0.256647
    endloop
  endfacet
  facet normal 1 0 0
    outer loop
      vertex 19.965 129.912 -0.256647
      vertex 19.965 129.36 0
      vertex 19.965 129.79 -0.484858
    endloop
  endfacet
  facet normal 1 0 0
    outer loop
      vertex 19.965 129.79 -0.484858
      vertex 19.965 129.36 0
      vertex 19.965 129.715 -0.732481
    endloop
  endfacet
  facet normal 1 -0 0
    outer loop
      vertex 19.965 128.45 -0.393607
      vertex 19.965 129.715 -0.732481
      vertex 19.965 129.36 0
    endloop
  endfacet
  facet normal 1 0 0
    outer loop
      vertex 19.965 130.137 -1.97869
      vertex 19.965 129.271 -2.97345
      vertex 19.965 129.408 -3.07861
    endloop
  endfacet
  facet normal 1 0 0
    outer loop
      vertex 19.965 130.077 -1.92338
      vertex 19.965 129.143 -2.85676
      vertex 19.965 129.271 -2.97345
    endloop
  endfacet
  facet normal 1 0 0
    outer loop
      vertex 19.965 130.077 -1.92338
      vertex 19.965 129.027 -2.72941
      vertex 19.965 129.143 -2.85676
    endloop
  endfacet
  facet normal 1 0 0
    outer loop
      vertex 19.965 129.96 -1.79603
      vertex 19.965 128.921 -2.59237
      vertex 19.965 129.027 -2.72941
    endloop
  endfacet
  facet normal 1 0 0
    outer loop
      vertex 19.965 129.9 -1.7183
      vertex 19.965 128.778 -2.37825
      vertex 19.965 128.921 -2.59237
    endloop
  endfacet
  facet normal 1 0 0
    outer loop
      vertex 19.965 129.825 -1.57421
      vertex 19.965 128.686 -2.23257
      vertex 19.965 128.778 -2.37825
    endloop
  endfacet
  facet normal 1 0 0
    outer loop
      vertex 19.965 129.825 -1.57421
      vertex 19.965 128.606 -2.07935
      vertex 19.965 128.686 -2.23257
    endloop
  endfacet
  facet normal 1 0 0
    outer loop
      vertex 19.965 128.54 -0.0602335
      vertex 19.965 129.36 0
      vertex 19.965 128.565 0
    endloop
  endfacet
  facet normal 1 0 0
    outer loop
      vertex 19.965 129.36 0
      vertex 19.965 128.54 -0.0602335
      vertex 19.965 128.488 -0.224972
    endloop
  endfacet
  facet normal 1 0 0
    outer loop
      vertex 19.965 129.715 -0.732481
      vertex 19.965 128.45 -0.393607
      vertex 19.965 128.4 -0.646178
    endloop
  endfacet
  facet normal 1 0 0
    outer loop
      vertex 19.965 129.36 0
      vertex 19.965 128.488 -0.224972
      vertex 19.965 128.45 -0.393607
    endloop
  endfacet
  facet normal 1 0 0
    outer loop
      vertex 19.965 129.71 -1.2597
      vertex 19.965 128.45 -1.58639
      vertex 19.965 128.488 -1.75503
    endloop
  endfacet
  facet normal 1 0 0
    outer loop
      vertex 19.965 129.79 -1.49514
      vertex 19.965 128.54 -1.91977
      vertex 19.965 128.606 -2.07935
    endloop
  endfacet
  facet normal 1 0 0
    outer loop
      vertex 19.965 129.759 -1.41463
      vertex 19.965 128.488 -1.75503
      vertex 19.965 128.54 -1.91977
    endloop
  endfacet
  facet normal 1 0 0
    outer loop
      vertex 19.965 129.69 -0.99
      vertex 19.965 128.4 -0.646178
      vertex 19.965 128.378 -0.817432
    endloop
  endfacet
  facet normal 1 0 0
    outer loop
      vertex 19.965 129.71 -1.2597
      vertex 19.965 128.4 -1.33382
      vertex 19.965 128.45 -1.58639
    endloop
  endfacet
  facet normal 1 0 0
    outer loop
      vertex 19.965 129.69 -0.99
      vertex 19.965 128.378 -0.817432
      vertex 19.965 128.37 -0.99
    endloop
  endfacet
  facet normal 1 0 0
    outer loop
      vertex 19.965 129.696 -1.13745
      vertex 19.965 128.378 -1.16257
      vertex 19.965 128.4 -1.33382
    endloop
  endfacet
  facet normal 1 0 0
    outer loop
      vertex 19.965 129.69 -0.99
      vertex 19.965 128.37 -0.99
      vertex 19.965 128.378 -1.16257
    endloop
  endfacet
  facet normal 0 -0.0434619 -0.999055
    outer loop
      vertex 13.035 131.018 0.32964
      vertex 19.965 131.183 0.322462
      vertex 19.965 131.018 0.32964
    endloop
  endfacet
  facet normal -0 -0.0434619 -0.999055
    outer loop
      vertex 19.965 131.183 0.322462
      vertex 13.035 131.018 0.32964
      vertex 13.035 131.183 0.322462
    endloop
  endfacet
  facet normal 0 -0.130674 -0.991425
    outer loop
      vertex 13.035 131.183 0.322462
      vertex 19.965 131.28 0.309677
      vertex 19.965 131.183 0.322462
    endloop
  endfacet
  facet normal -0 -0.130674 -0.991425
    outer loop
      vertex 19.965 131.28 0.309677
      vertex 13.035 131.183 0.322462
      vertex 13.035 131.28 0.309677
    endloop
  endfacet
  facet normal 0 -0.300575 -0.953758
    outer loop
      vertex 13.035 131.28 0.309677
      vertex 19.965 131.435 0.260829
      vertex 19.965 131.28 0.309677
    endloop
  endfacet
  facet normal -0 -0.300575 -0.953758
    outer loop
      vertex 19.965 131.435 0.260829
      vertex 13.035 131.28 0.309677
      vertex 13.035 131.435 0.260829
    endloop
  endfacet
  facet normal 0 -0.383125 -0.923696
    outer loop
      vertex 13.035 131.435 0.260829
      vertex 19.965 131.497 0.235113
      vertex 19.965 131.435 0.260829
    endloop
  endfacet
  facet normal -0 -0.383125 -0.923696
    outer loop
      vertex 19.965 131.497 0.235113
      vertex 13.035 131.435 0.260829
      vertex 13.035 131.497 0.235113
    endloop
  endfacet
  facet normal 0 -0.383087 -0.923712
    outer loop
      vertex 13.035 131.532 0.220437
      vertex 19.965 131.594 0.194724
      vertex 19.965 131.532 0.220437
    endloop
  endfacet
  facet normal -0 -0.383087 -0.923712
    outer loop
      vertex 19.965 131.594 0.194724
      vertex 13.035 131.532 0.220437
      vertex 13.035 131.594 0.194724
    endloop
  endfacet
  facet normal 0 -0.461944 -0.886909
    outer loop
      vertex 13.035 131.594 0.194724
      vertex 19.965 131.738 0.119722
      vertex 19.965 131.594 0.194724
    endloop
  endfacet
  facet normal -0 -0.461944 -0.886909
    outer loop
      vertex 19.965 131.738 0.119722
      vertex 13.035 131.594 0.194724
      vertex 13.035 131.738 0.119722
    endloop
  endfacet
  facet normal 0 -0.607434 -0.79437
    outer loop
      vertex 13.035 131.738 0.119722
      vertex 19.965 131.816 0.0600774
      vertex 19.965 131.738 0.119722
    endloop
  endfacet
  facet normal -0 -0.607434 -0.79437
    outer loop
      vertex 19.965 131.816 0.0600774
      vertex 13.035 131.738 0.119722
      vertex 13.035 131.816 0.0600774
    endloop
  endfacet
  facet normal 0 -0.676394 -0.73654
    outer loop
      vertex 13.035 131.816 0.0600774
      vertex 19.965 131.943 -0.0565517
      vertex 19.965 131.816 0.0600774
    endloop
  endfacet
  facet normal -0 -0.676394 -0.73654
    outer loop
      vertex 19.965 131.943 -0.0565517
      vertex 13.035 131.816 0.0600774
      vertex 13.035 131.943 -0.0565517
    endloop
  endfacet
  facet normal 0 -0.736191 -0.676773
    outer loop
      vertex 13.035 132.06 -0.183973
      vertex 19.965 131.943 -0.0567009
      vertex 13.035 131.943 -0.0567009
    endloop
  endfacet
  facet normal 0 -0.736191 -0.676773
    outer loop
      vertex 19.965 131.943 -0.0567009
      vertex 13.035 132.06 -0.183973
      vertex 19.965 132.06 -0.183973
    endloop
  endfacet
  facet normal 0 -0.791608 -0.611029
    outer loop
      vertex 13.035 132.12 -0.261705
      vertex 19.965 132.06 -0.183973
      vertex 13.035 132.06 -0.183973
    endloop
  endfacet
  facet normal 0 -0.791608 -0.611029
    outer loop
      vertex 19.965 132.06 -0.183973
      vertex 13.035 132.12 -0.261705
      vertex 19.965 132.12 -0.261705
    endloop
  endfacet
  facet normal 0 -0.887023 -0.461725
    outer loop
      vertex 13.035 132.195 -0.405788
      vertex 19.965 132.12 -0.261705
      vertex 13.035 132.12 -0.261705
    endloop
  endfacet
  facet normal 0 -0.887023 -0.461725
    outer loop
      vertex 19.965 132.12 -0.261705
      vertex 13.035 132.195 -0.405788
      vertex 19.965 132.195 -0.405788
    endloop
  endfacet
  facet normal 0 -0.9276 -0.373574
    outer loop
      vertex 13.035 132.22 -0.467864
      vertex 19.965 132.195 -0.405788
      vertex 13.035 132.195 -0.405788
    endloop
  endfacet
  facet normal 0 -0.9276 -0.373574
    outer loop
      vertex 19.965 132.195 -0.405788
      vertex 13.035 132.22 -0.467864
      vertex 19.965 132.22 -0.467864
    endloop
  endfacet
  facet normal 0 -0.922374 -0.386297
    outer loop
      vertex 13.035 132.261 -0.565375
      vertex 19.965 132.235 -0.503294
      vertex 13.035 132.235 -0.503294
    endloop
  endfacet
  facet normal 0 -0.922374 -0.386297
    outer loop
      vertex 19.965 132.235 -0.503294
      vertex 13.035 132.261 -0.565375
      vertex 19.965 132.261 -0.565375
    endloop
  endfacet
  facet normal 0 -0.831596 -0.555381
    outer loop
      vertex 13.035 132.404 -0.779495
      vertex 19.965 132.261 -0.565375
      vertex 13.035 132.261 -0.565375
    endloop
  endfacet
  facet normal 0 -0.831596 -0.555381
    outer loop
      vertex 19.965 132.261 -0.565375
      vertex 13.035 132.404 -0.779495
      vertex 19.965 132.404 -0.779495
    endloop
  endfacet
  facet normal 0 -0.555774 -0.831334
    outer loop
      vertex 13.035 132.404 -0.779495
      vertex 19.965 132.618 -0.922561
      vertex 19.965 132.404 -0.779495
    endloop
  endfacet
  facet normal -0 -0.555774 -0.831334
    outer loop
      vertex 19.965 132.618 -0.922561
      vertex 13.035 132.404 -0.779495
      vertex 13.035 132.618 -0.922561
    endloop
  endfacet
  facet normal 0 -0.194785 -0.980846
    outer loop
      vertex 13.035 132.618 -0.922561
      vertex 19.965 132.871 -0.972804
      vertex 19.965 132.618 -0.922561
    endloop
  endfacet
  facet normal -0 -0.194785 -0.980846
    outer loop
      vertex 19.965 132.871 -0.972804
      vertex 13.035 132.618 -0.922561
      vertex 13.035 132.871 -0.972804
    endloop
  endfacet
  facet normal 0 0.195529 -0.980698
    outer loop
      vertex 13.035 132.871 -0.972804
      vertex 19.965 133.123 -0.922561
      vertex 19.965 132.871 -0.972804
    endloop
  endfacet
  facet normal 0 0.195529 -0.980698
    outer loop
      vertex 19.965 133.123 -0.922561
      vertex 13.035 132.871 -0.972804
      vertex 13.035 133.123 -0.922561
    endloop
  endfacet
  facet normal 0 0.555774 -0.831334
    outer loop
      vertex 13.035 133.123 -0.922561
      vertex 19.965 133.337 -0.779495
      vertex 19.965 133.123 -0.922561
    endloop
  endfacet
  facet normal 0 0.555774 -0.831334
    outer loop
      vertex 19.965 133.337 -0.779495
      vertex 13.035 133.123 -0.922561
      vertex 13.035 133.337 -0.779495
    endloop
  endfacet
  facet normal 0 0.831596 -0.555381
    outer loop
      vertex 19.965 133.337 -0.779495
      vertex 13.035 133.48 -0.565375
      vertex 19.965 133.48 -0.565375
    endloop
  endfacet
  facet normal 0 0.831596 -0.555381
    outer loop
      vertex 13.035 133.48 -0.565375
      vertex 19.965 133.337 -0.779495
      vertex 13.035 133.337 -0.779495
    endloop
  endfacet
  facet normal 0 0.980216 -0.197929
    outer loop
      vertex 19.965 133.48 -0.565375
      vertex 13.035 133.531 -0.312804
      vertex 19.965 133.531 -0.312804
    endloop
  endfacet
  facet normal 0 0.980216 -0.197929
    outer loop
      vertex 13.035 133.531 -0.312804
      vertex 19.965 133.48 -0.565375
      vertex 13.035 133.48 -0.565375
    endloop
  endfacet
  facet normal 0 0.980216 0.197929
    outer loop
      vertex 19.965 133.531 -0.312804
      vertex 13.035 133.48 -0.0602335
      vertex 19.965 133.48 -0.0602335
    endloop
  endfacet
  facet normal 0 0.980216 0.197929
    outer loop
      vertex 13.035 133.48 -0.0602335
      vertex 19.965 133.531 -0.312804
      vertex 13.035 133.531 -0.312804
    endloop
  endfacet
  facet normal 0 0.92409 0.382174
    outer loop
      vertex 19.965 133.48 -0.0602335
      vertex 13.035 133.414 0.0993535
      vertex 19.965 133.414 0.0993535
    endloop
  endfacet
  facet normal 0 0.92409 0.382174
    outer loop
      vertex 13.035 133.414 0.0993535
      vertex 19.965 133.48 -0.0602335
      vertex 13.035 133.48 -0.0602335
    endloop
  endfacet
  facet normal 0 0.886441 0.462841
    outer loop
      vertex 19.965 133.414 0.0993535
      vertex 13.035 133.334 0.252571
      vertex 19.965 133.334 0.252571
    endloop
  endfacet
  facet normal 0 0.886441 0.462841
    outer loop
      vertex 13.035 133.334 0.252571
      vertex 19.965 133.414 0.0993535
      vertex 13.035 133.414 0.0993535
    endloop
  endfacet
  facet normal 0 0.845509 0.533961
    outer loop
      vertex 19.965 133.334 0.252571
      vertex 13.035 133.242 0.39825
      vertex 19.965 133.242 0.39825
    endloop
  endfacet
  facet normal 0 0.845509 0.533961
    outer loop
      vertex 13.035 133.242 0.39825
      vertex 19.965 133.334 0.252571
      vertex 13.035 133.334 0.252571
    endloop
  endfacet
  facet normal 0 0.831596 0.555381
    outer loop
      vertex 19.965 133.242 0.39825
      vertex 13.035 133.099 0.61237
      vertex 19.965 133.099 0.61237
    endloop
  endfacet
  facet normal 0 0.831596 0.555381
    outer loop
      vertex 13.035 133.099 0.61237
      vertex 19.965 133.242 0.39825
      vertex 13.035 133.242 0.39825
    endloop
  endfacet
  facet normal 0 0.789718 0.61347
    outer loop
      vertex 19.965 133.099 0.61237
      vertex 13.035 133.062 0.66
      vertex 19.965 133.062 0.66
    endloop
  endfacet
  facet normal 0 0.789718 0.61347
    outer loop
      vertex 13.035 133.062 0.66
      vertex 19.965 133.099 0.61237
      vertex 13.035 133.099 0.61237
    endloop
  endfacet
  facet normal 0 -0.923606 0.383344
    outer loop
      vertex 13.035 128.54 -0.0602335
      vertex 19.965 128.565 0
      vertex 13.035 128.565 0
    endloop
  endfacet
  facet normal 0 -0.923606 0.383344
    outer loop
      vertex 19.965 128.565 0
      vertex 13.035 128.54 -0.0602335
      vertex 19.965 128.54 -0.0602335
    endloop
  endfacet
  facet normal 0 -0.95362 0.301012
    outer loop
      vertex 13.035 128.488 -0.224972
      vertex 19.965 128.54 -0.0602335
      vertex 13.035 128.54 -0.0602335
    endloop
  endfacet
  facet normal 0 -0.95362 0.301012
    outer loop
      vertex 19.965 128.54 -0.0602335
      vertex 13.035 128.488 -0.224972
      vertex 19.965 128.488 -0.224972
    endloop
  endfacet
  facet normal 0 -0.975539 0.219827
    outer loop
      vertex 13.035 128.45 -0.393607
      vertex 19.965 128.488 -0.224972
      vertex 13.035 128.488 -0.224972
    endloop
  endfacet
  facet normal 0 -0.975539 0.219827
    outer loop
      vertex 19.965 128.488 -0.224972
      vertex 13.035 128.45 -0.393607
      vertex 19.965 128.45 -0.393607
    endloop
  endfacet
  facet normal 0 -0.980963 0.194195
    outer loop
      vertex 13.035 128.4 -0.646178
      vertex 19.965 128.45 -0.393607
      vertex 13.035 128.45 -0.393607
    endloop
  endfacet
  facet normal 0 -0.980963 0.194195
    outer loop
      vertex 19.965 128.45 -0.393607
      vertex 13.035 128.4 -0.646178
      vertex 19.965 128.4 -0.646178
    endloop
  endfacet
  facet normal 0 -0.991849 0.127417
    outer loop
      vertex 13.035 128.378 -0.817432
      vertex 19.965 128.4 -0.646178
      vertex 13.035 128.4 -0.646178
    endloop
  endfacet
  facet normal 0 -0.991849 0.127417
    outer loop
      vertex 19.965 128.4 -0.646178
      vertex 13.035 128.378 -0.817432
      vertex 19.965 128.378 -0.817432
    endloop
  endfacet
  facet normal 0 -0.998927 0.0463088
    outer loop
      vertex 13.035 128.37 -0.99
      vertex 19.965 128.378 -0.817432
      vertex 13.035 128.378 -0.817432
    endloop
  endfacet
  facet normal 0 -0.998927 0.0463088
    outer loop
      vertex 19.965 128.378 -0.817432
      vertex 13.035 128.37 -0.99
      vertex 19.965 128.37 -0.99
    endloop
  endfacet
  facet normal 0 -0.998927 -0.0463083
    outer loop
      vertex 13.035 128.378 -1.16257
      vertex 19.965 128.37 -0.99
      vertex 13.035 128.37 -0.99
    endloop
  endfacet
  facet normal 0 -0.998927 -0.0463083
    outer loop
      vertex 19.965 128.37 -0.99
      vertex 13.035 128.378 -1.16257
      vertex 19.965 128.378 -1.16257
    endloop
  endfacet
  facet normal 0 -0.991849 -0.12742
    outer loop
      vertex 13.035 128.4 -1.33382
      vertex 19.965 128.378 -1.16257
      vertex 13.035 128.378 -1.16257
    endloop
  endfacet
  facet normal 0 -0.991849 -0.12742
    outer loop
      vertex 19.965 128.378 -1.16257
      vertex 13.035 128.4 -1.33382
      vertex 19.965 128.4 -1.33382
    endloop
  endfacet
  facet normal 0 -0.980963 -0.194196
    outer loop
      vertex 13.035 128.45 -1.58639
      vertex 19.965 128.4 -1.33382
      vertex 13.035 128.4 -1.33382
    endloop
  endfacet
  facet normal 0 -0.980963 -0.194196
    outer loop
      vertex 19.965 128.4 -1.33382
      vertex 13.035 128.45 -1.58639
      vertex 19.965 128.45 -1.58639
    endloop
  endfacet
  facet normal 0 -0.97554 -0.219821
    outer loop
      vertex 13.035 128.488 -1.75503
      vertex 19.965 128.45 -1.58639
      vertex 13.035 128.45 -1.58639
    endloop
  endfacet
  facet normal 0 -0.97554 -0.219821
    outer loop
      vertex 19.965 128.45 -1.58639
      vertex 13.035 128.488 -1.75503
      vertex 19.965 128.488 -1.75503
    endloop
  endfacet
  facet normal 0 -0.953621 -0.301009
    outer loop
      vertex 13.035 128.54 -1.91977
      vertex 19.965 128.488 -1.75503
      vertex 13.035 128.488 -1.75503
    endloop
  endfacet
  facet normal 0 -0.953621 -0.301009
    outer loop
      vertex 19.965 128.488 -1.75503
      vertex 13.035 128.54 -1.91977
      vertex 19.965 128.54 -1.91977
    endloop
  endfacet
  facet normal 0 -0.924085 -0.382188
    outer loop
      vertex 13.035 128.606 -2.07935
      vertex 19.965 128.54 -1.91977
      vertex 13.035 128.54 -1.91977
    endloop
  endfacet
  facet normal 0 -0.924085 -0.382188
    outer loop
      vertex 19.965 128.54 -1.91977
      vertex 13.035 128.606 -2.07935
      vertex 19.965 128.606 -2.07935
    endloop
  endfacet
  facet normal 0 -0.886445 -0.462835
    outer loop
      vertex 13.035 128.686 -2.23257
      vertex 19.965 128.606 -2.07935
      vertex 13.035 128.606 -2.07935
    endloop
  endfacet
  facet normal 0 -0.886445 -0.462835
    outer loop
      vertex 19.965 128.606 -2.07935
      vertex 13.035 128.686 -2.23257
      vertex 19.965 128.686 -2.23257
    endloop
  endfacet
  facet normal 0 -0.845511 -0.533958
    outer loop
      vertex 13.035 128.778 -2.37825
      vertex 19.965 128.686 -2.23257
      vertex 13.035 128.686 -2.23257
    endloop
  endfacet
  facet normal 0 -0.845511 -0.533958
    outer loop
      vertex 19.965 128.686 -2.23257
      vertex 13.035 128.778 -2.37825
      vertex 19.965 128.778 -2.37825
    endloop
  endfacet
  facet normal 0 -0.831596 -0.555381
    outer loop
      vertex 13.035 128.921 -2.59237
      vertex 19.965 128.778 -2.37825
      vertex 13.035 128.778 -2.37825
    endloop
  endfacet
  facet normal 0 -0.831596 -0.555381
    outer loop
      vertex 19.965 128.778 -2.37825
      vertex 13.035 128.921 -2.59237
      vertex 19.965 128.921 -2.59237
    endloop
  endfacet
  facet normal 0 -0.79099 -0.611829
    outer loop
      vertex 13.035 129.027 -2.72941
      vertex 19.965 128.921 -2.59237
      vertex 13.035 128.921 -2.59237
    endloop
  endfacet
  facet normal 0 -0.79099 -0.611829
    outer loop
      vertex 19.965 128.921 -2.59237
      vertex 13.035 129.027 -2.72941
      vertex 19.965 129.027 -2.72941
    endloop
  endfacet
  facet normal 0 -0.739283 -0.673395
    outer loop
      vertex 13.035 129.143 -2.85676
      vertex 19.965 129.027 -2.72941
      vertex 13.035 129.027 -2.72941
    endloop
  endfacet
  facet normal 0 -0.739283 -0.673395
    outer loop
      vertex 19.965 129.027 -2.72941
      vertex 13.035 129.143 -2.85676
      vertex 19.965 129.143 -2.85676
    endloop
  endfacet
  facet normal 0 -0.673704 -0.739001
    outer loop
      vertex 13.035 129.143 -2.85676
      vertex 19.965 129.271 -2.97345
      vertex 19.965 129.143 -2.85676
    endloop
  endfacet
  facet normal -0 -0.673704 -0.739001
    outer loop
      vertex 19.965 129.271 -2.97345
      vertex 13.035 129.143 -2.85676
      vertex 13.035 129.271 -2.97345
    endloop
  endfacet
  facet normal 0 -0.608893 -0.793252
    outer loop
      vertex 13.035 129.271 -2.97345
      vertex 19.965 129.408 -3.07861
      vertex 19.965 129.271 -2.97345
    endloop
  endfacet
  facet normal -0 -0.608893 -0.793252
    outer loop
      vertex 19.965 129.408 -3.07861
      vertex 13.035 129.271 -2.97345
      vertex 13.035 129.408 -3.07861
    endloop
  endfacet
  facet normal 0 -0.555784 -0.831326
    outer loop
      vertex 13.035 129.408 -3.07861
      vertex 19.965 129.622 -3.22168
      vertex 19.965 129.408 -3.07861
    endloop
  endfacet
  facet normal -0 -0.555784 -0.831326
    outer loop
      vertex 19.965 129.622 -3.22168
      vertex 13.035 129.408 -3.07861
      vertex 13.035 129.622 -3.22168
    endloop
  endfacet
  facet normal 0 -0.539095 -0.842245
    outer loop
      vertex 13.035 129.622 -3.22168
      vertex 19.965 129.767 -3.31449
      vertex 19.965 129.622 -3.22168
    endloop
  endfacet
  facet normal -0 -0.539095 -0.842245
    outer loop
      vertex 19.965 129.767 -3.31449
      vertex 13.035 129.622 -3.22168
      vertex 13.035 129.767 -3.31449
    endloop
  endfacet
  facet normal 0 -0.4599 -0.887971
    outer loop
      vertex 13.035 129.767 -3.31449
      vertex 19.965 129.921 -3.39425
      vertex 19.965 129.767 -3.31449
    endloop
  endfacet
  facet normal -0 -0.4599 -0.887971
    outer loop
      vertex 19.965 129.921 -3.39425
      vertex 13.035 129.767 -3.31449
      vertex 13.035 129.921 -3.39425
    endloop
  endfacet
  facet normal 0 -0.383873 -0.923386
    outer loop
      vertex 13.035 129.921 -3.39425
      vertex 19.965 130.08 -3.46035
      vertex 19.965 129.921 -3.39425
    endloop
  endfacet
  facet normal -0 -0.383873 -0.923386
    outer loop
      vertex 19.965 130.08 -3.46035
      vertex 13.035 129.921 -3.39425
      vertex 13.035 130.08 -3.46035
    endloop
  endfacet
  facet normal 0 -0.300262 -0.953857
    outer loop
      vertex 13.035 130.08 -3.46035
      vertex 19.965 130.245 -3.51229
      vertex 19.965 130.08 -3.46035
    endloop
  endfacet
  facet normal -0 -0.300262 -0.953857
    outer loop
      vertex 19.965 130.245 -3.51229
      vertex 13.035 130.08 -3.46035
      vertex 13.035 130.245 -3.51229
    endloop
  endfacet
  facet normal 0 -0.216019 -0.976389
    outer loop
      vertex 13.035 130.245 -3.51229
      vertex 19.965 130.414 -3.54968
      vertex 19.965 130.245 -3.51229
    endloop
  endfacet
  facet normal -0 -0.216019 -0.976389
    outer loop
      vertex 19.965 130.414 -3.54968
      vertex 13.035 130.245 -3.51229
      vertex 13.035 130.414 -3.54968
    endloop
  endfacet
  facet normal 0 -0.195517 -0.9807
    outer loop
      vertex 13.035 130.414 -3.54968
      vertex 19.965 130.666 -3.59992
      vertex 19.965 130.414 -3.54968
    endloop
  endfacet
  facet normal -0 -0.195517 -0.9807
    outer loop
      vertex 19.965 130.666 -3.59992
      vertex 13.035 130.414 -3.54968
      vertex 13.035 130.666 -3.59992
    endloop
  endfacet
  facet normal 0 -0.130682 -0.991424
    outer loop
      vertex 13.035 130.666 -3.59992
      vertex 19.965 130.837 -3.62246
      vertex 19.965 130.666 -3.59992
    endloop
  endfacet
  facet normal -0 -0.130682 -0.991424
    outer loop
      vertex 19.965 130.837 -3.62246
      vertex 13.035 130.666 -3.59992
      vertex 13.035 130.837 -3.62246
    endloop
  endfacet
  facet normal 0 -0.0434136 -0.999057
    outer loop
      vertex 13.035 130.837 -3.62246
      vertex 19.965 131.002 -3.62963
      vertex 19.965 130.837 -3.62246
    endloop
  endfacet
  facet normal -0 -0.0434136 -0.999057
    outer loop
      vertex 19.965 131.002 -3.62963
      vertex 13.035 130.837 -3.62246
      vertex 13.035 131.002 -3.62963
    endloop
  endfacet
  facet normal 0 0.043474 -0.999055
    outer loop
      vertex 13.035 131.018 -3.62964
      vertex 19.965 131.183 -3.62246
      vertex 19.965 131.018 -3.62964
    endloop
  endfacet
  facet normal 0 0.043474 -0.999055
    outer loop
      vertex 19.965 131.183 -3.62246
      vertex 13.035 131.018 -3.62964
      vertex 13.035 131.183 -3.62246
    endloop
  endfacet
  facet normal 0 0.130682 -0.991424
    outer loop
      vertex 13.035 131.183 -3.62246
      vertex 19.965 131.354 -3.59992
      vertex 19.965 131.183 -3.62246
    endloop
  endfacet
  facet normal 0 0.130682 -0.991424
    outer loop
      vertex 19.965 131.354 -3.59992
      vertex 13.035 131.183 -3.62246
      vertex 13.035 131.354 -3.59992
    endloop
  endfacet
  facet normal 0 0.195517 -0.9807
    outer loop
      vertex 13.035 131.354 -3.59992
      vertex 19.965 131.606 -3.54968
      vertex 19.965 131.354 -3.59992
    endloop
  endfacet
  facet normal 0 0.195517 -0.9807
    outer loop
      vertex 19.965 131.606 -3.54968
      vertex 13.035 131.354 -3.59992
      vertex 13.035 131.606 -3.54968
    endloop
  endfacet
  facet normal 0 0.216019 -0.976389
    outer loop
      vertex 13.035 131.606 -3.54968
      vertex 19.965 131.775 -3.51229
      vertex 19.965 131.606 -3.54968
    endloop
  endfacet
  facet normal 0 0.216019 -0.976389
    outer loop
      vertex 19.965 131.775 -3.51229
      vertex 13.035 131.606 -3.54968
      vertex 13.035 131.775 -3.51229
    endloop
  endfacet
  facet normal 0 0.300262 -0.953857
    outer loop
      vertex 13.035 131.775 -3.51229
      vertex 19.965 131.94 -3.46035
      vertex 19.965 131.775 -3.51229
    endloop
  endfacet
  facet normal 0 0.300262 -0.953857
    outer loop
      vertex 19.965 131.94 -3.46035
      vertex 13.035 131.775 -3.51229
      vertex 13.035 131.94 -3.46035
    endloop
  endfacet
  facet normal 0 0.383873 -0.923386
    outer loop
      vertex 13.035 131.94 -3.46035
      vertex 19.965 132.099 -3.39425
      vertex 19.965 131.94 -3.46035
    endloop
  endfacet
  facet normal 0 0.383873 -0.923386
    outer loop
      vertex 19.965 132.099 -3.39425
      vertex 13.035 131.94 -3.46035
      vertex 13.035 132.099 -3.39425
    endloop
  endfacet
  facet normal 0 0.4599 -0.887971
    outer loop
      vertex 13.035 132.099 -3.39425
      vertex 19.965 132.253 -3.31449
      vertex 19.965 132.099 -3.39425
    endloop
  endfacet
  facet normal 0 0.4599 -0.887971
    outer loop
      vertex 19.965 132.253 -3.31449
      vertex 13.035 132.099 -3.39425
      vertex 13.035 132.253 -3.31449
    endloop
  endfacet
  facet normal 0 0.539095 -0.842245
    outer loop
      vertex 13.035 132.253 -3.31449
      vertex 19.965 132.398 -3.22168
      vertex 19.965 132.253 -3.31449
    endloop
  endfacet
  facet normal 0 0.539095 -0.842245
    outer loop
      vertex 19.965 132.398 -3.22168
      vertex 13.035 132.253 -3.31449
      vertex 13.035 132.398 -3.22168
    endloop
  endfacet
  facet normal 0 0.555784 -0.831326
    outer loop
      vertex 13.035 132.398 -3.22168
      vertex 19.965 132.612 -3.07861
      vertex 19.965 132.398 -3.22168
    endloop
  endfacet
  facet normal 0 0.555784 -0.831326
    outer loop
      vertex 19.965 132.612 -3.07861
      vertex 13.035 132.398 -3.22168
      vertex 13.035 132.612 -3.07861
    endloop
  endfacet
  facet normal 0 0.608893 -0.793252
    outer loop
      vertex 13.035 132.612 -3.07861
      vertex 19.965 132.749 -2.97345
      vertex 19.965 132.612 -3.07861
    endloop
  endfacet
  facet normal 0 0.608893 -0.793252
    outer loop
      vertex 19.965 132.749 -2.97345
      vertex 13.035 132.612 -3.07861
      vertex 13.035 132.749 -2.97345
    endloop
  endfacet
  facet normal 0 0.831584 -0.555399
    outer loop
      vertex 19.965 132.749 -2.97345
      vertex 13.035 132.892 -2.75934
      vertex 19.965 132.892 -2.75934
    endloop
  endfacet
  facet normal 0 0.831584 -0.555399
    outer loop
      vertex 13.035 132.892 -2.75934
      vertex 19.965 132.749 -2.97345
      vertex 13.035 132.749 -2.97345
    endloop
  endfacet
  facet normal 0 0.980218 -0.197922
    outer loop
      vertex 19.965 132.892 -2.75934
      vertex 13.035 132.943 -2.50676
      vertex 19.965 132.943 -2.50676
    endloop
  endfacet
  facet normal 0 0.980218 -0.197922
    outer loop
      vertex 13.035 132.943 -2.50676
      vertex 19.965 132.892 -2.75934
      vertex 13.035 132.892 -2.75934
    endloop
  endfacet
  facet normal 0 0.980216 0.197929
    outer loop
      vertex 19.965 132.943 -2.50676
      vertex 13.035 132.892 -2.25419
      vertex 19.965 132.892 -2.25419
    endloop
  endfacet
  facet normal 0 0.980216 0.197929
    outer loop
      vertex 13.035 132.892 -2.25419
      vertex 19.965 132.943 -2.50676
      vertex 13.035 132.943 -2.50676
    endloop
  endfacet
  facet normal 0 0.831584 0.555399
    outer loop
      vertex 19.965 132.892 -2.25419
      vertex 13.035 132.749 -2.04008
      vertex 19.965 132.749 -2.04008
    endloop
  endfacet
  facet normal 0 0.831584 0.555399
    outer loop
      vertex 13.035 132.749 -2.04008
      vertex 19.965 132.892 -2.25419
      vertex 13.035 132.892 -2.25419
    endloop
  endfacet
  facet normal -0 0.555784 0.831326
    outer loop
      vertex 13.035 132.749 -2.04008
      vertex 19.965 132.535 -1.89701
      vertex 19.965 132.749 -2.04008
    endloop
  endfacet
  facet normal 0 0.555784 0.831326
    outer loop
      vertex 19.965 132.535 -1.89701
      vertex 13.035 132.749 -2.04008
      vertex 13.035 132.535 -1.89701
    endloop
  endfacet
  facet normal -0 0.195555 0.980693
    outer loop
      vertex 13.035 132.535 -1.89701
      vertex 19.965 132.283 -1.84676
      vertex 19.965 132.535 -1.89701
    endloop
  endfacet
  facet normal 0 0.195555 0.980693
    outer loop
      vertex 19.965 132.283 -1.84676
      vertex 13.035 132.535 -1.89701
      vertex 13.035 132.283 -1.84676
    endloop
  endfacet
  facet normal 0 -0.194811 0.980841
    outer loop
      vertex 13.035 132.283 -1.84676
      vertex 19.965 132.03 -1.89701
      vertex 19.965 132.283 -1.84676
    endloop
  endfacet
  facet normal 0 -0.194811 0.980841
    outer loop
      vertex 19.965 132.03 -1.89701
      vertex 13.035 132.283 -1.84676
      vertex 13.035 132.03 -1.89701
    endloop
  endfacet
  facet normal 0 -0.555784 0.831326
    outer loop
      vertex 13.035 132.03 -1.89701
      vertex 19.965 131.816 -2.04008
      vertex 19.965 132.03 -1.89701
    endloop
  endfacet
  facet normal 0 -0.555784 0.831326
    outer loop
      vertex 19.965 131.816 -2.04008
      vertex 13.035 132.03 -1.89701
      vertex 13.035 131.816 -2.04008
    endloop
  endfacet
  facet normal 0 -0.607405 0.794393
    outer loop
      vertex 13.035 131.816 -2.04008
      vertex 19.965 131.738 -2.09972
      vertex 19.965 131.816 -2.04008
    endloop
  endfacet
  facet normal 0 -0.607405 0.794393
    outer loop
      vertex 19.965 131.738 -2.09972
      vertex 13.035 131.816 -2.04008
      vertex 13.035 131.738 -2.09972
    endloop
  endfacet
  facet normal 0 -0.461934 0.886914
    outer loop
      vertex 13.035 131.738 -2.09972
      vertex 19.965 131.594 -2.17472
      vertex 19.965 131.738 -2.09972
    endloop
  endfacet
  facet normal 0 -0.461934 0.886914
    outer loop
      vertex 19.965 131.594 -2.17472
      vertex 13.035 131.738 -2.09972
      vertex 13.035 131.594 -2.17472
    endloop
  endfacet
  facet normal 0 -0.383176 0.923675
    outer loop
      vertex 13.035 131.497 -2.21511
      vertex 19.965 131.435 -2.24083
      vertex 19.965 131.497 -2.21511
    endloop
  endfacet
  facet normal 0 -0.383176 0.923675
    outer loop
      vertex 19.965 131.435 -2.24083
      vertex 13.035 131.497 -2.21511
      vertex 13.035 131.435 -2.24083
    endloop
  endfacet
  facet normal 0 -0.383176 0.923675
    outer loop
      vertex 13.035 131.594 -2.17472
      vertex 19.965 131.532 -2.20044
      vertex 19.965 131.594 -2.17472
    endloop
  endfacet
  facet normal 0 -0.383176 0.923675
    outer loop
      vertex 19.965 131.532 -2.20044
      vertex 13.035 131.594 -2.17472
      vertex 13.035 131.532 -2.20044
    endloop
  endfacet
  facet normal 0 -0.300587 0.953755
    outer loop
      vertex 13.035 131.435 -2.24083
      vertex 19.965 131.28 -2.28968
      vertex 19.965 131.435 -2.24083
    endloop
  endfacet
  facet normal 0 -0.300587 0.953755
    outer loop
      vertex 19.965 131.28 -2.28968
      vertex 13.035 131.435 -2.24083
      vertex 13.035 131.28 -2.28968
    endloop
  endfacet
  facet normal 0 -0.130624 0.991432
    outer loop
      vertex 13.035 131.28 -2.28968
      vertex 19.965 131.183 -2.30246
      vertex 19.965 131.28 -2.28968
    endloop
  endfacet
  facet normal 0 -0.130624 0.991432
    outer loop
      vertex 19.965 131.183 -2.30246
      vertex 13.035 131.28 -2.28968
      vertex 13.035 131.183 -2.30246
    endloop
  endfacet
  facet normal 0 -0.043474 0.999055
    outer loop
      vertex 13.035 131.183 -2.30246
      vertex 19.965 131.018 -2.30964
      vertex 19.965 131.183 -2.30246
    endloop
  endfacet
  facet normal 0 -0.043474 0.999055
    outer loop
      vertex 19.965 131.018 -2.30964
      vertex 13.035 131.183 -2.30246
      vertex 13.035 131.018 -2.30964
    endloop
  endfacet
  facet normal -0 0.677388 0.735625
    outer loop
      vertex 13.035 130.137 -1.97869
      vertex 19.965 130.077 -1.92344
      vertex 19.965 130.137 -1.97869
    endloop
  endfacet
  facet normal 0 0.677388 0.735625
    outer loop
      vertex 19.965 130.077 -1.92344
      vertex 13.035 130.137 -1.97869
      vertex 13.035 130.077 -1.92344
    endloop
  endfacet
  facet normal 0 0.736212 0.676751
    outer loop
      vertex 19.965 130.077 -1.92331
      vertex 13.035 129.96 -1.79603
      vertex 19.965 129.96 -1.79603
    endloop
  endfacet
  facet normal 0 0.736212 0.676751
    outer loop
      vertex 13.035 129.96 -1.79603
      vertex 19.965 130.077 -1.92331
      vertex 13.035 130.077 -1.92331
    endloop
  endfacet
  facet normal 0 0.791601 0.611039
    outer loop
      vertex 19.965 129.96 -1.79603
      vertex 13.035 129.9 -1.7183
      vertex 19.965 129.9 -1.7183
    endloop
  endfacet
  facet normal 0 0.791601 0.611039
    outer loop
      vertex 13.035 129.9 -1.7183
      vertex 19.965 129.96 -1.79603
      vertex 13.035 129.96 -1.79603
    endloop
  endfacet
  facet normal 0 0.887032 0.461707
    outer loop
      vertex 19.965 129.9 -1.7183
      vertex 13.035 129.825 -1.57421
      vertex 19.965 129.825 -1.57421
    endloop
  endfacet
  facet normal 0 0.887032 0.461707
    outer loop
      vertex 13.035 129.825 -1.57421
      vertex 19.965 129.9 -1.7183
      vertex 13.035 129.9 -1.7183
    endloop
  endfacet
  facet normal 0 0.922372 0.386303
    outer loop
      vertex 19.965 129.785 -1.47671
      vertex 13.035 129.759 -1.41463
      vertex 19.965 129.759 -1.41463
    endloop
  endfacet
  facet normal 0 0.922372 0.386303
    outer loop
      vertex 13.035 129.759 -1.41463
      vertex 19.965 129.785 -1.47671
      vertex 13.035 129.785 -1.47671
    endloop
  endfacet
  facet normal 0 0.927609 0.373554
    outer loop
      vertex 19.965 129.825 -1.57421
      vertex 13.035 129.8 -1.51213
      vertex 19.965 129.8 -1.51213
    endloop
  endfacet
  facet normal 0 0.927609 0.373554
    outer loop
      vertex 13.035 129.8 -1.51213
      vertex 19.965 129.825 -1.57421
      vertex 13.035 129.825 -1.57421
    endloop
  endfacet
  facet normal 0 0.953451 0.30155
    outer loop
      vertex 19.965 129.759 -1.41463
      vertex 13.035 129.71 -1.2597
      vertex 19.965 129.71 -1.2597
    endloop
  endfacet
  facet normal 0 0.953451 0.30155
    outer loop
      vertex 13.035 129.71 -1.2597
      vertex 19.965 129.759 -1.41463
      vertex 13.035 129.759 -1.41463
    endloop
  endfacet
  facet normal 0 0.992454 0.122614
    outer loop
      vertex 19.965 129.71 -1.2597
      vertex 13.035 129.698 -1.16257
      vertex 19.965 129.698 -1.16257
    endloop
  endfacet
  facet normal 0 0.992454 0.122614
    outer loop
      vertex 13.035 129.698 -1.16257
      vertex 19.965 129.71 -1.2597
      vertex 13.035 129.71 -1.2597
    endloop
  endfacet
  facet normal 0 0.996845 0.0793667
    outer loop
      vertex 19.965 129.698 -1.16257
      vertex 13.035 129.696 -1.13745
      vertex 19.965 129.696 -1.13745
    endloop
  endfacet
  facet normal 0 0.996845 0.0793667
    outer loop
      vertex 13.035 129.696 -1.13745
      vertex 19.965 129.698 -1.16257
      vertex 13.035 129.698 -1.16257
    endloop
  endfacet
  facet normal 0 -1 0
    outer loop
      vertex 13.035 131.002 -3.63
      vertex 19.965 131.002 -3.62963
      vertex 13.035 131.002 -3.62963
    endloop
  endfacet
  facet normal 0 -1 -0
    outer loop
      vertex 19.965 131.002 -3.62963
      vertex 13.035 131.002 -3.63
      vertex 19.965 131.002 -3.63
    endloop
  endfacet
  facet normal 0 -0.896543 -0.442956
    outer loop
      vertex 13.035 130.137 -1.97869
      vertex 19.965 130.132 -1.96857
      vertex 13.035 130.132 -1.96857
    endloop
  endfacet
  facet normal 0 -0.896543 -0.442956
    outer loop
      vertex 19.965 130.132 -1.96857
      vertex 13.035 130.137 -1.97869
      vertex 19.965 130.137 -1.97869
    endloop
  endfacet
  facet normal 0 -0.885019 -0.465555
    outer loop
      vertex 13.035 129.706 -1.15646
      vertex 19.965 129.696 -1.13745
      vertex 13.035 129.696 -1.13745
    endloop
  endfacet
  facet normal 0 -0.885019 -0.465555
    outer loop
      vertex 19.965 129.696 -1.13745
      vertex 13.035 129.706 -1.15646
      vertex 19.965 129.706 -1.15646
    endloop
  endfacet
  facet normal 0 1 -0
    outer loop
      vertex 19.965 131.018 -3.63
      vertex 13.035 131.018 -3.62964
      vertex 19.965 131.018 -3.62964
    endloop
  endfacet
  facet normal 0 1 0
    outer loop
      vertex 13.035 131.018 -3.62964
      vertex 19.965 131.018 -3.63
      vertex 13.035 131.018 -3.63
    endloop
  endfacet
  facet normal 0 1 -0
    outer loop
      vertex 19.965 131.018 -2.30964
      vertex 13.035 131.018 -2.30919
      vertex 19.965 131.018 -2.30919
    endloop
  endfacet
  facet normal 0 1 0
    outer loop
      vertex 13.035 131.018 -2.30919
      vertex 19.965 131.018 -2.30964
      vertex 13.035 131.018 -2.30964
    endloop
  endfacet
  facet normal 0 1 -0
    outer loop
      vertex 19.965 131.018 0.329187
      vertex 13.035 131.018 0.32964
      vertex 19.965 131.018 0.32964
    endloop
  endfacet
  facet normal 0 1 0
    outer loop
      vertex 13.035 131.018 0.32964
      vertex 19.965 131.018 0.329187
      vertex 13.035 131.018 0.329187
    endloop
  endfacet
  facet normal 0 0 -1
    outer loop
      vertex 13.035 131.002 -3.63
      vertex 19.965 131.018 -3.63
      vertex 19.965 131.002 -3.63
    endloop
  endfacet
  facet normal -0 0 -1
    outer loop
      vertex 19.965 131.018 -3.63
      vertex 13.035 131.002 -3.63
      vertex 13.035 131.018 -3.63
    endloop
  endfacet
  facet normal 0 -1 0
    outer loop
      vertex 13.035 131.943 -0.0567009
      vertex 19.965 131.943 -0.056619
      vertex 13.035 131.943 -0.056619
    endloop
  endfacet
  facet normal 0 -1 -0
    outer loop
      vertex 19.965 131.943 -0.056619
      vertex 13.035 131.943 -0.0567009
      vertex 19.965 131.943 -0.0567009
    endloop
  endfacet
  facet normal 0 1 0
    outer loop
      vertex 13.035 130.077 -1.92344
      vertex 19.965 130.077 -1.92338
      vertex 19.965 130.077 -1.92344
    endloop
  endfacet
  facet normal 0 1 0
    outer loop
      vertex 19.965 130.077 -1.92338
      vertex 13.035 130.077 -1.92344
      vertex 13.035 130.077 -1.92338
    endloop
  endfacet
  facet normal -0 0.634303 0.773085
    outer loop
      vertex 13.035 130.277 -2.08754
      vertex 19.965 130.132 -1.96857
      vertex 19.965 130.277 -2.08754
    endloop
  endfacet
  facet normal 0 0.634303 0.773085
    outer loop
      vertex 19.965 130.132 -1.96857
      vertex 13.035 130.277 -2.08754
      vertex 13.035 130.132 -1.96857
    endloop
  endfacet
  facet normal 0 -0.471127 0.882066
    outer loop
      vertex 13.035 131.532 -2.20044
      vertex 19.965 131.515 -2.20952
      vertex 19.965 131.532 -2.20044
    endloop
  endfacet
  facet normal 0 -0.471127 0.882066
    outer loop
      vertex 19.965 131.515 -2.20952
      vertex 13.035 131.532 -2.20044
      vertex 13.035 131.515 -2.20952
    endloop
  endfacet
  facet normal 0 0.771417 -0.63633
    outer loop
      vertex 19.965 129.912 -0.256647
      vertex 13.035 130.077 -0.056619
      vertex 19.965 130.077 -0.056619
    endloop
  endfacet
  facet normal 0 0.771417 -0.63633
    outer loop
      vertex 13.035 130.077 -0.056619
      vertex 19.965 129.912 -0.256647
      vertex 13.035 129.912 -0.256647
    endloop
  endfacet
  facet normal 0 -0.100735 0.994913
    outer loop
      vertex 13.035 131.018 -2.30919
      vertex 19.965 131.01 -2.31
      vertex 19.965 131.018 -2.30919
    endloop
  endfacet
  facet normal 0 -0.100735 0.994913
    outer loop
      vertex 19.965 131.01 -2.31
      vertex 13.035 131.018 -2.30919
      vertex 13.035 131.01 -2.31
    endloop
  endfacet
  facet normal 0 0.290953 -0.956737
    outer loop
      vertex 13.035 130.505 0.229521
      vertex 19.965 130.752 0.304636
      vertex 19.965 130.505 0.229521
    endloop
  endfacet
  facet normal 0 0.290953 -0.956737
    outer loop
      vertex 19.965 130.752 0.304636
      vertex 13.035 130.505 0.229521
      vertex 13.035 130.752 0.304636
    endloop
  endfacet
  facet normal 0 0.634447 -0.772966
    outer loop
      vertex 13.035 130.077 -0.056619
      vertex 19.965 130.277 0.10754
      vertex 19.965 130.077 -0.056619
    endloop
  endfacet
  facet normal 0 0.634447 -0.772966
    outer loop
      vertex 19.965 130.277 0.10754
      vertex 13.035 130.077 -0.056619
      vertex 13.035 130.277 0.10754
    endloop
  endfacet
  facet normal 0 0.471735 -0.88174
    outer loop
      vertex 13.035 130.277 0.10754
      vertex 19.965 130.505 0.229521
      vertex 19.965 130.277 0.10754
    endloop
  endfacet
  facet normal 0 0.471735 -0.88174
    outer loop
      vertex 19.965 130.505 0.229521
      vertex 13.035 130.277 0.10754
      vertex 13.035 130.505 0.229521
    endloop
  endfacet
  facet normal 0 0.861804 0.507242
    outer loop
      vertex 19.965 129.8 -1.51213
      vertex 13.035 129.79 -1.49514
      vertex 19.965 129.79 -1.49514
    endloop
  endfacet
  facet normal 0 0.861804 0.507242
    outer loop
      vertex 13.035 129.79 -1.49514
      vertex 19.965 129.8 -1.51213
      vertex 13.035 129.8 -1.51213
    endloop
  endfacet
  facet normal -0 0.0978231 0.995204
    outer loop
      vertex 13.035 131.01 -2.31
      vertex 19.965 130.752 -2.28464
      vertex 19.965 131.01 -2.31
    endloop
  endfacet
  facet normal 0 0.0978231 0.995204
    outer loop
      vertex 19.965 130.752 -2.28464
      vertex 13.035 131.01 -2.31
      vertex 13.035 130.752 -2.28464
    endloop
  endfacet
  facet normal 0 0.0978384 -0.995202
    outer loop
      vertex 13.035 130.752 0.304636
      vertex 19.965 131.01 0.33
      vertex 19.965 130.752 0.304636
    endloop
  endfacet
  facet normal 0 0.0978384 -0.995202
    outer loop
      vertex 19.965 131.01 0.33
      vertex 13.035 130.752 0.304636
      vertex 13.035 131.01 0.33
    endloop
  endfacet
  facet normal 0 -0.296583 0.955007
    outer loop
      vertex 13.035 131.515 -2.20952
      vertex 19.965 131.497 -2.21511
      vertex 19.965 131.515 -2.20952
    endloop
  endfacet
  facet normal 0 -0.296583 0.955007
    outer loop
      vertex 19.965 131.497 -2.21511
      vertex 13.035 131.515 -2.20952
      vertex 13.035 131.497 -2.21511
    endloop
  endfacet
  facet normal 0 0.995412 0.0956782
    outer loop
      vertex 19.965 129.706 -1.15646
      vertex 13.035 129.69 -0.99
      vertex 19.965 129.69 -0.99
    endloop
  endfacet
  facet normal 0 0.995412 0.0956782
    outer loop
      vertex 13.035 129.69 -0.99
      vertex 19.965 129.706 -1.15646
      vertex 13.035 129.706 -1.15646
    endloop
  endfacet
  facet normal 0 0.965113 0.261832
    outer loop
      vertex 19.965 129.79 -1.49514
      vertex 13.035 129.785 -1.47671
      vertex 19.965 129.785 -1.47671
    endloop
  endfacet
  facet normal 0 0.965113 0.261832
    outer loop
      vertex 13.035 129.785 -1.47671
      vertex 19.965 129.79 -1.49514
      vertex 13.035 129.79 -1.49514
    endloop
  endfacet
  facet normal 0 0.881891 -0.471453
    outer loop
      vertex 19.965 129.79 -0.484858
      vertex 13.035 129.912 -0.256647
      vertex 19.965 129.912 -0.256647
    endloop
  endfacet
  facet normal 0 0.881891 -0.471453
    outer loop
      vertex 13.035 129.912 -0.256647
      vertex 19.965 129.79 -0.484858
      vertex 13.035 129.79 -0.484858
    endloop
  endfacet
  facet normal 0 -0.471288 -0.881979
    outer loop
      vertex 13.035 131.515 0.229521
      vertex 19.965 131.532 0.220437
      vertex 19.965 131.515 0.229521
    endloop
  endfacet
  facet normal -0 -0.471288 -0.881979
    outer loop
      vertex 19.965 131.532 0.220437
      vertex 13.035 131.515 0.229521
      vertex 13.035 131.532 0.220437
    endloop
  endfacet
  facet normal 0 -0.861856 -0.507153
    outer loop
      vertex 13.035 132.23 -0.484858
      vertex 19.965 132.22 -0.467864
      vertex 13.035 132.22 -0.467864
    endloop
  endfacet
  facet normal 0 -0.861856 -0.507153
    outer loop
      vertex 19.965 132.22 -0.467864
      vertex 13.035 132.23 -0.484858
      vertex 19.965 132.23 -0.484858
    endloop
  endfacet
  facet normal -0 0.29097 0.956732
    outer loop
      vertex 13.035 130.752 -2.28464
      vertex 19.965 130.505 -2.20952
      vertex 19.965 130.752 -2.28464
    endloop
  endfacet
  facet normal 0 0.29097 0.956732
    outer loop
      vertex 19.965 130.505 -2.20952
      vertex 13.035 130.752 -2.28464
      vertex 13.035 130.505 -2.20952
    endloop
  endfacet
  facet normal 0 -0.965135 -0.261753
    outer loop
      vertex 13.035 132.235 -0.503294
      vertex 19.965 132.23 -0.484858
      vertex 13.035 132.23 -0.484858
    endloop
  endfacet
  facet normal 0 -0.965135 -0.261753
    outer loop
      vertex 19.965 132.23 -0.484858
      vertex 13.035 132.235 -0.503294
      vertex 19.965 132.235 -0.503294
    endloop
  endfacet
  facet normal 0 1 -0
    outer loop
      vertex 19.965 130.077 -1.92338
      vertex 13.035 130.077 -1.92331
      vertex 19.965 130.077 -1.92331
    endloop
  endfacet
  facet normal 0 1 0
    outer loop
      vertex 13.035 130.077 -1.92331
      vertex 19.965 130.077 -1.92338
      vertex 13.035 130.077 -1.92338
    endloop
  endfacet
  facet normal -0 0.471732 0.881742
    outer loop
      vertex 13.035 130.505 -2.20952
      vertex 19.965 130.277 -2.08754
      vertex 19.965 130.505 -2.20952
    endloop
  endfacet
  facet normal 0 0.471732 0.881742
    outer loop
      vertex 19.965 130.277 -2.08754
      vertex 13.035 130.505 -2.20952
      vertex 13.035 130.277 -2.08754
    endloop
  endfacet
  facet normal 0 0.957064 -0.289875
    outer loop
      vertex 19.965 129.715 -0.732481
      vertex 13.035 129.79 -0.484858
      vertex 19.965 129.79 -0.484858
    endloop
  endfacet
  facet normal 0 0.957064 -0.289875
    outer loop
      vertex 13.035 129.79 -0.484858
      vertex 19.965 129.715 -0.732481
      vertex 13.035 129.715 -0.732481
    endloop
  endfacet
  facet normal 0 -1 0
    outer loop
      vertex 13.035 131.943 -0.0565517
      vertex 19.965 131.943 -0.056619
      vertex 19.965 131.943 -0.0565517
    endloop
  endfacet
  facet normal 0 -1 0
    outer loop
      vertex 19.965 131.943 -0.056619
      vertex 13.035 131.943 -0.0565517
      vertex 13.035 131.943 -0.056619
    endloop
  endfacet
  facet normal 0 -0.29668 -0.954977
    outer loop
      vertex 13.035 131.497 0.235113
      vertex 19.965 131.515 0.229521
      vertex 19.965 131.497 0.235113
    endloop
  endfacet
  facet normal -0 -0.29668 -0.954977
    outer loop
      vertex 19.965 131.515 0.229521
      vertex 13.035 131.497 0.235113
      vertex 13.035 131.515 0.229521
    endloop
  endfacet
  facet normal 0 -0.101104 -0.994876
    outer loop
      vertex 13.035 131.01 0.33
      vertex 19.965 131.018 0.329187
      vertex 19.965 131.01 0.33
    endloop
  endfacet
  facet normal -0 -0.101104 -0.994876
    outer loop
      vertex 19.965 131.018 0.329187
      vertex 13.035 131.01 0.33
      vertex 13.035 131.018 0.329187
    endloop
  endfacet
  facet normal 0 0.995321 -0.096626
    outer loop
      vertex 19.965 129.69 -0.99
      vertex 13.035 129.715 -0.732481
      vertex 19.965 129.715 -0.732481
    endloop
  endfacet
  facet normal 0 0.995321 -0.096626
    outer loop
      vertex 13.035 129.715 -0.732481
      vertex 19.965 129.69 -0.99
      vertex 13.035 129.69 -0.99
    endloop
  endfacet
  facet normal -1 0 0
    outer loop
      vertex 178.035 129.767 -3.31449
      vertex 178.035 130.505 -2.20952
      vertex 178.035 129.921 -3.39425
    endloop
  endfacet
  facet normal -1 -0 0
    outer loop
      vertex 178.035 130.505 -2.20952
      vertex 178.035 129.767 -3.31449
      vertex 178.035 130.277 -2.08754
    endloop
  endfacet
  facet normal -1 0 0
    outer loop
      vertex 178.035 129.622 -3.22168
      vertex 178.035 130.277 -2.08754
      vertex 178.035 129.767 -3.31449
    endloop
  endfacet
  facet normal -1 0 0
    outer loop
      vertex 178.035 129.408 -3.07861
      vertex 178.035 130.277 -2.08754
      vertex 178.035 129.622 -3.22168
    endloop
  endfacet
  facet normal -1 -0 0
    outer loop
      vertex 178.035 130.277 -2.08754
      vertex 178.035 129.408 -3.07861
      vertex 178.035 130.137 -1.97869
    endloop
  endfacet
  facet normal -1 0 0
    outer loop
      vertex 178.035 129.271 -2.97345
      vertex 178.035 130.137 -1.97869
      vertex 178.035 129.408 -3.07861
    endloop
  endfacet
  facet normal -1 -0 0
    outer loop
      vertex 178.035 130.137 -1.97869
      vertex 178.035 129.271 -2.97345
      vertex 178.035 130.077 -1.92344
    endloop
  endfacet
  facet normal -1 -0 0
    outer loop
      vertex 178.035 130.077 -1.92344
      vertex 178.035 129.271 -2.97345
      vertex 178.035 130.077 -1.92338
    endloop
  endfacet
  facet normal -1 0 0
    outer loop
      vertex 178.035 129.143 -2.85676
      vertex 178.035 130.077 -1.92338
      vertex 178.035 129.271 -2.97345
    endloop
  endfacet
  facet normal -1 0 0
    outer loop
      vertex 178.035 129.027 -2.72941
      vertex 178.035 130.077 -1.92338
      vertex 178.035 129.143 -2.85676
    endloop
  endfacet
  facet normal -1 -0 0
    outer loop
      vertex 178.035 130.077 -1.92338
      vertex 178.035 129.027 -2.72941
      vertex 178.035 130.077 -1.92331
    endloop
  endfacet
  facet normal -1 -0 0
    outer loop
      vertex 178.035 130.077 -1.92331
      vertex 178.035 129.027 -2.72941
      vertex 178.035 129.96 -1.79603
    endloop
  endfacet
  facet normal -1 0 0
    outer loop
      vertex 178.035 128.921 -2.59237
      vertex 178.035 129.96 -1.79603
      vertex 178.035 129.027 -2.72941
    endloop
  endfacet
  facet normal -1 -0 0
    outer loop
      vertex 178.035 129.96 -1.79603
      vertex 178.035 128.921 -2.59237
      vertex 178.035 129.9 -1.7183
    endloop
  endfacet
  facet normal -1 0 0
    outer loop
      vertex 178.035 128.778 -2.37825
      vertex 178.035 129.9 -1.7183
      vertex 178.035 128.921 -2.59237
    endloop
  endfacet
  facet normal -1 -0 0
    outer loop
      vertex 178.035 129.9 -1.7183
      vertex 178.035 128.778 -2.37825
      vertex 178.035 129.825 -1.57421
    endloop
  endfacet
  facet normal -1 0 0
    outer loop
      vertex 178.035 128.686 -2.23257
      vertex 178.035 129.825 -1.57421
      vertex 178.035 128.778 -2.37825
    endloop
  endfacet
  facet normal -1 0 0
    outer loop
      vertex 178.035 128.606 -2.07935
      vertex 178.035 129.825 -1.57421
      vertex 178.035 128.686 -2.23257
    endloop
  endfacet
  facet normal -1 0 0
    outer loop
      vertex 178.035 131.002 -3.63
      vertex 178.035 131.018 -3.62964
      vertex 178.035 131.018 -3.63
    endloop
  endfacet
  facet normal -1 0 0
    outer loop
      vertex 178.035 131.018 -3.62964
      vertex 178.035 131.01 -2.31
      vertex 178.035 131.018 -2.30964
    endloop
  endfacet
  facet normal -1 -0 0
    outer loop
      vertex 178.035 131.018 -2.30964
      vertex 178.035 131.01 -2.31
      vertex 178.035 131.018 -2.30919
    endloop
  endfacet
  facet normal -1 -0 0
    outer loop
      vertex 178.035 131.018 -3.62964
      vertex 178.035 131.002 -3.63
      vertex 178.035 131.002 -3.62963
    endloop
  endfacet
  facet normal -1 0 0
    outer loop
      vertex 178.035 131.018 -3.62964
      vertex 178.035 131.002 -3.62963
      vertex 178.035 131.01 -2.31
    endloop
  endfacet
  facet normal -1 0 0
    outer loop
      vertex 178.035 130.837 -3.62246
      vertex 178.035 131.01 -2.31
      vertex 178.035 131.002 -3.62963
    endloop
  endfacet
  facet normal -1 0 0
    outer loop
      vertex 178.035 130.666 -3.59992
      vertex 178.035 131.01 -2.31
      vertex 178.035 130.837 -3.62246
    endloop
  endfacet
  facet normal -1 -0 0
    outer loop
      vertex 178.035 131.01 -2.31
      vertex 178.035 130.666 -3.59992
      vertex 178.035 130.752 -2.28464
    endloop
  endfacet
  facet normal -1 0 0
    outer loop
      vertex 178.035 130.414 -3.54968
      vertex 178.035 130.752 -2.28464
      vertex 178.035 130.666 -3.59992
    endloop
  endfacet
  facet normal -1 0 0
    outer loop
      vertex 178.035 130.245 -3.51229
      vertex 178.035 130.752 -2.28464
      vertex 178.035 130.414 -3.54968
    endloop
  endfacet
  facet normal -1 -0 0
    outer loop
      vertex 178.035 130.752 -2.28464
      vertex 178.035 130.245 -3.51229
      vertex 178.035 130.505 -2.20952
    endloop
  endfacet
  facet normal -1 0 0
    outer loop
      vertex 178.035 130.08 -3.46035
      vertex 178.035 130.505 -2.20952
      vertex 178.035 130.245 -3.51229
    endloop
  endfacet
  facet normal -1 0 0
    outer loop
      vertex 178.035 129.921 -3.39425
      vertex 178.035 130.505 -2.20952
      vertex 178.035 130.08 -3.46035
    endloop
  endfacet
  facet normal -1 0 0
    outer loop
      vertex 178.035 130.277 -2.08754
      vertex 178.035 130.137 -1.97869
      vertex 178.035 130.132 -1.96857
    endloop
  endfacet
  facet normal -1 0 0
    outer loop
      vertex 178.035 132.892 -2.75934
      vertex 178.035 132.892 -2.25419
      vertex 178.035 132.943 -2.50676
    endloop
  endfacet
  facet normal -1 0 0
    outer loop
      vertex 178.035 132.749 -2.97345
      vertex 178.035 132.892 -2.25419
      vertex 178.035 132.892 -2.75934
    endloop
  endfacet
  facet normal -1 0 0
    outer loop
      vertex 178.035 132.749 -2.97345
      vertex 178.035 132.749 -2.04008
      vertex 178.035 132.892 -2.25419
    endloop
  endfacet
  facet normal -1 0 0
    outer loop
      vertex 178.035 132.612 -3.07861
      vertex 178.035 132.749 -2.04008
      vertex 178.035 132.749 -2.97345
    endloop
  endfacet
  facet normal -1 0 0
    outer loop
      vertex 178.035 132.612 -3.07861
      vertex 178.035 132.535 -1.89701
      vertex 178.035 132.749 -2.04008
    endloop
  endfacet
  facet normal -1 0 0
    outer loop
      vertex 178.035 131.738 -2.09972
      vertex 178.035 132.612 -3.07861
      vertex 178.035 132.398 -3.22168
    endloop
  endfacet
  facet normal -1 0 0
    outer loop
      vertex 178.035 132.612 -3.07861
      vertex 178.035 131.816 -2.04008
      vertex 178.035 132.535 -1.89701
    endloop
  endfacet
  facet normal -1 0 0
    outer loop
      vertex 178.035 131.738 -2.09972
      vertex 178.035 132.398 -3.22168
      vertex 178.035 132.253 -3.31449
    endloop
  endfacet
  facet normal -1 0 0
    outer loop
      vertex 178.035 131.594 -2.17472
      vertex 178.035 132.253 -3.31449
      vertex 178.035 132.099 -3.39425
    endloop
  endfacet
  facet normal -1 -0 0
    outer loop
      vertex 178.035 132.535 -1.89701
      vertex 178.035 131.816 -2.04008
      vertex 178.035 132.283 -1.84676
    endloop
  endfacet
  facet normal -1 0 0
    outer loop
      vertex 178.035 131.515 -2.20952
      vertex 178.035 132.099 -3.39425
      vertex 178.035 131.94 -3.46035
    endloop
  endfacet
  facet normal -1 0 0
    outer loop
      vertex 178.035 132.283 -1.84676
      vertex 178.035 131.816 -2.04008
      vertex 178.035 132.03 -1.89701
    endloop
  endfacet
  facet normal -1 0 0
    outer loop
      vertex 178.035 131.435 -2.24083
      vertex 178.035 131.94 -3.46035
      vertex 178.035 131.775 -3.51229
    endloop
  endfacet
  facet normal -1 0 0
    outer loop
      vertex 178.035 132.612 -3.07861
      vertex 178.035 131.738 -2.09972
      vertex 178.035 131.816 -2.04008
    endloop
  endfacet
  facet normal -1 0 0
    outer loop
      vertex 178.035 131.435 -2.24083
      vertex 178.035 131.775 -3.51229
      vertex 178.035 131.606 -3.54968
    endloop
  endfacet
  facet normal -1 0 0
    outer loop
      vertex 178.035 132.253 -3.31449
      vertex 178.035 131.594 -2.17472
      vertex 178.035 131.738 -2.09972
    endloop
  endfacet
  facet normal -1 0 0
    outer loop
      vertex 178.035 132.099 -3.39425
      vertex 178.035 131.515 -2.20952
      vertex 178.035 131.594 -2.17472
    endloop
  endfacet
  facet normal -1 0 0
    outer loop
      vertex 178.035 131.594 -2.17472
      vertex 178.035 131.515 -2.20952
      vertex 178.035 131.532 -2.20044
    endloop
  endfacet
  facet normal -1 0 0
    outer loop
      vertex 178.035 131.94 -3.46035
      vertex 178.035 131.435 -2.24083
      vertex 178.035 131.515 -2.20952
    endloop
  endfacet
  facet normal -1 0 0
    outer loop
      vertex 178.035 131.515 -2.20952
      vertex 178.035 131.435 -2.24083
      vertex 178.035 131.497 -2.21511
    endloop
  endfacet
  facet normal -1 0 0
    outer loop
      vertex 178.035 131.28 -2.28968
      vertex 178.035 131.606 -3.54968
      vertex 178.035 131.354 -3.59992
    endloop
  endfacet
  facet normal -1 0 0
    outer loop
      vertex 178.035 131.606 -3.54968
      vertex 178.035 131.28 -2.28968
      vertex 178.035 131.435 -2.24083
    endloop
  endfacet
  facet normal -1 0 0
    outer loop
      vertex 178.035 131.183 -2.30246
      vertex 178.035 131.354 -3.59992
      vertex 178.035 131.183 -3.62246
    endloop
  endfacet
  facet normal -1 0 0
    outer loop
      vertex 178.035 131.354 -3.59992
      vertex 178.035 131.183 -2.30246
      vertex 178.035 131.28 -2.28968
    endloop
  endfacet
  facet normal -1 0 0
    outer loop
      vertex 178.035 131.018 -2.30964
      vertex 178.035 131.183 -3.62246
      vertex 178.035 131.018 -3.62964
    endloop
  endfacet
  facet normal -1 0 0
    outer loop
      vertex 178.035 131.183 -3.62246
      vertex 178.035 131.018 -2.30964
      vertex 178.035 131.183 -2.30246
    endloop
  endfacet
  facet normal -1 0 0
    outer loop
      vertex 178.035 129.706 -1.15646
      vertex 178.035 129.696 -1.13745
      vertex 178.035 129.69 -0.99
    endloop
  endfacet
  facet normal -1 0 0
    outer loop
      vertex 178.035 131.018 0.329187
      vertex 178.035 131.01 0.33
      vertex 178.035 131.018 0.32964
    endloop
  endfacet
  facet normal -1 0 0
    outer loop
      vertex 178.035 133.48 -0.565375
      vertex 178.035 133.48 -0.0602335
      vertex 178.035 133.531 -0.312804
    endloop
  endfacet
  facet normal -1 0 0
    outer loop
      vertex 178.035 132.261 -0.565375
      vertex 178.035 133.48 -0.0602335
      vertex 178.035 133.48 -0.565375
    endloop
  endfacet
  facet normal -1 0 0
    outer loop
      vertex 178.035 132.261 -0.565375
      vertex 178.035 133.48 -0.565375
      vertex 178.035 133.337 -0.779495
    endloop
  endfacet
  facet normal -1 0 0
    outer loop
      vertex 178.035 132.23 -0.484858
      vertex 178.035 133.48 -0.0602335
      vertex 178.035 132.261 -0.565375
    endloop
  endfacet
  facet normal -1 0 0
    outer loop
      vertex 178.035 132.195 -0.405788
      vertex 178.035 133.414 0.0993535
      vertex 178.035 132.23 -0.484858
    endloop
  endfacet
  facet normal -1 0 0
    outer loop
      vertex 178.035 132.261 -0.565375
      vertex 178.035 133.337 -0.779495
      vertex 178.035 133.123 -0.922561
    endloop
  endfacet
  facet normal -1 -0 0
    outer loop
      vertex 178.035 133.414 0.0993535
      vertex 178.035 132.195 -0.405788
      vertex 178.035 133.334 0.252571
    endloop
  endfacet
  facet normal -1 -0 0
    outer loop
      vertex 178.035 133.334 0.252571
      vertex 178.035 132.195 -0.405788
      vertex 178.035 133.242 0.39825
    endloop
  endfacet
  facet normal -1 0 0
    outer loop
      vertex 178.035 132.261 -0.565375
      vertex 178.035 133.123 -0.922561
      vertex 178.035 132.871 -0.972804
    endloop
  endfacet
  facet normal -1 0 0
    outer loop
      vertex 178.035 132.261 -0.565375
      vertex 178.035 132.871 -0.972804
      vertex 178.035 132.618 -0.922561
    endloop
  endfacet
  facet normal -1 0 0
    outer loop
      vertex 178.035 132.261 -0.565375
      vertex 178.035 132.618 -0.922561
      vertex 178.035 132.404 -0.779495
    endloop
  endfacet
  facet normal -1 -0 0
    outer loop
      vertex 178.035 133.48 -0.0602335
      vertex 178.035 132.23 -0.484858
      vertex 178.035 133.414 0.0993535
    endloop
  endfacet
  facet normal -1 0 0
    outer loop
      vertex 178.035 132.23 -0.484858
      vertex 178.035 132.261 -0.565375
      vertex 178.035 132.235 -0.503294
    endloop
  endfacet
  facet normal -1 0 0
    outer loop
      vertex 178.035 132.12 -0.261705
      vertex 178.035 133.242 0.39825
      vertex 178.035 132.195 -0.405788
    endloop
  endfacet
  facet normal -1 0 0
    outer loop
      vertex 178.035 132.195 -0.405788
      vertex 178.035 132.23 -0.484858
      vertex 178.035 132.22 -0.467864
    endloop
  endfacet
  facet normal -1 -0 0
    outer loop
      vertex 178.035 133.242 0.39825
      vertex 178.035 132.12 -0.261705
      vertex 178.035 133.099 0.61237
    endloop
  endfacet
  facet normal -1 0 0
    outer loop
      vertex 178.035 132.06 -0.183973
      vertex 178.035 133.099 0.61237
      vertex 178.035 132.12 -0.261705
    endloop
  endfacet
  facet normal -1 -0 0
    outer loop
      vertex 178.035 133.099 0.61237
      vertex 178.035 132.06 -0.183973
      vertex 178.035 133.062 0.66
    endloop
  endfacet
  facet normal -1 0 0
    outer loop
      vertex 178.035 131.943 -0.0567009
      vertex 178.035 133.062 0.66
      vertex 178.035 132.06 -0.183973
    endloop
  endfacet
  facet normal -1 0 0
    outer loop
      vertex 178.035 131.943 -0.056619
      vertex 178.035 133.062 0.66
      vertex 178.035 131.943 -0.0567009
    endloop
  endfacet
  facet normal -1 0 0
    outer loop
      vertex 178.035 131.943 -0.0565517
      vertex 178.035 133.062 0.66
      vertex 178.035 131.943 -0.056619
    endloop
  endfacet
  facet normal -1 0 0
    outer loop
      vertex 178.035 131.816 0.0600774
      vertex 178.035 133.062 0.66
      vertex 178.035 131.943 -0.0565517
    endloop
  endfacet
  facet normal -1 0 0
    outer loop
      vertex 178.035 131.738 0.119722
      vertex 178.035 133.062 0.66
      vertex 178.035 131.816 0.0600774
    endloop
  endfacet
  facet normal -1 0 0
    outer loop
      vertex 178.035 131.594 0.194724
      vertex 178.035 133.062 0.66
      vertex 178.035 131.738 0.119722
    endloop
  endfacet
  facet normal -1 0 0
    outer loop
      vertex 178.035 131.515 0.229521
      vertex 178.035 131.594 0.194724
      vertex 178.035 131.532 0.220437
    endloop
  endfacet
  facet normal -1 0 0
    outer loop
      vertex 178.035 131.594 0.194724
      vertex 178.035 131.515 0.229521
      vertex 178.035 133.062 0.66
    endloop
  endfacet
  facet normal -1 0 0
    outer loop
      vertex 178.035 131.435 0.260829
      vertex 178.035 131.515 0.229521
      vertex 178.035 131.497 0.235113
    endloop
  endfacet
  facet normal -1 0 0
    outer loop
      vertex 178.035 131.515 0.229521
      vertex 178.035 131.435 0.260829
      vertex 178.035 133.062 0.66
    endloop
  endfacet
  facet normal -1 0 0
    outer loop
      vertex 178.035 131.28 0.309677
      vertex 178.035 133.062 0.66
      vertex 178.035 131.435 0.260829
    endloop
  endfacet
  facet normal -1 0 0
    outer loop
      vertex 178.035 131.183 0.322462
      vertex 178.035 133.062 0.66
      vertex 178.035 131.28 0.309677
    endloop
  endfacet
  facet normal -1 0 0
    outer loop
      vertex 178.035 131.018 0.32964
      vertex 178.035 133.062 0.66
      vertex 178.035 131.183 0.322462
    endloop
  endfacet
  facet normal -1 0 0
    outer loop
      vertex 178.035 131.01 0.33
      vertex 178.035 133.062 0.66
      vertex 178.035 131.018 0.32964
    endloop
  endfacet
  facet normal -1 0 0
    outer loop
      vertex 178.035 129.36 0.66
      vertex 178.035 131.01 0.33
      vertex 178.035 130.752 0.304636
    endloop
  endfacet
  facet normal -1 0 -0
    outer loop
      vertex 178.035 129.79 -1.49514
      vertex 178.035 129.825 -1.57421
      vertex 178.035 128.606 -2.07935
    endloop
  endfacet
  facet normal -1 0 0
    outer loop
      vertex 178.035 129.825 -1.57421
      vertex 178.035 129.79 -1.49514
      vertex 178.035 129.8 -1.51213
    endloop
  endfacet
  facet normal -1 0 0
    outer loop
      vertex 178.035 128.54 -1.91977
      vertex 178.035 129.79 -1.49514
      vertex 178.035 128.606 -2.07935
    endloop
  endfacet
  facet normal -1 0 0
    outer loop
      vertex 178.035 129.36 0
      vertex 178.035 129.79 -0.484858
      vertex 178.035 129.715 -0.732481
    endloop
  endfacet
  facet normal -1 0 0
    outer loop
      vertex 178.035 129.36 0
      vertex 178.035 129.912 -0.256647
      vertex 178.035 129.79 -0.484858
    endloop
  endfacet
  facet normal -1 0 0
    outer loop
      vertex 178.035 129.36 0
      vertex 178.035 130.077 -0.056619
      vertex 178.035 129.912 -0.256647
    endloop
  endfacet
  facet normal -1 0 0
    outer loop
      vertex 178.035 129.36 0.66
      vertex 178.035 130.077 -0.056619
      vertex 178.035 129.36 0
    endloop
  endfacet
  facet normal -1 0 0
    outer loop
      vertex 178.035 130.077 -0.056619
      vertex 178.035 129.36 0.66
      vertex 178.035 130.277 0.10754
    endloop
  endfacet
  facet normal -1 0 0
    outer loop
      vertex 178.035 130.277 0.10754
      vertex 178.035 129.36 0.66
      vertex 178.035 130.505 0.229521
    endloop
  endfacet
  facet normal -1 0 0
    outer loop
      vertex 178.035 131.01 0.33
      vertex 178.035 129.36 0.66
      vertex 178.035 133.062 0.66
    endloop
  endfacet
  facet normal -1 0 0
    outer loop
      vertex 178.035 130.505 0.229521
      vertex 178.035 129.36 0.66
      vertex 178.035 130.752 0.304636
    endloop
  endfacet
  facet normal -1 0 -0
    outer loop
      vertex 178.035 129.759 -1.41463
      vertex 178.035 129.79 -1.49514
      vertex 178.035 128.54 -1.91977
    endloop
  endfacet
  facet normal -1 0 0
    outer loop
      vertex 178.035 129.79 -1.49514
      vertex 178.035 129.759 -1.41463
      vertex 178.035 129.785 -1.47671
    endloop
  endfacet
  facet normal -1 0 0
    outer loop
      vertex 178.035 128.488 -1.75503
      vertex 178.035 129.759 -1.41463
      vertex 178.035 128.54 -1.91977
    endloop
  endfacet
  facet normal -1 -0 0
    outer loop
      vertex 178.035 129.759 -1.41463
      vertex 178.035 128.488 -1.75503
      vertex 178.035 129.71 -1.2597
    endloop
  endfacet
  facet normal -1 0 0
    outer loop
      vertex 178.035 128.45 -1.58639
      vertex 178.035 129.71 -1.2597
      vertex 178.035 128.488 -1.75503
    endloop
  endfacet
  facet normal -1 0 0
    outer loop
      vertex 178.035 128.4 -1.33382
      vertex 178.035 129.71 -1.2597
      vertex 178.035 128.45 -1.58639
    endloop
  endfacet
  facet normal -1 -0 0
    outer loop
      vertex 178.035 129.71 -1.2597
      vertex 178.035 128.4 -1.33382
      vertex 178.035 129.698 -1.16257
    endloop
  endfacet
  facet normal -1 -0 0
    outer loop
      vertex 178.035 129.698 -1.16257
      vertex 178.035 128.4 -1.33382
      vertex 178.035 129.696 -1.13745
    endloop
  endfacet
  facet normal -1 0 0
    outer loop
      vertex 178.035 128.378 -1.16257
      vertex 178.035 129.696 -1.13745
      vertex 178.035 128.4 -1.33382
    endloop
  endfacet
  facet normal -1 0 0
    outer loop
      vertex 178.035 128.37 -0.99
      vertex 178.035 129.69 -0.99
      vertex 178.035 128.378 -1.16257
    endloop
  endfacet
  facet normal -1 -0 0
    outer loop
      vertex 178.035 129.696 -1.13745
      vertex 178.035 128.378 -1.16257
      vertex 178.035 129.69 -0.99
    endloop
  endfacet
  facet normal -1 0 -0
    outer loop
      vertex 178.035 128.488 -0.224972
      vertex 178.035 129.36 0
      vertex 178.035 128.45 -0.393607
    endloop
  endfacet
  facet normal -1 0 -0
    outer loop
      vertex 178.035 128.54 -0.0602335
      vertex 178.035 129.36 0
      vertex 178.035 128.488 -0.224972
    endloop
  endfacet
  facet normal -1 -0 0
    outer loop
      vertex 178.035 129.36 0
      vertex 178.035 128.54 -0.0602335
      vertex 178.035 128.565 0
    endloop
  endfacet
  facet normal -1 0 -0
    outer loop
      vertex 178.035 128.378 -0.817432
      vertex 178.035 129.69 -0.99
      vertex 178.035 128.37 -0.99
    endloop
  endfacet
  facet normal -1 0 0
    outer loop
      vertex 178.035 129.715 -0.732481
      vertex 178.035 128.45 -0.393607
      vertex 178.035 129.36 0
    endloop
  endfacet
  facet normal -1 0 -0
    outer loop
      vertex 178.035 128.4 -0.646178
      vertex 178.035 129.69 -0.99
      vertex 178.035 128.378 -0.817432
    endloop
  endfacet
  facet normal -1 0 -0
    outer loop
      vertex 178.035 128.45 -0.393607
      vertex 178.035 129.715 -0.732481
      vertex 178.035 128.4 -0.646178
    endloop
  endfacet
  facet normal -1 0 0
    outer loop
      vertex 178.035 129.69 -0.99
      vertex 178.035 128.4 -0.646178
      vertex 178.035 129.715 -0.732481
    endloop
  endfacet
  facet normal 1 0 0
    outer loop
      vertex 184.965 129.706 -1.15646
      vertex 184.965 129.69 -0.99
      vertex 184.965 129.696 -1.13745
    endloop
  endfacet
  facet normal 1 0 0
    outer loop
      vertex 184.965 131.01 -2.31
      vertex 184.965 131.018 -2.30964
      vertex 184.965 131.018 -2.30919
    endloop
  endfacet
  facet normal 1 0 0
    outer loop
      vertex 184.965 131.018 -2.30964
      vertex 184.965 131.01 -2.31
      vertex 184.965 131.018 -3.62964
    endloop
  endfacet
  facet normal 1 -0 0
    outer loop
      vertex 184.965 131.002 -3.62963
      vertex 184.965 131.018 -3.62964
      vertex 184.965 131.01 -2.31
    endloop
  endfacet
  facet normal 1 0 0
    outer loop
      vertex 184.965 131.002 -3.63
      vertex 184.965 131.018 -3.62964
      vertex 184.965 131.002 -3.62963
    endloop
  endfacet
  facet normal 1 0 0
    outer loop
      vertex 184.965 131.018 -3.62964
      vertex 184.965 131.002 -3.63
      vertex 184.965 131.018 -3.63
    endloop
  endfacet
  facet normal 1 0 0
    outer loop
      vertex 184.965 131.01 -2.31
      vertex 184.965 130.837 -3.62246
      vertex 184.965 131.002 -3.62963
    endloop
  endfacet
  facet normal 1 0 0
    outer loop
      vertex 184.965 130.666 -3.59992
      vertex 184.965 131.01 -2.31
      vertex 184.965 130.752 -2.28464
    endloop
  endfacet
  facet normal 1 0 0
    outer loop
      vertex 184.965 131.01 -2.31
      vertex 184.965 130.666 -3.59992
      vertex 184.965 130.837 -3.62246
    endloop
  endfacet
  facet normal 1 0 0
    outer loop
      vertex 184.965 130.245 -3.51229
      vertex 184.965 130.752 -2.28464
      vertex 184.965 130.505 -2.20952
    endloop
  endfacet
  facet normal 1 0 0
    outer loop
      vertex 184.965 130.752 -2.28464
      vertex 184.965 130.414 -3.54968
      vertex 184.965 130.666 -3.59992
    endloop
  endfacet
  facet normal 1 0 0
    outer loop
      vertex 184.965 129.767 -3.31449
      vertex 184.965 130.505 -2.20952
      vertex 184.965 130.277 -2.08754
    endloop
  endfacet
  facet normal 1 0 0
    outer loop
      vertex 184.965 130.752 -2.28464
      vertex 184.965 130.245 -3.51229
      vertex 184.965 130.414 -3.54968
    endloop
  endfacet
  facet normal 1 0 0
    outer loop
      vertex 184.965 129.408 -3.07861
      vertex 184.965 130.277 -2.08754
      vertex 184.965 130.137 -1.97869
    endloop
  endfacet
  facet normal 1 -0 -0
    outer loop
      vertex 184.965 130.137 -1.97869
      vertex 184.965 130.277 -2.08754
      vertex 184.965 130.132 -1.96857
    endloop
  endfacet
  facet normal 1 0 0
    outer loop
      vertex 184.965 132.892 -2.25419
      vertex 184.965 132.892 -2.75934
      vertex 184.965 132.943 -2.50676
    endloop
  endfacet
  facet normal 1 0 0
    outer loop
      vertex 184.965 132.749 -2.04008
      vertex 184.965 132.892 -2.75934
      vertex 184.965 132.892 -2.25419
    endloop
  endfacet
  facet normal 1 0 0
    outer loop
      vertex 184.965 132.749 -2.04008
      vertex 184.965 132.749 -2.97345
      vertex 184.965 132.892 -2.75934
    endloop
  endfacet
  facet normal 1 0 0
    outer loop
      vertex 184.965 132.749 -2.04008
      vertex 184.965 132.612 -3.07861
      vertex 184.965 132.749 -2.97345
    endloop
  endfacet
  facet normal 1 0 0
    outer loop
      vertex 184.965 132.535 -1.89701
      vertex 184.965 132.612 -3.07861
      vertex 184.965 132.749 -2.04008
    endloop
  endfacet
  facet normal 1 -0 0
    outer loop
      vertex 184.965 131.816 -2.04008
      vertex 184.965 132.612 -3.07861
      vertex 184.965 132.535 -1.89701
    endloop
  endfacet
  facet normal 1 0 0
    outer loop
      vertex 184.965 131.816 -2.04008
      vertex 184.965 132.535 -1.89701
      vertex 184.965 132.283 -1.84676
    endloop
  endfacet
  facet normal 1 -0 0
    outer loop
      vertex 184.965 131.738 -2.09972
      vertex 184.965 132.612 -3.07861
      vertex 184.965 131.816 -2.04008
    endloop
  endfacet
  facet normal 1 0 0
    outer loop
      vertex 184.965 132.612 -3.07861
      vertex 184.965 131.738 -2.09972
      vertex 184.965 132.398 -3.22168
    endloop
  endfacet
  facet normal 1 0 0
    outer loop
      vertex 184.965 131.816 -2.04008
      vertex 184.965 132.283 -1.84676
      vertex 184.965 132.03 -1.89701
    endloop
  endfacet
  facet normal 1 0 0
    outer loop
      vertex 184.965 132.398 -3.22168
      vertex 184.965 131.738 -2.09972
      vertex 184.965 132.253 -3.31449
    endloop
  endfacet
  facet normal 1 -0 0
    outer loop
      vertex 184.965 131.594 -2.17472
      vertex 184.965 132.253 -3.31449
      vertex 184.965 131.738 -2.09972
    endloop
  endfacet
  facet normal 1 0 0
    outer loop
      vertex 184.965 132.253 -3.31449
      vertex 184.965 131.594 -2.17472
      vertex 184.965 132.099 -3.39425
    endloop
  endfacet
  facet normal 1 -0 0
    outer loop
      vertex 184.965 131.515 -2.20952
      vertex 184.965 132.099 -3.39425
      vertex 184.965 131.594 -2.17472
    endloop
  endfacet
  facet normal 1 0 0
    outer loop
      vertex 184.965 132.099 -3.39425
      vertex 184.965 131.515 -2.20952
      vertex 184.965 131.94 -3.46035
    endloop
  endfacet
  facet normal 1 -0 0
    outer loop
      vertex 184.965 131.435 -2.24083
      vertex 184.965 131.94 -3.46035
      vertex 184.965 131.515 -2.20952
    endloop
  endfacet
  facet normal 1 0 0
    outer loop
      vertex 184.965 131.515 -2.20952
      vertex 184.965 131.594 -2.17472
      vertex 184.965 131.532 -2.20044
    endloop
  endfacet
  facet normal 1 0 0
    outer loop
      vertex 184.965 131.94 -3.46035
      vertex 184.965 131.435 -2.24083
      vertex 184.965 131.775 -3.51229
    endloop
  endfacet
  facet normal 1 0 0
    outer loop
      vertex 184.965 131.435 -2.24083
      vertex 184.965 131.515 -2.20952
      vertex 184.965 131.497 -2.21511
    endloop
  endfacet
  facet normal 1 0 0
    outer loop
      vertex 184.965 131.775 -3.51229
      vertex 184.965 131.435 -2.24083
      vertex 184.965 131.606 -3.54968
    endloop
  endfacet
  facet normal 1 -0 0
    outer loop
      vertex 184.965 131.28 -2.28968
      vertex 184.965 131.606 -3.54968
      vertex 184.965 131.435 -2.24083
    endloop
  endfacet
  facet normal 1 0 0
    outer loop
      vertex 184.965 131.606 -3.54968
      vertex 184.965 131.28 -2.28968
      vertex 184.965 131.354 -3.59992
    endloop
  endfacet
  facet normal 1 -0 0
    outer loop
      vertex 184.965 131.183 -2.30246
      vertex 184.965 131.354 -3.59992
      vertex 184.965 131.28 -2.28968
    endloop
  endfacet
  facet normal 1 0 0
    outer loop
      vertex 184.965 131.183 -2.30246
      vertex 184.965 131.183 -3.62246
      vertex 184.965 131.354 -3.59992
    endloop
  endfacet
  facet normal 1 -0 0
    outer loop
      vertex 184.965 131.018 -2.30964
      vertex 184.965 131.183 -3.62246
      vertex 184.965 131.183 -2.30246
    endloop
  endfacet
  facet normal 1 0 0
    outer loop
      vertex 184.965 131.183 -3.62246
      vertex 184.965 131.018 -2.30964
      vertex 184.965 131.018 -3.62964
    endloop
  endfacet
  facet normal 1 0 0
    outer loop
      vertex 184.965 130.505 -2.20952
      vertex 184.965 130.08 -3.46035
      vertex 184.965 130.245 -3.51229
    endloop
  endfacet
  facet normal 1 0 0
    outer loop
      vertex 184.965 129.271 -2.97345
      vertex 184.965 130.137 -1.97869
      vertex 184.965 130.077 -1.92344
    endloop
  endfacet
  facet normal 1 0 0
    outer loop
      vertex 184.965 129.271 -2.97345
      vertex 184.965 130.077 -1.92344
      vertex 184.965 130.077 -1.92338
    endloop
  endfacet
  facet normal 1 0 0
    outer loop
      vertex 184.965 129.027 -2.72941
      vertex 184.965 130.077 -1.92338
      vertex 184.965 130.077 -1.92331
    endloop
  endfacet
  facet normal 1 0 0
    outer loop
      vertex 184.965 129.027 -2.72941
      vertex 184.965 130.077 -1.92331
      vertex 184.965 129.96 -1.79603
    endloop
  endfacet
  facet normal 1 0 0
    outer loop
      vertex 184.965 130.505 -2.20952
      vertex 184.965 129.921 -3.39425
      vertex 184.965 130.08 -3.46035
    endloop
  endfacet
  facet normal 1 0 0
    outer loop
      vertex 184.965 128.921 -2.59237
      vertex 184.965 129.96 -1.79603
      vertex 184.965 129.9 -1.7183
    endloop
  endfacet
  facet normal 1 0 0
    outer loop
      vertex 184.965 128.778 -2.37825
      vertex 184.965 129.9 -1.7183
      vertex 184.965 129.825 -1.57421
    endloop
  endfacet
  facet normal 1 0 0
    outer loop
      vertex 184.965 129.79 -1.49514
      vertex 184.965 129.825 -1.57421
      vertex 184.965 129.8 -1.51213
    endloop
  endfacet
  facet normal 1 0 0
    outer loop
      vertex 184.965 129.825 -1.57421
      vertex 184.965 129.79 -1.49514
      vertex 184.965 128.606 -2.07935
    endloop
  endfacet
  facet normal 1 0 0
    outer loop
      vertex 184.965 129.759 -1.41463
      vertex 184.965 129.79 -1.49514
      vertex 184.965 129.785 -1.47671
    endloop
  endfacet
  facet normal 1 0 0
    outer loop
      vertex 184.965 130.505 -2.20952
      vertex 184.965 129.767 -3.31449
      vertex 184.965 129.921 -3.39425
    endloop
  endfacet
  facet normal 1 0 0
    outer loop
      vertex 184.965 129.79 -1.49514
      vertex 184.965 129.759 -1.41463
      vertex 184.965 128.54 -1.91977
    endloop
  endfacet
  facet normal 1 0 0
    outer loop
      vertex 184.965 128.488 -1.75503
      vertex 184.965 129.759 -1.41463
      vertex 184.965 129.71 -1.2597
    endloop
  endfacet
  facet normal 1 0 0
    outer loop
      vertex 184.965 128.4 -1.33382
      vertex 184.965 129.71 -1.2597
      vertex 184.965 129.698 -1.16257
    endloop
  endfacet
  facet normal 1 0 0
    outer loop
      vertex 184.965 128.4 -1.33382
      vertex 184.965 129.698 -1.16257
      vertex 184.965 129.696 -1.13745
    endloop
  endfacet
  facet normal 1 0 0
    outer loop
      vertex 184.965 128.378 -1.16257
      vertex 184.965 129.696 -1.13745
      vertex 184.965 129.69 -0.99
    endloop
  endfacet
  facet normal 1 0 0
    outer loop
      vertex 184.965 130.277 -2.08754
      vertex 184.965 129.622 -3.22168
      vertex 184.965 129.767 -3.31449
    endloop
  endfacet
  facet normal 1 0 0
    outer loop
      vertex 184.965 133.48 -0.0602335
      vertex 184.965 133.48 -0.565375
      vertex 184.965 133.531 -0.312804
    endloop
  endfacet
  facet normal 1 0 0
    outer loop
      vertex 184.965 132.23 -0.484858
      vertex 184.965 133.48 -0.0602335
      vertex 184.965 133.414 0.0993535
    endloop
  endfacet
  facet normal 1 0 0
    outer loop
      vertex 184.965 133.48 -0.0602335
      vertex 184.965 132.261 -0.565375
      vertex 184.965 133.48 -0.565375
    endloop
  endfacet
  facet normal 1 0 0
    outer loop
      vertex 184.965 132.195 -0.405788
      vertex 184.965 133.414 0.0993535
      vertex 184.965 133.334 0.252571
    endloop
  endfacet
  facet normal 1 0 0
    outer loop
      vertex 184.965 132.195 -0.405788
      vertex 184.965 133.334 0.252571
      vertex 184.965 133.242 0.39825
    endloop
  endfacet
  facet normal 1 0 0
    outer loop
      vertex 184.965 133.48 -0.0602335
      vertex 184.965 132.23 -0.484858
      vertex 184.965 132.261 -0.565375
    endloop
  endfacet
  facet normal 1 0 0
    outer loop
      vertex 184.965 132.12 -0.261705
      vertex 184.965 133.242 0.39825
      vertex 184.965 133.099 0.61237
    endloop
  endfacet
  facet normal 1 0 0
    outer loop
      vertex 184.965 132.06 -0.183973
      vertex 184.965 133.099 0.61237
      vertex 184.965 133.062 0.66
    endloop
  endfacet
  facet normal 1 0 0
    outer loop
      vertex 184.965 133.48 -0.565375
      vertex 184.965 132.261 -0.565375
      vertex 184.965 133.337 -0.779495
    endloop
  endfacet
  facet normal 1 0 0
    outer loop
      vertex 184.965 133.337 -0.779495
      vertex 184.965 132.261 -0.565375
      vertex 184.965 133.123 -0.922561
    endloop
  endfacet
  facet normal 1 0 0
    outer loop
      vertex 184.965 133.123 -0.922561
      vertex 184.965 132.261 -0.565375
      vertex 184.965 132.871 -0.972804
    endloop
  endfacet
  facet normal 1 0 0
    outer loop
      vertex 184.965 132.871 -0.972804
      vertex 184.965 132.261 -0.565375
      vertex 184.965 132.618 -0.922561
    endloop
  endfacet
  facet normal 1 0 0
    outer loop
      vertex 184.965 132.618 -0.922561
      vertex 184.965 132.261 -0.565375
      vertex 184.965 132.404 -0.779495
    endloop
  endfacet
  facet normal 1 0 0
    outer loop
      vertex 184.965 132.261 -0.565375
      vertex 184.965 132.23 -0.484858
      vertex 184.965 132.235 -0.503294
    endloop
  endfacet
  facet normal 1 0 0
    outer loop
      vertex 184.965 133.414 0.0993535
      vertex 184.965 132.195 -0.405788
      vertex 184.965 132.23 -0.484858
    endloop
  endfacet
  facet normal 1 0 0
    outer loop
      vertex 184.965 132.23 -0.484858
      vertex 184.965 132.195 -0.405788
      vertex 184.965 132.22 -0.467864
    endloop
  endfacet
  facet normal 1 0 0
    outer loop
      vertex 184.965 133.242 0.39825
      vertex 184.965 132.12 -0.261705
      vertex 184.965 132.195 -0.405788
    endloop
  endfacet
  facet normal 1 0 0
    outer loop
      vertex 184.965 133.099 0.61237
      vertex 184.965 132.06 -0.183973
      vertex 184.965 132.12 -0.261705
    endloop
  endfacet
  facet normal 1 0 0
    outer loop
      vertex 184.965 133.062 0.66
      vertex 184.965 131.943 -0.0567009
      vertex 184.965 132.06 -0.183973
    endloop
  endfacet
  facet normal 1 0 0
    outer loop
      vertex 184.965 133.062 0.66
      vertex 184.965 131.943 -0.056619
      vertex 184.965 131.943 -0.0567009
    endloop
  endfacet
  facet normal 1 0 0
    outer loop
      vertex 184.965 133.062 0.66
      vertex 184.965 131.943 -0.0565517
      vertex 184.965 131.943 -0.056619
    endloop
  endfacet
  facet normal 1 0 0
    outer loop
      vertex 184.965 133.062 0.66
      vertex 184.965 131.816 0.0600774
      vertex 184.965 131.943 -0.0565517
    endloop
  endfacet
  facet normal 1 0 0
    outer loop
      vertex 184.965 133.062 0.66
      vertex 184.965 131.738 0.119722
      vertex 184.965 131.816 0.0600774
    endloop
  endfacet
  facet normal 1 0 0
    outer loop
      vertex 184.965 133.062 0.66
      vertex 184.965 131.594 0.194724
      vertex 184.965 131.738 0.119722
    endloop
  endfacet
  facet normal 1 -0 0
    outer loop
      vertex 184.965 131.515 0.229521
      vertex 184.965 131.594 0.194724
      vertex 184.965 133.062 0.66
    endloop
  endfacet
  facet normal 1 0 0
    outer loop
      vertex 184.965 131.594 0.194724
      vertex 184.965 131.515 0.229521
      vertex 184.965 131.532 0.220437
    endloop
  endfacet
  facet normal 1 -0 0
    outer loop
      vertex 184.965 131.435 0.260829
      vertex 184.965 131.515 0.229521
      vertex 184.965 133.062 0.66
    endloop
  endfacet
  facet normal 1 0 0
    outer loop
      vertex 184.965 131.515 0.229521
      vertex 184.965 131.435 0.260829
      vertex 184.965 131.497 0.235113
    endloop
  endfacet
  facet normal 1 0 0
    outer loop
      vertex 184.965 133.062 0.66
      vertex 184.965 131.28 0.309677
      vertex 184.965 131.435 0.260829
    endloop
  endfacet
  facet normal 1 0 0
    outer loop
      vertex 184.965 133.062 0.66
      vertex 184.965 131.183 0.322462
      vertex 184.965 131.28 0.309677
    endloop
  endfacet
  facet normal 1 0 0
    outer loop
      vertex 184.965 133.062 0.66
      vertex 184.965 131.018 0.32964
      vertex 184.965 131.183 0.322462
    endloop
  endfacet
  facet normal 1 0 0
    outer loop
      vertex 184.965 131.018 0.32964
      vertex 184.965 131.01 0.33
      vertex 184.965 131.018 0.329187
    endloop
  endfacet
  facet normal 1 0 0
    outer loop
      vertex 184.965 133.062 0.66
      vertex 184.965 131.01 0.33
      vertex 184.965 131.018 0.32964
    endloop
  endfacet
  facet normal 1 -0 0
    outer loop
      vertex 184.965 129.36 0.66
      vertex 184.965 131.01 0.33
      vertex 184.965 133.062 0.66
    endloop
  endfacet
  facet normal 1 0 0
    outer loop
      vertex 184.965 130.277 -2.08754
      vertex 184.965 129.408 -3.07861
      vertex 184.965 129.622 -3.22168
    endloop
  endfacet
  facet normal 1 0 0
    outer loop
      vertex 184.965 128.4 -0.646178
      vertex 184.965 129.69 -0.99
      vertex 184.965 129.715 -0.732481
    endloop
  endfacet
  facet normal 1 0 0
    outer loop
      vertex 184.965 131.01 0.33
      vertex 184.965 129.36 0.66
      vertex 184.965 130.752 0.304636
    endloop
  endfacet
  facet normal 1 0 0
    outer loop
      vertex 184.965 129.36 0.66
      vertex 184.965 130.505 0.229521
      vertex 184.965 130.752 0.304636
    endloop
  endfacet
  facet normal 1 0 0
    outer loop
      vertex 184.965 129.36 0.66
      vertex 184.965 130.277 0.10754
      vertex 184.965 130.505 0.229521
    endloop
  endfacet
  facet normal 1 0 0
    outer loop
      vertex 184.965 129.36 0.66
      vertex 184.965 130.077 -0.056619
      vertex 184.965 130.277 0.10754
    endloop
  endfacet
  facet normal 1 -0 0
    outer loop
      vertex 184.965 129.36 0
      vertex 184.965 130.077 -0.056619
      vertex 184.965 129.36 0.66
    endloop
  endfacet
  facet normal 1 0 0
    outer loop
      vertex 184.965 130.077 -0.056619
      vertex 184.965 129.36 0
      vertex 184.965 129.912 -0.256647
    endloop
  endfacet
  facet normal 1 0 0
    outer loop
      vertex 184.965 129.912 -0.256647
      vertex 184.965 129.36 0
      vertex 184.965 129.79 -0.484858
    endloop
  endfacet
  facet normal 1 0 0
    outer loop
      vertex 184.965 129.79 -0.484858
      vertex 184.965 129.36 0
      vertex 184.965 129.715 -0.732481
    endloop
  endfacet
  facet normal 1 -0 0
    outer loop
      vertex 184.965 128.45 -0.393607
      vertex 184.965 129.715 -0.732481
      vertex 184.965 129.36 0
    endloop
  endfacet
  facet normal 1 0 0
    outer loop
      vertex 184.965 130.137 -1.97869
      vertex 184.965 129.271 -2.97345
      vertex 184.965 129.408 -3.07861
    endloop
  endfacet
  facet normal 1 0 0
    outer loop
      vertex 184.965 130.077 -1.92338
      vertex 184.965 129.143 -2.85676
      vertex 184.965 129.271 -2.97345
    endloop
  endfacet
  facet normal 1 0 0
    outer loop
      vertex 184.965 130.077 -1.92338
      vertex 184.965 129.027 -2.72941
      vertex 184.965 129.143 -2.85676
    endloop
  endfacet
  facet normal 1 0 0
    outer loop
      vertex 184.965 129.96 -1.79603
      vertex 184.965 128.921 -2.59237
      vertex 184.965 129.027 -2.72941
    endloop
  endfacet
  facet normal 1 0 0
    outer loop
      vertex 184.965 129.9 -1.7183
      vertex 184.965 128.778 -2.37825
      vertex 184.965 128.921 -2.59237
    endloop
  endfacet
  facet normal 1 0 0
    outer loop
      vertex 184.965 129.825 -1.57421
      vertex 184.965 128.686 -2.23257
      vertex 184.965 128.778 -2.37825
    endloop
  endfacet
  facet normal 1 0 0
    outer loop
      vertex 184.965 129.825 -1.57421
      vertex 184.965 128.606 -2.07935
      vertex 184.965 128.686 -2.23257
    endloop
  endfacet
  facet normal 1 0 0
    outer loop
      vertex 184.965 128.54 -0.0602335
      vertex 184.965 129.36 0
      vertex 184.965 128.565 0
    endloop
  endfacet
  facet normal 1 0 0
    outer loop
      vertex 184.965 129.36 0
      vertex 184.965 128.54 -0.0602335
      vertex 184.965 128.488 -0.224972
    endloop
  endfacet
  facet normal 1 0 0
    outer loop
      vertex 184.965 129.715 -0.732481
      vertex 184.965 128.45 -0.393607
      vertex 184.965 128.4 -0.646178
    endloop
  endfacet
  facet normal 1 0 0
    outer loop
      vertex 184.965 129.36 0
      vertex 184.965 128.488 -0.224972
      vertex 184.965 128.45 -0.393607
    endloop
  endfacet
  facet normal 1 0 0
    outer loop
      vertex 184.965 129.71 -1.2597
      vertex 184.965 128.45 -1.58639
      vertex 184.965 128.488 -1.75503
    endloop
  endfacet
  facet normal 1 0 0
    outer loop
      vertex 184.965 129.79 -1.49514
      vertex 184.965 128.54 -1.91977
      vertex 184.965 128.606 -2.07935
    endloop
  endfacet
  facet normal 1 0 0
    outer loop
      vertex 184.965 129.759 -1.41463
      vertex 184.965 128.488 -1.75503
      vertex 184.965 128.54 -1.91977
    endloop
  endfacet
  facet normal 1 0 0
    outer loop
      vertex 184.965 129.69 -0.99
      vertex 184.965 128.4 -0.646178
      vertex 184.965 128.378 -0.817432
    endloop
  endfacet
  facet normal 1 0 0
    outer loop
      vertex 184.965 129.71 -1.2597
      vertex 184.965 128.4 -1.33382
      vertex 184.965 128.45 -1.58639
    endloop
  endfacet
  facet normal 1 0 0
    outer loop
      vertex 184.965 129.69 -0.99
      vertex 184.965 128.378 -0.817432
      vertex 184.965 128.37 -0.99
    endloop
  endfacet
  facet normal 1 0 0
    outer loop
      vertex 184.965 129.696 -1.13745
      vertex 184.965 128.378 -1.16257
      vertex 184.965 128.4 -1.33382
    endloop
  endfacet
  facet normal 1 0 0
    outer loop
      vertex 184.965 129.69 -0.99
      vertex 184.965 128.37 -0.99
      vertex 184.965 128.378 -1.16257
    endloop
  endfacet
  facet normal 0 -0.0434619 -0.999055
    outer loop
      vertex 178.035 131.018 0.32964
      vertex 184.965 131.183 0.322462
      vertex 184.965 131.018 0.32964
    endloop
  endfacet
  facet normal -0 -0.0434619 -0.999055
    outer loop
      vertex 184.965 131.183 0.322462
      vertex 178.035 131.018 0.32964
      vertex 178.035 131.183 0.322462
    endloop
  endfacet
  facet normal 0 -0.130674 -0.991425
    outer loop
      vertex 178.035 131.183 0.322462
      vertex 184.965 131.28 0.309677
      vertex 184.965 131.183 0.322462
    endloop
  endfacet
  facet normal -0 -0.130674 -0.991425
    outer loop
      vertex 184.965 131.28 0.309677
      vertex 178.035 131.183 0.322462
      vertex 178.035 131.28 0.309677
    endloop
  endfacet
  facet normal 0 -0.300575 -0.953758
    outer loop
      vertex 178.035 131.28 0.309677
      vertex 184.965 131.435 0.260829
      vertex 184.965 131.28 0.309677
    endloop
  endfacet
  facet normal -0 -0.300575 -0.953758
    outer loop
      vertex 184.965 131.435 0.260829
      vertex 178.035 131.28 0.309677
      vertex 178.035 131.435 0.260829
    endloop
  endfacet
  facet normal 0 -0.383125 -0.923696
    outer loop
      vertex 178.035 131.435 0.260829
      vertex 184.965 131.497 0.235113
      vertex 184.965 131.435 0.260829
    endloop
  endfacet
  facet normal -0 -0.383125 -0.923696
    outer loop
      vertex 184.965 131.497 0.235113
      vertex 178.035 131.435 0.260829
      vertex 178.035 131.497 0.235113
    endloop
  endfacet
  facet normal 0 -0.383087 -0.923712
    outer loop
      vertex 178.035 131.532 0.220437
      vertex 184.965 131.594 0.194724
      vertex 184.965 131.532 0.220437
    endloop
  endfacet
  facet normal -0 -0.383087 -0.923712
    outer loop
      vertex 184.965 131.594 0.194724
      vertex 178.035 131.532 0.220437
      vertex 178.035 131.594 0.194724
    endloop
  endfacet
  facet normal 0 -0.461944 -0.886909
    outer loop
      vertex 178.035 131.594 0.194724
      vertex 184.965 131.738 0.119722
      vertex 184.965 131.594 0.194724
    endloop
  endfacet
  facet normal -0 -0.461944 -0.886909
    outer loop
      vertex 184.965 131.738 0.119722
      vertex 178.035 131.594 0.194724
      vertex 178.035 131.738 0.119722
    endloop
  endfacet
  facet normal 0 -0.607434 -0.79437
    outer loop
      vertex 178.035 131.738 0.119722
      vertex 184.965 131.816 0.0600774
      vertex 184.965 131.738 0.119722
    endloop
  endfacet
  facet normal -0 -0.607434 -0.79437
    outer loop
      vertex 184.965 131.816 0.0600774
      vertex 178.035 131.738 0.119722
      vertex 178.035 131.816 0.0600774
    endloop
  endfacet
  facet normal 0 -0.676394 -0.73654
    outer loop
      vertex 178.035 131.816 0.0600774
      vertex 184.965 131.943 -0.0565517
      vertex 184.965 131.816 0.0600774
    endloop
  endfacet
  facet normal -0 -0.676394 -0.73654
    outer loop
      vertex 184.965 131.943 -0.0565517
      vertex 178.035 131.816 0.0600774
      vertex 178.035 131.943 -0.0565517
    endloop
  endfacet
  facet normal 0 -0.736191 -0.676773
    outer loop
      vertex 178.035 132.06 -0.183973
      vertex 184.965 131.943 -0.0567009
      vertex 178.035 131.943 -0.0567009
    endloop
  endfacet
  facet normal 0 -0.736191 -0.676773
    outer loop
      vertex 184.965 131.943 -0.0567009
      vertex 178.035 132.06 -0.183973
      vertex 184.965 132.06 -0.183973
    endloop
  endfacet
  facet normal 0 -0.791608 -0.611029
    outer loop
      vertex 178.035 132.12 -0.261705
      vertex 184.965 132.06 -0.183973
      vertex 178.035 132.06 -0.183973
    endloop
  endfacet
  facet normal 0 -0.791608 -0.611029
    outer loop
      vertex 184.965 132.06 -0.183973
      vertex 178.035 132.12 -0.261705
      vertex 184.965 132.12 -0.261705
    endloop
  endfacet
  facet normal 0 -0.887023 -0.461725
    outer loop
      vertex 178.035 132.195 -0.405788
      vertex 184.965 132.12 -0.261705
      vertex 178.035 132.12 -0.261705
    endloop
  endfacet
  facet normal 0 -0.887023 -0.461725
    outer loop
      vertex 184.965 132.12 -0.261705
      vertex 178.035 132.195 -0.405788
      vertex 184.965 132.195 -0.405788
    endloop
  endfacet
  facet normal 0 -0.9276 -0.373574
    outer loop
      vertex 178.035 132.22 -0.467864
      vertex 184.965 132.195 -0.405788
      vertex 178.035 132.195 -0.405788
    endloop
  endfacet
  facet normal 0 -0.9276 -0.373574
    outer loop
      vertex 184.965 132.195 -0.405788
      vertex 178.035 132.22 -0.467864
      vertex 184.965 132.22 -0.467864
    endloop
  endfacet
  facet normal 0 -0.922374 -0.386297
    outer loop
      vertex 178.035 132.261 -0.565375
      vertex 184.965 132.235 -0.503294
      vertex 178.035 132.235 -0.503294
    endloop
  endfacet
  facet normal 0 -0.922374 -0.386297
    outer loop
      vertex 184.965 132.235 -0.503294
      vertex 178.035 132.261 -0.565375
      vertex 184.965 132.261 -0.565375
    endloop
  endfacet
  facet normal 0 -0.831596 -0.555381
    outer loop
      vertex 178.035 132.404 -0.779495
      vertex 184.965 132.261 -0.565375
      vertex 178.035 132.261 -0.565375
    endloop
  endfacet
  facet normal 0 -0.831596 -0.555381
    outer loop
      vertex 184.965 132.261 -0.565375
      vertex 178.035 132.404 -0.779495
      vertex 184.965 132.404 -0.779495
    endloop
  endfacet
  facet normal 0 -0.555774 -0.831334
    outer loop
      vertex 178.035 132.404 -0.779495
      vertex 184.965 132.618 -0.922561
      vertex 184.965 132.404 -0.779495
    endloop
  endfacet
  facet normal -0 -0.555774 -0.831334
    outer loop
      vertex 184.965 132.618 -0.922561
      vertex 178.035 132.404 -0.779495
      vertex 178.035 132.618 -0.922561
    endloop
  endfacet
  facet normal 0 -0.194785 -0.980846
    outer loop
      vertex 178.035 132.618 -0.922561
      vertex 184.965 132.871 -0.972804
      vertex 184.965 132.618 -0.922561
    endloop
  endfacet
  facet normal -0 -0.194785 -0.980846
    outer loop
      vertex 184.965 132.871 -0.972804
      vertex 178.035 132.618 -0.922561
      vertex 178.035 132.871 -0.972804
    endloop
  endfacet
  facet normal 0 0.195529 -0.980698
    outer loop
      vertex 178.035 132.871 -0.972804
      vertex 184.965 133.123 -0.922561
      vertex 184.965 132.871 -0.972804
    endloop
  endfacet
  facet normal 0 0.195529 -0.980698
    outer loop
      vertex 184.965 133.123 -0.922561
      vertex 178.035 132.871 -0.972804
      vertex 178.035 133.123 -0.922561
    endloop
  endfacet
  facet normal 0 0.555774 -0.831334
    outer loop
      vertex 178.035 133.123 -0.922561
      vertex 184.965 133.337 -0.779495
      vertex 184.965 133.123 -0.922561
    endloop
  endfacet
  facet normal 0 0.555774 -0.831334
    outer loop
      vertex 184.965 133.337 -0.779495
      vertex 178.035 133.123 -0.922561
      vertex 178.035 133.337 -0.779495
    endloop
  endfacet
  facet normal 0 0.831596 -0.555381
    outer loop
      vertex 184.965 133.337 -0.779495
      vertex 178.035 133.48 -0.565375
      vertex 184.965 133.48 -0.565375
    endloop
  endfacet
  facet normal 0 0.831596 -0.555381
    outer loop
      vertex 178.035 133.48 -0.565375
      vertex 184.965 133.337 -0.779495
      vertex 178.035 133.337 -0.779495
    endloop
  endfacet
  facet normal 0 0.980216 -0.197929
    outer loop
      vertex 184.965 133.48 -0.565375
      vertex 178.035 133.531 -0.312804
      vertex 184.965 133.531 -0.312804
    endloop
  endfacet
  facet normal 0 0.980216 -0.197929
    outer loop
      vertex 178.035 133.531 -0.312804
      vertex 184.965 133.48 -0.565375
      vertex 178.035 133.48 -0.565375
    endloop
  endfacet
  facet normal 0 0.980216 0.197929
    outer loop
      vertex 184.965 133.531 -0.312804
      vertex 178.035 133.48 -0.0602335
      vertex 184.965 133.48 -0.0602335
    endloop
  endfacet
  facet normal 0 0.980216 0.197929
    outer loop
      vertex 178.035 133.48 -0.0602335
      vertex 184.965 133.531 -0.312804
      vertex 178.035 133.531 -0.312804
    endloop
  endfacet
  facet normal 0 0.92409 0.382174
    outer loop
      vertex 184.965 133.48 -0.0602335
      vertex 178.035 133.414 0.0993535
      vertex 184.965 133.414 0.0993535
    endloop
  endfacet
  facet normal 0 0.92409 0.382174
    outer loop
      vertex 178.035 133.414 0.0993535
      vertex 184.965 133.48 -0.0602335
      vertex 178.035 133.48 -0.0602335
    endloop
  endfacet
  facet normal 0 0.886441 0.462841
    outer loop
      vertex 184.965 133.414 0.0993535
      vertex 178.035 133.334 0.252571
      vertex 184.965 133.334 0.252571
    endloop
  endfacet
  facet normal 0 0.886441 0.462841
    outer loop
      vertex 178.035 133.334 0.252571
      vertex 184.965 133.414 0.0993535
      vertex 178.035 133.414 0.0993535
    endloop
  endfacet
  facet normal 0 0.845509 0.533961
    outer loop
      vertex 184.965 133.334 0.252571
      vertex 178.035 133.242 0.39825
      vertex 184.965 133.242 0.39825
    endloop
  endfacet
  facet normal 0 0.845509 0.533961
    outer loop
      vertex 178.035 133.242 0.39825
      vertex 184.965 133.334 0.252571
      vertex 178.035 133.334 0.252571
    endloop
  endfacet
  facet normal 0 0.831596 0.555381
    outer loop
      vertex 184.965 133.242 0.39825
      vertex 178.035 133.099 0.61237
      vertex 184.965 133.099 0.61237
    endloop
  endfacet
  facet normal 0 0.831596 0.555381
    outer loop
      vertex 178.035 133.099 0.61237
      vertex 184.965 133.242 0.39825
      vertex 178.035 133.242 0.39825
    endloop
  endfacet
  facet normal 0 0.789718 0.61347
    outer loop
      vertex 184.965 133.099 0.61237
      vertex 178.035 133.062 0.66
      vertex 184.965 133.062 0.66
    endloop
  endfacet
  facet normal 0 0.789718 0.61347
    outer loop
      vertex 178.035 133.062 0.66
      vertex 184.965 133.099 0.61237
      vertex 178.035 133.099 0.61237
    endloop
  endfacet
  facet normal 0 -0.923606 0.383344
    outer loop
      vertex 178.035 128.54 -0.0602335
      vertex 184.965 128.565 0
      vertex 178.035 128.565 0
    endloop
  endfacet
  facet normal 0 -0.923606 0.383344
    outer loop
      vertex 184.965 128.565 0
      vertex 178.035 128.54 -0.0602335
      vertex 184.965 128.54 -0.0602335
    endloop
  endfacet
  facet normal 0 -0.95362 0.301012
    outer loop
      vertex 178.035 128.488 -0.224972
      vertex 184.965 128.54 -0.0602335
      vertex 178.035 128.54 -0.0602335
    endloop
  endfacet
  facet normal 0 -0.95362 0.301012
    outer loop
      vertex 184.965 128.54 -0.0602335
      vertex 178.035 128.488 -0.224972
      vertex 184.965 128.488 -0.224972
    endloop
  endfacet
  facet normal 0 -0.975539 0.219827
    outer loop
      vertex 178.035 128.45 -0.393607
      vertex 184.965 128.488 -0.224972
      vertex 178.035 128.488 -0.224972
    endloop
  endfacet
  facet normal 0 -0.975539 0.219827
    outer loop
      vertex 184.965 128.488 -0.224972
      vertex 178.035 128.45 -0.393607
      vertex 184.965 128.45 -0.393607
    endloop
  endfacet
  facet normal 0 -0.980963 0.194195
    outer loop
      vertex 178.035 128.4 -0.646178
      vertex 184.965 128.45 -0.393607
      vertex 178.035 128.45 -0.393607
    endloop
  endfacet
  facet normal 0 -0.980963 0.194195
    outer loop
      vertex 184.965 128.45 -0.393607
      vertex 178.035 128.4 -0.646178
      vertex 184.965 128.4 -0.646178
    endloop
  endfacet
  facet normal 0 -0.991849 0.127417
    outer loop
      vertex 178.035 128.378 -0.817432
      vertex 184.965 128.4 -0.646178
      vertex 178.035 128.4 -0.646178
    endloop
  endfacet
  facet normal 0 -0.991849 0.127417
    outer loop
      vertex 184.965 128.4 -0.646178
      vertex 178.035 128.378 -0.817432
      vertex 184.965 128.378 -0.817432
    endloop
  endfacet
  facet normal 0 -0.998927 0.0463088
    outer loop
      vertex 178.035 128.37 -0.99
      vertex 184.965 128.378 -0.817432
      vertex 178.035 128.378 -0.817432
    endloop
  endfacet
  facet normal 0 -0.998927 0.0463088
    outer loop
      vertex 184.965 128.378 -0.817432
      vertex 178.035 128.37 -0.99
      vertex 184.965 128.37 -0.99
    endloop
  endfacet
  facet normal 0 -0.998927 -0.0463083
    outer loop
      vertex 178.035 128.378 -1.16257
      vertex 184.965 128.37 -0.99
      vertex 178.035 128.37 -0.99
    endloop
  endfacet
  facet normal 0 -0.998927 -0.0463083
    outer loop
      vertex 184.965 128.37 -0.99
      vertex 178.035 128.378 -1.16257
      vertex 184.965 128.378 -1.16257
    endloop
  endfacet
  facet normal 0 -0.991849 -0.12742
    outer loop
      vertex 178.035 128.4 -1.33382
      vertex 184.965 128.378 -1.16257
      vertex 178.035 128.378 -1.16257
    endloop
  endfacet
  facet normal 0 -0.991849 -0.12742
    outer loop
      vertex 184.965 128.378 -1.16257
      vertex 178.035 128.4 -1.33382
      vertex 184.965 128.4 -1.33382
    endloop
  endfacet
  facet normal 0 -0.980963 -0.194196
    outer loop
      vertex 178.035 128.45 -1.58639
      vertex 184.965 128.4 -1.33382
      vertex 178.035 128.4 -1.33382
    endloop
  endfacet
  facet normal 0 -0.980963 -0.194196
    outer loop
      vertex 184.965 128.4 -1.33382
      vertex 178.035 128.45 -1.58639
      vertex 184.965 128.45 -1.58639
    endloop
  endfacet
  facet normal 0 -0.97554 -0.219821
    outer loop
      vertex 178.035 128.488 -1.75503
      vertex 184.965 128.45 -1.58639
      vertex 178.035 128.45 -1.58639
    endloop
  endfacet
  facet normal 0 -0.97554 -0.219821
    outer loop
      vertex 184.965 128.45 -1.58639
      vertex 178.035 128.488 -1.75503
      vertex 184.965 128.488 -1.75503
    endloop
  endfacet
  facet normal 0 -0.953621 -0.301009
    outer loop
      vertex 178.035 128.54 -1.91977
      vertex 184.965 128.488 -1.75503
      vertex 178.035 128.488 -1.75503
    endloop
  endfacet
  facet normal 0 -0.953621 -0.301009
    outer loop
      vertex 184.965 128.488 -1.75503
      vertex 178.035 128.54 -1.91977
      vertex 184.965 128.54 -1.91977
    endloop
  endfacet
  facet normal 0 -0.924085 -0.382188
    outer loop
      vertex 178.035 128.606 -2.07935
      vertex 184.965 128.54 -1.91977
      vertex 178.035 128.54 -1.91977
    endloop
  endfacet
  facet normal 0 -0.924085 -0.382188
    outer loop
      vertex 184.965 128.54 -1.91977
      vertex 178.035 128.606 -2.07935
      vertex 184.965 128.606 -2.07935
    endloop
  endfacet
  facet normal 0 -0.886445 -0.462835
    outer loop
      vertex 178.035 128.686 -2.23257
      vertex 184.965 128.606 -2.07935
      vertex 178.035 128.606 -2.07935
    endloop
  endfacet
  facet normal 0 -0.886445 -0.462835
    outer loop
      vertex 184.965 128.606 -2.07935
      vertex 178.035 128.686 -2.23257
      vertex 184.965 128.686 -2.23257
    endloop
  endfacet
  facet normal 0 -0.845511 -0.533958
    outer loop
      vertex 178.035 128.778 -2.37825
      vertex 184.965 128.686 -2.23257
      vertex 178.035 128.686 -2.23257
    endloop
  endfacet
  facet normal 0 -0.845511 -0.533958
    outer loop
      vertex 184.965 128.686 -2.23257
      vertex 178.035 128.778 -2.37825
      vertex 184.965 128.778 -2.37825
    endloop
  endfacet
  facet normal 0 -0.831596 -0.555381
    outer loop
      vertex 178.035 128.921 -2.59237
      vertex 184.965 128.778 -2.37825
      vertex 178.035 128.778 -2.37825
    endloop
  endfacet
  facet normal 0 -0.831596 -0.555381
    outer loop
      vertex 184.965 128.778 -2.37825
      vertex 178.035 128.921 -2.59237
      vertex 184.965 128.921 -2.59237
    endloop
  endfacet
  facet normal 0 -0.79099 -0.611829
    outer loop
      vertex 178.035 129.027 -2.72941
      vertex 184.965 128.921 -2.59237
      vertex 178.035 128.921 -2.59237
    endloop
  endfacet
  facet normal 0 -0.79099 -0.611829
    outer loop
      vertex 184.965 128.921 -2.59237
      vertex 178.035 129.027 -2.72941
      vertex 184.965 129.027 -2.72941
    endloop
  endfacet
  facet normal 0 -0.739283 -0.673395
    outer loop
      vertex 178.035 129.143 -2.85676
      vertex 184.965 129.027 -2.72941
      vertex 178.035 129.027 -2.72941
    endloop
  endfacet
  facet normal 0 -0.739283 -0.673395
    outer loop
      vertex 184.965 129.027 -2.72941
      vertex 178.035 129.143 -2.85676
      vertex 184.965 129.143 -2.85676
    endloop
  endfacet
  facet normal 0 -0.673704 -0.739001
    outer loop
      vertex 178.035 129.143 -2.85676
      vertex 184.965 129.271 -2.97345
      vertex 184.965 129.143 -2.85676
    endloop
  endfacet
  facet normal -0 -0.673704 -0.739001
    outer loop
      vertex 184.965 129.271 -2.97345
      vertex 178.035 129.143 -2.85676
      vertex 178.035 129.271 -2.97345
    endloop
  endfacet
  facet normal 0 -0.608893 -0.793252
    outer loop
      vertex 178.035 129.271 -2.97345
      vertex 184.965 129.408 -3.07861
      vertex 184.965 129.271 -2.97345
    endloop
  endfacet
  facet normal -0 -0.608893 -0.793252
    outer loop
      vertex 184.965 129.408 -3.07861
      vertex 178.035 129.271 -2.97345
      vertex 178.035 129.408 -3.07861
    endloop
  endfacet
  facet normal 0 -0.555784 -0.831326
    outer loop
      vertex 178.035 129.408 -3.07861
      vertex 184.965 129.622 -3.22168
      vertex 184.965 129.408 -3.07861
    endloop
  endfacet
  facet normal -0 -0.555784 -0.831326
    outer loop
      vertex 184.965 129.622 -3.22168
      vertex 178.035 129.408 -3.07861
      vertex 178.035 129.622 -3.22168
    endloop
  endfacet
  facet normal 0 -0.539095 -0.842245
    outer loop
      vertex 178.035 129.622 -3.22168
      vertex 184.965 129.767 -3.31449
      vertex 184.965 129.622 -3.22168
    endloop
  endfacet
  facet normal -0 -0.539095 -0.842245
    outer loop
      vertex 184.965 129.767 -3.31449
      vertex 178.035 129.622 -3.22168
      vertex 178.035 129.767 -3.31449
    endloop
  endfacet
  facet normal 0 -0.4599 -0.887971
    outer loop
      vertex 178.035 129.767 -3.31449
      vertex 184.965 129.921 -3.39425
      vertex 184.965 129.767 -3.31449
    endloop
  endfacet
  facet normal -0 -0.4599 -0.887971
    outer loop
      vertex 184.965 129.921 -3.39425
      vertex 178.035 129.767 -3.31449
      vertex 178.035 129.921 -3.39425
    endloop
  endfacet
  facet normal 0 -0.383873 -0.923386
    outer loop
      vertex 178.035 129.921 -3.39425
      vertex 184.965 130.08 -3.46035
      vertex 184.965 129.921 -3.39425
    endloop
  endfacet
  facet normal -0 -0.383873 -0.923386
    outer loop
      vertex 184.965 130.08 -3.46035
      vertex 178.035 129.921 -3.39425
      vertex 178.035 130.08 -3.46035
    endloop
  endfacet
  facet normal 0 -0.300262 -0.953857
    outer loop
      vertex 178.035 130.08 -3.46035
      vertex 184.965 130.245 -3.51229
      vertex 184.965 130.08 -3.46035
    endloop
  endfacet
  facet normal -0 -0.300262 -0.953857
    outer loop
      vertex 184.965 130.245 -3.51229
      vertex 178.035 130.08 -3.46035
      vertex 178.035 130.245 -3.51229
    endloop
  endfacet
  facet normal 0 -0.216019 -0.976389
    outer loop
      vertex 178.035 130.245 -3.51229
      vertex 184.965 130.414 -3.54968
      vertex 184.965 130.245 -3.51229
    endloop
  endfacet
  facet normal -0 -0.216019 -0.976389
    outer loop
      vertex 184.965 130.414 -3.54968
      vertex 178.035 130.245 -3.51229
      vertex 178.035 130.414 -3.54968
    endloop
  endfacet
  facet normal 0 -0.195517 -0.9807
    outer loop
      vertex 178.035 130.414 -3.54968
      vertex 184.965 130.666 -3.59992
      vertex 184.965 130.414 -3.54968
    endloop
  endfacet
  facet normal -0 -0.195517 -0.9807
    outer loop
      vertex 184.965 130.666 -3.59992
      vertex 178.035 130.414 -3.54968
      vertex 178.035 130.666 -3.59992
    endloop
  endfacet
  facet normal 0 -0.130682 -0.991424
    outer loop
      vertex 178.035 130.666 -3.59992
      vertex 184.965 130.837 -3.62246
      vertex 184.965 130.666 -3.59992
    endloop
  endfacet
  facet normal -0 -0.130682 -0.991424
    outer loop
      vertex 184.965 130.837 -3.62246
      vertex 178.035 130.666 -3.59992
      vertex 178.035 130.837 -3.62246
    endloop
  endfacet
  facet normal 0 -0.0434136 -0.999057
    outer loop
      vertex 178.035 130.837 -3.62246
      vertex 184.965 131.002 -3.62963
      vertex 184.965 130.837 -3.62246
    endloop
  endfacet
  facet normal -0 -0.0434136 -0.999057
    outer loop
      vertex 184.965 131.002 -3.62963
      vertex 178.035 130.837 -3.62246
      vertex 178.035 131.002 -3.62963
    endloop
  endfacet
  facet normal 0 0.043474 -0.999055
    outer loop
      vertex 178.035 131.018 -3.62964
      vertex 184.965 131.183 -3.62246
      vertex 184.965 131.018 -3.62964
    endloop
  endfacet
  facet normal 0 0.043474 -0.999055
    outer loop
      vertex 184.965 131.183 -3.62246
      vertex 178.035 131.018 -3.62964
      vertex 178.035 131.183 -3.62246
    endloop
  endfacet
  facet normal 0 0.130682 -0.991424
    outer loop
      vertex 178.035 131.183 -3.62246
      vertex 184.965 131.354 -3.59992
      vertex 184.965 131.183 -3.62246
    endloop
  endfacet
  facet normal 0 0.130682 -0.991424
    outer loop
      vertex 184.965 131.354 -3.59992
      vertex 178.035 131.183 -3.62246
      vertex 178.035 131.354 -3.59992
    endloop
  endfacet
  facet normal 0 0.195517 -0.9807
    outer loop
      vertex 178.035 131.354 -3.59992
      vertex 184.965 131.606 -3.54968
      vertex 184.965 131.354 -3.59992
    endloop
  endfacet
  facet normal 0 0.195517 -0.9807
    outer loop
      vertex 184.965 131.606 -3.54968
      vertex 178.035 131.354 -3.59992
      vertex 178.035 131.606 -3.54968
    endloop
  endfacet
  facet normal 0 0.216019 -0.976389
    outer loop
      vertex 178.035 131.606 -3.54968
      vertex 184.965 131.775 -3.51229
      vertex 184.965 131.606 -3.54968
    endloop
  endfacet
  facet normal 0 0.216019 -0.976389
    outer loop
      vertex 184.965 131.775 -3.51229
      vertex 178.035 131.606 -3.54968
      vertex 178.035 131.775 -3.51229
    endloop
  endfacet
  facet normal 0 0.300262 -0.953857
    outer loop
      vertex 178.035 131.775 -3.51229
      vertex 184.965 131.94 -3.46035
      vertex 184.965 131.775 -3.51229
    endloop
  endfacet
  facet normal 0 0.300262 -0.953857
    outer loop
      vertex 184.965 131.94 -3.46035
      vertex 178.035 131.775 -3.51229
      vertex 178.035 131.94 -3.46035
    endloop
  endfacet
  facet normal 0 0.383873 -0.923386
    outer loop
      vertex 178.035 131.94 -3.46035
      vertex 184.965 132.099 -3.39425
      vertex 184.965 131.94 -3.46035
    endloop
  endfacet
  facet normal 0 0.383873 -0.923386
    outer loop
      vertex 184.965 132.099 -3.39425
      vertex 178.035 131.94 -3.46035
      vertex 178.035 132.099 -3.39425
    endloop
  endfacet
  facet normal 0 0.4599 -0.887971
    outer loop
      vertex 178.035 132.099 -3.39425
      vertex 184.965 132.253 -3.31449
      vertex 184.965 132.099 -3.39425
    endloop
  endfacet
  facet normal 0 0.4599 -0.887971
    outer loop
      vertex 184.965 132.253 -3.31449
      vertex 178.035 132.099 -3.39425
      vertex 178.035 132.253 -3.31449
    endloop
  endfacet
  facet normal 0 0.539095 -0.842245
    outer loop
      vertex 178.035 132.253 -3.31449
      vertex 184.965 132.398 -3.22168
      vertex 184.965 132.253 -3.31449
    endloop
  endfacet
  facet normal 0 0.539095 -0.842245
    outer loop
      vertex 184.965 132.398 -3.22168
      vertex 178.035 132.253 -3.31449
      vertex 178.035 132.398 -3.22168
    endloop
  endfacet
  facet normal 0 0.555784 -0.831326
    outer loop
      vertex 178.035 132.398 -3.22168
      vertex 184.965 132.612 -3.07861
      vertex 184.965 132.398 -3.22168
    endloop
  endfacet
  facet normal 0 0.555784 -0.831326
    outer loop
      vertex 184.965 132.612 -3.07861
      vertex 178.035 132.398 -3.22168
      vertex 178.035 132.612 -3.07861
    endloop
  endfacet
  facet normal 0 0.608893 -0.793252
    outer loop
      vertex 178.035 132.612 -3.07861
      vertex 184.965 132.749 -2.97345
      vertex 184.965 132.612 -3.07861
    endloop
  endfacet
  facet normal 0 0.608893 -0.793252
    outer loop
      vertex 184.965 132.749 -2.97345
      vertex 178.035 132.612 -3.07861
      vertex 178.035 132.749 -2.97345
    endloop
  endfacet
  facet normal 0 0.831584 -0.555399
    outer loop
      vertex 184.965 132.749 -2.97345
      vertex 178.035 132.892 -2.75934
      vertex 184.965 132.892 -2.75934
    endloop
  endfacet
  facet normal 0 0.831584 -0.555399
    outer loop
      vertex 178.035 132.892 -2.75934
      vertex 184.965 132.749 -2.97345
      vertex 178.035 132.749 -2.97345
    endloop
  endfacet
  facet normal 0 0.980218 -0.197922
    outer loop
      vertex 184.965 132.892 -2.75934
      vertex 178.035 132.943 -2.50676
      vertex 184.965 132.943 -2.50676
    endloop
  endfacet
  facet normal 0 0.980218 -0.197922
    outer loop
      vertex 178.035 132.943 -2.50676
      vertex 184.965 132.892 -2.75934
      vertex 178.035 132.892 -2.75934
    endloop
  endfacet
  facet normal 0 0.980216 0.197929
    outer loop
      vertex 184.965 132.943 -2.50676
      vertex 178.035 132.892 -2.25419
      vertex 184.965 132.892 -2.25419
    endloop
  endfacet
  facet normal 0 0.980216 0.197929
    outer loop
      vertex 178.035 132.892 -2.25419
      vertex 184.965 132.943 -2.50676
      vertex 178.035 132.943 -2.50676
    endloop
  endfacet
  facet normal 0 0.831584 0.555399
    outer loop
      vertex 184.965 132.892 -2.25419
      vertex 178.035 132.749 -2.04008
      vertex 184.965 132.749 -2.04008
    endloop
  endfacet
  facet normal 0 0.831584 0.555399
    outer loop
      vertex 178.035 132.749 -2.04008
      vertex 184.965 132.892 -2.25419
      vertex 178.035 132.892 -2.25419
    endloop
  endfacet
  facet normal -0 0.555784 0.831326
    outer loop
      vertex 178.035 132.749 -2.04008
      vertex 184.965 132.535 -1.89701
      vertex 184.965 132.749 -2.04008
    endloop
  endfacet
  facet normal 0 0.555784 0.831326
    outer loop
      vertex 184.965 132.535 -1.89701
      vertex 178.035 132.749 -2.04008
      vertex 178.035 132.535 -1.89701
    endloop
  endfacet
  facet normal -0 0.195555 0.980693
    outer loop
      vertex 178.035 132.535 -1.89701
      vertex 184.965 132.283 -1.84676
      vertex 184.965 132.535 -1.89701
    endloop
  endfacet
  facet normal 0 0.195555 0.980693
    outer loop
      vertex 184.965 132.283 -1.84676
      vertex 178.035 132.535 -1.89701
      vertex 178.035 132.283 -1.84676
    endloop
  endfacet
  facet normal 0 -0.194811 0.980841
    outer loop
      vertex 178.035 132.283 -1.84676
      vertex 184.965 132.03 -1.89701
      vertex 184.965 132.283 -1.84676
    endloop
  endfacet
  facet normal 0 -0.194811 0.980841
    outer loop
      vertex 184.965 132.03 -1.89701
      vertex 178.035 132.283 -1.84676
      vertex 178.035 132.03 -1.89701
    endloop
  endfacet
  facet normal 0 -0.555784 0.831326
    outer loop
      vertex 178.035 132.03 -1.89701
      vertex 184.965 131.816 -2.04008
      vertex 184.965 132.03 -1.89701
    endloop
  endfacet
  facet normal 0 -0.555784 0.831326
    outer loop
      vertex 184.965 131.816 -2.04008
      vertex 178.035 132.03 -1.89701
      vertex 178.035 131.816 -2.04008
    endloop
  endfacet
  facet normal 0 -0.607405 0.794393
    outer loop
      vertex 178.035 131.816 -2.04008
      vertex 184.965 131.738 -2.09972
      vertex 184.965 131.816 -2.04008
    endloop
  endfacet
  facet normal 0 -0.607405 0.794393
    outer loop
      vertex 184.965 131.738 -2.09972
      vertex 178.035 131.816 -2.04008
      vertex 178.035 131.738 -2.09972
    endloop
  endfacet
  facet normal 0 -0.461934 0.886914
    outer loop
      vertex 178.035 131.738 -2.09972
      vertex 184.965 131.594 -2.17472
      vertex 184.965 131.738 -2.09972
    endloop
  endfacet
  facet normal 0 -0.461934 0.886914
    outer loop
      vertex 184.965 131.594 -2.17472
      vertex 178.035 131.738 -2.09972
      vertex 178.035 131.594 -2.17472
    endloop
  endfacet
  facet normal 0 -0.383176 0.923675
    outer loop
      vertex 178.035 131.497 -2.21511
      vertex 184.965 131.435 -2.24083
      vertex 184.965 131.497 -2.21511
    endloop
  endfacet
  facet normal 0 -0.383176 0.923675
    outer loop
      vertex 184.965 131.435 -2.24083
      vertex 178.035 131.497 -2.21511
      vertex 178.035 131.435 -2.24083
    endloop
  endfacet
  facet normal 0 -0.383176 0.923675
    outer loop
      vertex 178.035 131.594 -2.17472
      vertex 184.965 131.532 -2.20044
      vertex 184.965 131.594 -2.17472
    endloop
  endfacet
  facet normal 0 -0.383176 0.923675
    outer loop
      vertex 184.965 131.532 -2.20044
      vertex 178.035 131.594 -2.17472
      vertex 178.035 131.532 -2.20044
    endloop
  endfacet
  facet normal 0 -0.300587 0.953755
    outer loop
      vertex 178.035 131.435 -2.24083
      vertex 184.965 131.28 -2.28968
      vertex 184.965 131.435 -2.24083
    endloop
  endfacet
  facet normal 0 -0.300587 0.953755
    outer loop
      vertex 184.965 131.28 -2.28968
      vertex 178.035 131.435 -2.24083
      vertex 178.035 131.28 -2.28968
    endloop
  endfacet
  facet normal 0 -0.130624 0.991432
    outer loop
      vertex 178.035 131.28 -2.28968
      vertex 184.965 131.183 -2.30246
      vertex 184.965 131.28 -2.28968
    endloop
  endfacet
  facet normal 0 -0.130624 0.991432
    outer loop
      vertex 184.965 131.183 -2.30246
      vertex 178.035 131.28 -2.28968
      vertex 178.035 131.183 -2.30246
    endloop
  endfacet
  facet normal 0 -0.043474 0.999055
    outer loop
      vertex 178.035 131.183 -2.30246
      vertex 184.965 131.018 -2.30964
      vertex 184.965 131.183 -2.30246
    endloop
  endfacet
  facet normal 0 -0.043474 0.999055
    outer loop
      vertex 184.965 131.018 -2.30964
      vertex 178.035 131.183 -2.30246
      vertex 178.035 131.018 -2.30964
    endloop
  endfacet
  facet normal -0 0.677388 0.735625
    outer loop
      vertex 178.035 130.137 -1.97869
      vertex 184.965 130.077 -1.92344
      vertex 184.965 130.137 -1.97869
    endloop
  endfacet
  facet normal 0 0.677388 0.735625
    outer loop
      vertex 184.965 130.077 -1.92344
      vertex 178.035 130.137 -1.97869
      vertex 178.035 130.077 -1.92344
    endloop
  endfacet
  facet normal 0 0.736212 0.676751
    outer loop
      vertex 184.965 130.077 -1.92331
      vertex 178.035 129.96 -1.79603
      vertex 184.965 129.96 -1.79603
    endloop
  endfacet
  facet normal 0 0.736212 0.676751
    outer loop
      vertex 178.035 129.96 -1.79603
      vertex 184.965 130.077 -1.92331
      vertex 178.035 130.077 -1.92331
    endloop
  endfacet
  facet normal 0 0.791601 0.611039
    outer loop
      vertex 184.965 129.96 -1.79603
      vertex 178.035 129.9 -1.7183
      vertex 184.965 129.9 -1.7183
    endloop
  endfacet
  facet normal 0 0.791601 0.611039
    outer loop
      vertex 178.035 129.9 -1.7183
      vertex 184.965 129.96 -1.79603
      vertex 178.035 129.96 -1.79603
    endloop
  endfacet
  facet normal 0 0.887032 0.461707
    outer loop
      vertex 184.965 129.9 -1.7183
      vertex 178.035 129.825 -1.57421
      vertex 184.965 129.825 -1.57421
    endloop
  endfacet
  facet normal 0 0.887032 0.461707
    outer loop
      vertex 178.035 129.825 -1.57421
      vertex 184.965 129.9 -1.7183
      vertex 178.035 129.9 -1.7183
    endloop
  endfacet
  facet normal 0 0.922372 0.386303
    outer loop
      vertex 184.965 129.785 -1.47671
      vertex 178.035 129.759 -1.41463
      vertex 184.965 129.759 -1.41463
    endloop
  endfacet
  facet normal 0 0.922372 0.386303
    outer loop
      vertex 178.035 129.759 -1.41463
      vertex 184.965 129.785 -1.47671
      vertex 178.035 129.785 -1.47671
    endloop
  endfacet
  facet normal 0 0.927609 0.373554
    outer loop
      vertex 184.965 129.825 -1.57421
      vertex 178.035 129.8 -1.51213
      vertex 184.965 129.8 -1.51213
    endloop
  endfacet
  facet normal 0 0.927609 0.373554
    outer loop
      vertex 178.035 129.8 -1.51213
      vertex 184.965 129.825 -1.57421
      vertex 178.035 129.825 -1.57421
    endloop
  endfacet
  facet normal 0 0.953451 0.30155
    outer loop
      vertex 184.965 129.759 -1.41463
      vertex 178.035 129.71 -1.2597
      vertex 184.965 129.71 -1.2597
    endloop
  endfacet
  facet normal 0 0.953451 0.30155
    outer loop
      vertex 178.035 129.71 -1.2597
      vertex 184.965 129.759 -1.41463
      vertex 178.035 129.759 -1.41463
    endloop
  endfacet
  facet normal 0 0.992454 0.122614
    outer loop
      vertex 184.965 129.71 -1.2597
      vertex 178.035 129.698 -1.16257
      vertex 184.965 129.698 -1.16257
    endloop
  endfacet
  facet normal 0 0.992454 0.122614
    outer loop
      vertex 178.035 129.698 -1.16257
      vertex 184.965 129.71 -1.2597
      vertex 178.035 129.71 -1.2597
    endloop
  endfacet
  facet normal 0 0.996845 0.0793667
    outer loop
      vertex 184.965 129.698 -1.16257
      vertex 178.035 129.696 -1.13745
      vertex 184.965 129.696 -1.13745
    endloop
  endfacet
  facet normal 0 0.996845 0.0793667
    outer loop
      vertex 178.035 129.696 -1.13745
      vertex 184.965 129.698 -1.16257
      vertex 178.035 129.698 -1.16257
    endloop
  endfacet
  facet normal 0 -1 0
    outer loop
      vertex 178.035 131.002 -3.63
      vertex 184.965 131.002 -3.62963
      vertex 178.035 131.002 -3.62963
    endloop
  endfacet
  facet normal 0 -1 -0
    outer loop
      vertex 184.965 131.002 -3.62963
      vertex 178.035 131.002 -3.63
      vertex 184.965 131.002 -3.63
    endloop
  endfacet
  facet normal 0 -0.896543 -0.442956
    outer loop
      vertex 178.035 130.137 -1.97869
      vertex 184.965 130.132 -1.96857
      vertex 178.035 130.132 -1.96857
    endloop
  endfacet
  facet normal 0 -0.896543 -0.442956
    outer loop
      vertex 184.965 130.132 -1.96857
      vertex 178.035 130.137 -1.97869
      vertex 184.965 130.137 -1.97869
    endloop
  endfacet
  facet normal 0 -0.885019 -0.465555
    outer loop
      vertex 178.035 129.706 -1.15646
      vertex 184.965 129.696 -1.13745
      vertex 178.035 129.696 -1.13745
    endloop
  endfacet
  facet normal 0 -0.885019 -0.465555
    outer loop
      vertex 184.965 129.696 -1.13745
      vertex 178.035 129.706 -1.15646
      vertex 184.965 129.706 -1.15646
    endloop
  endfacet
  facet normal 0 1 -0
    outer loop
      vertex 184.965 131.018 -3.63
      vertex 178.035 131.018 -3.62964
      vertex 184.965 131.018 -3.62964
    endloop
  endfacet
  facet normal 0 1 0
    outer loop
      vertex 178.035 131.018 -3.62964
      vertex 184.965 131.018 -3.63
      vertex 178.035 131.018 -3.63
    endloop
  endfacet
  facet normal 0 1 -0
    outer loop
      vertex 184.965 131.018 -2.30964
      vertex 178.035 131.018 -2.30919
      vertex 184.965 131.018 -2.30919
    endloop
  endfacet
  facet normal 0 1 0
    outer loop
      vertex 178.035 131.018 -2.30919
      vertex 184.965 131.018 -2.30964
      vertex 178.035 131.018 -2.30964
    endloop
  endfacet
  facet normal 0 1 -0
    outer loop
      vertex 184.965 131.018 0.329187
      vertex 178.035 131.018 0.32964
      vertex 184.965 131.018 0.32964
    endloop
  endfacet
  facet normal 0 1 0
    outer loop
      vertex 178.035 131.018 0.32964
      vertex 184.965 131.018 0.329187
      vertex 178.035 131.018 0.329187
    endloop
  endfacet
  facet normal 0 0 -1
    outer loop
      vertex 178.035 131.002 -3.63
      vertex 184.965 131.018 -3.63
      vertex 184.965 131.002 -3.63
    endloop
  endfacet
  facet normal -0 0 -1
    outer loop
      vertex 184.965 131.018 -3.63
      vertex 178.035 131.002 -3.63
      vertex 178.035 131.018 -3.63
    endloop
  endfacet
  facet normal 0 -1 0
    outer loop
      vertex 178.035 131.943 -0.0567009
      vertex 184.965 131.943 -0.056619
      vertex 178.035 131.943 -0.056619
    endloop
  endfacet
  facet normal 0 -1 -0
    outer loop
      vertex 184.965 131.943 -0.056619
      vertex 178.035 131.943 -0.0567009
      vertex 184.965 131.943 -0.0567009
    endloop
  endfacet
  facet normal 0 1 0
    outer loop
      vertex 178.035 130.077 -1.92344
      vertex 184.965 130.077 -1.92338
      vertex 184.965 130.077 -1.92344
    endloop
  endfacet
  facet normal 0 1 0
    outer loop
      vertex 184.965 130.077 -1.92338
      vertex 178.035 130.077 -1.92344
      vertex 178.035 130.077 -1.92338
    endloop
  endfacet
  facet normal -0 0.634303 0.773085
    outer loop
      vertex 178.035 130.277 -2.08754
      vertex 184.965 130.132 -1.96857
      vertex 184.965 130.277 -2.08754
    endloop
  endfacet
  facet normal 0 0.634303 0.773085
    outer loop
      vertex 184.965 130.132 -1.96857
      vertex 178.035 130.277 -2.08754
      vertex 178.035 130.132 -1.96857
    endloop
  endfacet
  facet normal 0 -0.471127 0.882066
    outer loop
      vertex 178.035 131.532 -2.20044
      vertex 184.965 131.515 -2.20952
      vertex 184.965 131.532 -2.20044
    endloop
  endfacet
  facet normal 0 -0.471127 0.882066
    outer loop
      vertex 184.965 131.515 -2.20952
      vertex 178.035 131.532 -2.20044
      vertex 178.035 131.515 -2.20952
    endloop
  endfacet
  facet normal 0 0.771417 -0.63633
    outer loop
      vertex 184.965 129.912 -0.256647
      vertex 178.035 130.077 -0.056619
      vertex 184.965 130.077 -0.056619
    endloop
  endfacet
  facet normal 0 0.771417 -0.63633
    outer loop
      vertex 178.035 130.077 -0.056619
      vertex 184.965 129.912 -0.256647
      vertex 178.035 129.912 -0.256647
    endloop
  endfacet
  facet normal 0 -0.100735 0.994913
    outer loop
      vertex 178.035 131.018 -2.30919
      vertex 184.965 131.01 -2.31
      vertex 184.965 131.018 -2.30919
    endloop
  endfacet
  facet normal 0 -0.100735 0.994913
    outer loop
      vertex 184.965 131.01 -2.31
      vertex 178.035 131.018 -2.30919
      vertex 178.035 131.01 -2.31
    endloop
  endfacet
  facet normal 0 0.290953 -0.956737
    outer loop
      vertex 178.035 130.505 0.229521
      vertex 184.965 130.752 0.304636
      vertex 184.965 130.505 0.229521
    endloop
  endfacet
  facet normal 0 0.290953 -0.956737
    outer loop
      vertex 184.965 130.752 0.304636
      vertex 178.035 130.505 0.229521
      vertex 178.035 130.752 0.304636
    endloop
  endfacet
  facet normal 0 0.634447 -0.772966
    outer loop
      vertex 178.035 130.077 -0.056619
      vertex 184.965 130.277 0.10754
      vertex 184.965 130.077 -0.056619
    endloop
  endfacet
  facet normal 0 0.634447 -0.772966
    outer loop
      vertex 184.965 130.277 0.10754
      vertex 178.035 130.077 -0.056619
      vertex 178.035 130.277 0.10754
    endloop
  endfacet
  facet normal 0 0.471735 -0.88174
    outer loop
      vertex 178.035 130.277 0.10754
      vertex 184.965 130.505 0.229521
      vertex 184.965 130.277 0.10754
    endloop
  endfacet
  facet normal 0 0.471735 -0.88174
    outer loop
      vertex 184.965 130.505 0.229521
      vertex 178.035 130.277 0.10754
      vertex 178.035 130.505 0.229521
    endloop
  endfacet
  facet normal 0 0.861804 0.507242
    outer loop
      vertex 184.965 129.8 -1.51213
      vertex 178.035 129.79 -1.49514
      vertex 184.965 129.79 -1.49514
    endloop
  endfacet
  facet normal 0 0.861804 0.507242
    outer loop
      vertex 178.035 129.79 -1.49514
      vertex 184.965 129.8 -1.51213
      vertex 178.035 129.8 -1.51213
    endloop
  endfacet
  facet normal -0 0.0978231 0.995204
    outer loop
      vertex 178.035 131.01 -2.31
      vertex 184.965 130.752 -2.28464
      vertex 184.965 131.01 -2.31
    endloop
  endfacet
  facet normal 0 0.0978231 0.995204
    outer loop
      vertex 184.965 130.752 -2.28464
      vertex 178.035 131.01 -2.31
      vertex 178.035 130.752 -2.28464
    endloop
  endfacet
  facet normal 0 0.0978384 -0.995202
    outer loop
      vertex 178.035 130.752 0.304636
      vertex 184.965 131.01 0.33
      vertex 184.965 130.752 0.304636
    endloop
  endfacet
  facet normal 0 0.0978384 -0.995202
    outer loop
      vertex 184.965 131.01 0.33
      vertex 178.035 130.752 0.304636
      vertex 178.035 131.01 0.33
    endloop
  endfacet
  facet normal 0 -0.296583 0.955007
    outer loop
      vertex 178.035 131.515 -2.20952
      vertex 184.965 131.497 -2.21511
      vertex 184.965 131.515 -2.20952
    endloop
  endfacet
  facet normal 0 -0.296583 0.955007
    outer loop
      vertex 184.965 131.497 -2.21511
      vertex 178.035 131.515 -2.20952
      vertex 178.035 131.497 -2.21511
    endloop
  endfacet
  facet normal 0 0.995412 0.0956782
    outer loop
      vertex 184.965 129.706 -1.15646
      vertex 178.035 129.69 -0.99
      vertex 184.965 129.69 -0.99
    endloop
  endfacet
  facet normal 0 0.995412 0.0956782
    outer loop
      vertex 178.035 129.69 -0.99
      vertex 184.965 129.706 -1.15646
      vertex 178.035 129.706 -1.15646
    endloop
  endfacet
  facet normal 0 0.965113 0.261832
    outer loop
      vertex 184.965 129.79 -1.49514
      vertex 178.035 129.785 -1.47671
      vertex 184.965 129.785 -1.47671
    endloop
  endfacet
  facet normal 0 0.965113 0.261832
    outer loop
      vertex 178.035 129.785 -1.47671
      vertex 184.965 129.79 -1.49514
      vertex 178.035 129.79 -1.49514
    endloop
  endfacet
  facet normal 0 0.881891 -0.471453
    outer loop
      vertex 184.965 129.79 -0.484858
      vertex 178.035 129.912 -0.256647
      vertex 184.965 129.912 -0.256647
    endloop
  endfacet
  facet normal 0 0.881891 -0.471453
    outer loop
      vertex 178.035 129.912 -0.256647
      vertex 184.965 129.79 -0.484858
      vertex 178.035 129.79 -0.484858
    endloop
  endfacet
  facet normal 0 -0.471288 -0.881979
    outer loop
      vertex 178.035 131.515 0.229521
      vertex 184.965 131.532 0.220437
      vertex 184.965 131.515 0.229521
    endloop
  endfacet
  facet normal -0 -0.471288 -0.881979
    outer loop
      vertex 184.965 131.532 0.220437
      vertex 178.035 131.515 0.229521
      vertex 178.035 131.532 0.220437
    endloop
  endfacet
  facet normal 0 -0.861856 -0.507153
    outer loop
      vertex 178.035 132.23 -0.484858
      vertex 184.965 132.22 -0.467864
      vertex 178.035 132.22 -0.467864
    endloop
  endfacet
  facet normal 0 -0.861856 -0.507153
    outer loop
      vertex 184.965 132.22 -0.467864
      vertex 178.035 132.23 -0.484858
      vertex 184.965 132.23 -0.484858
    endloop
  endfacet
  facet normal -0 0.29097 0.956732
    outer loop
      vertex 178.035 130.752 -2.28464
      vertex 184.965 130.505 -2.20952
      vertex 184.965 130.752 -2.28464
    endloop
  endfacet
  facet normal 0 0.29097 0.956732
    outer loop
      vertex 184.965 130.505 -2.20952
      vertex 178.035 130.752 -2.28464
      vertex 178.035 130.505 -2.20952
    endloop
  endfacet
  facet normal 0 -0.965135 -0.261753
    outer loop
      vertex 178.035 132.235 -0.503294
      vertex 184.965 132.23 -0.484858
      vertex 178.035 132.23 -0.484858
    endloop
  endfacet
  facet normal 0 -0.965135 -0.261753
    outer loop
      vertex 184.965 132.23 -0.484858
      vertex 178.035 132.235 -0.503294
      vertex 184.965 132.235 -0.503294
    endloop
  endfacet
  facet normal 0 1 -0
    outer loop
      vertex 184.965 130.077 -1.92338
      vertex 178.035 130.077 -1.92331
      vertex 184.965 130.077 -1.92331
    endloop
  endfacet
  facet normal 0 1 0
    outer loop
      vertex 178.035 130.077 -1.92331
      vertex 184.965 130.077 -1.92338
      vertex 178.035 130.077 -1.92338
    endloop
  endfacet
  facet normal -0 0.471732 0.881742
    outer loop
      vertex 178.035 130.505 -2.20952
      vertex 184.965 130.277 -2.08754
      vertex 184.965 130.505 -2.20952
    endloop
  endfacet
  facet normal 0 0.471732 0.881742
    outer loop
      vertex 184.965 130.277 -2.08754
      vertex 178.035 130.505 -2.20952
      vertex 178.035 130.277 -2.08754
    endloop
  endfacet
  facet normal 0 0.957064 -0.289875
    outer loop
      vertex 184.965 129.715 -0.732481
      vertex 178.035 129.79 -0.484858
      vertex 184.965 129.79 -0.484858
    endloop
  endfacet
  facet normal 0 0.957064 -0.289875
    outer loop
      vertex 178.035 129.79 -0.484858
      vertex 184.965 129.715 -0.732481
      vertex 178.035 129.715 -0.732481
    endloop
  endfacet
  facet normal 0 -1 0
    outer loop
      vertex 178.035 131.943 -0.0565517
      vertex 184.965 131.943 -0.056619
      vertex 184.965 131.943 -0.0565517
    endloop
  endfacet
  facet normal 0 -1 0
    outer loop
      vertex 184.965 131.943 -0.056619
      vertex 178.035 131.943 -0.0565517
      vertex 178.035 131.943 -0.056619
    endloop
  endfacet
  facet normal 0 -0.29668 -0.954977
    outer loop
      vertex 178.035 131.497 0.235113
      vertex 184.965 131.515 0.229521
      vertex 184.965 131.497 0.235113
    endloop
  endfacet
  facet normal -0 -0.29668 -0.954977
    outer loop
      vertex 184.965 131.515 0.229521
      vertex 178.035 131.497 0.235113
      vertex 178.035 131.515 0.229521
    endloop
  endfacet
  facet normal 0 -0.101104 -0.994876
    outer loop
      vertex 178.035 131.01 0.33
      vertex 184.965 131.018 0.329187
      vertex 184.965 131.01 0.33
    endloop
  endfacet
  facet normal -0 -0.101104 -0.994876
    outer loop
      vertex 184.965 131.018 0.329187
      vertex 178.035 131.01 0.33
      vertex 178.035 131.018 0.329187
    endloop
  endfacet
  facet normal 0 0.995321 -0.096626
    outer loop
      vertex 184.965 129.69 -0.99
      vertex 178.035 129.715 -0.732481
      vertex 184.965 129.715 -0.732481
    endloop
  endfacet
  facet normal 0 0.995321 -0.096626
    outer loop
      vertex 178.035 129.715 -0.732481
      vertex 184.965 129.69 -0.99
      vertex 178.035 129.69 -0.99
    endloop
  endfacet
  facet normal 0 0 1
    outer loop
      vertex 19.965 133.062 0.66
      vertex 13.035 133.062 0.66
      vertex 19.965 129.36 0.66
    endloop
  endfacet
  facet normal 0 0 1
    outer loop
      vertex 184.965 133.062 0.66
      vertex 178.035 133.062 0.66
      vertex 184.965 129.36 0.66
    endloop
  endfacet
  facet normal 0 0 1
    outer loop
      vertex 192.06 129.36 0.66
      vertex 198 123.42 0.66
      vertex 197.886 124.579 0.66
    endloop
  endfacet
  facet normal 0 0 1
    outer loop
      vertex 192.06 129.36 0.66
      vertex 197.886 124.579 0.66
      vertex 197.548 125.693 0.66
    endloop
  endfacet
  facet normal 0 0 1
    outer loop
      vertex 196.26 127.62 0.66
      vertex 197.548 125.693 0.66
      vertex 196.999 126.72 0.66
    endloop
  endfacet
  facet normal 0 0 1
    outer loop
      vertex 198 123.42 0.66
      vertex 196.658 24.1065 0.66
      vertex 198 24.1065 0.66
    endloop
  endfacet
  facet normal 0 0 1
    outer loop
      vertex 198 123.42 0.66
      vertex 184.965 129.36 0.66
      vertex 178.035 129.36 0.66
    endloop
  endfacet
  facet normal 0 0 1
    outer loop
      vertex 192.06 129.36 0.66
      vertex 197.548 125.693 0.66
      vertex 196.26 127.62 0.66
    endloop
  endfacet
  facet normal -0 0 1
    outer loop
      vertex 196.658 8.8935 0.66
      vertex 198 5.94 0.66
      vertex 198 8.8935 0.66
    endloop
  endfacet
  facet normal 0 0 1
    outer loop
      vertex 198 5.94 0.66
      vertex 196.658 8.8935 0.66
      vertex 197.886 4.78116 0.66
    endloop
  endfacet
  facet normal 0 0 1
    outer loop
      vertex 197.886 4.78116 0.66
      vertex 196.658 8.8935 0.66
      vertex 197.548 3.66686 0.66
    endloop
  endfacet
  facet normal 0 0 1
    outer loop
      vertex 197.548 3.66686 0.66
      vertex 196.658 8.8935 0.66
      vertex 196.999 2.63991 0.66
    endloop
  endfacet
  facet normal 0 0 1
    outer loop
      vertex 196.658 8.8935 0.66
      vertex 196.26 1.73979 0.66
      vertex 196.999 2.63991 0.66
    endloop
  endfacet
  facet normal 0 0 1
    outer loop
      vertex 198 123.42 0.66
      vertex 178.035 129.36 0.66
      vertex 196.658 24.1065 0.66
    endloop
  endfacet
  facet normal 0 0 1
    outer loop
      vertex 192.06 129.36 0.66
      vertex 196.26 127.62 0.66
      vertex 195.36 128.359 0.66
    endloop
  endfacet
  facet normal 0 -0 1
    outer loop
      vertex 192.06 0 0.66
      vertex 196.658 8.8935 0.66
      vertex 185.13 3.96 0.66
    endloop
  endfacet
  facet normal 0 0 1
    outer loop
      vertex 192.06 129.36 0.66
      vertex 195.36 128.359 0.66
      vertex 194.333 128.908 0.66
    endloop
  endfacet
  facet normal 0 -0 1
    outer loop
      vertex 193.219 0.114135 0.66
      vertex 196.658 8.8935 0.66
      vertex 192.06 0 0.66
    endloop
  endfacet
  facet normal 0 0 1
    outer loop
      vertex 192.06 129.36 0.66
      vertex 194.333 128.908 0.66
      vertex 193.219 129.246 0.66
    endloop
  endfacet
  facet normal 0 0 1
    outer loop
      vertex 196.658 8.8935 0.66
      vertex 195.36 1.00107 0.66
      vertex 196.26 1.73979 0.66
    endloop
  endfacet
  facet normal 0 0 1
    outer loop
      vertex 198 123.42 0.66
      vertex 192.06 129.36 0.66
      vertex 184.965 129.36 0.66
    endloop
  endfacet
  facet normal 0 0 1
    outer loop
      vertex 196.658 8.8935 0.66
      vertex 194.333 0.452155 0.66
      vertex 195.36 1.00107 0.66
    endloop
  endfacet
  facet normal 0 0 1
    outer loop
      vertex 196.658 8.8935 0.66
      vertex 193.219 0.114135 0.66
      vertex 194.333 0.452155 0.66
    endloop
  endfacet
  facet normal 0 0 1
    outer loop
      vertex 177.87 3.96 0.66
      vertex 196.658 24.1065 0.66
      vertex 178.035 129.36 0.66
    endloop
  endfacet
  facet normal 0 0 1
    outer loop
      vertex 178.035 129.36 0.66
      vertex 184.965 129.36 0.66
      vertex 178.035 133.062 0.66
    endloop
  endfacet
  facet normal 0 -0 1
    outer loop
      vertex 185.13 3.96 0.66
      vertex 196.658 24.1065 0.66
      vertex 177.87 3.96 0.66
    endloop
  endfacet
  facet normal 0 0 1
    outer loop
      vertex 196.658 24.1065 0.66
      vertex 185.13 3.96 0.66
      vertex 196.658 8.8935 0.66
    endloop
  endfacet
  facet normal 0 0 1
    outer loop
      vertex 177.87 3.96 0.66
      vertex 20.13 3.96 0.66
      vertex 177.87 1.32 0.66
    endloop
  endfacet
  facet normal 0 0 1
    outer loop
      vertex 178.035 129.36 0.66
      vertex 20.13 3.96 0.66
      vertex 177.87 3.96 0.66
    endloop
  endfacet
  facet normal -0 0 1
    outer loop
      vertex 19.965 129.36 0.66
      vertex 20.13 3.96 0.66
      vertex 178.035 129.36 0.66
    endloop
  endfacet
  facet normal 0 0 1
    outer loop
      vertex 13.035 129.36 0.66
      vertex 19.965 129.36 0.66
      vertex 13.035 133.062 0.66
    endloop
  endfacet
  facet normal 0 0 1
    outer loop
      vertex 1.34186 24.1065 0.66
      vertex 19.965 129.36 0.66
      vertex 13.035 129.36 0.66
    endloop
  endfacet
  facet normal 0 0 1
    outer loop
      vertex 19.965 129.36 0.66
      vertex 1.34186 24.1065 0.66
      vertex 20.13 3.96 0.66
    endloop
  endfacet
  facet normal 0 0 1
    outer loop
      vertex 20.13 3.96 0.66
      vertex 1.34186 24.1065 0.66
      vertex 12.87 3.96 0.66
    endloop
  endfacet
  facet normal 0 0 1
    outer loop
      vertex 1.34186 24.1065 0.66
      vertex 13.035 129.36 0.66
      vertex 5.94 129.36 0.66
    endloop
  endfacet
  facet normal -0 0 1
    outer loop
      vertex 185.13 1.32 0.66
      vertex 192.06 0 0.66
      vertex 185.13 3.96 0.66
    endloop
  endfacet
  facet normal -0 0 1
    outer loop
      vertex 177.87 1.32 0.66
      vertex 192.06 0 0.66
      vertex 185.13 1.32 0.66
    endloop
  endfacet
  facet normal 0 0 1
    outer loop
      vertex 20.13 1.32 0.66
      vertex 177.87 1.32 0.66
      vertex 20.13 3.96 0.66
    endloop
  endfacet
  facet normal 0 0 1
    outer loop
      vertex 177.87 1.32 0.66
      vertex 20.13 1.32 0.66
      vertex 192.06 0 0.66
    endloop
  endfacet
  facet normal 0 0 1
    outer loop
      vertex 5.94 0 0.66
      vertex 20.13 1.32 0.66
      vertex 12.87 1.32 0.66
    endloop
  endfacet
  facet normal 0 0 1
    outer loop
      vertex 20.13 1.32 0.66
      vertex 5.94 0 0.66
      vertex 192.06 0 0.66
    endloop
  endfacet
  facet normal -0 0 1
    outer loop
      vertex 1.34186 8.8935 0.66
      vertex 12.87 3.96 0.66
      vertex 1.34186 24.1065 0.66
    endloop
  endfacet
  facet normal 0 0 1
    outer loop
      vertex 0 123.42 0.66
      vertex 5.94 129.36 0.66
      vertex 4.78116 129.246 0.66
    endloop
  endfacet
  facet normal 0 -0 1
    outer loop
      vertex 5.94 0 0.66
      vertex 12.87 3.96 0.66
      vertex 1.34186 8.8935 0.66
    endloop
  endfacet
  facet normal 0 0 1
    outer loop
      vertex 0 123.42 0.66
      vertex 4.78116 129.246 0.66
      vertex 3.66686 128.908 0.66
    endloop
  endfacet
  facet normal 0 0 1
    outer loop
      vertex 12.87 3.96 0.66
      vertex 5.94 0 0.66
      vertex 12.87 1.32 0.66
    endloop
  endfacet
  facet normal 0 0 1
    outer loop
      vertex 0 123.42 0.66
      vertex 3.66686 128.908 0.66
      vertex 2.63991 128.359 0.66
    endloop
  endfacet
  facet normal 0 0 1
    outer loop
      vertex 5.94 0 0.66
      vertex 1.34186 8.8935 0.66
      vertex 4.78116 0.114135 0.66
    endloop
  endfacet
  facet normal 0 0 1
    outer loop
      vertex 0 123.42 0.66
      vertex 2.63991 128.359 0.66
      vertex 1.73979 127.62 0.66
    endloop
  endfacet
  facet normal 0 0 1
    outer loop
      vertex 4.78116 0.114135 0.66
      vertex 1.34186 8.8935 0.66
      vertex 3.66686 0.452155 0.66
    endloop
  endfacet
  facet normal 0 0 1
    outer loop
      vertex 3.66686 0.452155 0.66
      vertex 1.34186 8.8935 0.66
      vertex 2.63991 1.00107 0.66
    endloop
  endfacet
  facet normal 0 0 1
    outer loop
      vertex 0 123.42 0.66
      vertex 1.73979 127.62 0.66
      vertex 1.00107 126.72 0.66
    endloop
  endfacet
  facet normal 0 0 1
    outer loop
      vertex 0 123.42 0.66
      vertex 1.00107 126.72 0.66
      vertex 0.452155 125.693 0.66
    endloop
  endfacet
  facet normal 0 0 1
    outer loop
      vertex 0 123.42 0.66
      vertex 0.452155 125.693 0.66
      vertex 0.114135 124.579 0.66
    endloop
  endfacet
  facet normal 0 0 1
    outer loop
      vertex 5.94 129.36 0.66
      vertex 0 123.42 0.66
      vertex 1.34186 24.1065 0.66
    endloop
  endfacet
  facet normal 0 0 1
    outer loop
      vertex 1.34186 24.1065 0.66
      vertex 0 123.42 0.66
      vertex 0 24.1065 0.66
    endloop
  endfacet
  facet normal 0 0 1
    outer loop
      vertex 2.63991 1.00107 0.66
      vertex 1.34186 8.8935 0.66
      vertex 1.73979 1.73979 0.66
    endloop
  endfacet
  facet normal 0 0 1
    outer loop
      vertex 1.34186 8.8935 0.66
      vertex 1.00107 2.63991 0.66
      vertex 1.73979 1.73979 0.66
    endloop
  endfacet
  facet normal 0 0 1
    outer loop
      vertex 1.34186 8.8935 0.66
      vertex 0.452155 3.66686 0.66
      vertex 1.00107 2.63991 0.66
    endloop
  endfacet
  facet normal 0 0 1
    outer loop
      vertex 1.34186 8.8935 0.66
      vertex 0.114135 4.78116 0.66
      vertex 0.452155 3.66686 0.66
    endloop
  endfacet
  facet normal 0 0 1
    outer loop
      vertex 0 5.94 0.66
      vertex 1.34186 8.8935 0.66
      vertex 0 8.8935 0.66
    endloop
  endfacet
  facet normal 0 0 1
    outer loop
      vertex 1.34186 8.8935 0.66
      vertex 0 5.94 0.66
      vertex 0.114135 4.78116 0.66
    endloop
  endfacet
endsolid OpenSCAD_Model
